7.696073,-0.123759925,-0.7485613,0.2665485
7.5959525,-0.13322496,-0.6369828,0.32069165
7.7847767,-0.14733344,-0.8992466,0.2700374
7.740286,-0.13795805,-0.7578522,0.2412463
7.4718685,-0.16212964,-0.53489286,0.33155936
7.7115207,-0.16871542,-0.67017424,0.31014487
7.691821,-0.2709183,-0.55963516,0.37046343
7.4908643,-0.2607482,-0.26145577,0.3783061
7.400026,-0.18547308,-0.3386761,0.2802552
7.2230215,-0.06844765,-0.09520006,0.29020938
7.2780495,-0.074428916,-0.010128498,0.24245432
7.1018505,-0.059586823,0.29296052,0.20430683
6.881734,-0.016254842,0.45541477,0.21404319
6.85991,0.03841877,0.2573942,0.20378578
6.9746065,0.010038376,0.17378771,0.2342077
7.017415,0.0036386251,0.11054492,0.20570941
6.9542837,0.05722785,0.14105558,0.20157376
6.9176145,0.014991879,0.32577252,0.20496692
7.2304616,-0.029766023,-0.121943235,0.21754435
7.3068886,-0.010369301,-0.15603775,0.20914365
7.388497,0.020465255,-0.34514987,0.21808696
7.222888,-0.113883376,-0.049615502,0.25117266
7.2186646,-0.090224326,0.0054303408,0.23624603
7.1549683,-0.061199367,-0.10396922,0.2519649
7.2344756,-0.041211188,-0.0779475,0.21567047
7.20723,-0.092051566,-0.2005549,0.28085542
7.485069,-0.21405613,-0.41816425,0.33602476
7.443393,-0.20383126,-0.18483377,0.3248475
7.4682236,-0.2188217,-0.3873918,0.35111457
7.447987,-0.21314216,-0.4446361,0.3582976
7.4118567,-0.2213034,0.005155802,0.32303816
7.211154,-0.12783408,0.039973855,0.27837327
7.5061107,-0.2619344,-0.24377882,0.4013527
7.353957,-0.29722077,0.042126417,0.41634506
7.2035265,-0.28320396,0.3196826,0.442418
7.247404,-0.19543642,0.08068788,0.33985576
7.32803,-0.16444063,-0.16063654,0.2948652
7.432631,-0.158027,-0.24971676,0.3017113
7.592562,-0.115623355,-0.7479839,0.31358117
7.6730156,-0.14722925,-0.49472386,0.24821563
7.805085,-0.25823224,-0.99973863,0.41193545
7.773264,-0.33021337,-0.8702625,0.45024902
7.8703127,-0.35953754,-0.9471233,0.4881698
7.5406265,-0.26612496,-0.54581827,0.34503365
7.561946,-0.31366307,-0.5046864,0.4033077
7.734865,-0.24672133,-0.9120206,0.41615784
7.9332395,-0.3227539,-0.9913642,0.4275316
7.7682924,-0.33658385,-0.8739725,0.4498991
7.7556577,-0.3483501,-0.7207036,0.4944396
7.848667,-0.31624448,-0.9398069,0.43374768
7.6214266,-0.2582258,-0.74660385,0.45618552
7.6894636,-0.35759366,-0.70321655,0.4951635
7.687945,-0.41908395,-0.71167445,0.6022561
7.9661717,-0.5321963,-0.8145668,0.6806418
7.937928,-0.50306094,-0.7642889,0.6578421
7.641768,-0.42184252,-0.3474499,0.57858753
7.5639334,-0.33773232,-0.3524487,0.43128008
7.598633,-0.20333135,-0.63012373,0.3509947
7.538191,-0.22396886,-0.5610194,0.31824344
7.500003,-0.2734537,-0.31151694,0.4002525
7.806642,-0.26027972,-0.6424764,0.3382616
7.811922,-0.43859482,-0.43562305,0.56344223
7.7679677,-0.3018961,-0.8321897,0.44873726
7.923912,-0.26936346,-0.9432402,0.36599195
7.703582,-0.3021515,-0.6978786,0.41563028
7.587528,-0.34444737,-0.4762028,0.42812133
7.730294,-0.24110729,-0.67765397,0.36443454
7.8102055,-0.33792323,-0.8950455,0.4631511
7.6741505,-0.26270914,-0.897773,0.4440089
7.358095,-0.24546558,-0.18686032,0.33560354
7.233079,-0.20164835,0.049836755,0.32510817
7.45877,-0.17575699,-0.25398785,0.27694488
7.550582,-0.25477672,-0.3242724,0.36772114
7.5217533,-0.23974782,-0.2863481,0.3727858
7.3444524,-0.17519867,0.014160633,0.33783436
7.513982,-0.07583231,-0.6905321,0.2565385
7.487175,-0.13651842,-0.5774333,0.28603992
7.4130735,-0.11081201,-0.34290826,0.26571608
7.3912907,-0.16277164,-0.51555806,0.34136918
7.1686068,-0.11721885,0.12893414,0.29081142
7.149296,-0.17911428,0.29689658,0.26071203
7.38076,-0.25985062,-0.18363261,0.35755897
7.5683875,-0.23698443,-0.47069085,0.35837504
7.626037,-0.26670623,-0.57018447,0.3900358
7.627536,-0.29101336,-0.50286824,0.40949607
7.4451947,-0.2139064,-0.2869103,0.38914132
7.345055,-0.11115402,-0.16164541,0.24970976
7.4005237,-0.09191668,-0.5235426,0.31227586
7.2588835,-0.083527684,-0.06360167,0.2589218
7.450737,-0.17651916,-0.21991193,0.32386282
7.398282,-0.23998946,-0.20651293,0.3723577
7.5324326,-0.28838068,-0.38659263,0.41452122
7.317861,-0.27374417,-0.09872931,0.45700037
7.4729624,-0.27121335,-0.23928094,0.4333068
7.662775,-0.1571356,-0.5707088,0.29571742
7.696681,-0.19211555,-0.53938276,0.32450923
7.910322,-0.4136973,-0.70186055,0.52024966
7.9312887,-0.3986408,-0.84340155,0.5277565
7.9322147,-0.43869627,-0.8226776,0.61734074
7.878316,-0.4339972,-0.8573041,0.5483382
7.8609133,-0.38606584,-0.90709054,0.5285934
7.9203987,-0.4464302,-0.7964458,0.59193057
7.8101835,-0.29695022,-0.64342374,0.33210742
7.723813,-0.24022132,-0.88367033,0.36342
7.5402017,-0.1586529,-0.5629637,0.31906575
7.649066,-0.23869854,-0.46321404,0.29929286
7.841588,-0.20376337,-0.9546983,0.2990577
7.924987,-0.3356359,-0.9553119,0.43308568
7.959861,-0.3969431,-0.993451,0.5402479
7.834393,-0.36850393,-0.88552934,0.47169983
7.8188033,-0.35171348,-0.9379784,0.45848638
7.986911,-0.41538888,-0.9210764,0.57247984
7.6872463,-0.39161515,-0.3769372,0.4923787
7.921644,-0.44958842,-0.7867014,0.60672206
7.964012,-0.46903652,-0.90130043,0.66245055
7.9191875,-0.41896713,-0.870438,0.57641757
7.817264,-0.3688904,-0.7940018,0.48995107
7.9075785,-0.4318052,-0.6833543,0.5669988
7.7904954,-0.36337012,-0.43256164,0.4133237
7.7012577,-0.1707952,-0.9806942,0.34361976
7.6159983,-0.1708737,-0.53251207,0.28285092
7.4620466,-0.06585574,-0.4063139,0.24441001
7.56644,-0.030821562,-0.78559554,0.21592513
7.5952806,-0.08549446,-0.7933601,0.2431731
7.3654404,-0.13749558,-0.43876684,0.3750066
7.291485,-0.17446542,-0.07263106,0.31686324
7.3979573,-0.22138005,-0.07669443,0.35969698
7.357336,-0.20906961,-0.29216415,0.3496382
7.4644527,-0.12754267,-0.508113,0.30403456
7.485613,-0.1213032,-0.6507334,0.31495634
7.6190805,-0.13951981,-0.7794602,0.28129667
7.634498,-0.082344234,-0.74855965,0.24616866
7.394305,-0.0040067434,-0.30830538,0.22284703
7.5079336,-0.13431084,-0.34130037,0.26469016
7.5936666,-0.15593559,-0.58536905,0.33147183
7.3986635,-0.12279171,-0.28709966,0.33223355
7.2910266,-0.08331871,-0.37159967,0.28701073
7.651952,-0.19855279,-0.68415445,0.30445626
7.6608996,-0.18727225,-0.69164765,0.3627013
7.5113206,-0.19134462,-0.44093472,0.33187252
7.674163,-0.22363138,-0.6358482,0.3553617
7.5581675,-0.2530592,-0.5235119,0.36523855
7.6106486,-0.2630654,-0.35310596,0.3871323
7.350496,-0.23563868,-0.0461663,0.40991807
7.282767,-0.19941205,0.19975221,0.31874645
7.538743,-0.21132225,-0.34293807,0.3060445
7.476217,-0.09616059,-0.2606635,0.26866588
7.2785406,-0.19439399,-0.086563826,0.32227343
7.4142933,-0.18477249,-0.28578568,0.33575463
7.403488,-0.15176469,-0.18040371,0.30067837
7.514947,-0.097474456,-0.4590416,0.27762282
7.5336084,-0.12502515,-0.4103164,0.27827212
7.2776194,-0.23154724,0.3314495,0.31912327
7.558627,-0.24631369,-0.45471197,0.37093213
7.6345496,-0.17991787,-0.47036642,0.3215188
7.613231,-0.25390822,-0.46493155,0.34716696
7.3821626,-0.2980625,-0.11246979,0.42105034
7.4217978,-0.31135786,-0.20414245,0.4298311
7.5659328,-0.19853514,-0.4507872,0.32317418
7.4424934,-0.24484104,-0.11840439,0.38674062
7.459426,-0.20986497,-0.31842238,0.30897725
7.5723295,-0.22718936,-0.31340164,0.34296525
7.5820937,-0.22274566,-0.35219038,0.32745755
7.5474796,-0.1359067,-0.6503782,0.31076333
7.552195,-0.28291535,-0.37744862,0.43805206
7.582225,-0.31119597,-0.36461252,0.43273127
7.5409718,-0.20494485,-0.43286735,0.3950168
7.4531417,-0.10646242,-0.48734486,0.2858758
7.364167,-0.18505502,-0.1009177,0.30762154
7.3322554,-0.10351437,-0.38868475,0.2888309
7.5938272,-0.16773462,-0.69139653,0.3562798
7.710841,-0.27223575,-0.6351166,0.36444718
7.7358394,-0.19004756,-0.7947716,0.337269
7.562188,-0.20110983,-0.5484073,0.33850434
7.4015927,-0.13476986,-0.24906778,0.28835177
7.317186,-0.21506923,0.13799644,0.33916315
7.5386662,-0.2250877,-0.23906142,0.32567397
7.707758,-0.17895073,-0.63090307,0.32908502
7.446936,-0.07640737,-0.529566,0.2579088
7.475691,0.021047354,-0.5207209,0.21885419
7.225586,-0.026525974,-0.05878353,0.214836
7.062241,-0.03004396,0.1678735,0.2239238
7.332203,-0.037372172,-0.26320654,0.22668195
7.4646544,-0.06058538,-0.36280406,0.23185806
7.388328,-0.07504755,-0.47776532,0.23642913
7.414385,-0.114531636,-0.5152835,0.30225173
7.5136104,-0.23280138,-0.2879299,0.3165466
7.5120096,-0.2317326,-0.33945763,0.39873856
7.353544,-0.24718392,-0.07020283,0.3645512
7.3369246,-0.13678163,-0.16987687,0.3036343
7.4078617,-0.15899158,-0.37610662,0.29788008
7.628936,-0.1648776,-0.6483266,0.28180188
7.523009,-0.0505262,-0.5011253,0.24713232
7.606197,-0.17148167,-0.69208753,0.27515444
7.737454,-0.06737721,-0.6859856,0.25301805
7.4704256,-0.06864369,-0.6802796,0.3219443
7.542493,-0.0948323,-0.62896454,0.2768206
7.3188295,-0.13722062,0.1636504,0.2429142
7.1752195,-0.17376655,0.1871854,0.363411
7.6635933,-0.35201037,-0.10531366,0.39710397
7.6534476,-0.314479,-0.53867805,0.4268543
7.5519595,-0.2332207,-0.57188344,0.39974117
7.52821,-0.31642085,-0.07110405,0.36211553
7.690232,-0.27726114,-0.68907785,0.4003095
7.7592716,-0.36921144,-0.6188103,0.47585344
7.8031387,-0.41654974,-0.8508779,0.59384507
7.95548,-0.48200625,-0.95766145,0.68468565
7.9208517,-0.506951,-0.5607735,0.517212
7.781146,-0.40330654,-0.7523283,0.49056506
7.792534,-0.2334401,-0.8912056,0.39133066
7.8115907,-0.31419873,-0.79216766,0.40449172
7.719495,-0.24299067,-0.92813283,0.40749365
7.6157045,-0.2158032,-0.63095474,0.35105085
7.424205,-0.10193318,-0.36559415,0.28890237
7.5362086,-0.029822886,-0.56420183,0.23367167
7.539747,-0.057590783,-0.45536143,0.26440096
7.4522185,-0.0488171,-0.385984,0.24857639
7.304965,-0.030642927,-0.1512956,0.2428659
7.365687,-0.023648977,-0.45236993,0.23004867
7.360554,-0.00045448542,-0.24107778,0.2038719
7.2765985,-0.051992774,-0.27562225,0.23905766
7.185817,-0.11795825,0.046251774,0.28257576
7.076088,-0.13611382,0.26682436,0.24326164
7.324218,-0.20096695,-0.18877149,0.31279412
7.717895,-0.18193203,-0.6117784,0.29395553
7.6916237,-0.33586496,-0.63276434,0.4313002
7.745202,-0.37524033,-0.41078526,0.44245374
7.622257,-0.38020724,-0.10798037,0.4710142
7.637293,-0.30842608,-0.50831646,0.46121806
7.7429585,-0.35041326,-0.7710542,0.4935758
7.643582,-0.3088925,-0.51044875,0.43223625
7.6419544,-0.32050812,-0.6222294,0.4399792
7.7175674,-0.3015387,-0.595606,0.45996743
7.8992424,-0.40737754,-0.898388,0.55195636
7.900214,-0.29859817,-0.8088182,0.41870612
7.8155794,-0.37500203,-0.85248566,0.45870256
7.8610153,-0.30801797,-0.99203044,0.44289732
7.72377,-0.3109526,-0.809567,0.44038177
7.6924515,-0.26053476,-0.8723483,0.41382962
7.7280684,-0.3429395,-0.54645085,0.48100233
7.7217665,-0.23924416,-0.781024,0.37481138
7.489252,-0.13809282,-0.27473187,0.2655707
7.6761384,-0.08406097,-0.69407296,0.3114173
7.835924,-0.26079983,-0.9320548,0.37112314
7.7233,-0.31562972,-0.53169787,0.41059354
7.5866776,-0.37275684,-0.3444876,0.50274926
7.755097,-0.27339154,-0.6261107,0.3987429
7.736931,-0.1660099,-0.76659137,0.29866534
7.6052313,-0.13016766,-0.5739771,0.28442672
7.359477,-0.140715,-0.023236632,0.32277673
7.181544,-0.11340976,-0.084534526,0.25613827
7.433791,-0.12207925,-0.42388713,0.2692015
7.371546,-0.05343896,-0.30365878,0.22700003
7.312963,-0.065849066,-0.18123871,0.25024894
7.2852197,-0.05884701,-0.35492688,0.27429965
7.3738723,-0.18706632,-0.071525574,0.25813535
7.1756916,-0.20808905,-0.0035208464,0.41407758
7.2333164,-0.1668886,0.16479993,0.31078762
7.331345,-0.16889971,-0.078731775,0.28756985
7.2557445,-0.040832818,-0.0034677982,0.24167702
7.32743,-0.17385167,-0.06144333,0.31530067
7.350997,-0.12280953,-0.08055365,0.28188694
7.3385215,-0.08037031,-0.06816709,0.22196493
7.4758344,-0.16338974,-0.37041986,0.28912532
7.3989067,-0.12943506,-0.13531804,0.27060378
7.33824,-0.28120685,-0.0020369291,0.40962294
7.5837355,-0.31822652,-0.35917115,0.45274162
7.766174,-0.41595,-0.572268,0.45848107
7.909257,-0.38818562,-0.61653554,0.5064382
7.740176,-0.30979753,-0.83042103,0.38756496
7.8029695,-0.23587412,-0.8922197,0.35305512
7.7579308,-0.29003203,-0.6656449,0.37690273
7.609057,-0.27382827,-0.59108853,0.37534624
7.582217,-0.22770256,-0.6618731,0.34996778
7.5409875,-0.31646097,-0.32473576,0.461358
7.5172043,-0.23187578,-0.26321137,0.35873902
7.3750863,-0.19597805,-0.112748384,0.3133455
7.4996896,-0.2951551,-0.071380615,0.33927345
7.7010965,-0.35262537,-0.5802419,0.4838385
7.5768967,-0.35481924,-0.119336545,0.42062926
7.3068504,-0.22617847,0.055942297,0.34709877
7.4808292,-0.19378811,-0.28980696,0.3149097
7.377368,-0.12114936,-0.3199054,0.29837692
7.5948324,-0.24483877,-0.43297404,0.36538857
7.671711,-0.32717937,-0.6282244,0.42887264
7.8497953,-0.4004826,-0.8183934,0.46814287
7.8664865,-0.44532806,-0.52984333,0.52075106
7.7052374,-0.43837833,-0.6219816,0.5533325
7.891616,-0.44257343,-0.8149366,0.62226224
7.9454823,-0.41273463,-0.835227,0.5141726
7.8156805,-0.38388515,-0.88997376,0.49285573
7.9089193,-0.33918828,-0.91495246,0.40789238
7.886896,-0.3831938,-0.7919395,0.45202833
7.68077,-0.31444204,-0.6219127,0.4443528
7.70576,-0.23130155,-0.8209531,0.40600705
7.6590476,-0.3007313,-0.5422922,0.37809587
7.779255,-0.34089333,-0.787773,0.39994156
7.752593,-0.3444593,-0.73265815,0.47822648
7.8866696,-0.23151475,-0.9040245,0.37481865
7.712592,-0.24786198,-0.9358594,0.36825386
7.6233644,-0.17718881,-0.81811845,0.32209224
7.6978397,-0.156524,-0.79253,0.30323464
7.6722355,-0.28351068,-0.68066555,0.3329255
7.6172175,-0.18301243,-0.6131124,0.32549328
7.65242,-0.21223736,-0.5143543,0.30757317
7.676545,-0.1802786,-0.75752825,0.3993105
7.644271,-0.17630637,-0.8892286,0.37114406
7.485139,-0.109839976,-0.4869011,0.27486208
7.439709,-0.05823046,-0.56561595,0.27620804
7.3837976,-0.21086419,-0.088023186,0.33505422
7.34206,-0.19950062,-0.14413661,0.3484372
7.461682,-0.124114156,-0.5040137,0.3407154
7.4011273,-0.0977782,-0.45139074,0.25839937
7.4146175,-0.092176914,-0.08544171,0.23029995
7.250144,-0.069815576,-0.004938185,0.24910995
7.3652716,-0.119889975,-0.14934278,0.26970127
7.45354,-0.034461856,-0.46058816,0.23124906
7.3793516,-0.03915924,-0.3189324,0.23024777
7.409197,-0.12743425,-0.24350679,0.29635924
7.417358,-0.19893074,-0.027959704,0.31432837
7.312909,-0.16977394,-0.071659684,0.29933307
7.1747417,-0.046696305,0.17263818,0.27232867
7.1850443,-0.009688377,0.058255076,0.22065818
7.1465015,-0.057547808,0.12459171,0.21586
7.088955,-0.04952365,0.05607307,0.2474626
7.2006617,-0.1245144,0.12085593,0.28316724
7.2503834,-0.16589719,-0.032664776,0.32767045
7.6040173,-0.33594698,-0.74954414,0.49764258
7.8268056,-0.2924407,-0.86039895,0.41709584
7.688733,-0.22358775,-0.61137277,0.32857233
7.6578507,-0.2570423,-0.41363353,0.3733972
7.697171,-0.31552374,-0.3825329,0.41008562
7.439149,-0.1844697,-0.074034095,0.33943647
7.1155143,-0.13403475,0.14156055,0.26131165
7.123592,-0.14486617,0.13727391,0.30762172
7.1013327,-0.14475828,0.24901104,0.28939563
7.302064,-0.13660008,0.27623713,0.28158018
7.2128115,-0.2361002,0.18157434,0.30749637
7.241487,-0.23289192,0.08734882,0.36468375
7.4117475,-0.26538157,0.11064756,0.3651597
7.657046,-0.31071872,-0.54921216,0.45068926
7.6904345,-0.27899498,-0.6105907,0.4562537
7.726921,-0.31252187,-0.4413432,0.3929217
7.473616,-0.21763873,-0.11194813,0.30673546
7.463005,-0.18189341,-0.19262064,0.33094662
7.470843,-0.23660338,-0.31206298,0.35305777
7.319319,-0.10876793,-0.36931616,0.27889764
7.283022,-0.07120365,-0.24739844,0.27045783
7.1532364,-0.12881517,-0.11637092,0.28222582
7.161644,-0.10869253,0.012541294,0.29169855
7.2141237,-0.19112915,0.1873908,0.30399024
7.0778933,-0.11874163,0.40085256,0.2950313
7.148052,-0.118600905,0.115590334,0.24009165
7.2289605,-0.04714018,-0.009708166,0.24529213
7.289007,-0.04564005,-0.1303227,0.24967653
7.4839606,-0.14108229,-0.3508728,0.32029983
7.324209,-0.07772833,-0.1576221,0.24386181
7.306994,-0.06661028,-0.04179144,0.2414129
7.3619366,-0.08119327,-0.13913393,0.24099272
7.3913093,-0.12764347,-0.2249555,0.32424766
7.3582764,-0.13163531,-0.20438898,0.26510772
7.234002,-0.13337451,-0.026965141,0.2776698
7.3109484,-0.0880031,-0.20737672,0.27072805
7.3782954,-0.03981197,-0.31590098,0.26234746
7.612501,-0.103888094,-0.5788449,0.2440587
7.41393,-0.016651332,-0.37672782,0.24069878
7.2273006,-0.03422028,0.068739176,0.2093201
7.4192476,-0.1333648,-0.22331858,0.35474953
7.625269,-0.2641763,-0.5894447,0.4068963
7.6332884,-0.2402755,-0.4384883,0.35687882
7.80459,-0.149454,-0.97316605,0.3066352
7.7008414,-0.1696927,-0.7457252,0.32866672
7.555343,-0.15056199,-0.478958,0.32073596
7.5304785,-0.1635248,-0.6536471,0.32716033
7.5446205,-0.2161802,-0.47597104,0.3698976
7.6094484,-0.20716608,-0.47064507,0.36206573
7.4943514,-0.030047297,-0.64817804,0.2178702
7.5941944,-0.06308919,-0.57530355,0.27899086
7.6172776,-0.13197434,-0.7098441,0.27779144
7.536448,-0.19381857,-0.58794266,0.37248102
7.671066,-0.020757139,-0.65345883,0.21682781
7.359103,-0.10149926,-0.43839246,0.29664615
7.306904,-0.09266186,-0.18439263,0.2633391
7.2311068,-0.117922306,0.18192399,0.28103033
7.1196804,-0.116193414,0.12958217,0.3096102
7.3382936,-0.10785717,-0.19328934,0.26693487
7.2197866,-0.08821851,-0.085357964,0.26262555
7.0418015,-0.1315884,0.22274339,0.26565653
7.297358,-0.071940124,-0.2637146,0.29532844
7.339379,-0.04641694,-0.28291488,0.23095101
7.402244,-0.06925094,-0.43868637,0.26748687
7.293929,-0.12435675,-0.11790317,0.3024675
7.4816813,-0.111000896,-0.5616665,0.27207506
7.4772563,-0.10868198,-0.6136572,0.2884531
7.6777444,-0.16103947,-0.5341889,0.27198642
7.6038313,-0.24442095,-0.36426646,0.3513319
7.6103973,-0.28646904,-0.44697702,0.38127214
7.4759855,-0.17851853,-0.35387385,0.3208932
7.3123827,-0.14703065,-0.2501939,0.32281065
7.3997483,-0.18588299,-0.28999734,0.33155882
7.301899,-0.14582002,-0.17683077,0.30473813
7.293213,-0.15652466,-0.16147637,0.2961496
7.6177425,-0.04964888,-0.7855005,0.25024205
7.484472,-0.113741696,-0.40275747,0.29266176
7.574812,-0.22914606,-0.35011733,0.31831664
7.258691,-0.14241457,-0.03998065,0.2861588
7.260948,-0.25518805,0.3734944,0.34122425
7.60604,-0.22038221,-0.3593732,0.35383508
7.486149,-0.08906257,-0.44258702,0.28152254
7.29182,-0.028071105,-0.21965396,0.2074227
7.2072134,0.032446027,-0.087329865,0.2042984
7.162017,-0.05724746,-0.12437087,0.22245003
7.146105,-0.055895746,-0.10251337,0.21994172
7.131877,0.026072502,-0.081371665,0.20749183
7.0128274,0.04129386,0.06309986,0.20569354
6.8605623,-0.05019182,0.39770186,0.23495647
7.0500307,-0.07139629,0.24339545,0.24288979
7.3376846,-0.08336645,-0.1620102,0.27080375
7.0703983,-0.020332158,0.004528284,0.24412452
7.185028,-0.026169598,0.10705972,0.2292039
7.1371393,-0.08681238,0.10639918,0.25945938
7.348753,-0.1416601,-0.2595302,0.3340364
7.528095,-0.27810985,-0.18926072,0.332816
7.503261,-0.21396118,-0.3774565,0.34112623
7.50128,-0.24085414,-0.38275158,0.36969256
7.5452914,-0.25074685,-0.39043123,0.4185963
7.6190257,-0.23141325,-0.31622756,0.37852317
7.7800446,-0.40404832,-0.5517413,0.5393042
7.8523636,-0.30850577,-0.94785285,0.41508988
7.6967993,-0.2618819,-0.56963664,0.3253641
7.471386,-0.22032112,-0.7152282,0.40828001
7.6955476,-0.30209285,-0.8291673,0.43865198
7.7790604,-0.32961166,-0.930373,0.43259424
7.9253044,-0.40705723,-0.8168539,0.49700665
7.867681,-0.3852195,-0.6457861,0.49588335
7.7082205,-0.4210868,-0.4918617,0.5384347
7.732632,-0.40503573,-0.63293934,0.55338347
7.6782303,-0.4396041,-0.33759892,0.55838555
7.6922946,-0.33629996,-0.42479348,0.44190496
7.5922365,-0.34467846,-0.26522267,0.4194503
7.473563,-0.26108193,-0.31176543,0.42289764
7.4112287,-0.1859889,-0.21887445,0.3217895
7.4155083,-0.20275158,-0.31299454,0.3961087
7.514209,-0.22925425,-0.5612581,0.38246697
7.6897306,-0.34557432,-0.64365125,0.44980672
7.7029805,-0.27159786,-0.7031309,0.3755349
7.7434263,-0.23592472,-0.5000875,0.32877463
7.7722034,-0.27867717,-0.84553474,0.3615846
7.725751,-0.31109834,-0.55886126,0.42691016
7.7199917,-0.34907502,-0.34385407,0.43746173
7.4943113,-0.28411847,-0.14096844,0.41290522
7.373583,-0.27194864,-0.081992865,0.41507366
7.628337,-0.31853372,-0.4163484,0.41321236
7.751,-0.24407852,-0.90795594,0.37353137
7.7617493,-0.2306956,-0.8812395,0.36972797
7.6960344,-0.2020809,-0.8301875,0.3357051
7.5072145,-0.18326426,-0.5751272,0.3433056
7.605301,-0.18813688,-0.82307523,0.33648795
7.578361,-0.17697263,-0.45168525,0.31877548
7.74273,-0.21546036,-0.58017,0.31948704
7.351732,-0.20888883,-0.12234187,0.3240745
7.5728364,-0.31060368,-0.45943165,0.43586415
7.543808,-0.2302658,-0.34135032,0.37751555
7.419964,-0.19164425,-0.52045333,0.38367158
7.422783,-0.1918863,-0.25935453,0.34201837
7.3126426,-0.20130473,0.03996408,0.32948476
7.6588554,-0.23942447,-0.46590316,0.33452186
7.8380184,-0.28309268,-0.99896896,0.440967
7.8245983,-0.23754692,-0.9389995,0.35971797
7.2595096,-0.16712695,0.013677835,0.31720656
7.2484865,-0.15676278,-0.0004685521,0.28980747
7.3750744,-0.14614731,-0.3498999,0.30582693
7.6562448,-0.19118011,-0.47985107,0.27824122
7.629737,-0.21043742,-0.49299997,0.33822453
7.3278465,-0.21022594,-0.041880727,0.32768658
7.393903,-0.18858188,-0.26860207,0.32933116
7.081169,-0.07389867,0.20513427,0.26670337
7.0978937,-0.09012908,0.2163372,0.22039893
7.1653795,-0.012619793,-0.06420612,0.21218164
7.1932154,-0.01605475,-0.01649499,0.204705
7.2771044,-0.08967948,-0.18147945,0.2691355
7.269451,-0.094781816,0.08469629,0.23758622
7.2764626,-0.11850232,-0.18904006,0.27880448
7.25768,-0.1457907,0.07558775,0.24651474
7.2333193,-0.160564,0.19312537,0.28848198
7.3424654,-0.10357368,-0.24669248,0.256602
7.4658914,-0.13352,-0.63510096,0.3245334
7.3631535,-0.11231208,-0.07489562,0.2769848
7.420991,-0.17115039,-0.18497306,0.30046788
7.657551,-0.15250635,-0.7823733,0.30926386
7.622062,-0.25664616,-0.3908702,0.36468804
7.677781,-0.33244717,-0.51079,0.46275818
7.864622,-0.31569362,-0.68574727,0.36232173
7.6682873,-0.23195422,-0.76084036,0.4120707
7.6747165,-0.20711213,-0.57230186,0.30741158
7.546588,-0.27992225,-0.42167515,0.39151105
7.466732,-0.25212026,-0.35214937,0.33338416
7.5670295,-0.25644714,-0.3932488,0.38447374
7.896692,-0.32703072,-0.98570716,0.47380906
7.811481,-0.25619954,-0.8551134,0.40075487
7.467367,-0.0884307,-0.5013798,0.28722954
7.508484,-0.23254508,-0.29505932,0.3396641
7.397753,-0.17998618,-0.27634865,0.32155403
7.3371906,-0.10934436,-0.45428228,0.30429107
7.1150103,-0.1875084,0.16041803,0.31731907
7.4480114,-0.3027938,-0.17440122,0.42130244
7.307273,-0.10981113,-0.18279827,0.26482874
7.539064,-0.16631722,-0.4238875,0.27306914
7.431779,-0.10574472,-0.4197492,0.2510052
7.492818,-0.14874572,-0.27364272,0.29953954
7.59447,-0.062093794,-0.7899468,0.26715323
7.7331886,-0.19093603,-0.48910737,0.31169075
7.710085,-0.24116647,-0.77427715,0.39315158
7.5741863,-0.29450864,-0.43115246,0.38250598
7.5535088,-0.26732707,-0.40447068,0.44713426
7.359727,-0.25101966,0.009417057,0.3616904
7.5167027,-0.28266084,-0.29006636,0.38935155
7.3074036,-0.20401078,-0.010598004,0.3754635
7.383191,-0.2758993,0.10599482,0.34777743
7.471596,-0.2717257,-0.2938581,0.42595366
7.5092397,-0.28131914,-0.19298196,0.45331436
7.394486,-0.32233185,0.014823675,0.43501014
7.435004,-0.289487,-0.08813715,0.43604177
7.4355125,-0.26291782,-0.28978992,0.38569537
7.271504,-0.25860292,0.13644421,0.37885422
7.414984,-0.29087263,-0.11951393,0.52927774
7.7895284,-0.25233895,-0.8233616,0.3317923
7.723481,-0.2005642,-0.91562325,0.36764246
7.4262905,-0.29821825,-0.32623875,0.47948837
7.451768,-0.2576242,-0.00609529,0.40450186
7.739236,-0.3993494,-0.5461161,0.52584004
7.7148333,-0.3646692,-0.5761353,0.5038551
7.851548,-0.4212364,-0.9072644,0.5340096
7.8663526,-0.4208548,-0.53788567,0.48410362
7.821603,-0.40514153,-0.9844736,0.5772758
7.8232865,-0.2650814,-0.8390994,0.4144566
7.56419,-0.3525722,-0.3621837,0.531561
7.6223392,-0.449448,-0.46028703,0.6328307
7.9062524,-0.4371909,-0.8213357,0.6408505
7.9819756,-0.49743354,-0.80597234,0.64782816
7.9392047,-0.5362308,-0.8930669,0.8012878
7.9286327,-0.42201763,-0.785122,0.44298083
7.7528524,-0.2641338,-0.4872232,0.35634375
7.6451855,-0.13810658,-0.8584163,0.31816763
7.773282,-0.26765096,-0.8084362,0.3645864
7.826584,-0.26869732,-0.7555524,0.3940037
7.765746,-0.23388559,-0.95632106,0.39106268
7.840947,-0.30053306,-0.7242846,0.39562088
7.8075657,-0.29270852,-0.8432377,0.3832265
7.9770994,-0.44474602,-0.98204225,0.5862812
7.9505935,-0.44407684,-0.9371242,0.58383816
7.8072233,-0.41609395,-0.7103402,0.571447
7.9204664,-0.3557372,-0.761147,0.41350895
7.700654,-0.29423267,-0.5065521,0.42741174
7.682562,-0.17280114,-0.98840964,0.3200363
7.6704845,-0.23797238,-0.91822803,0.4465782
7.8099957,-0.19875264,-0.8274747,0.32231307
7.765903,-0.17049366,-0.6770691,0.302259
7.702326,-0.11716843,-0.8540598,0.31082225
7.6132674,-0.24727863,-0.38825005,0.33064085
7.6948714,-0.1880936,-0.67607963,0.33155876
7.664056,-0.16502702,-0.34145343,0.29358822
7.579276,-0.13586968,-0.39326465,0.27769604
7.6375475,-0.21786273,-0.5780501,0.36123577
7.5692096,-0.24983639,-0.5525292,0.38602924
7.479685,-0.27904314,-0.32631093,0.42992532
7.5958977,-0.27823895,-0.27671325,0.3963592
7.4580555,-0.20961726,-0.171206,0.3148116
7.436432,-0.1647861,-0.37144136,0.34404755
7.458423,-0.2380091,-0.64504147,0.42188138
7.5600224,-0.14623451,-0.6231239,0.2985402
7.668863,-0.19773167,-0.74936104,0.33975184
7.631714,-0.24641466,-0.7346305,0.37162095
7.682173,-0.33158088,-0.54604155,0.43465525
7.5786605,-0.28544784,-0.6125333,0.46572798
7.6618996,-0.21230733,-0.53035295,0.3683825
7.8714256,-0.36445326,-0.5909175,0.4087183
7.5832205,-0.30201244,-0.5272271,0.40409243
7.518535,-0.21765292,-0.17371559,0.3102648
7.630267,-0.1879366,-0.6744362,0.32173544
7.387054,-0.20558459,-0.3086139,0.3997351
7.466921,-0.31811547,-0.12820888,0.5212491
7.4122148,-0.31341112,0.14077961,0.37275442
7.5225654,-0.2246908,-0.16778648,0.33482236
7.6104736,-0.15358412,-0.8330091,0.33263654
7.6495094,-0.14393306,-0.88482,0.29433113
7.778242,-0.08729029,-0.87563336,0.26119298
7.456609,-0.054991722,-0.33652377,0.21564032
7.2307253,-0.050204873,-0.08633822,0.24144779
7.451517,-0.1708827,-0.2462306,0.30728617
7.2771807,-0.10234535,-0.15781355,0.26882422
7.097562,-0.06915945,0.12987423,0.23620287
6.8859262,-0.086735904,0.29364896,0.25504497
7.084552,-0.11472279,0.2870474,0.32230926
7.2986717,-0.1930952,0.069894314,0.32450157
7.7158756,-0.31812984,-0.4325866,0.41028708
7.6523366,-0.3110773,-0.4830749,0.3674125
7.6535873,-0.290466,-0.6468302,0.41511706
7.6027255,-0.23318553,-0.44570726,0.33255976
7.4282794,-0.18541402,-0.36511284,0.31513736
7.343535,-0.027845323,-0.58431566,0.24983485
7.3782816,-0.10148054,-0.41231126,0.2853885
7.6562977,-0.074359,-0.78188807,0.26221973
7.3439693,-0.14324868,-0.20935166,0.29598495
7.231745,-0.1292997,-0.049578726,0.30675572
7.3092523,-0.1271339,-0.12180591,0.29154807
7.1329594,-0.092063546,0.07608616,0.30088207
7.2779245,-0.14257509,-0.052161455,0.30739185
7.3446665,-0.18927866,-0.23410177,0.3515445
7.243329,-0.14957166,-0.098617375,0.34766656
7.139427,-0.15379101,0.10975182,0.35432786
7.304154,-0.18313158,-0.09269583,0.34543636
7.618944,-0.21094418,-0.3198591,0.3200609
7.4577885,-0.3108164,-0.21946985,0.45176113
7.372347,-0.29375672,0.20665205,0.41730756
7.547208,-0.21976632,-0.11017108,0.33714962
7.310055,-0.18248922,0.104929805,0.31261128
7.4905543,-0.20908177,-0.39295632,0.33780983
7.47009,-0.26232147,-0.11726701,0.349447
7.500211,-0.24490654,-0.32266647,0.3946998
7.440918,-0.30850953,-0.094522536,0.38239586
7.502529,-0.23205942,-0.49171948,0.40094817
7.6416206,-0.11579013,-0.567328,0.24388136
7.4143586,-0.084305346,-0.48041457,0.2730635
7.286297,-0.08948201,-0.2264086,0.2358591
7.090123,-0.112261534,0.1909827,0.2593726
7.247032,-0.21840829,0.0020073652,0.33472544
7.6064367,-0.1939305,-0.49026632,0.29156417
7.6135273,-0.24559492,-0.46332383,0.39444876
7.7094364,-0.37891042,-0.866801,0.6051619
7.796612,-0.33588433,-0.81838393,0.4791385
7.6150446,-0.34564972,-0.410384,0.4790479
7.739107,-0.32612312,-0.9088355,0.45487207
7.8176174,-0.38785392,-0.8522253,0.45108014
7.906425,-0.4544922,-0.73576194,0.5311269
7.851247,-0.4441262,-0.62940466,0.5698164
7.8362317,-0.51851344,-0.13443667,0.63824165
7.782507,-0.42995024,-0.7247146,0.67136854
7.763151,-0.33259475,-0.6601839,0.44201747
7.4563785,-0.20523912,-0.4592746,0.3759067
7.3522463,-0.24322885,-0.15029538,0.39848742
7.4800577,-0.2779655,-0.36386275,0.42114297
7.700862,-0.24376631,-0.530147,0.39065862
7.8237534,-0.35854173,-0.9264775,0.50496864
7.9317865,-0.33914787,-0.7834849,0.3514205
7.3706884,-0.2761075,-0.043612123,0.4102353
7.2211056,-0.22201341,0.10752654,0.39176553
7.3994985,-0.12506783,-0.12131214,0.30556566
7.633004,-0.22944266,-0.38344896,0.35374165
7.697775,-0.20312774,-0.87346506,0.33130065
7.7898855,-0.19487381,-0.6358555,0.31054544
7.7322235,-0.24934882,-0.44619167,0.33237693
7.5943303,-0.22793204,-0.53432727,0.36774504
7.544159,-0.27567583,-0.4477132,0.3969715
7.596869,-0.26464546,-0.6724297,0.50832814
7.7359486,-0.27796245,-0.7939465,0.42358008
7.7495174,-0.401415,-0.68595254,0.46285415
7.850027,-0.44637406,-0.7163003,0.62388676
7.983535,-0.47672296,-0.70686597,0.58594567
7.8755894,-0.455864,-0.57578796,0.509622
7.788975,-0.42347252,-0.9158393,0.53508973
7.8912306,-0.4532119,-0.7566942,0.5428549
7.806285,-0.40708697,-0.84739834,0.57357144
7.7274413,-0.3953181,-0.66477776,0.4772942
7.9044576,-0.38379574,-0.98118424,0.43468922
7.7588615,-0.4449144,-0.4060818,0.61099935
7.720067,-0.445728,-0.578503,0.58975625
7.766306,-0.39098394,-0.45993072,0.40926176
7.709595,-0.39564234,-0.5454402,0.5244729
7.7049837,-0.39400578,-0.31010032,0.6195036
7.6014977,-0.38598418,-0.42331707,0.5146969
7.9086237,-0.3149892,-0.6771336,0.39138958
7.8132687,-0.3101846,-0.9089704,0.4133228
7.7439566,-0.35607195,-0.6518476,0.4709248
7.84997,-0.3040142,-0.94837713,0.40019584
7.7572603,-0.2442199,-0.57633084,0.37824553
7.99119,-0.39282304,-0.8075538,0.4794668
7.956814,-0.39085966,-0.98429096,0.43866992
7.6691923,-0.3364364,-0.61525166,0.4502979
7.740878,-0.35124516,-0.5228809,0.41980553
7.535394,-0.3175087,-0.40896928,0.47536474
7.542926,-0.28132874,-0.6739447,0.4631127
7.60449,-0.24215579,-0.7191154,0.39997795
7.580144,-0.25492352,-0.57110196,0.38445562
7.7503557,-0.27952355,-0.61900526,0.39138043
7.61553,-0.23028094,-0.7430715,0.40685815
7.6609526,-0.31447965,-0.6049477,0.5091675
7.7345405,-0.30295736,-0.93038416,0.4046259
7.874722,-0.28431684,-0.78520644,0.37185422
7.5689106,-0.25872254,-0.601045,0.3920592
7.5079303,-0.21390933,-0.5961781,0.36354125
7.4555235,-0.27032906,-0.11569303,0.38807774
7.5297775,-0.23628104,-0.5438454,0.4357471
7.4086857,-0.2329281,-0.41993797,0.34624088
7.442509,-0.3267253,-0.16539872,0.5077278
7.6722045,-0.35410297,-0.66521347,0.48668742
7.720081,-0.36992723,-0.71890366,0.5225852
7.882161,-0.3628803,-0.93184483,0.49166948
7.7204137,-0.27019435,-0.89897096,0.41488343
7.694455,-0.27793044,-0.61953014,0.40817934
7.501768,-0.174523,-0.5969363,0.3108214
7.4412394,-0.18264776,-0.23726213,0.3270787
7.5525665,-0.23700249,-0.30175674,0.34655124
7.7328315,-0.14959335,-0.93551594,0.32302946
7.791584,-0.21856397,-0.60228956,0.31662863
7.7761235,-0.17984205,-0.88532805,0.32009825
7.6304784,-0.2150755,-0.4347967,0.34957552
7.5436473,-0.20757616,-0.40131587,0.35958338
7.5790043,-0.23679,-0.6071991,0.34698027
7.502038,-0.2877183,-0.034142792,0.374295
7.431879,-0.29323053,0.12880147,0.41734135
7.702698,-0.31756908,-0.46939367,0.4276572
7.7596874,-0.31528318,-0.6061654,0.45477414
7.7549906,-0.29025167,-0.80589825,0.41320863
7.9542217,-0.44171196,-0.88581073,0.5412927
7.996597,-0.44953465,-0.7874367,0.5151656
7.724083,-0.3150059,-0.8343118,0.47046262
7.766712,-0.33437133,-0.7671847,0.39539534
7.924095,-0.42872375,-0.8731721,0.51987123
7.7716346,-0.4097724,-0.54902333,0.5162578
7.7667117,-0.36901182,-0.60872567,0.47330981
7.602908,-0.35626858,-0.49428427,0.54991865
7.69299,-0.37208253,-0.47027475,0.4038872
7.959384,-0.40222776,-0.73066384,0.49872804
7.9494963,-0.44404823,-0.6553004,0.60005856
7.8718696,-0.4470008,-0.6284413,0.562935
7.5917788,-0.35180455,-0.37339973,0.49532896
7.704544,-0.28604788,-0.6161847,0.37656748
7.516149,-0.24005306,-0.20444512,0.37268066
7.4135246,-0.20877433,-0.2609135,0.31380594
7.6064777,-0.30111903,-0.50656027,0.37126067
7.468893,-0.30806428,-0.10292894,0.41498977
7.5176554,-0.3063026,-0.41674834,0.40060455
7.737189,-0.21154344,-0.762876,0.3572327
7.8594685,-0.21240395,-0.95448637,0.29014814
7.7875156,-0.13669187,-0.8507714,0.3045921
7.4408917,-0.12487948,-0.47316575,0.30031437
7.441384,-0.15643346,-0.18087858,0.26526636
7.400885,-0.19470721,-0.07134807,0.29942185
7.387994,-0.16205823,-0.23534417,0.29580003
7.3959203,-0.23434716,-0.09595966,0.35682374
7.29405,-0.24314779,-0.021777093,0.38505155
7.6816974,-0.13902676,-0.7197154,0.29987717
7.7098045,-0.13091195,-0.95461667,0.3032678
7.7146406,-0.27235812,-0.48141968,0.38372523
7.8223977,-0.32455242,-0.93560034,0.40021852
7.555911,-0.239667,-0.23067963,0.37295204
7.5131865,-0.16913229,-0.37668312,0.31372386
7.5011272,-0.065618455,-0.48645723,0.24674055
7.5446095,-0.21467316,-0.37059104,0.3573703
7.6225343,-0.3006673,-0.4776594,0.36264053
7.6495,-0.29892653,-0.44132936,0.40260077
7.650263,-0.1865964,-0.5506762,0.33654642
7.5606704,-0.09647745,-0.51350534,0.24560316
7.7381883,-0.13492996,-0.9073796,0.28380567
7.6884794,-0.1502024,-0.73902565,0.2756561
7.7583723,-0.16717237,-0.8684461,0.2916054
7.5062838,-0.0819965,-0.6501665,0.26203048
7.4905825,-0.123158395,-0.3165955,0.28093347
7.1689696,-0.22200173,0.1341517,0.36845827
7.5175247,-0.15766919,-0.3861953,0.35958976
7.667556,-0.13545418,-0.66361266,0.2391662
7.8067894,-0.085122585,-0.96136993,0.28925285
7.797726,-0.036081493,-0.934878,0.24448305
7.566986,-0.0341053,-0.82727355,0.20490934
7.5020885,-0.16052711,-0.2875898,0.30603787
7.466539,-0.19052994,-0.3143835,0.31152505
7.542356,-0.20147628,-0.4775833,0.32392102
7.6539373,-0.09464252,-0.69469047,0.26912516
7.6841507,-0.17165697,-0.8787004,0.400738
7.8559227,-0.24772608,-0.9831148,0.34286758
7.737478,-0.18821836,-0.91811657,0.34065986
7.656087,-0.20425475,-0.7127073,0.36670068
7.6948466,-0.2175923,-0.565276,0.34875232
7.7421365,-0.33152884,-0.7022819,0.48980922
7.7827096,-0.30921543,-0.8090321,0.3991263
7.872157,-0.4147427,-0.89821833,0.50323343
7.9175563,-0.44350636,-0.85283726,0.4631217
7.800398,-0.49693215,-0.7739262,0.68163866
7.991569,-0.47295308,-0.8942343,0.5966385
7.8668284,-0.45228267,-0.9225874,0.6197471
7.7940235,-0.3720262,-0.5385238,0.4387024
7.6769977,-0.26495838,-0.5844083,0.38623452
7.6428423,-0.2454803,-0.4123475,0.38315392
7.707792,-0.28171766,-0.532691,0.3851328
7.743787,-0.3186288,-0.8515967,0.39649874
7.707449,-0.26316518,-0.6507663,0.34078676
7.7622185,-0.2503258,-0.90654963,0.38166767
7.742083,-0.15029919,-0.8701118,0.2932739
7.665139,-0.09803486,-0.89233756,0.26016417
7.58941,-0.20042938,-0.753952,0.32796407
7.8608513,-0.2737751,-0.8580917,0.3815441
7.8632393,-0.30604923,-0.99895763,0.4109737
7.8280616,-0.21177602,-0.94841206,0.3849717
7.385969,-0.10879558,-0.3216219,0.26436883
7.2848887,-0.17444813,-0.16968739,0.3362292
7.4342394,-0.22339004,0.009551525,0.34218556
7.5069637,-0.1604231,-0.5645026,0.29375803
7.502914,-0.20694792,-0.32857275,0.33821929
7.6470633,-0.2444827,-0.7359575,0.38001475
7.713904,-0.31279457,-0.5831103,0.41067427
7.7665863,-0.4572276,-0.3709206,0.52299416
7.6523294,-0.41459894,-0.2415756,0.4693358
7.6884365,-0.37058192,-0.28234404,0.4595422
7.790631,-0.34273392,-0.81863046,0.43898356
7.600005,-0.18740737,-0.28150755,0.31967905
7.5429745,-0.24036807,-0.4421808,0.38537875
7.741106,-0.1818828,-0.6793474,0.31892025
7.941683,-0.28812212,-0.8426168,0.4040267
7.586335,-0.27601355,-0.4639969,0.40599266
7.746754,-0.25079548,-0.56544006,0.41522613
7.5977745,-0.22957301,-0.5208068,0.36845756
7.7888155,-0.16698402,-0.9315151,0.3442517
7.780443,-0.19024551,-0.9814406,0.29962844
7.898523,-0.3533706,-0.97212434,0.45938432
7.783788,-0.35554296,-0.80835724,0.454355
7.6915603,-0.34851635,-0.6341688,0.48804855
7.834033,-0.2951066,-0.7890442,0.41068333
7.775816,-0.20928061,-0.9527187,0.36435044
7.7769423,-0.30819643,-0.7643875,0.41239733
7.8670893,-0.38126224,-0.64945376,0.51915145
7.870512,-0.36486137,-0.91722643,0.52042675
7.8963532,-0.5107353,-0.8394122,0.6604938
7.8691807,-0.456195,-0.86135733,0.62070984
7.7618275,-0.4147982,-0.51848775,0.51512617
7.639572,-0.25143605,-0.77130526,0.43079883
7.478079,-0.189286,-0.25928468,0.3415537
7.387327,-0.19959521,-0.16981506,0.31464344
7.656398,-0.20710081,-0.3974948,0.30694565
7.3087444,-0.17127919,-0.11086011,0.31564376
7.351971,-0.18057692,-0.03106296,0.33316755
7.3337145,-0.20911694,-0.17291921,0.35076362
7.428852,-0.21418929,-0.45195675,0.346466
7.6123786,-0.23051292,-0.59610033,0.329203
7.1653795,-0.15166748,0.053794384,0.34005225
7.2933035,-0.18538052,0.0867033,0.34506994
7.0703545,-0.18191308,0.42164314,0.29508096
7.0665708,-0.06841159,0.012728095,0.28307202
7.3332243,-0.005625546,-0.24087888,0.22861452
7.4208884,-0.23538792,-0.18320763,0.38555664
7.5928373,-0.2188673,-0.6473717,0.32442814
7.6324434,-0.21974581,-0.60592544,0.3588519
7.6343746,-0.3331145,-0.71559966,0.4279838
7.7642746,-0.34347498,-0.5893401,0.42574728
7.7032113,-0.17196769,-0.82285863,0.31791493
7.5208874,-0.0104365945,-0.9241025,0.2329401
7.729561,-0.12036443,-0.7535893,0.29349315
7.5243006,-0.20645171,-0.26113796,0.3425107
7.393933,-0.1254937,-0.3686136,0.28822732
7.405215,-0.083233595,-0.30850112,0.23141496
7.306547,-0.12272513,-0.01849693,0.27340674
7.2397485,-0.14644235,-0.030699015,0.29783252
7.1462183,-0.1313594,0.13850272,0.3083994
7.0574856,-0.07617289,0.2671919,0.25321195
7.1211853,-0.09546882,-0.04095924,0.26079857
7.002367,-0.0908187,0.41562772,0.27415583
7.211252,-0.11844087,-0.06692582,0.34236354
7.329497,-0.020492196,-0.32450873,0.23234335
7.5165625,-0.062236547,-0.60876095,0.23233402
7.457346,-0.090212464,-0.28479004,0.25505534
7.456627,-0.019983828,-0.43234974,0.26354688
7.212993,-0.13227308,-0.057103634,0.32274002
7.2616267,-0.1643728,-0.054262638,0.28762788
7.2114234,-0.16155219,0.29239702,0.31554812
7.2178316,-0.13464493,0.1547116,0.310638
7.267612,-0.08498412,-0.06665403,0.3108173
7.2136927,-0.12583268,0.15379834,0.26845667
7.2817726,-0.05644816,0.06918442,0.26652095
7.4029393,-0.14719898,-0.3274784,0.33311945
7.376325,-0.17938995,-0.21505702,0.33204523
7.206793,-0.07849896,0.071852446,0.24644804
7.2218647,-0.07343125,-0.105445206,0.2370325
7.1214085,0.023272157,-0.0019441843,0.20761374
7.185902,-0.032308817,-0.06656945,0.20203002
7.4719887,-0.03948915,-0.5915752,0.21990177
7.928488,-0.08345449,-0.8635967,0.2410863
7.6130333,-0.052333057,-0.89828306,0.24266556
7.8326187,-0.035553455,-0.934459,0.21095788
7.520981,-0.06713998,-0.78753245,0.24501939
7.4113555,-0.022437096,-0.4751705,0.2204325
7.49837,-0.15370572,-0.27040595,0.28548366
7.3043594,-0.06500858,-0.37536025,0.25662416
7.452608,-0.13030404,-0.48531187,0.29202834
7.444579,-0.13313204,-0.34382427,0.2857203
7.5697637,-0.19342649,-0.3535546,0.3197346
7.516775,-0.17556226,-0.36173147,0.33910573
7.44971,-0.21140033,-0.36864012,0.37490523
7.1869354,-0.13813275,0.04358709,0.27967054
7.2058945,-0.10088837,0.05226028,0.23719509
7.539649,-0.17663217,-0.44865263,0.31451952
7.7595224,-0.18109936,-0.68402946,0.3337558
7.716383,-0.26416796,-0.5322872,0.3477921
7.7589655,-0.406972,-0.5249558,0.63356596
7.691594,-0.3484699,-0.41274655,0.4561774
7.8831577,-0.38541383,-0.7540613,0.4641255
7.7865124,-0.27525246,-0.6127578,0.34498507
7.682662,-0.29390842,-0.59060323,0.4012558
7.9044666,-0.30555874,-0.85925597,0.43472546
7.729682,-0.23046935,-0.7762109,0.3269783
7.7231383,-0.28886944,-0.86355704,0.35223305
7.586403,-0.22298735,-0.7104757,0.35206324
7.6047916,-0.13327104,-0.45856136,0.2857644
7.558607,-0.14785457,-0.41934013,0.28442708
7.4959917,-0.20339203,-0.15501672,0.32522443
7.5257683,-0.21237743,-0.24939787,0.3270495
7.4802046,-0.20041764,-0.34054828,0.3358268
7.5414734,-0.2465744,-0.35763162,0.3327998
7.4404435,-0.23755842,-0.30237126,0.38881278
7.7033663,-0.314187,-0.81752205,0.42870367
7.6470327,-0.39430052,-0.53345484,0.52541536
7.655365,-0.28369248,-0.6771127,0.42174917
7.573698,-0.32107323,-0.39286166,0.41371363
7.5351,-0.33788216,-0.28753948,0.4443854
7.662101,-0.27366716,-0.57050025,0.40186194
7.69389,-0.29973257,-0.6255851,0.3968019
7.7865376,-0.24082732,-0.9238163,0.37758523
7.9395328,-0.3079279,-0.9447593,0.40372837
7.8644757,-0.3639527,-0.87156034,0.47633386
7.918718,-0.4180042,-0.9016833,0.5119277
7.8650293,-0.4021713,-0.9945437,0.46794707
7.8618174,-0.29754573,-0.9156142,0.4122517
7.6810594,-0.22993213,-0.78005844,0.35033393
7.5973787,-0.14607596,-0.8055303,0.30865455
7.903895,-0.1294586,-0.97772187,0.2598771
7.437687,-0.19820589,-0.55824065,0.35799628
7.6735077,-0.20291734,-0.66404605,0.33558747
7.6352134,-0.23002249,-0.6938181,0.33546162
7.828774,-0.27766,-0.980438,0.44181764
7.8475924,-0.43548262,-0.75352776,0.51723796
7.913389,-0.43580335,-0.8732988,0.63742214
7.754915,-0.32264382,-0.71892667,0.43271625
7.58325,-0.22981507,-0.33222324,0.35478276
7.7727346,-0.31145334,-0.7851645,0.36542052
7.689069,-0.21870345,-0.405522,0.36297917
7.5888705,-0.30514437,-0.32561404,0.39134574
7.509246,-0.24987936,-0.3982967,0.37956375
7.438569,-0.2273016,-0.30232114,0.4412482
7.3974104,-0.25332367,-0.16932178,0.45473677
7.383952,-0.121212125,-0.37181365,0.30968034
7.4467945,-0.1385935,-0.4544171,0.34118402
7.5241017,-0.26567912,-0.37257326,0.43002594
7.46871,-0.34616244,0.044977427,0.4706062
7.509124,-0.33720225,-0.012198329,0.40230572
7.63995,-0.3029412,-0.2663862,0.4393258
7.681409,-0.15867221,-0.6566145,0.29394802
7.828284,-0.1884107,-0.9411024,0.31455213
7.8239346,-0.18024325,-0.74251974,0.32413206
7.833246,-0.3319173,-0.42848414,0.38671058
7.5939026,-0.12292153,-0.603516,0.3123453
7.52746,-0.08892751,-0.6865252,0.26457104
7.7300253,-0.0882867,-0.98345476,0.2491337
7.689253,-0.16519088,-0.63984585,0.2619882
7.377673,-0.08855313,-0.21420586,0.27992743
7.334063,-0.11908126,-0.14562106,0.29411697
7.52159,-0.08605546,-0.40843165,0.25818154
7.300825,-0.02063322,-0.19382179,0.21604998
7.3571534,-0.071995914,-0.2423253,0.24031961
7.373622,-0.053040624,-0.20923722,0.2052617
7.356244,-0.052858114,-0.21254206,0.21239437
7.3333073,-0.120664954,-0.21643364,0.2833474
7.5223656,-0.20092088,-0.27697957,0.32085365
7.4108977,-0.23427409,-0.23218906,0.37123126
7.449728,-0.19440877,-0.26731604,0.32355428
7.439051,-0.071588814,-0.545876,0.2695787
7.436137,-0.105947375,-0.3807364,0.31357163
7.480294,-0.10069972,-0.48292065,0.2943147
7.386013,-0.28970593,0.011743426,0.38358843
7.129837,-0.14706552,-0.050157905,0.34673
7.2121525,-0.18677676,-0.073251486,0.33403754
7.166127,-0.22901726,0.21204174,0.38583565
7.194438,-0.13356042,0.15973163,0.2988601
7.170857,-0.17947143,0.20403433,0.31933647
7.2367573,-0.12526512,-0.13985395,0.27889818
7.280705,-0.12980604,-0.10636616,0.2960481
7.1801248,-0.10840243,-0.14712924,0.2941295
7.411849,-0.057127297,-0.3820842,0.25674853
7.418758,-0.010482013,-0.49971777,0.22809401
7.276657,0.033682823,-0.44139063,0.22009315
7.3986793,-0.058281183,-0.45443493,0.26587054
7.4961605,-0.12634718,-0.5631975,0.35856548
7.1923637,-0.117302954,0.1895783,0.24702322
7.4768972,-0.11903924,-0.3698709,0.25279698
7.3682985,-0.026299,-0.3531751,0.23122275
7.262823,-0.123529255,-0.016504526,0.22588494
7.3318686,-0.061308503,0.16159105,0.20415379
7.419217,-0.10915148,-0.29639214,0.28308168
7.5354786,-0.09412819,-0.50471944,0.28956196
7.4514103,-0.114407,-0.502197,0.313373
7.337598,-0.05855143,-0.44306827,0.256749
7.2537403,-0.10986894,-0.0066755414,0.2604848
7.1133366,-0.15827954,0.18479693,0.33248204
7.1147084,-0.12928092,0.12449384,0.31237906
7.097173,-0.05818677,0.025916815,0.2139724
7.307566,0.023818731,-0.12838131,0.21857221
7.3321247,-0.10028112,-0.07159519,0.26975548
7.1495986,0.00170362,0.061948538,0.20518655
7.082123,0.013688803,-0.03929603,0.21464798
7.0979543,0.019700646,0.0066132545,0.20344113
7.429778,-0.015841842,-0.40661812,0.23839526
7.2506175,-0.03882289,-0.2743895,0.25257492
7.7446485,-0.21817917,-0.94101083,0.32959357
7.536758,-0.28206104,-0.37222993,0.3932916
7.5448275,-0.2894895,-0.1476624,0.37660468
7.6449623,-0.30737388,-0.58195615,0.47687274
7.624128,-0.342978,-0.5114974,0.48633802
7.5846667,-0.3530966,-0.47220516,0.5281758
7.438375,-0.3624044,0.2481873,0.53739125
7.4660406,-0.2932527,-0.13757634,0.5013899
7.576089,-0.3011428,-0.4666118,0.40155667
7.6890655,-0.28940755,-0.5428377,0.42768264
7.6582546,-0.19992065,-0.7635761,0.30796075
7.5416675,-0.2004047,-0.47463113,0.34217945
7.699994,-0.20002824,-0.5076956,0.30668557
7.613665,-0.21798474,-0.5333509,0.3167266
7.4276514,-0.19764721,-0.29967332,0.37857538
7.4719524,-0.17046821,-0.121227026,0.33310825
7.2451267,-0.28708512,0.23290491,0.39376122
7.353042,-0.24331713,-0.18394244,0.40839234
7.3013854,-0.17904103,0.15531695,0.2831936
7.10259,-0.08081883,0.0970881,0.31070256
6.882685,-0.015282512,0.1925509,0.25209165
7.294789,-0.10257667,-0.16647369,0.27017847
7.980799,-0.24119687,-0.83351773,0.33837217
7.830924,-0.37752622,-0.58748746,0.46779865
7.8082614,-0.27509862,-0.9560927,0.39210165
7.756194,-0.24801564,-0.9248215,0.3996302
7.904647,-0.28402853,-0.74222136,0.39395827
7.7215056,-0.2458182,-0.7540687,0.36600202
7.6901665,-0.27183068,-0.594308,0.3682571
7.7713995,-0.38864934,-0.50990546,0.56762135
7.862045,-0.36894888,-0.64055336,0.44502676
7.759882,-0.41431373,-0.6666018,0.6094977
7.6900077,-0.25771445,-0.7944212,0.4414236
7.533024,-0.21329093,-0.7311392,0.34274212
7.468166,-0.16355199,-0.3255881,0.34001136
7.5952115,-0.20192122,-0.6809801,0.34294915
7.527466,-0.18987757,-0.5178466,0.36515516
7.620192,-0.2891863,-0.36007112,0.40479165
7.5668945,-0.33381099,-0.25044334,0.46281797
7.5286055,-0.38031006,-0.13720155,0.4911552
7.647929,-0.37347913,-0.3788358,0.46986926
7.5268726,-0.30563617,-0.44143844,0.4248305
7.6118145,-0.34978604,-0.40463948,0.42072046
7.3382306,-0.27672994,-0.023562014,0.42643
7.413542,-0.2718885,-0.04650849,0.38418546
7.40123,-0.25927293,-0.055149853,0.41086388
7.3945684,-0.29094255,-0.30071908,0.3935126
7.6407585,-0.29221612,-0.47170722,0.41395366
7.732648,-0.2746297,-0.71194947,0.41146246
7.6360826,-0.3038916,-0.645699,0.45463586
7.7344747,-0.22145599,-0.8533827,0.36252195
7.590499,-0.29569548,-0.4180591,0.3495146
7.5203648,-0.22035462,-0.4328189,0.3269328
7.533276,-0.30564862,-0.42468965,0.42119098
7.771399,-0.31958956,-0.6446048,0.42602134
7.461421,-0.23315263,-0.3783939,0.35588464
7.5876274,-0.28034073,-0.43643224,0.39147645
7.7045984,-0.22658503,-0.52698237,0.33844125
7.8802176,-0.14900541,-0.9389405,0.2925956
7.534083,-0.16350341,-0.6586651,0.324166
7.5958185,-0.32844955,-0.29411632,0.39335316
7.8299627,-0.37451792,-0.8780514,0.505873
7.8722134,-0.40234685,-0.9856165,0.52907974
7.9839606,-0.3402102,-0.96642274,0.50334036
7.9865656,-0.30418372,-0.82693624,0.4342125
7.8590255,-0.28892946,-0.83180946,0.3717481
7.772423,-0.2730708,-0.65394855,0.36915296
7.7903967,-0.24954838,-0.77199876,0.3598067
7.3511086,-0.1844604,-0.36154288,0.3573618
7.4011927,-0.1519717,-0.33795726,0.29529387
7.2859564,-0.04032415,-0.16229486,0.25842905
7.3204937,-0.104233325,-0.31111705,0.25240943
7.1856136,1.7285347e-05,0.12080622,0.22071436
7.202834,-0.08969325,-0.030875802,0.2572528
7.251383,-0.22357672,0.090058565,0.34727317
7.4533787,-0.16693884,-0.13436246,0.31231427
7.3464885,-0.14414829,-0.32623512,0.33871573
7.3499866,-0.1403951,-0.1907745,0.3429953
7.5180335,-0.1700263,-0.25985348,0.28623
7.309764,-0.22397393,-0.15101165,0.3754064
7.4001317,-0.23800266,-0.14039397,0.38961893
7.730963,-0.34111303,-0.82084084,0.45731187
7.7948823,-0.29387373,-0.8203521,0.40486056
7.94927,-0.28802365,-0.9454193,0.39435506
7.952873,-0.35808307,-0.94087327,0.42925718
7.86671,-0.22727329,-0.99170387,0.33213648
7.5897985,-0.1568749,-0.6172732,0.28274775
7.436612,-0.024883807,-0.46324056,0.23780231
7.5798883,-0.1273393,-0.63979554,0.2405132
7.3940954,-0.14680827,-0.09519112,0.25249428
7.211445,-0.027445495,-0.048630357,0.22307417
7.1954865,0.025438666,-0.3459825,0.20219097
7.0889354,-0.06103599,0.57858276,0.21338372
7.3900986,-0.23081303,-0.002432704,0.2715039
7.269795,-0.20862079,-0.0670324,0.38491654
7.415186,-0.14569497,0.0060899258,0.26042274
7.2022886,-0.013938606,-0.1956935,0.2426274
7.232774,-0.09500021,-0.2848571,0.23567617
7.162222,-0.16112798,0.116678715,0.32465562
7.2738733,-0.15882158,0.041641712,0.288067
7.484224,-0.1397841,-0.1844505,0.29082265
7.267475,-0.23398834,0.035242796,0.3295803
7.3762703,-0.28719217,0.027020693,0.45924848
7.581538,-0.30717874,-0.34805745,0.34774256
7.711252,-0.29762816,-0.78299403,0.4187929
7.6586504,-0.34636575,-0.69045204,0.48391742
7.7033195,-0.2550469,-0.89016795,0.41294044
7.603194,-0.2621094,-0.35439348,0.35914052
7.5167313,-0.23773205,-0.38346756,0.34962577
7.6570425,-0.2654001,-0.64434326,0.41691545
7.9023266,-0.27617538,-0.81984156,0.39245966
7.572464,-0.15533382,-0.37589514,0.32767826
7.737681,-0.22871894,-0.87913734,0.3703776
7.762868,-0.19087785,-0.96965605,0.3209078
7.9014573,-0.21036714,-0.97244674,0.32075325
7.754328,-0.29323846,-0.7584269,0.38781488
7.785023,-0.28354096,-0.77064794,0.4005357
7.780778,-0.26996267,-0.9628371,0.41673547
7.46144,-0.23882079,-0.5588528,0.35903466
7.3525295,-0.07945013,-0.24761498,0.2625721
7.051539,-0.014514923,-0.048496008,0.25018144
7.3059263,-0.016895652,-0.18962622,0.20971252
7.3721147,-0.049145162,-0.2967167,0.23080423
7.494233,-0.15815306,-0.4143088,0.29000166
7.473544,-0.09207404,-0.40637398,0.23765425
7.4479647,-0.024014533,-0.41943604,0.24482867
7.3788395,-0.06409693,-0.30247462,0.23556565
7.178364,-0.06548542,-0.15218413,0.2534436
7.389699,-0.1312235,-0.14294142,0.25975284
7.425562,-0.14179647,-0.3904189,0.34566844
7.725793,-0.1393637,-0.718981,0.31931514
7.5466714,-0.17299855,-0.525825,0.2957524
7.733549,-0.1573618,-0.5697702,0.27973187
7.595643,-0.14767033,-0.7643359,0.33767122
7.599452,-0.1657309,-0.5230885,0.30949137
7.579326,-0.26504564,-0.7297596,0.43247285
7.790538,-0.30555212,-0.81117225,0.42168668
7.716719,-0.3215524,-0.6534214,0.42806286
7.672838,-0.29611444,-0.5174221,0.43110138
7.5547137,-0.35622293,-0.07073462,0.43778133
7.509378,-0.3505159,0.08024597,0.4381607
7.4470606,-0.3831523,-0.17243409,0.56290066
7.682713,-0.45816678,-0.29252607,0.6377808
7.857718,-0.405375,-0.7300324,0.5530365
7.8520784,-0.4406942,-0.9528557,0.54776776
7.95296,-0.4403333,-0.9212506,0.5720821
7.9778395,-0.40559918,-0.97882074,0.46293104
7.9091434,-0.28862828,-0.9172591,0.41237658
7.8902864,-0.32996076,-0.8065536,0.41573584
7.8623867,-0.45031846,-0.7852777,0.5619404
7.788684,-0.45521128,-0.5900657,0.50182265
7.6579924,-0.33182454,-0.20401746,0.4409691
7.5115147,-0.43312097,0.21321201,0.5535825
7.730987,-0.40218103,-0.4204737,0.49831873
7.7071443,-0.44568115,-0.5310941,0.51321894
7.6584215,-0.3913383,-0.27002907,0.5722235
7.6728315,-0.40125895,-0.39062518,0.5285177
7.7943926,-0.3626734,-0.78970975,0.5653868
7.825392,-0.44357008,-0.8412275,0.55092937
7.989977,-0.41702527,-0.8288758,0.4895311
7.7527676,-0.36873978,-0.5908364,0.48361844
7.854951,-0.2914645,-0.9338765,0.41625518
7.4767323,-0.21818835,-0.4885565,0.4189295
7.405031,-0.13901675,-0.48541248,0.35811928
7.656152,-0.14899701,-0.8570474,0.34387445
7.7817616,-0.24064875,-0.84894526,0.39488268
7.8337617,-0.26444793,-0.8711758,0.34796804
7.7202044,-0.28744203,-0.81198025,0.39898515
7.936079,-0.3475563,-0.7966559,0.38748378
7.816454,-0.20063835,-0.6980084,0.33876824
7.2912636,-0.13769412,-0.099624515,0.28846648
7.2563205,-0.12828863,-0.084947705,0.27912867
7.2965207,-0.110470235,-0.21381843,0.2982038
7.116185,-0.1623218,0.22533774,0.28562003
7.3435955,-0.23464811,0.19755268,0.34031636
7.030546,-0.05169046,0.19808578,0.26489732
7.001621,-0.14163679,0.23633838,0.2927459
7.1318965,-0.13827342,0.1698432,0.2601664
7.293907,-0.019595444,-0.25203073,0.23413709
6.9677463,-0.0012141466,0.15283895,0.21693031
6.851918,0.04018724,0.29370356,0.20102449
7.2751064,0.009890795,-0.03161919,0.20447813
7.4922447,-0.16474843,-0.48739243,0.2998286
7.4654665,-0.095389485,-0.4893362,0.25930932
7.366724,-0.09625536,-0.28044784,0.2596854
7.3156276,-0.13125199,-0.09143084,0.30043507
7.2021646,-0.035976827,-0.13667357,0.21822912
6.964046,-0.07819265,0.2559502,0.27929604
7.0132365,-0.018209338,0.2886262,0.20868962
7.1834836,-0.0844233,0.26363158,0.2306118
7.1095066,-0.07047194,-0.09541273,0.243356
7.3648186,-0.034877717,-0.29351175,0.215116
7.2743077,-0.016350687,-0.128631,0.22412536
7.052081,-0.072707474,0.12480056,0.26253524
7.0773087,-0.1087656,0.25775635,0.23679908
7.3584294,-0.0260036,-0.11987263,0.24429028
7.225609,-0.12178916,-0.112338126,0.25802016
7.3539677,-0.109152794,-0.30417347,0.30230108
7.422216,-0.029919624,-0.31901455,0.21288794
7.525427,-0.19871384,-0.5121093,0.34035295
7.522373,-0.25729388,-0.55186504,0.37990433
7.6316767,-0.25369,-0.4804523,0.39047724
7.6269007,-0.20118356,-0.49495268,0.37429172
7.5219007,-0.14505881,-0.42584193,0.2785581
7.345778,-0.07931447,-0.146689,0.256686
7.1615424,-0.16913503,0.31138074,0.3134721
7.1518426,-0.15553027,0.15163314,0.315669
7.2647953,-0.1508779,-0.028927088,0.30820984
7.2572565,-0.12046033,-0.12398267,0.30861154
7.1324415,-0.031671762,-0.14461434,0.24168453
7.0423927,-0.06181705,0.22363126,0.26210248
7.133727,-0.087494016,0.10966158,0.23322229
7.1818447,-0.12161183,0.10727501,0.24510755
7.3087015,-0.15965343,0.12989902,0.29062775
7.211418,-0.13119859,0.037496567,0.2720749
7.273859,-0.20413458,-0.14689934,0.35880238
7.499994,-0.23463225,-0.39781845,0.33964223
7.537812,-0.2466349,-0.31697237,0.3297959
7.3457637,-0.17059135,-0.22222215,0.34626555
7.3541894,-0.26703578,-0.10947573,0.39444035
7.2994184,-0.22108531,-0.12995529,0.39573002
7.5477157,-0.29428673,-0.2101512,0.4511168
7.651761,-0.40624017,-0.1459341,0.5431996
7.6255264,-0.32580835,-0.55407965,0.4467395
7.5424094,-0.21951288,-0.38804102,0.3988775
7.477021,-0.2691236,-0.013697922,0.35306728
7.564188,-0.18441314,-0.5325316,0.3455168
7.450601,-0.2080037,-0.38230133,0.39166105
7.360027,-0.25923556,-0.31683844,0.41450894
7.446808,-0.22199982,-0.29062337,0.4092831
7.7008696,-0.27311075,-0.8336112,0.43864077
7.7577047,-0.23615813,-0.9457811,0.32167414
7.680444,-0.18209636,-0.5370706,0.30427104
7.644394,-0.14329135,-0.8347671,0.28171188
7.440186,-0.11430317,-0.13177145,0.2288654
7.2347403,-0.035096467,-0.08710927,0.24378854
7.1682105,-0.012230933,-0.23726606,0.22951443
7.205432,-0.038684607,-0.1260426,0.24819171
7.2691364,-0.07227814,-0.14786756,0.26313248
7.414628,-0.11104751,-0.39427686,0.24254146
7.42449,-0.17023581,-0.035947382,0.27365687
7.487275,-0.24854296,-0.37019295,0.3274008
7.4888935,-0.20684677,-0.2105676,0.3413162
7.3931336,-0.20323849,-0.18537045,0.32745367
7.230446,-0.077682376,0.035049677,0.25347802
6.963886,-0.012589693,-0.12469363,0.22378716
7.664626,-0.13360858,-0.7142459,0.24477401
7.49214,-0.06971878,-0.6338843,0.2561031
7.4315176,-0.10558379,-0.38311583,0.26741207
7.379408,-0.28678846,-0.05615759,0.3832356
7.249334,-0.12643528,0.076995015,0.25814852
7.112892,-0.05419159,-0.051422954,0.29899412
7.1283197,-0.023384571,0.07567012,0.20019066
7.041289,0.048067093,0.085615516,0.20272987
7.1450434,-0.02588427,0.08540797,0.21519569
7.2174892,-0.0743348,0.21714556,0.21624957
7.129015,-0.097155035,0.1833247,0.27576375
7.0505147,-0.111546636,0.2974726,0.2769345
7.1950293,-0.17526352,0.19583714,0.32201964
7.3436003,-0.2414968,-0.061659217,0.33375597
7.3892694,-0.17794526,-0.30370897,0.35762924
7.204879,-0.12952685,0.01697421,0.32309738
7.5029716,-0.077094555,-0.25010347,0.28901953
7.4320593,-0.15414888,-0.2312172,0.32126322
7.235037,-0.082190156,-0.19577348,0.30319798
7.025708,-0.10448694,0.15666807,0.26460776
6.8377433,-0.0004761815,0.30603707,0.24088418
7.0542655,0.018743396,0.1182431,0.21343116
7.173835,-0.04152471,0.009143114,0.2180812
7.1258206,-0.070421934,0.073001266,0.2345732
7.216577,-0.06738287,-0.29823458,0.26063195
7.1974063,-0.036911547,0.06484485,0.20149449
7.0711875,-0.11482358,0.24701297,0.2496671
7.1552644,-0.08879417,0.14470577,0.22316732
7.091834,-0.15683883,0.38724077,0.27971506
7.0790305,-0.2202118,0.26831603,0.36034107
6.864571,-0.06864494,0.4700725,0.23657832
6.876974,-0.05164689,0.47527182,0.2421872
7.1301413,0.026170015,0.09043884,0.20080864
7.0992217,-0.052982867,0.14531982,0.23290092
6.9413247,-0.008701146,0.23026288,0.20431061
6.963032,0.05405724,0.021920443,0.21003108
6.8994727,-0.048139215,0.3007387,0.24896626
6.9940176,-0.02919221,0.21069217,0.25170577
7.318024,-0.05103922,-0.28993475,0.23647623
7.517514,-0.1092239,-0.52968764,0.2569993
7.477556,-0.073056936,-0.5019574,0.26597235
7.529811,-0.20157462,-0.21494377,0.29737544
7.360699,-0.107011914,-0.29884434,0.2940492
7.344625,-0.10422683,-0.31424046,0.26649442
7.5629683,-0.14169627,-0.21466911,0.26167712
7.4742994,-0.25309652,0.018687844,0.32511693
7.5041876,-0.29748732,-0.35497224,0.447834
7.7544355,-0.28091425,-0.83010453,0.37711793
7.7886963,-0.20849448,-0.9542609,0.3522979
7.630905,-0.1444673,-0.6359561,0.32608467
7.4602118,-0.24379015,-0.13743865,0.31965494
7.593952,-0.3218187,-0.42276847,0.4108022
7.576852,-0.39598286,0.070430756,0.50008446
7.740018,-0.38909847,-0.5684282,0.5494844
7.821829,-0.38930362,-0.92022383,0.5297344
7.8415236,-0.33843637,-0.8952745,0.4625938
7.741411,-0.29770672,-0.39802778,0.41675115
7.4474044,-0.19971263,-0.33127767,0.34225094
7.480336,-0.19909525,-0.22578341,0.31844094
7.3015976,-0.17391157,-0.08797157,0.35888982
7.2573156,-0.18827921,0.021838903,0.3209151
7.4604535,-0.18385226,-0.2885182,0.36200637
7.580902,-0.22910398,-0.6811733,0.38701966
7.626007,-0.21479231,-0.38075256,0.32330832
7.3039665,-0.1845659,-0.16909432,0.37665096
7.281406,-0.26109946,-0.08899665,0.42399675
7.330475,-0.24411857,0.08936572,0.2938817
7.2525573,-0.15565813,0.063022375,0.3172973
7.193534,-0.12887353,-0.1057713,0.3262648
7.533751,-0.19502652,-0.28263795,0.30355972
7.367648,-0.14125699,-0.18547344,0.28839016
7.3398695,-0.1355781,-0.10737777,0.32685828
7.252071,-0.17787796,0.14318752,0.28665185
7.382597,-0.21029574,-0.10311186,0.32837147
7.536952,-0.24079531,-0.17933059,0.33951986
7.5626564,-0.29215312,-0.5215982,0.45479035
7.790453,-0.19990247,-0.7806076,0.31708854
7.457451,-0.18349475,-0.37757683,0.3502967
7.1174784,-0.22456115,0.48378778,0.38377225
7.2414913,-0.19012606,0.03752911,0.30547178
7.365005,-0.20267457,-0.07276803,0.32913148
7.439415,-0.14867574,-0.266181,0.28970847
7.3801484,-0.15166259,-0.18718553,0.28539944
7.122057,-0.11586475,0.11872029,0.26198322
7.5489683,-0.16230041,-0.40866458,0.30332905
7.285948,-0.13620156,-0.16875327,0.2763884
7.112856,-0.08472496,0.165411,0.24703741
7.305692,-0.16014713,0.0023212433,0.27790064
7.011544,-0.033467233,0.16134977,0.23130529
7.0080304,0.048052788,0.07660699,0.22082579
7.3124156,-0.094507456,-0.17519736,0.22010054
7.3899136,-0.13261765,-0.20871532,0.28838363
7.310942,-0.05559665,-0.0056396723,0.21822208
7.392411,-0.08638257,-0.16151011,0.21385734
7.5330462,-0.22922593,-0.38875043,0.3328693
7.6152534,-0.26180607,-0.50377405,0.4173966
7.6742125,-0.21368873,-0.60824704,0.2837948
7.6931834,-0.11452854,-0.9423583,0.3031795
7.5981,-0.11666024,-0.6456616,0.3061276
7.4464025,-0.19733989,-0.36886728,0.37269476
7.4302664,-0.16483521,-0.50256425,0.32309008
7.6572456,-0.26038736,-0.780344,0.35418725
7.7918005,-0.26704895,-0.8512629,0.43827653
7.8182335,-0.3554688,-0.86555785,0.46617663
7.9299603,-0.36304355,-0.9244008,0.4337836
7.8671923,-0.38357347,-0.74323714,0.5178413
7.7713547,-0.3775152,-0.734582,0.5262525
7.5716977,-0.2423011,-0.61596215,0.38770306
7.7462444,-0.20723963,-0.68328893,0.32103106
7.7956543,-0.2060399,-0.8569577,0.34987307
7.289039,-0.1636936,-0.29279387,0.30225655
7.2851896,-0.1563611,-0.012627602,0.33211577
7.358801,-0.21049124,0.080848455,0.33498693
7.609235,-0.1707573,-0.2887261,0.28337982
7.6218014,-0.22568458,-0.7097992,0.35544187
7.6610537,-0.21102506,-0.5867478,0.36711025
7.7727833,-0.23757905,-0.8815213,0.3721382
7.4230804,-0.18252826,-0.5287378,0.3415265
7.603423,-0.19760942,-0.5878836,0.3799954
7.5577645,-0.2219379,-0.35344696,0.3486745
7.7444177,-0.16311246,-0.65018785,0.2608049
7.8985925,-0.23784709,-0.76448184,0.3365209
7.842683,-0.22914648,-0.69459504,0.34946367
7.5188637,-0.20299852,-0.45577633,0.35936835
7.64251,-0.2217794,-0.31635624,0.33815357
7.6272063,-0.29758108,-0.3935535,0.398252
7.743681,-0.37556046,-0.59626997,0.49696815
7.5782976,-0.40899372,-0.15641463,0.5183896
7.61782,-0.39140773,-0.40009868,0.4929071
7.809392,-0.36400008,-0.89377165,0.5229189
7.712031,-0.39894766,-0.44895887,0.5529774
7.816583,-0.36551535,-0.82144433,0.52470386
7.502131,-0.3219629,-0.35062563,0.50138366
7.865125,-0.32563454,-0.89245164,0.4173569
7.6556993,-0.26307905,-0.49120986,0.42330372
7.740142,-0.18661517,-0.6907407,0.3140316
7.6910553,-0.16729724,-0.615669,0.29471642
7.518935,-0.10044032,-0.625191,0.29098493
7.424286,-0.106633484,-0.18413997,0.304546
7.611152,-0.15074223,-0.44465625,0.30650362
7.5287356,-0.057011247,-0.5895575,0.25864604
7.5058055,-0.04430431,-0.5238534,0.22586179
7.32379,-0.06389642,-0.28224933,0.220225
7.203123,-0.113146186,0.20126927,0.25324962
7.120473,-0.030946791,0.23502946,0.24275061
6.6877127,0.0821538,0.2630955,0.20775527
6.774414,0.0073543787,0.60900164,0.20863934
6.9265313,-0.07608211,0.53193235,0.22970693
6.8721957,0.04743302,0.14630902,0.23179206
6.760751,0.044528365,0.42232013,0.22151086
7.016141,0.004108548,0.12607455,0.20937355
7.0026526,-0.043739617,0.20783901,0.24410847
7.049528,-0.0738036,0.38820195,0.25218055
7.011589,-0.0069045424,0.11814833,0.21309398
7.0266676,-0.03940952,0.023866653,0.24481964
7.256738,-0.22631425,0.31906366,0.31734493
7.2249207,-0.16567063,-0.19335806,0.39318854
7.283454,-0.17266542,-0.0020002127,0.3014968
7.5013723,-0.17166543,-0.5478081,0.3298013
7.7154713,-0.15911514,-0.6849318,0.32126838
7.7701187,-0.17456067,-0.88798654,0.34639806
7.840364,-0.24211603,-0.7365358,0.3387822
7.844712,-0.19036013,-0.9471945,0.3062402
7.759119,-0.19122285,-0.98330975,0.30278707
7.8901134,-0.26718163,-0.9103452,0.3704455
7.83906,-0.19357383,-0.86311543,0.34145236
7.796582,-0.19726777,-0.86915034,0.31396303
7.698483,-0.19439113,-0.7304925,0.34054548
7.4936986,-0.15747106,-0.14667094,0.2951341
7.446588,-0.10421544,-0.4673524,0.26907992
7.4867663,-0.12761074,-0.57569945,0.2870658
7.5102835,-0.15694278,-0.44373846,0.30776396
7.368433,-0.20674413,-0.26518363,0.4229802
7.5162525,-0.18366486,-0.40675437,0.31311792
7.417749,-0.18829185,-0.25651872,0.3416609
7.421416,-0.08710909,-0.39621645,0.2492403
7.538204,-0.06967926,-0.41513354,0.23088998
7.5996594,-0.050480783,-0.5439396,0.22747849
7.5071297,-0.19696438,-0.29939407,0.30679172
7.5000944,-0.19169247,-0.3761583,0.34422815
7.9655566,-0.29175568,-0.94776285,0.36993754
7.951936,-0.33630323,-0.97206974,0.45512766
7.7284527,-0.23370856,-0.9197843,0.38979137
7.65162,-0.26118737,-0.43132067,0.37415636
7.5505843,-0.35966593,-0.30895346,0.41078392
7.4506516,-0.3573799,-0.16813838,0.4765448
7.629363,-0.28595942,-0.5189499,0.43790537
7.7477155,-0.3487684,-0.22773302,0.4619531
7.78825,-0.35017157,-0.79799396,0.4762482
7.693456,-0.26740754,-0.6362798,0.40245497
7.483032,-0.2566806,-0.23930639,0.37529832
7.537937,-0.29137355,-0.23621249,0.4371646
7.5697484,-0.27455038,-0.34280813,0.41583693
7.82975,-0.32523936,-0.9376505,0.4685446
7.7911134,-0.3066244,-0.93374985,0.45019114
7.8311844,-0.31333375,-0.8646507,0.42969814
7.817224,-0.26786035,-0.8450806,0.34444237
7.900055,-0.21207094,-0.9452697,0.32131287
7.7931185,-0.19523531,-0.94700676,0.35246313
7.588969,-0.1689735,-0.4225173,0.30125645
7.2484465,-0.102733016,0.01761353,0.25007182
7.09521,0.023643255,-0.06817287,0.20826712
7.1284385,-0.037809193,0.07311392,0.21008916
7.3399343,0.05554402,-0.37111735,0.20115004
7.3138485,-0.11136353,0.043476343,0.28294712
7.218988,-0.1497742,0.017179847,0.30090633
7.5041466,-0.2010029,-0.33645588,0.30187201
7.3305135,-0.15727562,0.0394516,0.27486706
7.360924,-0.11789948,-0.2660812,0.28902504
7.3038273,-0.119678736,-0.22660196,0.27209142
6.998607,-0.117596924,0.34043884,0.2671104
7.1988993,-0.038950264,-0.0131441355,0.24923149
7.089545,0.021959782,-0.033164978,0.21506348
7.021053,-0.036625385,0.21249878,0.22661121
7.0379395,-0.05736512,0.1536485,0.2628313
7.4253244,-0.087969065,-0.3641401,0.3057359
7.382161,-0.04620391,-0.18163604,0.20179959
7.6038294,0.0067920685,-0.7925022,0.21921943
7.6519194,-0.10447711,-0.64284456,0.26195374
7.6516223,0.0015298128,-0.9202198,0.20975418
7.649133,-0.07532853,-0.8184638,0.2653963
7.829434,-0.16700494,-0.83986783,0.29567263
7.6463614,-0.22001535,-0.601639,0.34153977
7.587302,-0.194323,-0.65524584,0.34010154
7.4182644,-0.24948883,0.09938574,0.35538965
7.409204,-0.23388988,-0.17946595,0.3355359
7.3690886,-0.31005406,0.0050053596,0.38117266
7.4634686,-0.21305847,-0.3605594,0.32728338
7.5886087,-0.20459753,-0.5938648,0.33085996
7.853475,-0.21287882,-0.7924509,0.2983042
7.8133044,-0.2282989,-0.91934097,0.36104655
7.63896,-0.21963513,-0.5521647,0.3668439
7.725904,-0.27947104,-0.6532576,0.40586656
7.6943817,-0.31582767,-0.5050413,0.47005612
7.7487154,-0.3031158,-0.9013914,0.44025064
7.7018175,-0.26358163,-0.7400292,0.39627278
7.718415,-0.2760538,-0.543946,0.36100775
7.725547,-0.18774557,-0.8321518,0.31946862
7.5417533,-0.23760062,-0.34978306,0.3558426
7.433385,-0.2294662,-0.25713873,0.36798477
7.5981007,-0.21116889,-0.466586,0.35698038
7.5970774,-0.30675954,-0.50573987,0.3814948
7.6307783,-0.114889145,-0.7089139,0.29517496
7.8187838,-0.22777075,-0.9143288,0.36273262
7.8374643,-0.36101854,-0.8966514,0.44547415
7.7312956,-0.31525153,-0.91970664,0.45076793
7.832283,-0.35556936,-0.69762677,0.44189054
7.7444043,-0.35828137,-0.6002377,0.52302736
7.821526,-0.3437379,-0.5506446,0.40790683
7.874725,-0.36533076,-0.78964704,0.4955613
7.581519,-0.24873388,-0.6392715,0.41493648
7.540258,-0.2598216,-0.1412425,0.36557037
7.4525666,-0.19032663,-0.30467355,0.28038105
7.726466,-0.10657388,-0.74537003,0.2843495
7.322113,-0.14092791,-0.26890904,0.31089813
7.3660455,-0.22408533,-0.08821893,0.33006743
7.401456,-0.083999455,-0.25645506,0.2758807
7.343471,-0.052816868,-0.3316008,0.22594507
7.1152296,-0.008733809,-0.09646416,0.2412231
7.3442173,-0.048763454,-0.25134444,0.2406703
7.431838,-0.09665823,-0.38351387,0.22563241
7.754636,-0.12178606,-0.8976419,0.26257986
7.869814,-0.12692243,-0.97411364,0.300547
7.7137613,-0.072959065,-0.8385545,0.25774628
7.790613,-0.16501218,-0.9566698,0.35941184
7.8062,-0.24476421,-0.91866654,0.39508122
7.6848054,-0.20322764,-0.7904253,0.37475672
7.587535,-0.23438841,-0.74656075,0.3619194
7.738999,-0.31147766,-0.6490278,0.43668845
7.7155075,-0.10144889,-0.6404793,0.24940747
7.540453,-0.13656664,-0.4727419,0.22662942
7.459819,-0.059291422,-0.3873462,0.22308853
7.353254,-0.13255578,-0.15828866,0.2513593
7.0779696,-0.1892013,0.17825234,0.39445406
7.3454447,-0.25479078,0.22881961,0.3778264
7.2300634,-0.20443231,0.11990619,0.37112218
7.3022103,-0.21677232,0.048760295,0.31347373
7.4069304,-0.13936645,-0.2465496,0.2764438
7.3519993,-0.102969944,-0.32162488,0.2942798
7.557459,-0.09838486,-0.56507635,0.26216498
7.4105973,-0.16370064,-0.30969763,0.29204977
7.319654,-0.19128114,-0.023857057,0.37942922
7.5352764,-0.14758623,-0.058089733,0.3019234
7.5862293,-0.18187714,-0.6366664,0.33668813
7.417609,-0.2749197,-0.1745441,0.37777045
7.324085,-0.24749714,-0.082643986,0.36101186
7.376175,-0.18613607,-0.13624895,0.32959962
7.287943,-0.1244992,-0.27337468,0.3195975
7.608885,-0.20694923,-0.60877365,0.30615923
7.5798903,-0.18055785,-0.5785619,0.3455096
7.711628,-0.12642312,-0.82094276,0.2918144
7.6561933,-0.17204267,-0.80575293,0.33018476
7.7075,-0.17611253,-0.84279144,0.3523897
7.7457952,-0.14414239,-0.9751471,0.32869747
7.3602543,-0.1400302,-0.29616684,0.2878816
7.328169,-0.14155501,-0.040932536,0.26637197
7.28345,-0.15464914,-0.2272104,0.31567165
7.4325686,-0.12967986,-0.22304398,0.2463055
7.4638605,-0.010383189,-0.5813174,0.21266136
7.3370814,-0.009167254,-0.2984835,0.24493155
7.3248463,-0.026357114,-0.21249396,0.20413059
7.141522,0.008060932,-0.075390935,0.2415413
7.1384306,-0.0041748285,0.044455647,0.21698032
7.2837877,-0.14628005,0.102645755,0.21952815
7.159808,-0.10218984,0.044674158,0.27769908
7.0569663,-0.05445701,0.13661957,0.2632743
7.1375065,-0.14637232,0.19062304,0.31028807
7.5276976,-0.13555133,-0.28584516,0.32256344
7.2496133,-0.08363527,-0.07519984,0.28775644
7.17045,-0.15379483,0.07517898,0.2815273
7.312381,-0.123853445,-0.043658853,0.2913811
7.210886,-0.15429193,-0.042544603,0.33256102
7.351611,-0.1767571,0.09740925,0.2575531
7.3859277,-0.08417463,-0.353787,0.2702909
7.2231903,-0.0746029,0.04687953,0.24897721
7.2355084,-0.10869008,0.1924758,0.28461674
7.417205,-0.16535777,-0.21558738,0.26573014
7.2219896,-0.071736455,-0.12986135,0.28449297
7.206192,-0.1640597,0.04439497,0.31106797
7.235072,-0.08545864,-0.015007913,0.26644227
7.204668,-0.08935714,-0.1331932,0.26573738
7.135734,-0.026947975,-0.027706861,0.25504524
7.312274,-0.030743122,-0.007999897,0.2189185
7.0590467,-0.055752754,0.10318518,0.25564831
7.013685,-0.011722982,0.19050133,0.21242337
7.032524,-0.057067215,0.16315722,0.2892823
7.1100945,-0.09453601,0.13384986,0.33808535
7.0185604,0.039751887,-0.021981657,0.20742287
7.230832,-0.030233622,-0.099923134,0.23240444
7.2959204,-0.099408686,-0.15698731,0.30447865
7.2437778,-0.11788756,-0.2735678,0.31760684
7.204084,-0.13067198,0.088677764,0.28107688
7.269623,-0.115263164,-0.18270504,0.32917386
7.2851095,-0.031643927,-0.27374732,0.20262568
7.1213965,0.04172802,-0.21064341,0.22796287
7.0676985,-0.044977486,0.098936796,0.23056684
7.3534546,-0.13365185,0.019645452,0.23885913
7.2897367,-0.0679813,-0.37677085,0.2784025
7.3265734,-0.11224133,-0.2538957,0.28267312
7.444778,-0.22983503,-0.24130487,0.31073284
7.7193346,-0.33945972,-0.5434767,0.4682222
7.782253,-0.33804172,-0.8481474,0.44708306
7.8625894,-0.2348383,-0.8712928,0.37719625
7.9076166,-0.30394834,-0.83955115,0.3880607
7.50677,-0.24308783,-0.2691694,0.34547412
7.548664,-0.27280295,-0.29096222,0.33308786
7.656976,-0.22694993,-0.71835494,0.41981247
7.7185974,-0.19106358,-0.8749099,0.31437147
7.552434,-0.07654363,-0.6708917,0.3030911
7.356452,-0.066587985,-0.36454934,0.28938752
7.2686234,-0.029213488,-0.1869266,0.20921029
7.21378,0.029048085,-0.13296324,0.23015587
6.9792395,-0.10959315,0.41049886,0.248002
6.947078,-0.019323647,0.4002216,0.21254742
7.089102,-0.05576271,-0.024659634,0.2354248
7.061951,-0.15585417,0.3820033,0.29632035
7.027115,-0.062146485,0.431736,0.25247005
6.7795305,-0.020380497,0.4676789,0.21282372
6.782614,-0.019079447,0.56417084,0.2504036
6.8581457,-0.04307705,0.6025909,0.22032575
6.853997,-0.04738754,0.5399225,0.21799918
6.8715563,-0.0072754025,0.25929284,0.20024064
6.8979034,-0.008704603,0.43928933,0.21212022
7.0841618,-0.009814143,0.14260697,0.24180585
7.0602236,-0.049921274,0.073308945,0.22246017
6.9688964,-0.06749809,0.1810782,0.24348918
6.823494,-0.08091813,0.5928352,0.21072999
6.7191963,0.04430175,0.3916155,0.20688695
6.891262,-0.035565197,0.39578342,0.22884178
7.033992,-0.061623693,0.18866873,0.22154461
7.096834,-0.11151785,0.20391381,0.3040132
7.3354473,-0.054089904,-0.21817303,0.27145922
7.239053,-0.11640674,-0.044172406,0.25943542
6.9814343,-0.04848075,0.18119669,0.28469473
7.171879,-0.011760473,0.10908723,0.21532997
7.382403,-0.04945737,-0.36850262,0.23329562
7.3741274,-0.042788565,-0.3579799,0.22227103
7.286974,-0.13830167,0.12424314,0.26124865
7.1509595,-0.07308817,0.19291091,0.21793216
7.0758157,0.008282661,0.002874136,0.22363238
7.158041,-0.038216233,0.04553473,0.2110619
7.0359125,-0.15278381,0.2516091,0.27892965
7.3248396,-0.16319066,-0.3141607,0.29876602
7.4327116,-0.09201521,-0.19644248,0.24494874
7.4765577,-0.11793321,-0.34624308,0.23567975
7.434415,-0.11240643,-0.41839683,0.24787419
7.3927956,-0.13805461,-0.13244683,0.25535315
7.407566,-0.078070045,-0.23276973,0.26492172
7.347993,-0.057594717,-0.29551876,0.23894823
7.344025,-0.11096221,-0.1368258,0.25996268
7.3760614,-0.11939776,-0.30980074,0.28896162
7.460762,-0.07562214,-0.53084296,0.2406257
7.572321,-0.123128,-0.5367112,0.2805882
7.5968456,-0.15985644,-0.44094282,0.30088443
7.621949,-0.16143948,-0.6727291,0.33035862
7.7798533,-0.30177122,-0.7361648,0.34091347
7.491659,-0.15422481,-0.20266557,0.2858214
7.6476545,-0.26750404,-0.54581785,0.37367192
7.6896663,-0.27882528,-0.7312454,0.4778291
7.7664423,-0.27691394,-0.9207125,0.44334453
7.768832,-0.3276598,-0.65656483,0.45291966
7.921554,-0.3308227,-0.8859301,0.43117875
7.5162287,-0.32027704,-0.42308486,0.36980867
7.4306326,-0.17537129,-0.42450726,0.32922882
7.6357484,-0.10943407,-0.63891083,0.24698219
7.2669353,-0.048473954,-0.2466796,0.26408926
7.1111355,-0.02336675,0.16537559,0.23130691
7.0789957,-0.083700955,0.32293093,0.25525063
7.071566,-0.070084155,0.11319852,0.29401955
7.2465715,-0.1726656,-0.038387418,0.31647676
7.396472,-0.2734682,0.07840264,0.3656808
7.4688063,-0.30342054,-0.29213917,0.4296334
7.586527,-0.34254813,-0.14501858,0.47649652
7.597348,-0.284648,-0.5973433,0.44366562
7.618854,-0.35317612,-0.5113067,0.4010691
7.7628984,-0.34168226,-0.5830166,0.44730353
7.887319,-0.34307837,-0.86033016,0.48450893
7.7374,-0.34276003,-0.64930016,0.47334749
7.8339596,-0.3940528,-0.91923994,0.53065884
7.864278,-0.28127956,-0.8931781,0.36675662
7.611075,-0.29190218,-0.7053609,0.42337555
7.8007603,-0.3363061,-0.8472756,0.4617604
7.956664,-0.39972872,-0.9553074,0.51609564
7.9325294,-0.3320923,-0.887416,0.41579562
7.8869557,-0.38259023,-0.89431906,0.54620093
7.8682547,-0.44798863,-0.9238685,0.6440708
7.8274493,-0.38512218,-0.97233653,0.5206168
7.9471207,-0.39532506,-0.89440954,0.4952311
7.859661,-0.37951916,-0.84163344,0.47931814
7.846162,-0.32194483,-0.7921891,0.40907186
7.650824,-0.2860902,-0.7009685,0.4157942
7.667885,-0.28815365,-0.63849324,0.40107095
7.6511927,-0.33470172,-0.6484195,0.4439897
7.6364613,-0.22060823,-0.6240535,0.3389488
7.5960917,-0.18620318,-0.60629654,0.3334447
7.488744,-0.1731813,-0.4716586,0.29664227
7.7432604,-0.17052263,-0.786757,0.33169627
7.724533,-0.2780481,-0.6170068,0.37435457
7.6957026,-0.34875894,-0.6020378,0.5153649
7.3740745,-0.27181655,-0.110996604,0.4028809
7.6603346,-0.1990962,-0.34540272,0.36225337
7.426315,-0.24477756,-0.28862435,0.34411603
7.5143423,-0.24989861,-0.36944234,0.3892408
7.696146,-0.23118973,-0.598384,0.33859447
7.763197,-0.26934028,-0.7439162,0.36553842
7.651681,-0.2469374,-0.65069044,0.38108838
7.63921,-0.33614326,-0.60292256,0.45634788
7.668378,-0.34221423,-0.6907432,0.4858647
7.7812634,-0.3408143,-0.8219779,0.4703614
7.8353252,-0.288159,-0.907267,0.40535676
7.863912,-0.33147418,-0.795773,0.40324333
7.8516846,-0.35451996,-0.84682286,0.4861092
7.883642,-0.256849,-0.9358539,0.33047727
7.832907,-0.2888326,-0.88234293,0.41799465
7.772873,-0.274772,-0.86843896,0.41088337
7.8680825,-0.2980441,-0.7633474,0.40398628
7.800521,-0.2708761,-0.6977103,0.41618037
7.870487,-0.29320383,-0.8463708,0.40240052
7.6179256,-0.3024875,-0.69598067,0.45533884
7.6375823,-0.34858286,-0.50646126,0.4700864
7.627586,-0.22146815,-0.4412943,0.31733528
7.5354004,-0.15754485,-0.38869035,0.3218792
7.533391,-0.21630299,-0.22500288,0.32338467
7.599941,-0.2819593,-0.45351827,0.37759608
7.50208,-0.24897105,-0.34125018,0.35906136
7.459136,-0.16657019,-0.5060009,0.33342102
7.4249907,-0.16949987,-0.30556774,0.31814465
7.425849,-0.22977763,-0.2710352,0.35937387
7.632657,-0.20024425,-0.50151014,0.3281856
7.6120434,-0.26703954,-0.46699667,0.34474492
7.714193,-0.30483192,-0.72151184,0.43566
7.5053797,-0.32273173,-0.17955178,0.43329298
7.3000226,-0.15770906,0.006985545,0.27245095
7.2229023,-0.16309595,0.0638988,0.35690242
7.2031794,-0.017058253,0.06939578,0.23927656
7.459053,-0.18500268,-0.5298443,0.2958052
7.6522617,-0.21201146,-0.6145879,0.31221917
7.829934,-0.42762858,-0.68577933,0.49987578
7.7668343,-0.38248062,-0.735883,0.47827274
7.718649,-0.3851627,-0.53852296,0.5882214
7.654112,-0.45785594,-0.13242447,0.5222992
7.9265184,-0.44778007,-0.9915741,0.5708109
7.7362757,-0.43417984,-0.59868485,0.5084049
7.908476,-0.41072774,-0.8604359,0.6045441
7.8763494,-0.4816842,-0.64497685,0.6097418
7.9403443,-0.49356025,-0.8840178,0.73589444
7.8763485,-0.41080028,-0.6019629,0.48993748
7.737986,-0.34284252,-0.9632415,0.44821554
7.826359,-0.40093178,-0.8429376,0.5882378
7.873088,-0.41469032,-0.8068696,0.517843
7.7315245,-0.37573403,-0.710177,0.4899196
7.8117113,-0.38792652,-0.91213906,0.6272308
7.607001,-0.23919153,-0.5697321,0.38713104
7.515276,-0.22375882,-0.58252174,0.37878978
7.768916,-0.24498475,-0.44165367,0.3220081
7.553811,-0.26636338,-0.27592653,0.39525408
7.399731,-0.16174334,-0.37420267,0.30628774
7.0902834,-0.02738899,0.05706823,0.23370713
7.355914,-0.05559653,-0.38687593,0.26938063
7.2634106,0.021863103,-0.31055123,0.21871534
7.5895777,-0.27570456,-0.29845792,0.32688248
7.462722,-0.1186257,-0.42717713,0.29771295
7.632809,-0.10284835,-0.44753492,0.30050588
7.4387655,-0.12295538,-0.27738088,0.2541853
7.2678633,-0.17806143,-0.10210818,0.31266913
7.562105,-0.115279675,-0.4790944,0.3213062
7.29873,-0.04207176,-0.061460197,0.23384391
7.3018227,-0.04654509,-0.3552276,0.256181
7.3481255,-0.14891678,0.08166039,0.3305837
7.4584565,-0.05098176,-0.35434097,0.24335584
7.549333,-0.11477667,-0.50512415,0.27942783
7.418405,-0.0801031,-0.5275204,0.2802738
7.37496,-0.15262187,-0.22210813,0.2959145
7.268639,-0.18733954,0.1582129,0.3181338
7.434816,-0.11262095,-0.23505533,0.29309708
7.6472535,-0.3378042,-0.3010025,0.42425507
7.583758,-0.27298725,-0.55740696,0.42335135
7.476016,-0.31363297,-0.41998243,0.48456854
7.6082845,-0.17122543,-0.4204721,0.28997612
7.5380983,-0.21206218,-0.5563384,0.3474095
7.5977345,-0.23597759,-0.48761857,0.3565809
7.7316227,-0.19661468,-0.71404487,0.31485713
7.5182858,-0.15869701,-0.31217486,0.32472867
7.5848136,-0.22667325,-0.53064954,0.32930362
7.503643,-0.3049922,-0.321195,0.46263075
7.6208897,-0.31672,-0.41285288,0.4372496
7.6499166,-0.26245368,-0.5066351,0.3919378
7.6097646,-0.1153301,-0.7130802,0.3159198
7.4270535,-0.2313804,-0.23797655,0.36212546
7.404032,-0.200679,-0.24158168,0.33803535
7.5075436,-0.22403723,-0.5365236,0.38692284
7.6337905,-0.26891506,-0.66223794,0.40034992
7.955313,-0.2804305,-0.9422176,0.34215587
7.8439527,-0.2506913,-0.84912527,0.40827984
7.758173,-0.4035328,-0.5746022,0.5221942
7.798463,-0.29058856,-0.9339742,0.42249992
7.8758326,-0.23572552,-0.8407098,0.32146016
7.5969324,-0.13013262,-0.7131811,0.33032832
7.601805,-0.08629948,-0.64979374,0.26917452
7.356824,-0.036852658,-0.38921684,0.23858845
7.3730354,-0.048087,-0.36404765,0.25346193
7.1764903,-0.059990585,-0.19609916,0.28544918
6.8404293,-0.008118808,0.21368885,0.2468281
6.8123646,-0.013275087,0.44037795,0.21460424
6.9226136,-0.0023944974,0.2778635,0.20095608
6.983226,-0.002228558,0.13686419,0.22274019
7.085655,-0.05602932,0.08752298,0.22917302
7.332049,-0.09649712,-0.21869504,0.2427819
7.1987257,-0.0020469427,0.025044918,0.20821461
7.3373218,0.016520023,-0.14225948,0.21776663
6.997576,-0.043061376,0.2628082,0.27628556
7.042654,-0.06850004,0.17340481,0.25129575
6.9840803,-0.08483648,0.31517446,0.27274022
6.7935677,-0.08416408,0.7591634,0.23017365
6.920884,-0.055939615,0.33367038,0.26298508
7.1592555,-0.06136936,-0.04283279,0.2779653
6.9194655,-0.05285406,0.47644603,0.25567532
6.824321,-0.023444474,0.3846898,0.22579049
6.752756,0.0026786327,0.4991262,0.2813344
6.7639384,-0.031079352,0.5376177,0.24607995
6.864984,-0.1086337,0.4610827,0.29240987
6.7158074,-0.035395205,0.5598787,0.23068078
7.004055,-0.047724664,0.2677251,0.2083839
7.2027016,-0.11724281,0.014603853,0.2944363
7.3491488,-0.16206795,-0.062033296,0.2636463
7.4666862,-0.14312863,-0.21256328,0.28716516
7.297196,-0.16012204,-0.11775243,0.3050658
7.427671,-0.107261,-0.3415668,0.3001745
7.548738,-0.05034703,-0.5772726,0.23576723
7.701227,-0.19583106,-0.63175404,0.31606922
7.7409496,-0.32266128,-0.7819706,0.4371593
7.7843566,-0.16835606,-0.83872443,0.30739436
7.723275,-0.103295326,-0.9984085,0.26061696
7.6272106,-0.1479801,-0.60006666,0.26511782
7.6949334,-0.14413065,-0.7600085,0.28936523
7.56866,-0.15783471,-0.4908815,0.31614998
7.482486,-0.16413039,-0.35873502,0.31652677
7.5978546,-0.13512856,-0.9226092,0.31846574
7.0165825,-0.062192142,0.25935256,0.2357324
7.1024055,-0.09822172,0.3665768,0.24094822
7.152787,-0.07865083,0.12812841,0.22111036
7.4474387,0.006181121,-0.5972847,0.2200931
7.4171605,-0.01037997,-0.43408048,0.22296104
7.335108,-0.0029062033,-0.2875092,0.20784198
7.1320405,-0.013413012,0.07257652,0.23680304
6.9771748,-0.015386343,0.26025534,0.20219265
7.00856,-0.046402514,0.28760624,0.20965403
6.9096394,0.06440687,0.24741387,0.20420127
6.8579836,0.017890453,0.2176584,0.20787439
7.060236,0.002671957,-0.03568095,0.21228231
6.954106,-0.069487154,0.45221937,0.23886047
7.313,-0.20318425,0.046903968,0.3435501
7.1098995,-0.17584753,0.48945773,0.31750932
7.0777817,-0.16786206,0.32295072,0.32629973
7.1068587,-0.17826265,0.27546453,0.30613068
7.142831,-0.10782993,-0.08820844,0.23500055
7.1474376,-0.07776046,0.09551263,0.2067358
6.8210316,0.079969764,0.038647532,0.23667201
6.7049723,0.05771172,0.3930397,0.20033525
6.805116,-0.07014084,0.49641156,0.2422114
6.8413954,-0.062787235,0.4552083,0.24583018
6.858246,-0.025800347,0.297271,0.22373576
6.951825,-0.011721313,0.12312353,0.25922
6.970675,-0.14116943,0.31657076,0.2903087
6.871726,-0.08207095,0.7036129,0.20409043
6.958102,-0.038743973,0.34863925,0.2248902
7.1827893,-0.03430611,-0.056621194,0.20401098
7.177344,-0.05559933,0.017357469,0.20571165
6.995992,-0.044872165,0.19846237,0.23315004
7.1372843,-0.119454086,-0.06595278,0.2642747
7.5009513,-0.17161441,-0.35682625,0.312178
7.3480515,-0.1522947,-0.21548265,0.29900688
7.3020897,-0.11781174,0.101899266,0.27249223
7.1307545,-0.10901302,0.2490331,0.23127952
7.0928235,-0.048020363,0.069505215,0.23814592
7.1365995,-0.1434493,0.22658038,0.28281468
7.0239577,-0.0971365,0.09076059,0.28094184
7.220565,-0.11620337,-0.2894981,0.30115968
7.4250164,-0.18131053,-0.19933236,0.29153728
7.619379,-0.16261923,-0.5775795,0.30676883
7.288762,-0.14614224,-0.07557464,0.30793303
7.216728,-0.14455682,-0.11066663,0.31390467
7.396921,-0.1868484,-0.24291772,0.36878932
7.5227118,-0.2297836,-0.43522054,0.3415023
7.4763536,-0.2206595,-0.24975514,0.3471493
7.677124,-0.31569797,-0.4933573,0.45572835
7.4755483,-0.15360183,-0.36849433,0.3556055
7.4394693,-0.14468312,-0.30516684,0.32591105
7.5333486,-0.24036258,-0.32263052,0.39916116
7.684647,-0.30673552,-0.52875143,0.37166846
7.4729614,-0.32623363,-0.39705676,0.47328943
7.4480047,-0.40381324,0.032821655,0.5273079
7.9557285,-0.40089905,-0.9730374,0.5034312
7.899387,-0.4363109,-0.9389354,0.5272155
7.5672207,-0.2904485,-0.37451363,0.4434148
7.4539423,-0.2784968,-0.26110053,0.39479786
7.237607,-0.13096267,-0.13713145,0.28551543
7.2339296,-0.15047336,0.17157733,0.28928143
6.932965,-0.116734445,0.30219173,0.28840512
7.1602077,-0.118504345,-0.027436018,0.31399325
7.265241,0.00182724,-0.2925855,0.20671377
7.462105,0.014929175,-0.7273732,0.21927777
7.5718307,-0.103553295,-0.69432837,0.27879557
7.566162,-0.119859576,-0.35562074,0.25804612
7.5793815,-0.06693727,-0.79604995,0.26692784
7.6820073,-0.08660418,-0.6864501,0.26844326
7.2534447,-0.1386916,-0.12839317,0.2887439
7.4129333,-0.12182969,-0.09173536,0.27187675
7.7600636,-0.19709241,-0.79051816,0.37140366
7.798498,-0.25265765,-0.8471881,0.37112474
7.644916,-0.29323053,-0.5246808,0.46156442
7.5861645,-0.17221916,-0.6575548,0.31146038
7.5300817,-0.16998613,-0.4907341,0.31379923
7.699212,-0.20400953,-0.6087713,0.29672176
7.4834814,-0.14765233,-0.4185887,0.28758895
7.7482595,-0.22806746,-0.71868527,0.31355178
7.6315446,-0.17135376,-0.79094857,0.33966273
7.5657983,-0.12825066,-0.8628839,0.349424
7.518579,-0.068728924,-0.60835266,0.28977808
7.206411,-0.09954274,-0.029923439,0.2929618
7.341599,-0.15035915,-0.18238604,0.30789107
7.166245,-0.15105957,0.11362445,0.30319092
7.346133,-0.10860145,-0.054665446,0.3150528
7.192481,-0.16292655,0.112097025,0.29137325
7.3151283,-0.20670033,-0.15895134,0.35802317
7.5026603,-0.2442851,-0.19675756,0.32073754
7.522832,-0.19507325,-0.39583802,0.3060762
7.534483,-0.2236436,-0.42248613,0.3544298
7.5868134,-0.2051996,-0.56348747,0.3107961
7.3224936,-0.16909534,-0.29532588,0.35337883
7.564761,-0.17498678,-0.44529366,0.27389458
7.576418,-0.11914754,-0.58076704,0.27513647
7.5530686,-0.15723687,-0.5212238,0.3646734
7.5903215,-0.1728614,-0.5904795,0.2889694
7.6662445,-0.2613055,-0.5952506,0.37170538
7.597963,-0.2848994,-0.3453225,0.41114813
7.5144815,-0.2832132,-0.4611072,0.39299726
7.7114153,-0.37832457,-0.27597332,0.38903427
7.7111783,-0.21391994,-0.7007978,0.33305174
7.4173474,-0.16907012,-0.3560437,0.3007673
7.5349603,-0.20372969,-0.41552174,0.35044366
7.4706535,-0.21998537,-0.26788467,0.33155817
7.606382,-0.1820181,-0.44667882,0.34286404
7.527185,-0.20605916,-0.5384824,0.33192146
7.5078845,-0.15648216,-0.51922166,0.33709705
7.238229,-0.2781356,0.2279259,0.38012516
7.1610518,-0.15875655,0.16137993,0.32126918
7.1978555,-0.13826603,0.03997779,0.26029956
7.387786,-0.16666234,-0.097103,0.3030561
7.36786,-0.0010934472,-0.38046318,0.25586957
7.415163,-0.16515172,-0.06208998,0.318932
7.575715,-0.071682096,-0.8170974,0.24858665
7.8396835,-0.0105240345,-0.9709602,0.20739909
7.3943186,-0.10578704,-0.2691145,0.28841054
7.2681403,-0.08858901,-0.10144305,0.27190003
7.2907705,-0.10699624,-0.16146433,0.29457182
7.292584,0.022266507,-0.06399214,0.20824768
7.268951,0.06294441,-0.5334954,0.22850907
7.4275346,-0.082262695,-0.35379457,0.20942472
7.2421913,-0.1890446,-0.15266603,0.34542716
7.4567537,-0.12290418,-0.5852841,0.29645556
7.5300775,-0.1328355,-0.4747796,0.30363554
7.532422,-0.2568872,-0.26173472,0.3900038
7.716139,-0.35997802,-0.5472883,0.49109453
7.9220247,-0.3216095,-0.9043988,0.41970885
7.755621,-0.3234164,-0.829108,0.41651994
7.750573,-0.346187,-0.6689849,0.44764915
7.7212095,-0.35853338,-0.6653223,0.46725613
7.508251,-0.35846144,-0.34091854,0.5025132
7.525614,-0.29079008,-0.21058136,0.4259138
7.527624,-0.3554371,-0.088063955,0.45897144
7.555458,-0.24773222,-0.30315304,0.3790455
7.676819,-0.3005917,-0.57784986,0.456299
7.645075,-0.2916302,-0.36925524,0.41196984
7.776697,-0.395016,-0.62269807,0.46697533
7.741682,-0.35262412,-0.7202586,0.44529527
7.7768993,-0.31575447,-0.6755444,0.49716812
7.7968574,-0.3207556,-0.79739916,0.4285318
7.519085,-0.29530406,-0.25219935,0.36410654
7.5135155,-0.2746384,-0.21133274,0.4096651
7.443325,-0.22232533,-0.11331946,0.36848217
7.3324885,-0.19516337,-0.16199112,0.35462147
7.5658445,-0.32469553,-0.3428468,0.49186462
7.728376,-0.43421233,-0.6203886,0.5950519
7.979298,-0.41907328,-0.62812555,0.46816295
7.7206216,-0.28499794,-0.73297685,0.43494895
7.6523867,-0.3894437,-0.20553273,0.45315874
7.9422665,-0.35856545,-0.9996094,0.48168617
7.782779,-0.17578441,-0.9412868,0.3159177
7.7696037,-0.25623488,-0.9540605,0.34107453
7.512589,-0.08892763,-0.2556281,0.27346835
7.6312375,-0.0190382,-0.6888796,0.24066198
7.5611877,-0.11005348,-0.7178519,0.3146741
7.5964293,-0.21123737,-0.31154,0.32505906
7.6318913,-0.16333234,-0.6020458,0.31809947
7.5540705,-0.26040548,-0.13774812,0.3700308
7.6653285,-0.26450503,-0.6018213,0.36079955
7.6765966,-0.21244293,-0.631358,0.3306538
7.707654,-0.21634656,-0.858605,0.37967393
7.8159494,-0.3268882,-0.81582373,0.36101782
7.6720324,-0.27895415,-0.6879404,0.40104175
7.6899,-0.25443286,-0.8335958,0.38662064
7.6363325,-0.13217843,-0.55667543,0.26782763
7.497076,-0.17167968,-0.5622035,0.2940856
7.4779167,-0.29506308,-0.2656486,0.37431964
7.513508,-0.1635701,-0.5611671,0.27687514
7.5140114,-0.20839477,-0.40282553,0.31178546
7.713777,-0.25031042,-0.58797884,0.38453457
7.717044,-0.2124418,-0.90349585,0.39888895
7.7334166,-0.29231793,-0.66867894,0.41585928
7.754433,-0.212627,-0.9399047,0.353301
7.852021,-0.23983282,-0.815711,0.330099
7.774654,-0.31245077,-0.61784184,0.40822917
7.8158226,-0.3163464,-0.92207026,0.4743662
