7.7129297,-0.5511835,1.2130656,0.74303305
7.7493715,-0.55835927,1.125076,0.64839053
7.7563696,-0.5997229,1.1997187,0.6744028
7.772682,-0.67933154,1.4832954,0.91738915
7.867684,-0.6413214,1.4165764,0.8165914
7.886429,-0.60614,0.8593762,0.72523123
7.738065,-0.54976714,0.71897817,0.69312865
7.9910355,-0.53774095,0.64719224,0.60285205
7.994003,-0.5593941,0.6206776,0.6348836
7.6282873,-0.5048934,1.2704017,0.6538941
7.6227255,-0.42180616,1.2308526,0.3964398
7.702516,-0.49814624,1.0014653,0.6209275
7.87739,-0.5438424,0.78956306,0.6432716
7.84962,-0.51039946,0.6356635,0.66476196
7.7803855,-0.4993903,0.77195,0.56848294
7.888344,-0.5269711,0.64336133,0.6589986
7.7475634,-0.51618946,1.0057893,0.66292495
7.7544723,-0.47546732,0.9105673,0.5547537
7.823517,-0.48215002,0.86430717,0.58807504
7.5244727,-0.38052863,0.83489585,0.45064747
7.5401206,-0.40257937,1.220212,0.44521978
7.33299,-0.28723127,1.154428,0.30657887
7.2494116,-0.3022129,1.1023221,0.39386535
7.1601334,-0.2330352,1.1609023,0.2873729
7.323571,-0.3335392,1.2726328,0.37205607
7.374383,-0.30800295,0.9971862,0.4487119
7.621345,-0.4334423,0.9958079,0.57295316
7.6977844,-0.4215027,0.72467005,0.49820852
7.7453547,-0.47628057,0.8076383,0.6305823
7.7644906,-0.53069127,1.1431639,0.60806745
7.756319,-0.5218332,1.3163748,0.5966903
7.4907527,-0.58347464,1.6739497,0.6164581
7.896492,-0.6891284,1.5118871,0.8602407
7.7476187,-0.6291782,1.4811196,0.82155395
7.7058845,-0.5678783,1.502922,0.62135357
7.8420124,-0.5757227,0.87049484,0.66711813
7.879448,-0.6353642,0.9420755,0.7614862
7.882202,-0.6679518,0.9054029,0.856254
7.9091797,-0.6743595,1.2330356,0.9900596
7.9946814,-0.6189453,0.9189441,0.8379339
7.7856717,-0.54689515,1.1487317,0.64302593
7.763361,-0.5676795,1.296525,0.6094566
7.747076,-0.6523906,1.3722281,0.8432534
7.812209,-0.6307556,1.2251682,0.85121983
7.868682,-0.642411,0.9309255,0.8227674
7.878417,-0.55078685,0.7795479,0.71578014
7.828228,-0.596144,1.3069696,0.7568928
7.9170637,-0.63366246,1.0363107,0.92158586
7.930648,-0.61929643,0.9633502,0.725141
7.688406,-0.56317395,1.0328283,0.7572594
7.9222827,-0.59173304,0.8265238,0.80862623
7.9068565,-0.57881904,0.9559195,0.7112817
7.8780923,-0.59154385,0.970062,0.6859619
7.918142,-0.6078226,1.016273,0.71155185
7.950843,-0.55123734,0.57097745,0.6724116
7.8224306,-0.5490641,0.87302685,0.7451245
7.759514,-0.57316154,1.2094407,0.8426291
7.7723446,-0.5845293,1.2361765,0.72240293
7.63245,-0.5478198,1.1389158,0.70403206
7.590912,-0.58515644,1.3419225,0.7630264
7.802436,-0.52918875,0.95096684,0.5546528
7.911921,-0.48412514,0.45938754,0.5936778
7.958618,-0.5236641,0.40313375,0.73058635
7.855579,-0.4833724,0.6433804,0.6366369
7.874343,-0.48796153,0.4801042,0.58033603
7.977795,-0.5306613,0.56961834,0.7257345
7.987857,-0.5221017,0.4833603,0.6158688
7.882652,-0.5383551,0.75040007,0.7888943
7.9683137,-0.5219033,0.5190799,0.53741515
7.963828,-0.45344907,0.44912863,0.53079754
7.998334,-0.52188253,0.52342725,0.5863418
7.9517393,-0.5435327,0.56344223,0.6781156
7.890218,-0.55954695,0.8367355,0.7357544
7.606796,-0.51937175,1.3758059,0.74076414
7.8763323,-0.5333642,0.6158271,0.6115778
7.9153767,-0.57052034,0.84132767,0.74490416
7.966259,-0.5601774,0.73453665,0.7326989
7.702076,-0.5038625,1.093956,0.599032
7.754385,-0.6223558,1.4224708,0.8126977
7.7791786,-0.59180903,1.4011233,0.6868033
7.736007,-0.5125872,0.9635432,0.6493397
7.8490434,-0.5271828,0.8582401,0.6308941
7.422699,-0.42856348,1.5146198,0.502191
7.5407887,-0.43767434,1.1443892,0.5575624
7.662088,-0.36213338,0.6980846,0.45252603
7.6991005,-0.39903808,0.64970624,0.49435824
7.7739496,-0.4090417,0.6059997,0.5252397
7.6286044,-0.34859145,0.7016939,0.44058847
7.837962,-0.38676703,0.699792,0.42199746
7.5048256,-0.31068188,0.5076022,0.45458817
7.8242936,-0.30039394,0.13668203,0.40372396
7.707734,-0.1954611,0.31440854,0.32584947
7.745805,-0.18795282,-0.021154523,0.33779988
7.0911155,-0.26269567,1.2429881,0.3883878
7.104721,-0.20146161,1.1764069,0.33337677
7.3677716,-0.19547427,0.9871433,0.29926753
7.485194,-0.17687178,0.5384221,0.3320705
7.524955,-0.13965422,0.50960374,0.25386965
7.544424,-0.1388911,0.3931017,0.3039568
7.405775,-0.12970084,0.56491804,0.25541383
7.4302063,-0.29643136,0.65007174,0.38334608
7.5953264,-0.19456178,0.49259877,0.32630265
7.5095124,-0.21677125,0.6618848,0.37317622
7.337804,-0.21015108,0.88102293,0.33944827
7.1910896,-0.19531494,1.0869348,0.32556862
7.323828,-0.27849317,0.78924346,0.40082788
7.7167163,-0.27131522,0.38847184,0.39648646
7.6830997,-0.31067544,0.637244,0.45659864
7.534271,-0.3415531,1.011642,0.4030965
7.530303,-0.3307016,0.81275654,0.45610708
7.5504494,-0.40764463,0.9516978,0.5316254
7.4537344,-0.49318635,1.3652103,0.5942363
7.7458572,-0.62429726,1.3703289,0.828751
7.581664,-0.5717999,1.4980595,0.7305888
7.676322,-0.6028338,1.4239678,0.8713429
7.6476064,-0.60909,1.5918796,0.75853765
7.7290883,-0.6217394,1.4697318,0.8001891
7.7697735,-0.604818,1.3056564,0.8802019
7.9950123,-0.5942551,0.6830373,0.75765145
7.9893503,-0.64124876,0.92543316,0.8252019
7.991029,-0.6569029,1.183779,0.8441117
7.913561,-0.62001795,1.128881,0.8536679
7.7714286,-0.6245525,1.3595448,0.7929074
7.9972544,-0.7016987,1.3058131,0.8433137
7.892809,-0.63564706,1.2383468,0.69037205
7.8710985,-0.5935781,0.9996033,0.70999414
7.9321413,-0.5439233,0.36517727,0.7298943
7.9408484,-0.54434264,0.7071147,0.7109002
7.8434315,-0.47162867,0.5974643,0.56935275
7.681279,-0.5082461,0.95277095,0.6140144
7.7908325,-0.5733949,1.1069641,0.6911179
7.926422,-0.56827444,0.8559964,0.8179444
7.907415,-0.553879,0.76277876,0.762989
7.8841567,-0.6233893,1.011878,0.78808445
7.813564,-0.58944577,1.1358004,0.6796213
7.844121,-0.5800334,0.97290254,0.77304405
7.6760798,-0.4882722,1.030757,0.5813449
7.836136,-0.47188514,0.73729897,0.6003177
7.7710876,-0.5029509,0.99928534,0.6709067
7.993874,-0.5482664,0.5101893,0.6569678
7.959527,-0.513122,0.5379112,0.6130497
7.8639755,-0.49976927,0.41320884,0.5596848
7.886159,-0.5263871,0.682122,0.5575766
7.885412,-0.50152105,0.6781583,0.59194165
7.995428,-0.4848665,0.5407592,0.5785026
7.956892,-0.42552692,0.2520299,0.62331545
7.7257743,-0.44019675,0.72484946,0.56543165
7.8293176,-0.43682587,0.62748575,0.56136215
7.6707525,-0.40843397,0.86341405,0.48478967
7.748212,-0.3640402,0.6453121,0.4647655
7.7545357,-0.3767457,0.64628005,0.49083316
7.7062845,-0.36889374,0.6770097,0.45918983
7.521023,-0.44296378,1.0497105,0.51403964
7.748211,-0.38394254,0.8116691,0.52496225
7.875601,-0.45451564,0.5546632,0.52145284
7.6206117,-0.41468692,0.6344764,0.6417059
7.8010592,-0.48269075,0.6515902,0.5772959
7.9910116,-0.49620008,0.036140203,0.7149811
7.8376627,-0.436476,0.56130064,0.52318054
7.86189,-0.47686905,0.8496461,0.53425914
7.9062176,-0.45964438,0.3901472,0.57650745
7.974789,-0.5399296,0.51084137,0.6365891
7.914166,-0.49526352,0.27563584,0.6860155
7.885394,-0.44873035,0.718457,0.5479534
7.9012203,-0.38799608,0.30229032,0.43586236
7.667029,-0.39528835,0.6544254,0.50877494
7.7675,-0.4069875,0.5738249,0.49492306
7.839293,-0.3227442,0.24435353,0.41765517
7.857088,-0.27942592,0.18726397,0.39159495
7.669053,-0.35260773,0.7799494,0.3589632
7.867941,-0.38719064,0.22739506,0.423374
7.978633,-0.47932965,0.44706059,0.5363277
7.90658,-0.5001464,0.30759597,0.69711673
7.918329,-0.51644665,0.7894983,0.6355219
7.6711636,-0.5516752,1.188489,0.65090185
7.6438026,-0.47276598,0.7781081,0.67075396
7.9190097,-0.51098305,0.6501727,0.71685404
7.754444,-0.5320769,1.140223,0.76725125
7.684787,-0.40217364,0.8470981,0.5026672
7.8338237,-0.4504105,0.81448793,0.466107
7.8291426,-0.54112715,1.0003896,0.6811537
7.8585343,-0.5510086,0.8654554,0.7266668
7.8732023,-0.5249368,0.62948596,0.63037425
7.8582153,-0.45449877,0.48868155,0.5784499
7.899113,-0.50270194,0.3700192,0.70158154
7.894233,-0.51814604,0.8937228,0.676608
7.862978,-0.48192763,0.84071636,0.57612056
7.9838343,-0.52838254,0.2951404,0.69769394
7.9525585,-0.4091125,0.15909863,0.51860964
7.9655056,-0.51337,0.43236637,0.6050354
7.9563947,-0.4893626,0.60843813,0.65980947
7.965304,-0.5592184,0.5880455,0.6303063
7.969945,-0.47219896,0.3026687,0.6118303
7.766021,-0.40881723,0.6090232,0.52900946
7.671854,-0.39006191,0.5213697,0.5189876
7.548688,-0.40126443,1.0494807,0.47520012
7.331583,-0.39488298,1.3044314,0.50509614
7.4567833,-0.3794698,1.2220788,0.5332298
7.2201715,-0.41938996,1.6274652,0.45411706
7.2823067,-0.36720532,1.4133797,0.49192804
7.555835,-0.38765115,0.8508289,0.5247963
7.535526,-0.34673297,0.9762163,0.4445484
7.4796476,-0.28692484,0.7491088,0.397367
7.404505,-0.3769061,1.1546555,0.46822995
7.135985,-0.35304677,1.5773017,0.43098047
7.336887,-0.32003242,1.264694,0.3626271
7.252249,-0.23984891,0.9313288,0.35363042
7.295948,-0.21507275,1.009207,0.33053404
7.214039,-0.28643644,1.2462394,0.40182844
7.128663,-0.27554804,1.3973794,0.3681485
7.2622876,-0.28763878,1.208756,0.3988617
7.334009,-0.25814992,0.9347279,0.3408274
7.071301,-0.19637293,1.3286428,0.27472138
7.155989,-0.16720408,1.1500945,0.25800306
6.8205953,-0.058882177,1.215837,0.2237058
6.7371035,-0.14213884,1.6377735,0.25844806
6.6931324,-0.18546343,1.6378951,0.3341456
6.684535,-0.13814104,1.6630096,0.24787323
6.5358024,-0.1553114,1.8772902,0.25864363
6.409581,-0.088389754,1.8408892,0.2154188
6.33469,-0.057664394,1.843003,0.22333638
6.5177784,-0.063436985,1.7336655,0.28685203
6.6250663,-0.1320076,1.6490223,0.24084522
6.546154,-0.16987133,1.8070488,0.2547077
6.674502,-0.15293199,1.6258428,0.25277585
6.616749,-0.10805559,1.6931665,0.20959172
6.747526,-0.13832241,1.5654497,0.27662832
6.961518,-0.13444847,1.4181161,0.22283013
6.7522736,-0.14641488,1.5018125,0.25637028
6.7997246,-0.16011274,1.5931354,0.30381465
6.5817494,-0.14928955,1.6630316,0.24662669
6.710832,-0.1489693,1.571275,0.299245
6.9496436,-0.15185946,1.4434321,0.2991255
6.918117,-0.094628155,1.130307,0.25145695
7.190494,-0.20671225,1.0019019,0.3404469
7.005332,-0.07795429,1.0505784,0.23221612
6.976767,-0.08206785,1.1229961,0.24281208
7.035136,-0.17952591,1.2919779,0.28397906
7.1759577,-0.25393522,1.0190129,0.38160098
7.2429295,-0.2635324,1.306675,0.33938134
7.3747087,-0.30699688,1.065064,0.38698107
7.177474,-0.18393093,1.0743778,0.30235976
7.2768197,-0.20658666,0.97486436,0.257238
7.1829166,-0.27041656,1.3188746,0.33547688
7.294896,-0.20082009,0.99038076,0.29933295
7.425379,-0.16328996,0.7459675,0.27047598
7.5288277,-0.15734625,0.55622447,0.2913889
7.751924,-0.303645,0.23006046,0.3942421
7.888932,-0.21405149,-0.08919966,0.3337918
7.801423,-0.20476961,0.13814104,0.3313529
7.0841413,-0.21790159,1.2030361,0.33214688
7.343247,-0.19137746,0.9042375,0.33832425
7.368862,-0.2157287,0.9924028,0.27856964
7.4815454,-0.28045952,0.96977544,0.35278165
7.488881,-0.2713502,0.93468523,0.36871594
7.18635,-0.14877582,0.89896715,0.25481522
7.283964,-0.14410949,0.7891977,0.2690837
7.0356584,-0.19053954,1.2052655,0.29183254
7.230318,-0.17723298,1.0170925,0.3195449
7.169812,-0.119823515,0.8969176,0.26997626
7.2539496,-0.18459219,0.82313716,0.31521395
7.3137445,-0.2434302,1.054563,0.33727497
7.3680606,-0.26948,0.9192412,0.40174556
7.4025936,-0.2761538,1.1204407,0.3597354
7.5357995,-0.2751975,0.7687806,0.382297
7.665844,-0.2804278,0.6206322,0.30744863
7.648508,-0.37243414,0.7189679,0.3886566
7.6050806,-0.3599388,0.7143092,0.53798157
7.4804773,-0.4045406,1.1347156,0.5120019
7.447035,-0.44019377,1.1674218,0.48011124
7.5288615,-0.47942293,1.2554166,0.60918677
7.863472,-0.38015842,0.22824979,0.5227598
7.8027616,-0.31468385,0.21269107,0.456491
7.814973,-0.4099183,0.6082436,0.42943934
7.480669,-0.32732773,0.8973777,0.4417622
7.472874,-0.30178457,0.88007224,0.36048388
7.748396,-0.37315667,0.61519444,0.38982373
7.6537733,-0.46343982,0.94026923,0.61391526
7.784114,-0.4387644,0.6611662,0.507368
7.679667,-0.4171093,0.78407705,0.53256536
7.833359,-0.4434951,0.6328995,0.5467172
7.723051,-0.51645994,0.8621744,0.6338019
7.912171,-0.584159,0.8441013,0.684104
7.991931,-0.5224211,0.30343008,0.69436866
7.897274,-0.5619265,0.8336363,0.7412125
7.852815,-0.61907303,1.3009429,0.8394371
7.7642713,-0.6165189,1.2990139,0.8600447
7.9922075,-0.5801598,0.72331536,0.68972844
7.7359753,-0.44238275,0.5718821,0.5964082
7.991049,-0.45548213,0.38355923,0.54150546
7.834299,-0.41339868,0.44303954,0.6067597
7.942159,-0.4929285,0.40337932,0.6311664
7.9789996,-0.5045843,0.6438055,0.5906521
7.9513073,-0.4529664,0.30417037,0.5689672
7.8856983,-0.48426694,0.6438656,0.57592595
7.9452977,-0.4776014,0.4704852,0.47670358
7.8764014,-0.55374336,0.49620593,0.7480024
7.923385,-0.5081277,0.66475236,0.7343962
7.881536,-0.48080307,0.5308068,0.6519525
7.912896,-0.4137407,0.32832384,0.46804547
7.7145014,-0.42198288,0.84836996,0.52193594
7.8834615,-0.46935606,0.6734183,0.5270477
7.963581,-0.3357082,-0.213027,0.45324945
7.9963546,-0.40381247,-0.0019483566,0.49963558
7.715715,-0.38938636,0.71504617,0.46652
7.7636647,-0.3858338,0.6297699,0.47777075
7.7668037,-0.39271683,0.53149414,0.49475986
7.76027,-0.48852557,0.8101132,0.58625805
7.831375,-0.5279161,0.81521416,0.6168792
7.7541475,-0.6122504,1.3520982,0.69713545
7.8959813,-0.62285864,1.1462626,0.7899725
7.8113065,-0.6320349,1.0618839,0.8653359
7.93264,-0.6088941,0.8140583,0.9095954
7.9256096,-0.53092897,0.68729544,0.6315894
7.973175,-0.57903075,0.879045,0.76891506
7.8737907,-0.6082294,1.1896946,0.7324726
7.892667,-0.59753615,0.9633508,0.66370213
7.9759827,-0.54579496,0.6460012,0.65974456
7.8586493,-0.61810863,1.1168718,0.7533292
7.9001393,-0.56277096,0.96721756,0.7836672
7.8974333,-0.6857666,1.3455019,0.9516319
7.9499087,-0.5382478,0.64791346,0.58711815
7.9557033,-0.40744227,0.01986003,0.57914203
7.977616,-0.4175275,0.49826956,0.43286186
7.9727545,-0.4309401,0.1897322,0.5363844
7.9327784,-0.3995028,0.10813391,0.48667955
7.7775974,-0.33568406,0.4460659,0.46846473
7.804935,-0.3868652,0.40419102,0.4691704
7.687955,-0.36963964,0.48480606,0.5188207
7.8756437,-0.34724522,-0.07607716,0.5664465
7.9948535,-0.46581125,0.09378159,0.72709256
7.974018,-0.43547535,0.5604832,0.4907434
7.9735675,-0.3917225,0.18204772,0.43196273
7.9652233,-0.48873758,0.46743333,0.5953341
7.6569195,-0.39913404,0.8720306,0.47593218
7.643961,-0.3371262,0.5599781,0.5193665
7.479934,-0.3518107,0.8707721,0.45380515
7.311821,-0.30436188,1.190408,0.39037347
7.2922974,-0.24083352,0.99544525,0.35699242
7.273658,-0.21065366,1.0719182,0.29331607
7.17652,-0.24221599,1.1356468,0.37247658
7.319453,-0.25338167,1.0229292,0.34378642
7.4074054,-0.26550883,0.993536,0.36110222
7.260463,-0.22922808,0.95859814,0.36043796
7.4653454,-0.25592697,0.9716394,0.3588461
7.653203,-0.2845195,0.54958224,0.42350677
7.5877247,-0.2301696,0.45344532,0.30551952
7.3952856,-0.23304075,0.92873037,0.3045375
7.4574575,-0.12658006,0.5402564,0.24506629
7.360371,-0.11499828,0.78665924,0.22671068
7.4725494,-0.14268398,0.56423545,0.24146943
7.4506245,-0.2432689,0.7076398,0.30972052
7.260018,-0.25376785,1.0082507,0.35566068
7.43196,-0.3266508,1.1304703,0.45432937
7.2359467,-0.28102118,1.0871475,0.37488487
7.497879,-0.31626648,0.9676461,0.38698542
7.5138674,-0.34135437,0.9993415,0.4343012
7.367447,-0.3811316,1.2528193,0.5265424
7.4659934,-0.39625633,1.1734319,0.47302973
7.452215,-0.39742333,1.1131454,0.5860991
7.624225,-0.48490745,1.2260807,0.53527135
7.7694335,-0.49054575,0.95270205,0.56278723
7.602394,-0.34567213,0.8338921,0.40130854
7.141932,-0.23739564,1.1928062,0.36067033
7.1849155,-0.3241167,1.4685373,0.3622005
7.2549634,-0.38300014,1.4677618,0.42758203
7.3503437,-0.3655935,1.3891041,0.40306872
7.420917,-0.51595664,1.7444906,0.6577022
7.359913,-0.44149745,1.6009765,0.50891954
7.3890824,-0.46785247,1.4697533,0.58692974
7.313073,-0.3157096,1.0022731,0.46909392
7.265394,-0.25951868,1.159826,0.4317248
7.576908,-0.25806177,0.8757274,0.39007142
7.192627,-0.2140593,1.2015092,0.33959967
7.400355,-0.28243577,1.0887876,0.3968299
7.203977,-0.24217272,1.1498196,0.34131488
7.2800817,-0.2202707,1.0911767,0.27385235
7.073954,-0.22691429,1.3357677,0.2949736
7.0782995,-0.1703934,1.284862,0.23554324
7.096099,-0.1636278,1.3074992,0.26582158
7.1288977,-0.17523813,1.1095066,0.3219086
7.132453,-0.2153039,1.266082,0.31452864
7.2032137,-0.2577005,1.2267244,0.33490092
7.166566,-0.15533203,0.9987211,0.28293225
7.279426,-0.11822313,0.69723487,0.27701503
7.2738547,-0.17595816,0.76181245,0.33213085
7.440238,-0.21902108,0.59526956,0.37456107
7.4554224,-0.13071597,0.4529512,0.3242662
7.1917863,-0.09702057,0.96796036,0.24261442
7.175432,-0.1705423,1.0771954,0.25972575
7.1928306,-0.163356,0.9450582,0.31459782
7.4119444,-0.20251065,0.85097706,0.24796385
7.3392954,-0.28081107,0.985728,0.36918616
7.611827,-0.35795903,0.91784286,0.4263503
7.460411,-0.43806326,1.2086408,0.5630798
7.7515006,-0.42328542,0.84028196,0.499546
7.6308618,-0.44333452,0.8729054,0.5480808
7.6917744,-0.4783938,0.93080175,0.5452732
7.582238,-0.44181746,1.1042199,0.58706474
7.6021166,-0.43812066,1.1882071,0.54758424
7.769325,-0.54920703,0.990026,0.8333477
7.9615707,-0.524881,0.7336329,0.6485893
7.947239,-0.5144181,0.52045155,0.6399781
7.9443316,-0.4807834,0.53013206,0.55972177
7.9770894,-0.48230845,0.19200182,0.5835403
7.8601847,-0.5336417,0.82294273,0.65964407
7.848961,-0.47653955,0.53944635,0.58149874
7.7849255,-0.45005304,0.80417395,0.50640893
7.8093286,-0.36893737,0.43346882,0.44815236
7.870696,-0.45312983,0.5223479,0.5426454
7.8342505,-0.4756919,0.46011543,0.5752052
7.8260813,-0.37274796,0.25564098,0.47271603
7.7580614,-0.47089273,0.633199,0.5784427
7.8676653,-0.51915324,0.7606553,0.65721065
7.9984117,-0.5408095,0.36541522,0.6808523
7.886837,-0.49256366,0.3833593,0.7476749
7.903988,-0.5577717,0.40259242,0.7924678
7.868469,-0.5603737,0.9743844,0.68785095
7.7684135,-0.5425731,0.89520526,0.67039776
7.763312,-0.4571013,0.929831,0.5650807
7.712641,-0.52304953,1.2738204,0.61810535
7.948605,-0.4714359,0.4108889,0.5460947
7.9307785,-0.41080165,0.3025782,0.52253234
7.9434843,-0.45937568,0.5442908,0.5405449
7.7517843,-0.36381692,0.3693031,0.42018867
7.9318104,-0.49591714,0.63980365,0.6055611
7.9243493,-0.4990527,0.3920499,0.6759723
7.9626055,-0.47571778,0.30071938,0.66048884
7.96338,-0.5096339,0.54823685,0.5902234
7.773754,-0.47478437,0.8572769,0.54824954
7.672151,-0.38136822,0.77822256,0.5013436
7.689333,-0.36640143,0.80563545,0.4364206
7.5452394,-0.36605912,0.88436985,0.44444054
7.595598,-0.34157878,0.74633145,0.41127008
7.4956465,-0.24847835,0.64248466,0.36454782
7.613598,-0.3028041,0.7068591,0.4193772
7.558882,-0.39126718,0.9258907,0.50521684
7.607959,-0.35627246,0.7531774,0.4183625
7.7620926,-0.40462196,0.52248013,0.5825299
7.921321,-0.43660343,0.4817525,0.45621365
7.7168293,-0.48463267,0.9819133,0.564888
7.584752,-0.4446267,1.0644517,0.49694806
7.78932,-0.47164643,0.61871195,0.59929436
7.802999,-0.496737,0.8821049,0.5246003
7.8410826,-0.5760814,0.9587929,0.7379467
7.970787,-0.58209735,0.8656976,0.641058
7.974469,-0.5946586,0.78503335,0.7507719
7.974147,-0.60191685,0.6968281,0.7217892
7.977325,-0.526405,0.36280978,0.6764979
7.8586645,-0.52899176,0.93661547,0.6137127
7.8648005,-0.3974254,0.5089352,0.5203825
7.8469577,-0.4031585,0.67897534,0.4315893
7.808623,-0.5384978,0.91972566,0.5557167
7.903823,-0.6065943,1.1106641,0.7637795
7.923069,-0.5592135,0.79505014,0.7495785
7.643998,-0.43878573,0.85674095,0.59205747
7.51258,-0.42270952,1.0612159,0.5188211
7.9480796,-0.45565242,0.5239657,0.5619816
7.902649,-0.5100167,0.7071712,0.68225336
7.9883375,-0.48523784,0.3736483,0.6091801
7.8924055,-0.4420042,0.29710853,0.54458183
7.923306,-0.46644974,0.542994,0.6492991
7.799511,-0.5515573,0.94688845,0.6554237
7.601035,-0.40950513,1.1371312,0.47903907
7.165373,-0.36055422,1.5019846,0.42932025
7.297659,-0.33812726,1.2666092,0.42431957
7.3537107,-0.27811438,0.95311344,0.34713972
7.4668503,-0.13664556,0.62374854,0.25596178
7.5990496,-0.2318157,0.7334697,0.28385246
7.5515833,-0.28653908,0.6581993,0.4017303
7.534974,-0.3583219,0.90433216,0.45919424
7.293384,-0.2532037,0.79709125,0.36187148
7.447527,-0.2591771,0.76993465,0.33785716
7.522479,-0.14273489,0.46142876,0.28243092
7.7949944,-0.09501046,0.06753361,0.2467788
7.6619415,-0.12672174,0.17060304,0.26558584
7.401609,-0.11386573,0.6407248,0.29474345
7.2980013,-0.10492891,0.67132044,0.24881385
7.524794,-0.24769807,0.62711763,0.35327268
7.561077,-0.2865852,0.7878493,0.41836384
7.429091,-0.33156884,0.98995054,0.45878714
7.5025063,-0.3729387,1.0708995,0.49199927
7.6711273,-0.3093186,0.45001388,0.4001053
7.699899,-0.27450478,0.24001026,0.36169082
7.829903,-0.25496292,-0.04979658,0.4121672
7.76245,-0.22323889,0.33992338,0.35301685
7.741608,-0.37014765,0.5480366,0.4517265
7.76737,-0.3657242,0.4352492,0.47466135
7.8637915,-0.47309202,0.5642564,0.64021623
7.9260936,-0.41957092,0.2537521,0.53138584
7.935502,-0.4207942,0.3047297,0.6157688
7.932129,-0.56036603,0.4616077,0.7345898
7.908994,-0.50826365,0.42498207,0.63232344
7.973585,-0.51259637,0.34504414,0.63851404
7.993575,-0.5524838,0.67156374,0.59685534
7.8200135,-0.5358833,0.8417342,0.64067996
7.8964424,-0.5264679,1.0397997,0.66167396
7.730727,-0.45829624,0.610512,0.7035236
7.794572,-0.435979,0.91113067,0.4879189
7.9795732,-0.4837606,0.57263315,0.6661716
7.7011385,-0.330872,0.765275,0.3729244
7.454152,-0.36389858,1.1481757,0.39239752
7.3566504,-0.29231524,0.9241855,0.44170406
7.3053236,-0.34020185,1.2943435,0.40252677
7.2210617,-0.20018768,0.9058387,0.26654363
7.3797255,-0.25628233,0.9444504,0.3725806
7.337145,-0.27558178,0.9508239,0.39761597
7.3407583,-0.25278348,0.91783416,0.40119973
7.3531494,-0.28680468,0.9612694,0.43723097
7.2125154,-0.31507558,1.3162153,0.36867583
7.0966816,-0.2633115,1.2551391,0.36731833
7.086835,-0.1928469,1.1845815,0.3083063
7.201627,-0.23662078,1.1484704,0.3162558
7.4040165,-0.28567672,1.018394,0.35515374
7.3098354,-0.25806808,1.0391362,0.3576197
7.5218067,-0.34178126,1.1303287,0.4495762
7.357566,-0.26633996,0.8784406,0.3843722
7.2704124,-0.2445504,1.0213578,0.35393387
7.368189,-0.33386666,1.0639358,0.44289905
7.447361,-0.23385829,0.7383752,0.38661087
7.549873,-0.3571148,0.751611,0.39017385
7.6763535,-0.33750564,0.5148963,0.4345979
7.4560776,-0.4262814,1.1570766,0.52087915
7.4768124,-0.4999069,1.5481203,0.48466307
7.6059475,-0.49903697,1.3665607,0.5251469
7.595392,-0.4633801,1.1024787,0.52364534
7.4955826,-0.3961876,1.2015297,0.45457584
7.510953,-0.46748972,1.2445393,0.5932285
7.497564,-0.46064788,1.2792251,0.52701074
7.7726016,-0.4473523,0.9090049,0.54627013
7.651024,-0.48459214,1.288187,0.56352025
7.399556,-0.37397242,1.1625495,0.4451393
7.331237,-0.3544464,1.2067504,0.50934356
7.416305,-0.39926016,1.2826524,0.48445493
7.293804,-0.35048115,1.289259,0.43089533
7.558711,-0.2974323,0.736228,0.40563512
7.62589,-0.23073888,0.6843103,0.30460474
7.564869,-0.28918207,0.67177653,0.3869281
7.3402877,-0.26212144,0.95619047,0.37887126
7.129524,-0.21184695,1.1491613,0.3011699
7.1088777,-0.19906801,1.2940078,0.3208065
7.1757,-0.2412892,1.2005239,0.3000117
7.392608,-0.28119415,0.94213355,0.36470065
7.50268,-0.35291374,0.9960382,0.426238
7.2656116,-0.25926042,0.94021606,0.3403681
7.505945,-0.3149675,0.9915942,0.39155287
7.451664,-0.24926347,0.83708453,0.34333462
7.533854,-0.26737082,0.64164877,0.33334637
7.398303,-0.26619458,0.8849516,0.402462
7.4732494,-0.38448226,1.0107105,0.43997258
7.563484,-0.35213077,0.9444256,0.5145263
7.346256,-0.2846967,1.0555882,0.3425477
7.4507427,-0.19217366,0.5881541,0.31441903
7.4046607,-0.20706117,0.774336,0.31726587
7.225974,-0.107599616,0.7501571,0.26338094
7.137429,-0.011002898,0.68332505,0.2221568
7.2638893,-0.070816696,0.7535596,0.28943095
7.1986866,-0.06042248,0.84932625,0.20515463
6.8405504,-0.10531384,1.2080281,0.25559282
6.86048,-0.061906695,1.2372422,0.22610639
7.1824193,-0.01857078,0.8023367,0.21799229
7.026785,-0.04043156,1.0345552,0.25880077
6.7894573,-0.015216768,1.187037,0.2220906
6.808402,-0.04082799,1.3229461,0.20744812
6.695031,-0.02506107,1.4549098,0.21276651
6.7869086,-0.09292632,1.5074394,0.24280983
6.8416777,-0.10902786,1.4964118,0.25189266
6.8218217,-0.10831022,1.4359672,0.24034786
6.7301683,-0.011730075,1.2540245,0.21497346
6.8291984,-0.059398234,1.2809389,0.22622827
6.923896,-0.03420955,1.1205802,0.21268404
7.213294,-0.12444186,0.8234856,0.30297256
7.1415386,-0.22086954,1.0440104,0.36303538
7.4219937,-0.26131898,1.0888505,0.3090533
7.2981796,-0.20524043,0.8905697,0.33017647
7.366488,-0.17033058,0.8355179,0.31015435
6.993808,-0.10524881,1.0758762,0.2345171
7.039031,-0.20656204,1.3576062,0.3027107
7.4343033,-0.26007205,0.85362506,0.32304567
7.2538414,-0.21031922,1.0119545,0.31698638
7.2379484,-0.22815019,1.0581999,0.3308944
7.3280907,-0.22256362,1.0825875,0.31309393
7.30038,-0.086001754,0.71872807,0.25116915
7.3012238,-0.13305199,0.75755453,0.23033482
7.224817,-0.11530316,0.6867614,0.2637108
7.3997164,-0.1377567,0.53483963,0.34525323
7.76173,-0.1513871,0.05686891,0.28219393
7.532672,-0.21207124,0.44021297,0.31689188
7.7160196,-0.23356164,0.34416914,0.30910164
7.4241896,-0.13568062,0.4973011,0.2428858
7.3746786,-0.21414268,0.68829393,0.36452916
7.6208425,-0.19312572,0.46014416,0.27968776
7.531384,-0.15005326,0.321846,0.3209216
7.4915924,-0.18457764,0.539665,0.31956866
7.862034,-0.20043147,0.33154702,0.28307888
7.790402,-0.16555804,0.1700449,0.27377227
7.499729,-0.1899615,0.6089002,0.29792702
7.4497805,-0.19596398,0.6966412,0.31386873
7.4345765,-0.23681575,0.9511093,0.34510213
7.323265,-0.28768462,1.2083659,0.36929393
7.087905,-0.23961937,1.1130946,0.40565467
7.484262,-0.18434954,0.67650485,0.26987603
7.2093716,-0.16757149,1.0010767,0.29026335
7.2435923,-0.27560216,1.1138852,0.30897945
7.118821,-0.25269508,1.4190345,0.36780703
6.9180403,-0.21742612,1.5566392,0.32693315
7.106352,-0.24879324,1.3468573,0.350033
7.1420116,-0.26422656,1.3869624,0.37261266
6.922571,-0.20197123,1.5934281,0.2992188
6.6354046,-0.18708503,1.7493885,0.27725682
7.0094147,-0.19849265,1.3576512,0.32400978
7.039404,-0.25451553,1.3733647,0.3597083
7.14972,-0.22703254,1.293704,0.33754086
7.174385,-0.25997084,1.2901106,0.37794977
7.321171,-0.26689368,0.9556346,0.38534987
7.2372484,-0.3330841,1.4123034,0.43272355
7.1248274,-0.28047895,1.376802,0.3850385
7.3077574,-0.3701743,1.3342152,0.43182352
7.378667,-0.40681177,1.1076789,0.5676088
7.4700575,-0.48201632,1.1825387,0.6692595
7.8495183,-0.6171676,1.2345932,0.70584786
7.8838024,-0.66935426,1.1311507,0.96517354
7.9814653,-0.74895716,1.3009837,0.97702247
7.9393263,-0.71139026,1.4045997,0.87685555
7.9823055,-0.6241094,0.6923212,0.82202876
7.9061937,-0.6207533,1.0737839,0.7924565
7.924407,-0.5989417,0.82726765,0.7739938
7.651266,-0.4927888,1.2594888,0.5986352
7.8313556,-0.5641084,0.8498337,0.6638065
7.832287,-0.53819,0.91107106,0.60693365
7.8609867,-0.5868454,0.99213564,0.7280863
7.7924147,-0.5774576,1.4183602,0.66306245
7.7237973,-0.56555974,1.2291079,0.6772652
7.9401455,-0.6182219,1.019532,0.85156393
7.8885336,-0.6573335,0.91079533,0.79435885
7.7113047,-0.6064019,1.4817779,0.71729124
7.8397117,-0.5782124,0.7439419,0.6608097
7.990992,-0.62494534,0.8941598,0.76312745
7.959982,-0.66317666,1.1467035,0.7972705
7.866235,-0.51374656,0.67252946,0.70239455
7.8745294,-0.50141734,0.6210946,0.64645267
7.827696,-0.48999888,0.91446185,0.5754915
7.7244225,-0.5531456,1.1597946,0.6791006
7.7077246,-0.5336232,0.9775355,0.5428419
7.7384768,-0.39034808,0.4441856,0.53149325
7.5353956,-0.37725073,1.0848856,0.38709152
7.7445,-0.48363853,0.9576274,0.56256056
7.8152084,-0.46353942,0.79672563,0.5120959
7.8741293,-0.49440575,0.6872122,0.5796182
7.8265095,-0.5195014,0.94942,0.65317726
7.684972,-0.45261592,0.99353385,0.6212227
7.7113132,-0.40833145,0.8339753,0.5203952
7.708956,-0.4615339,0.8525748,0.56560916
7.9656215,-0.45956814,0.31283343,0.5098288
7.9999466,-0.4544418,0.38606107,0.52043337
7.987295,-0.43453848,-0.08307338,0.5626965
7.982203,-0.55465615,0.8719003,0.6432695
7.9790916,-0.61719155,0.58029675,0.73709285
7.840236,-0.5301522,0.79453707,0.62103575
7.797826,-0.53363645,0.7113304,0.7313348
7.8576546,-0.53537714,0.8616669,0.6826399
7.850953,-0.5089785,0.71099365,0.66117567
7.9189777,-0.48397392,0.32149684,0.6414737
7.960861,-0.48302037,0.5940833,0.5212723
7.876158,-0.39732683,0.17800999,0.54474527
7.8703427,-0.36497772,0.51265883,0.4574992
7.8571525,-0.5295329,0.6719825,0.6492205
7.4606028,-0.42662656,1.2003186,0.63920575
7.6547427,-0.46650296,1.0350184,0.60221773
7.7490063,-0.49687356,0.96294403,0.64284307
7.957262,-0.5795933,0.92627,0.68064654
7.962902,-0.53016996,0.5793266,0.5998486
7.904132,-0.568434,0.6922102,0.66309047
7.757722,-0.58409786,1.0285411,0.79608536
7.920676,-0.56365085,0.6901982,0.78800833
7.78866,-0.49252802,0.80957127,0.6776584
7.605241,-0.47454882,1.2269611,0.54261523
7.7218213,-0.5742736,1.2755954,0.6092454
7.5978694,-0.56738234,1.5712147,0.7467743
7.7059383,-0.54831314,1.2034171,0.7141937
7.719184,-0.5210027,1.0014791,0.5663319
7.74251,-0.59275293,1.186836,0.7912993
7.5911136,-0.51536995,1.3230097,0.7099911
7.5708756,-0.462215,1.1114299,0.53595644
7.402605,-0.4256391,1.2614837,0.47758198
7.43003,-0.43401396,1.36556,0.5136768
7.5254917,-0.48369884,1.2637239,0.60743517
7.8794823,-0.4335248,0.46484435,0.5166045
7.897222,-0.5010567,0.6371825,0.6056497
7.8276587,-0.45118147,0.43898237,0.6214799
7.6940494,-0.5021372,1.2789557,0.5883441
7.748244,-0.5837971,1.1696877,0.7259191
7.773283,-0.56749535,0.9237602,0.5860722
7.760745,-0.5307603,1.0142155,0.67066187
7.91934,-0.5825074,0.76678586,0.79971623
7.876762,-0.5081586,0.7360648,0.64919674
7.8862267,-0.47300535,0.32743657,0.6091614
7.982709,-0.4923182,0.59899616,0.64044976
7.8355494,-0.4263401,0.30391765,0.5009158
7.7527614,-0.36042815,0.44572377,0.46320987
7.720294,-0.3657353,0.79997146,0.41366187
7.7473326,-0.5008062,0.68900275,0.59195393
7.7877955,-0.37965012,0.5028498,0.4368745
7.8792663,-0.38544565,0.456661,0.45175958
7.6461315,-0.35670078,0.75368357,0.4522766
7.7668786,-0.4134367,0.6189027,0.50119823
7.7801332,-0.35123944,0.5434551,0.43803135
7.782662,-0.42309117,0.53299093,0.47635722
7.9987073,-0.52255106,0.43591154,0.5378217
7.9756384,-0.5243134,0.3245324,0.6354014
7.984306,-0.51909775,0.17154694,0.6627636
7.996386,-0.56802726,0.5373907,0.6993331
7.818931,-0.58459264,1.0097024,0.6945342
7.8654766,-0.56978416,0.69359493,0.83551514
7.890314,-0.5535021,0.8872069,0.76960075
7.9387302,-0.5352026,0.47064257,0.63700545
7.9569864,-0.47453886,0.41922426,0.6129191
7.969779,-0.51931036,0.53505504,0.609957
7.8491635,-0.5025091,0.6128398,0.6873656
7.864997,-0.53128403,0.71319723,0.6656591
7.7982035,-0.51799,0.73400545,0.68710303
7.751809,-0.5266126,0.86388814,0.6647182
7.930385,-0.34474164,-0.22470129,0.523931
7.971689,-0.3616917,0.1980716,0.4890533
7.98786,-0.39838576,0.13903785,0.4773658
7.978425,-0.36211455,0.119957566,0.42502105
7.9413137,-0.39434582,0.39951408,0.4791742
7.9170513,-0.397745,0.21780384,0.4892028
7.846979,-0.38478178,0.41537237,0.45013863
7.940387,-0.51354927,0.37311482,0.5911144
7.796838,-0.52708745,1.0599189,0.6160734
7.945413,-0.5536866,0.72900796,0.6968266
7.9860573,-0.63193333,0.7749562,0.8393299
7.90987,-0.5747163,0.6182976,0.7390679
7.742753,-0.6185512,1.4259913,0.7562234
7.7133822,-0.5612941,1.294029,0.6376289
7.638402,-0.54403687,1.2513096,0.6039911
7.725288,-0.56366956,1.2030244,0.6596187
7.8025503,-0.48498017,0.74442613,0.571087
7.852728,-0.49379295,0.45290327,0.58719265
7.833642,-0.43616152,0.61626124,0.55201423
7.6997623,-0.3213604,0.84647083,0.40014136
7.736771,-0.36787325,0.7397368,0.4279377
7.6145234,-0.35293317,0.8317946,0.4410739
7.7016244,-0.32336646,0.6881783,0.42922834
7.7285976,-0.40575612,0.7105448,0.5305429
7.542403,-0.35537475,1.0529375,0.43204725
7.7631965,-0.38048023,0.505038,0.5449854
7.93122,-0.42038327,0.55503356,0.57970184
7.8830333,-0.33174545,0.19002318,0.43468046
7.8223124,-0.36295766,0.2821442,0.44700348
7.972163,-0.41849345,0.19937861,0.45784718
7.885305,-0.3145193,0.3775432,0.44889146
7.7172337,-0.43654335,0.7658584,0.56049716
7.8108406,-0.38042933,0.25953484,0.56614727
7.8440404,-0.44669622,0.5971346,0.5807044
7.7911415,-0.48492062,1.0064821,0.5568286
7.7447934,-0.5292565,0.7831538,0.64160204
7.8530097,-0.52492476,0.72391045,0.70845574
7.837688,-0.5229616,0.7518766,0.6189436
7.9004884,-0.58901083,1.001184,0.68152726
7.7977686,-0.5973266,1.0139866,0.72841436
7.9106236,-0.57700634,0.5760535,0.82217187
7.992272,-0.6522354,0.719002,0.8603171
7.910261,-0.67101884,1.139389,0.98536956
7.9719276,-0.58625257,0.7983997,0.7170689
7.8879604,-0.5454488,1.0359402,0.5923535
7.8385057,-0.5560957,0.9342439,0.6621129
7.704224,-0.5036812,0.931036,0.537798
7.7288456,-0.5517535,1.0826318,0.65472263
7.554178,-0.56009626,1.513334,0.64349085
7.667057,-0.61213887,1.456459,0.7337557
7.808055,-0.6096653,1.2637362,0.78326344
7.857601,-0.57274866,1.0591092,0.65344715
7.7290015,-0.56321204,1.3086784,0.65403175
7.864805,-0.61312854,1.4425313,0.714649
7.897707,-0.61438453,1.0242803,0.72291917
7.97293,-0.68284976,1.1991997,0.836396
7.9994287,-0.6029991,0.72354925,0.7876056
7.8311143,-0.5657443,0.8741832,0.6509678
7.8830776,-0.5200716,0.70775914,0.57810223
7.8683004,-0.5439605,0.84462345,0.6401643
7.9813414,-0.55378324,0.43470836,0.7245592
7.8622427,-0.54657894,0.8268161,0.6922212
7.8665876,-0.52078897,0.7550564,0.6127809
7.9003243,-0.42596012,0.31875908,0.5387157
7.9001265,-0.4202243,0.31106412,0.51030636
7.9967055,-0.49518597,0.33041668,0.5968385
7.908902,-0.5308813,0.98908734,0.67685014
7.4135537,-0.36904818,1.1016998,0.529863
7.49008,-0.4188732,1.137536,0.47913015
7.7245436,-0.38155508,0.6103015,0.47024274
7.7444444,-0.4254015,0.7064371,0.49269134
7.823873,-0.45199043,0.8435792,0.48409134
7.7127385,-0.5459803,1.1347361,0.675956
7.680199,-0.49245405,1.1867785,0.5124267
7.6257973,-0.4342379,0.9152365,0.4896509
7.5555143,-0.43121856,0.9000566,0.6088416
7.35147,-0.34387624,1.0082133,0.41644537
7.3799477,-0.36876804,1.1285071,0.4430483
7.313756,-0.3225494,1.111913,0.41650277
7.3921556,-0.29487753,1.131645,0.39087093
7.1404824,-0.29735136,1.3164554,0.38661063
7.131634,-0.31175,1.3730311,0.39731377
7.045596,-0.3252409,1.6124327,0.42867202
6.95094,-0.22558272,1.6135106,0.3260554
7.1371374,-0.31668454,1.5333073,0.34388435
7.1290865,-0.32989442,1.5499177,0.3983565
7.15226,-0.37458187,1.6170826,0.46283245
7.3456364,-0.41213232,1.364723,0.5410575
7.4986124,-0.3233301,0.8244989,0.43444312
7.7448716,-0.32401675,0.55395746,0.37041974
7.3721375,-0.26760495,0.8692529,0.4079526
7.831665,-0.23962474,0.2490884,0.34179166
7.4563465,-0.26506233,0.82814765,0.30604905
7.3132896,-0.3081122,1.1866992,0.35711595
7.2183924,-0.25785917,1.1773682,0.32053217
7.2237186,-0.28141147,1.2482991,0.42378202
7.195704,-0.3782869,1.4903126,0.44167846
7.258764,-0.34234214,1.3969371,0.44263542
7.036815,-0.24621522,1.3392048,0.32027254
7.130999,-0.2728169,1.4184227,0.3676168
6.9063783,-0.20000517,1.5209701,0.30163884
6.8522086,-0.19275498,1.6057777,0.30662602
6.823828,-0.16240954,1.4814749,0.2721614
6.7563014,-0.15273565,1.5126603,0.2951517
7.1003103,-0.26847047,1.3741722,0.37973952
7.252453,-0.37918633,1.3231313,0.4843245
7.2439585,-0.32610798,1.3572557,0.3822605
7.4458036,-0.32704484,1.1024122,0.418942
7.379456,-0.25800794,0.99929035,0.3205151
7.5730057,-0.23993069,0.63778436,0.32519293
7.1924877,-0.1665461,1.0610657,0.271206
6.916628,-0.12007463,1.1073761,0.28433684
6.5940046,-0.13447541,1.849514,0.22441958
6.504899,-0.15134817,1.7798812,0.29571474
6.786134,-0.29664117,1.8127391,0.36739504
6.713457,-0.22182482,1.7613797,0.2771054
6.9045014,-0.24815351,1.7187223,0.29848558
6.9255447,-0.17036587,1.3574064,0.25072634
7.342292,-0.18123072,0.9082433,0.2933686
7.290163,-0.20245862,0.8734906,0.31818584
7.1702514,-0.24693346,1.0057936,0.3935566
7.3030977,-0.31401306,1.0803139,0.43293548
7.3379736,-0.30705374,1.0266156,0.40694022
7.2143435,-0.22403538,1.1344664,0.3671258
7.1927776,-0.26140988,1.2303486,0.35893893
6.975311,-0.23029941,1.2881641,0.3838815
7.0738688,-0.28428394,1.3896408,0.45252645
7.136717,-0.3488055,1.5285647,0.44967288
7.274289,-0.4080915,1.6095157,0.4650948
7.2163625,-0.3506322,1.4888,0.43168902
7.417023,-0.41631573,1.2508345,0.48647052
7.43363,-0.41547602,1.2081244,0.5612398
7.5648804,-0.5128658,1.1832013,0.6344215
7.928364,-0.48873526,0.6984942,0.6142754
7.7532444,-0.4522497,0.5464232,0.5885146
7.8072033,-0.44379872,0.57672024,0.50850916
7.8048687,-0.3844602,0.45667148,0.45076376
7.766713,-0.41898257,0.39391756,0.5559064
7.8089366,-0.44946402,0.8758378,0.49152935
7.871483,-0.5109346,0.8293942,0.5366197
7.8775864,-0.56828105,1.0591702,0.6309497
7.7515593,-0.5658295,1.3313229,0.8696581
7.9609203,-0.5637466,0.2579522,0.7511287
7.9518547,-0.55445266,0.6024779,0.71232194
7.95763,-0.54946053,0.6163192,0.65909046
7.9410176,-0.47984028,0.520612,0.53454393
7.9999075,-0.4497403,0.37699354,0.545106
7.9576426,-0.4456483,0.058211565,0.6270369
7.898757,-0.38449728,0.09893441,0.60222024
7.839878,-0.36942464,0.21498,0.42366222
7.879357,-0.3610347,0.31135464,0.43544
7.9176235,-0.39514005,0.2222513,0.48688287
7.9327526,-0.333233,0.1762991,0.35533148
7.9002953,-0.45114803,0.49741745,0.47895366
7.8108234,-0.42901957,0.25147665,0.5929579
7.8396645,-0.45291597,0.59283984,0.55791724
7.9137135,-0.46767694,0.37740707,0.6082699
7.976989,-0.4205414,0.26774108,0.502487
7.985545,-0.50450695,0.54618526,0.5305713
7.8391705,-0.4045214,0.55725515,0.4869454
7.7726727,-0.4656878,0.69601154,0.5982651
7.8360147,-0.4262429,0.536191,0.5290192
7.9033213,-0.5082877,0.6080935,0.613757
7.8214235,-0.5450678,0.86975074,0.7326725
7.964445,-0.60786605,0.65943086,0.8129893
7.8487782,-0.5111493,0.8594947,0.6138837
7.947564,-0.5637957,0.64668727,0.73508775
7.891009,-0.5827664,1.0742927,0.68065804
7.986397,-0.5050858,0.66713524,0.5905411
7.899186,-0.49136937,0.48366356,0.6621274
7.9362545,-0.38273424,0.50906706,0.4547624
7.792057,-0.2997797,0.44065785,0.36026525
7.629065,-0.2204076,0.5382147,0.3361494
7.4739523,-0.14902061,0.39847183,0.35672194
7.3902364,-0.07557583,0.45237815,0.24920161
7.2813983,-0.11869532,0.6902584,0.24454883
7.172591,-0.14824873,0.960968,0.28453448
7.116165,-0.19498098,1.2144809,0.35826468
7.173649,-0.2036959,0.8533828,0.34766728
7.444927,-0.2603858,0.8878356,0.3472522
7.3089113,-0.07001275,0.71346116,0.2657706
7.3127065,-0.15582412,0.86055946,0.27771306
7.3931656,-0.21475881,0.800153,0.33522528
7.2312307,-0.17485666,0.89964604,0.31526148
7.0879664,-0.12100518,1.0090523,0.26281595
6.985027,-0.22206569,1.308017,0.2761907
7.0130734,-0.21020412,1.3907669,0.26999766
7.081537,-0.21342295,1.355999,0.32907727
6.929583,-0.24478424,1.6137476,0.31953874
7.2323523,-0.35635412,1.5455222,0.43683696
7.1658554,-0.3702144,1.569037,0.5041538
7.297905,-0.31962037,1.1964741,0.38696545
7.350945,-0.34182155,1.4136128,0.36940467
7.5983815,-0.29960042,0.63962126,0.4190885
7.65092,-0.35548925,0.8292161,0.41602916
7.7181177,-0.33689135,0.62261057,0.45002973
7.6391525,-0.35723776,0.6971606,0.41996697
7.3919,-0.2699613,0.77967536,0.38695288
7.777647,-0.317887,0.48859215,0.41298938
7.9332247,-0.3543448,-0.032170117,0.41620308
7.8314934,-0.36006188,0.61847174,0.4668967
7.641488,-0.4032858,0.78987837,0.46132326
7.696314,-0.42450184,0.8139391,0.49219853
7.6644087,-0.34693402,0.78717613,0.4540617
7.834118,-0.3727213,0.3130529,0.47138262
7.7496543,-0.43945473,0.74028134,0.47380364
7.920873,-0.49109662,0.71151614,0.54491204
7.8120766,-0.64501464,1.100358,0.92862546
7.841742,-0.6063771,1.1258373,0.7154563
7.9294662,-0.6826277,1.1383247,0.88465345
7.995207,-0.58015203,0.3060342,0.7933494
7.97154,-0.59507823,0.6155106,0.74153817
7.9066973,-0.5875184,0.52300644,0.7845293
7.803953,-0.6072069,1.2287431,0.78632295
7.7182226,-0.5820229,1.0984721,0.7410408
7.9924917,-0.6394105,0.93516254,0.8214257
7.9123306,-0.62991214,0.90783095,0.85859895
7.8582964,-0.5569261,1.0244737,0.6193929
7.9065614,-0.5679388,0.91235137,0.6798407
7.6530457,-0.48431778,1.1499555,0.59846556
7.988037,-0.40973055,0.31525588,0.4241022
7.9024153,-0.3195821,0.19314456,0.38577408
7.999304,-0.37405533,0.19473922,0.4567334
7.900918,-0.29870105,-0.060080767,0.4436655
7.5851507,-0.28540504,0.4399848,0.4151383
7.54682,-0.14110935,0.5223689,0.25444436
7.85058,-0.12045461,-0.1398629,0.27978098
7.6716433,-0.19922751,0.5106242,0.3292605
7.766659,-0.31358224,0.28338897,0.43446505
7.800014,-0.41601425,0.5425365,0.52310765
7.562316,-0.4263267,1.0672281,0.5543996
7.160121,-0.3771006,1.5906451,0.46906656
7.1433535,-0.40118074,1.6712375,0.5022585
7.392814,-0.29289383,1.010047,0.4388935
7.4876256,-0.33475035,0.9089196,0.39967728
7.514973,-0.36906636,0.9827831,0.51973933
7.489023,-0.40914458,1.1498694,0.5313942
7.607043,-0.385875,0.8598206,0.54528475
7.912151,-0.41257656,0.11500764,0.5894154
7.869134,-0.32172984,0.06075096,0.47287035
7.7922163,-0.35733777,0.4028182,0.39517003
7.507537,-0.2852834,0.66481996,0.41379845
7.3510933,-0.2931056,0.89635086,0.42423347
7.2545757,-0.2944135,1.2010517,0.37667614
7.2973585,-0.27952844,1.1238701,0.35441014
7.339107,-0.30462438,1.137126,0.39503098
7.345705,-0.2717865,1.0114012,0.39765906
7.1941466,-0.28736228,1.3296654,0.34582534
7.3154936,-0.32131594,1.1941969,0.403251
7.4065843,-0.3295626,1.0163498,0.44055393
7.271155,-0.27988642,1.2682567,0.362889
7.4311824,-0.21007448,0.8684068,0.30497888
7.4465957,-0.23545378,0.70097935,0.33174855
7.515865,-0.25103354,0.70971847,0.30239663
7.183294,-0.14803362,0.94732213,0.2837865
7.3486805,-0.16558439,0.86687994,0.25412408
7.145545,-0.14797735,0.8364481,0.26397434
7.452322,-0.17374015,0.6868094,0.29797116
7.201787,-0.12134707,0.9957584,0.25760877
7.135688,-0.17707533,1.1211884,0.21969244
7.4480653,-0.21607304,0.6626681,0.3648845
7.4195294,-0.1626836,0.6708884,0.27476263
7.2656918,-0.016116321,0.6552632,0.20445839
7.496988,-0.16025871,0.56622934,0.28785014
7.5765915,-0.31523252,0.97657824,0.43100005
7.439473,-0.3508554,1.0352783,0.40379602
7.2993526,-0.35714215,1.0846033,0.46621162
7.381568,-0.3979239,1.3265228,0.44700515
7.479843,-0.44082773,1.2996774,0.5154374
7.6480074,-0.38292533,0.7300159,0.58325917
7.6492996,-0.4203487,0.90137935,0.46875507
7.914163,-0.44957125,0.491184,0.53167313
7.831893,-0.4879803,0.8532407,0.5616625
7.928895,-0.55070806,0.58773947,0.6814076
7.979104,-0.47546995,0.4847802,0.5578446
7.8066244,-0.38506323,0.4428928,0.5395739
7.8320627,-0.41304028,0.61766565,0.52034736
7.7408633,-0.35194862,0.5225766,0.40895742
7.705974,-0.58843255,1.3198876,0.72089565
7.6817575,-0.5546202,1.2409687,0.6359222
7.708323,-0.56256175,1.1180022,0.72430545
7.8215513,-0.6285256,1.156146,0.75752217
7.821294,-0.65636444,1.5052621,0.86438495
7.793275,-0.6161126,1.2857573,0.7068436
7.622487,-0.61111575,1.7285917,0.7291623
7.827106,-0.7077217,1.7828112,0.86270005
7.907437,-0.6593516,1.3252888,0.833226
7.896988,-0.59318477,1.1619399,0.6486861
7.939196,-0.5700091,0.8208177,0.71523255
7.841697,-0.5794006,1.013278,0.774757
7.6655946,-0.5962509,1.4451509,0.7723417
7.937725,-0.6133268,0.91265965,0.68228924
7.9925976,-0.5611597,0.5054257,0.7526267
7.951809,-0.5280307,0.60706913,0.6335859
7.9291506,-0.49858695,0.50701857,0.5638291
7.7895246,-0.5522518,0.9819851,0.7205645
7.746821,-0.5306449,1.0758286,0.6170444
7.831088,-0.5895407,1.0952866,0.7113567
7.8008146,-0.5823169,1.1748235,0.597473
7.741197,-0.58319986,1.3548732,0.7328144
7.7344675,-0.5381775,1.1334367,0.62590885
7.913725,-0.5381925,0.85935557,0.7197102
7.824975,-0.56575763,1.0453045,0.6752302
7.804863,-0.46564966,0.8156774,0.60096556
7.683573,-0.47284275,0.68016684,0.66354936
7.969819,-0.5646821,0.7739024,0.70206076
7.8339887,-0.54527426,0.94013727,0.763206
7.8945603,-0.6045564,0.8761089,0.8298506
7.862117,-0.57165104,0.9009986,0.70032233
7.9067616,-0.58038294,1.0030375,0.7165466
7.827325,-0.51714337,0.79684424,0.601093
7.9462223,-0.5073378,0.52464736,0.64915586
7.8640175,-0.49428183,0.53246367,0.7175256
7.9704237,-0.47181004,0.73303854,0.5597205
7.8749847,-0.50780463,0.58379114,0.65120107
7.881197,-0.5599431,0.84558904,0.7392783
7.9690304,-0.52933794,0.51878405,0.6008545
7.850391,-0.5739275,1.1792166,0.72683096
7.9766493,-0.67085445,1.0154552,0.86561364
7.859547,-0.5920574,1.0000358,0.71887416
7.7913623,-0.5374239,0.95561826,0.58392173
7.7659993,-0.5036268,0.67194414,0.67655665
7.8712263,-0.49369103,0.7371135,0.6141436
7.885991,-0.5893525,0.9268936,0.6801486
7.949669,-0.64644563,1.1288619,0.9166028
7.998914,-0.6576156,1.0908012,0.80583394
7.915347,-0.56841147,0.93442965,0.70441973
7.9639716,-0.58163786,0.69598794,0.7306218
7.8668556,-0.58624524,0.9832785,0.73578906
7.8183775,-0.5499611,1.094789,0.66246367
7.7534633,-0.5502905,1.0617368,0.7098591
7.6617846,-0.5388166,1.2361989,0.68633527
7.665031,-0.5572851,1.2155528,0.63589376
7.778144,-0.53417385,0.9172287,0.680941
7.417067,-0.42928725,1.3435087,0.57701755
7.302318,-0.43227583,1.3827391,0.54097015
7.408906,-0.42814177,1.5827837,0.4792056
7.535508,-0.445701,1.2302413,0.5278544
7.355618,-0.40204793,1.326307,0.48477763
7.5331984,-0.40669,1.0710263,0.47699916
7.44347,-0.36335313,1.2864585,0.48306495
7.529849,-0.4272712,1.0100398,0.48041213
7.5403175,-0.4015513,0.7570751,0.5527615
7.7357035,-0.5170285,0.9018438,0.63872063
7.7370815,-0.4076566,0.7970536,0.5120144
7.8524456,-0.3309855,0.40285861,0.46666783
7.799738,-0.3421775,0.3532108,0.44459105
7.9841976,-0.29711652,-0.027100384,0.3843083
7.887249,-0.31674606,0.1041857,0.39687878
7.7076173,-0.26169765,0.32837582,0.39075062
7.650859,-0.20053339,0.26653838,0.27506465
7.5333977,-0.3185436,0.75630796,0.3722124
7.4082446,-0.32411253,0.91971946,0.43939376
7.5210395,-0.31612766,1.0494099,0.36923906
7.4661155,-0.4136513,1.1195917,0.55193216
7.4533195,-0.4179998,1.3205442,0.48607135
7.6170697,-0.4129483,0.93085897,0.5091416
7.677991,-0.46907312,1.0434618,0.5164349
7.6797204,-0.37115276,0.6879306,0.44970053
7.8547983,-0.41230536,0.33967876,0.5099284
7.8303833,-0.43757856,0.6299269,0.51496273
7.7627835,-0.51906455,0.7933532,0.62768835
7.5538406,-0.3935997,0.9789078,0.48778152
7.3979025,-0.39121395,1.1416626,0.45998204
7.5077953,-0.3226725,0.83629346,0.36750185
7.644915,-0.34398735,0.8020865,0.38890314
7.7014017,-0.44955528,0.7535485,0.5660029
7.6023917,-0.37084514,0.80833054,0.4551639
7.646591,-0.48931897,1.006839,0.5350884
7.727206,-0.5298748,0.9377513,0.720978
7.9546385,-0.5832802,0.9041183,0.68743694
7.7756343,-0.61190104,1.26718,0.8143645
7.845694,-0.5530306,0.88900435,0.6997979
7.8285074,-0.57628345,0.90065646,0.745608
7.6944284,-0.531137,1.103456,0.6153339
7.969507,-0.56737626,0.84555554,0.6478582
7.837179,-0.5611137,0.98291063,0.71514213
7.8285327,-0.56277716,0.9029325,0.66982913
7.9840546,-0.6207588,0.7898729,0.76274335
7.988784,-0.5808771,0.88952994,0.72461593
7.918643,-0.51508236,0.70155025,0.5968384
7.821432,-0.3672338,0.26629782,0.52947193
7.9753885,-0.4619344,0.3622023,0.57239836
7.955158,-0.4945284,0.6192571,0.5734699
7.712382,-0.44326895,0.9655371,0.56452733
7.833473,-0.4744025,0.6887728,0.5219088
7.8779154,-0.47170365,0.54402566,0.6450993
7.8702707,-0.4496336,0.46067905,0.50258154
7.917856,-0.4328301,0.58025,0.5275182
7.775904,-0.48958898,0.7962377,0.6292376
7.708243,-0.54205686,1.1350279,0.5991791
7.729666,-0.47667283,0.9730201,0.5757853
7.606636,-0.53143704,1.2083015,0.64396507
7.542096,-0.3644333,1.0434611,0.41488415
7.3096647,-0.4188491,1.4022384,0.47073394
7.293774,-0.3634748,1.4939437,0.45955795
7.33135,-0.3966688,1.2999058,0.519875
7.6558633,-0.4568463,1.0518184,0.5680166
7.6611133,-0.51257396,1.0746825,0.7011361
7.8614607,-0.4898721,0.5189638,0.6500907
7.872891,-0.5060399,0.9673399,0.5363107
7.6871834,-0.39382493,0.83599997,0.50352937
7.555382,-0.3629288,0.91699874,0.42554462
7.4264903,-0.3501703,1.0456781,0.42622244
7.308302,-0.35580516,1.2087684,0.4533425
7.6524115,-0.31313366,0.78525376,0.3504339
7.863418,-0.4729035,0.7563286,0.6377747
7.727121,-0.48462516,0.7821307,0.57309383
7.727185,-0.4847092,1.1441214,0.53802186
7.433343,-0.3601942,0.97030663,0.4810459
7.4984865,-0.4436072,1.2069607,0.48272842
7.7115226,-0.48676574,0.98560786,0.67125016
7.6043625,-0.39179015,0.97910655,0.45100182
7.912586,-0.379705,0.49026132,0.48278958
7.916323,-0.4195099,0.22396755,0.56795543
7.981971,-0.47471976,0.40892565,0.5412223
7.9377556,-0.4408291,0.38947034,0.5605845
7.831463,-0.49790853,0.4567343,0.6958944
7.973158,-0.56179535,0.6390879,0.7035305
7.9073935,-0.48439592,0.8135333,0.6038291
7.995343,-0.4084913,0.23869085,0.4468439
7.9750385,-0.5637342,0.35207725,0.6587082
7.960577,-0.5623534,0.6932695,0.76658475
7.8353634,-0.5357574,0.66621447,0.67637366
7.856412,-0.5843781,1.2667966,0.6035352
7.4815683,-0.44501096,1.271627,0.5005885
7.5225616,-0.41309923,1.2747645,0.47030705
7.6199827,-0.40059352,0.9864042,0.46950418
7.350212,-0.41137648,1.3229828,0.46051836
7.4411116,-0.43087697,1.2730236,0.5228731
7.5012755,-0.44313467,1.1963267,0.5456162
7.820851,-0.5296421,1.0723851,0.6119722
7.9506783,-0.6321566,1.1114368,0.73332477
7.878234,-0.6178921,0.8110579,0.9304259
7.9615135,-0.60703117,0.7507143,0.9301553
7.9625893,-0.59056586,0.8570492,0.8172
7.9524784,-0.6724064,1.1588135,0.85091823
7.892083,-0.6321451,1.0208442,0.9055271
7.8165464,-0.55568963,1.0953283,0.6557481
7.8551245,-0.5071392,0.87253165,0.6176725
7.976676,-0.5377268,0.4101528,0.6443288
7.981431,-0.6355711,0.6630521,0.8624116
7.9713593,-0.6145123,0.77489734,0.82757604
7.918051,-0.6307467,1.0307417,0.89800155
7.8747683,-0.55150706,0.83625424,0.8280683
7.8331985,-0.596727,1.1603603,0.75387514
7.9571447,-0.5537823,0.4705403,0.7134219
7.8130255,-0.52684295,0.9373243,0.5752505
7.7198477,-0.47549522,1.0420554,0.5829808
7.39886,-0.38913894,1.0872347,0.4837336
7.416647,-0.35781258,1.1092865,0.41057247
7.3565435,-0.45867932,1.46978,0.55387133
7.602313,-0.40156347,0.77244055,0.45016015
7.6083803,-0.2570433,0.7554071,0.33270305
7.6762447,-0.31002373,0.475425,0.3896212
7.863014,-0.32644218,0.24664354,0.4279684
7.8537827,-0.37914914,0.3781364,0.47080934
7.8812304,-0.3806895,0.0674696,0.5147894
7.9151573,-0.5347279,0.8874059,0.5661
7.978528,-0.5277312,0.46422338,0.67764324
7.9250774,-0.5146633,0.737834,0.5909214
7.715273,-0.48175174,0.8019054,0.58351743
7.8946266,-0.55112416,0.7075784,0.6226073
7.7816906,-0.47328293,0.7752814,0.5322295
7.9711123,-0.5333401,0.6000099,0.683937
7.698988,-0.52772385,0.94574904,0.70272887
7.8972454,-0.5209749,0.88078856,0.5638891
7.872917,-0.5536015,0.94530714,0.59272844
7.8459044,-0.59458375,0.78307724,0.7121089
7.9760284,-0.686607,1.1075335,0.9159167
7.8995895,-0.6433078,1.1048508,0.8288435
7.815125,-0.45973086,0.8361399,0.5538928
7.7681394,-0.50967866,0.9124849,0.6139218
7.726295,-0.48832154,0.9572737,0.6034905
7.833009,-0.5305265,0.6766063,0.6170145
7.5235586,-0.45242733,1.0044694,0.52390033
7.6333375,-0.4668541,1.150547,0.4977432
7.864976,-0.49145573,0.621145,0.5850099
7.9215326,-0.46134007,0.35423434,0.698208
7.897989,-0.5585004,0.9045825,0.6838164
7.907631,-0.4879895,0.27824378,0.6588131
7.9692287,-0.4890983,0.43112135,0.612204
7.877659,-0.46232283,0.24078989,0.67647356
7.7844315,-0.3821736,0.5983051,0.44070616
7.8082533,-0.46881396,0.6574788,0.56946695
7.668759,-0.5106601,1.0737371,0.5850496
7.5350037,-0.42170864,1.287349,0.5208359
7.5399427,-0.40338284,0.91243863,0.4956494
7.477678,-0.37557423,1.0666318,0.4194726
7.8692694,-0.521018,0.8690293,0.62281317
7.952752,-0.49864537,1.0621963,0.58155507
7.90484,-0.58996975,0.70632946,0.8223572
7.8576126,-0.6275251,1.038033,0.66906637
7.996329,-0.6038908,0.32667947,0.7974313
7.8855376,-0.5654485,0.88157415,0.6840008
7.884842,-0.5866437,0.90638375,0.7030327
7.841005,-0.4238382,0.30402172,0.5374124
7.9734674,-0.43924922,0.39029133,0.56472963
7.922916,-0.47852296,0.5990331,0.53487563
7.9124403,-0.43775362,0.3574493,0.52653223
7.972535,-0.55519956,0.7056837,0.5536972
7.9533086,-0.28617847,0.18377793,0.39187014
7.78627,-0.2748474,0.6163485,0.33328402
7.5686116,-0.25644743,0.66506267,0.39750034
7.4456215,-0.25031203,0.7459538,0.34648508
7.563569,-0.2849003,0.67524266,0.39022946
7.673316,-0.22539479,0.4451747,0.29974174
7.4669933,-0.23609877,0.8413905,0.35408852
7.3833055,-0.2513306,0.76782966,0.37124953
7.4699073,-0.22956645,0.573503,0.39329416
7.350479,-0.25201744,0.85117054,0.35717487
7.3663435,-0.24243522,1.0341063,0.31899527
7.132845,-0.11668277,0.80797875,0.31694576
7.40969,-0.11626029,0.6842029,0.25158986
7.347419,-0.05755025,0.5291376,0.21862476
7.5504336,-0.10807341,0.4813888,0.24067695
7.3952994,-0.14514637,0.59360623,0.24306566
7.3446803,-0.14974654,0.6547377,0.30443215
7.4375625,-0.18834269,0.7788229,0.3057119
7.142107,-0.15845436,1.097059,0.28226927
7.082259,-0.11182034,1.158788,0.24540906
7.115407,-0.18011612,1.055335,0.31041318
7.157465,-0.129116,1.0195422,0.2523762
7.24285,-0.17117864,1.0628161,0.26094446
7.120594,-0.22330248,1.2178397,0.3132621
7.27145,-0.19565791,0.89519846,0.3369488
7.1613173,-0.1987614,1.2311897,0.269866
7.040619,-0.17758077,1.3300354,0.28479278
7.989295,-0.46090567,0.46815002,0.5591961
7.8868256,-0.4920594,0.44457412,0.65172035
7.9855185,-0.56519735,0.6220255,0.73313725
7.986515,-0.5454704,0.47692347,0.614062
7.9453163,-0.48901963,0.3495164,0.5031824
7.8922644,-0.5450611,0.6656046,0.60886645
7.971616,-0.4737265,0.19445634,0.57264715
7.8810596,-0.48389655,0.4540739,0.6594827
7.8401,-0.43288207,0.58291745,0.49893516
7.4827623,-0.30756587,1.0124867,0.3589632
7.474694,-0.32357097,0.89362204,0.40235662
7.4790773,-0.3317076,0.9731481,0.3642261
7.5418267,-0.37652332,0.8351549,0.48432916
7.4640894,-0.3364448,1.0830781,0.38177705
7.4728346,-0.35170132,0.98769164,0.46590889
7.36083,-0.3895694,1.4455771,0.43625307
7.4358797,-0.3352421,0.95340526,0.42797637
7.488281,-0.33526397,1.0395093,0.4462527
7.569333,-0.39422816,0.9994743,0.49293107
7.886139,-0.3993389,0.33087802,0.4956419
7.7957277,-0.48661846,0.67244744,0.67987865
7.6845956,-0.5230928,1.3185072,0.6557407
7.8647304,-0.6149559,0.9960935,0.8192166
7.8274574,-0.48290974,0.81055164,0.49588746
7.7872095,-0.40463603,0.67227185,0.50862575
7.7299175,-0.41825837,0.8326931,0.49883896
7.491889,-0.4285903,1.1275473,0.5162588
7.381919,-0.37769818,1.2697022,0.5141903
7.652165,-0.42146266,0.95822144,0.56373596
7.5486646,-0.4335264,1.2695551,0.55172086
7.5617805,-0.44532752,1.1536746,0.47585738
7.6693687,-0.51150924,1.2096226,0.5394595
7.83069,-0.3470925,0.14965618,0.45489246
7.939362,-0.28587008,-0.1599921,0.44198138
7.927479,-0.22096264,-0.15694469,0.33353502
7.9882507,-0.1508323,-0.15085816,0.34441692
7.754463,-0.21116334,0.25091958,0.3247085
7.6436195,-0.39000553,0.6583288,0.4667186
7.8227463,-0.41429806,0.57080925,0.46230364
7.758998,-0.5544411,0.90838003,0.80675673
7.9169984,-0.5877353,0.7828407,0.7129731
7.9804087,-0.52100885,0.32460892,0.784625
7.914452,-0.4352492,0.5231378,0.57413995
7.957722,-0.4781145,0.2763741,0.69310296
7.960303,-0.5846524,1.1485991,0.6747962
7.8599505,-0.60326874,0.95472276,0.687228
7.964715,-0.60641134,0.71016324,0.7111575
7.930893,-0.6509738,1.2581105,0.8603644
7.9605923,-0.625172,0.766155,0.8437697
7.9502497,-0.6953021,1.1365695,0.9831888
7.9598436,-0.7032814,1.3912711,0.8554857
7.8755074,-0.6684493,1.2292607,0.6892574
7.981824,-0.5590768,0.6266351,0.725282
7.9139395,-0.59245455,0.855294,0.82813174
7.750482,-0.5029934,0.7351563,0.73017514
7.67591,-0.40252137,0.68881154,0.46664804
7.941504,-0.41421908,0.48989403,0.49288368
7.917468,-0.40602058,0.5551276,0.5121829
7.8862386,-0.4074421,0.35608578,0.4771948
7.9249635,-0.40381056,0.0917058,0.46533877
7.6853595,-0.38832498,0.8338567,0.51753277
7.7409706,-0.49354637,0.9016998,0.55682075
7.76934,-0.5038449,1.0537138,0.5916236
7.42895,-0.37310803,1.1142869,0.47704452
7.6242027,-0.4265656,1.0794301,0.53109366
7.690957,-0.4430793,0.94620895,0.51794153
7.709522,-0.4808848,0.9079919,0.53636324
7.8247156,-0.47577417,0.66688704,0.47707945
7.719875,-0.4395585,0.7575083,0.55778825
7.7174597,-0.45641077,0.6426978,0.57476074
7.9469304,-0.45501506,0.3875749,0.5004767
7.9523478,-0.5119075,0.4919684,0.6994307
7.983307,-0.46016753,-0.095641255,0.68673486
7.8526425,-0.5122231,0.6505697,0.6145446
7.8990817,-0.54762065,0.87770975,0.696452
7.8879766,-0.4407525,0.4317392,0.5960386
7.8117785,-0.44970298,0.67611134,0.5180046
7.8982706,-0.4153759,0.24425077,0.5147318
7.8813343,-0.41436976,0.513741,0.5254439
7.896046,-0.46629125,0.5842538,0.56686383
7.8474293,-0.45585775,0.83921194,0.53868324
7.88228,-0.46661764,0.5492518,0.6547367
7.9431543,-0.4975224,0.6862829,0.56402004
7.751999,-0.3934759,0.44514441,0.47327334
7.9015512,-0.39403772,0.26531363,0.47264445
7.9814024,-0.38815343,0.086613655,0.42092943
7.991873,-0.48467958,0.5534179,0.5704414
7.847248,-0.46516573,0.4399724,0.6074714
7.8735504,-0.61351204,1.468997,0.7321476
7.9537992,-0.6246183,0.95413685,0.8234985
7.919967,-0.62657565,1.1439223,0.6911393
7.9643126,-0.60918576,1.0379462,0.7306128
7.8860335,-0.5543375,0.7009921,0.812278
7.8757553,-0.57333386,0.8462508,0.7415794
7.950705,-0.6258309,0.8619089,0.9720221
7.7719297,-0.46775728,0.61649036,0.5804538
7.97391,-0.45711535,0.16004837,0.6018885
7.877451,-0.41153258,0.13359725,0.63394684
7.9951687,-0.47979414,0.1781354,0.60696715
7.8982067,-0.44269443,0.5470748,0.52444136
7.7938538,-0.4492452,0.5874481,0.5862562
7.800233,-0.39744157,0.3263209,0.58102256
7.921267,-0.5177953,0.53123856,0.6322627
7.9876966,-0.49629992,0.6127751,0.6668822
7.878587,-0.43154293,0.4199288,0.52051026
7.6778626,-0.34923708,0.51535034,0.43286636
7.518379,-0.34367788,0.98701096,0.39686763
7.200126,-0.2477783,1.1015124,0.34744176
7.2331553,-0.20151019,1.0225928,0.3164757
7.0928917,-0.2313152,1.1912844,0.31443277
7.10615,-0.21113366,1.1026456,0.30321917
7.5185404,-0.29002547,0.897905,0.39996263
7.6024656,-0.28675747,0.5447757,0.38272023
7.65945,-0.27558,0.46267343,0.35796672
7.7698526,-0.37552977,0.48368037,0.4096685
7.8955917,-0.3462562,0.12533927,0.44765782
7.8631063,-0.30697155,0.19748402,0.40907717
7.663377,-0.42336273,0.9788935,0.39825654
7.88098,-0.5490326,0.63260365,0.7471763
7.829129,-0.5693635,0.85903084,0.6735965
7.7273383,-0.59553504,1.1256382,0.89410055
7.9003005,-0.59132046,1.200069,0.7038229
7.803815,-0.5730748,1.1337733,0.7308413
7.8723354,-0.53057194,0.7998524,0.67317456
7.90267,-0.51979715,0.96099555,0.5943009
7.9963264,-0.49656576,0.6418041,0.55068207
7.9294825,-0.58325773,0.86979103,0.6045997
7.873321,-0.6194282,0.9292648,0.8009323
7.9058056,-0.53285635,0.69061565,0.66360384
7.635037,-0.5316918,1.1759899,0.67208624
7.6891136,-0.4163546,1.053174,0.47425538
7.8575873,-0.51184505,0.8951441,0.58023566
7.86576,-0.4513551,0.593071,0.5096694
7.753898,-0.40408862,0.5113872,0.4872976
7.946309,-0.4314742,0.23414445,0.50137734
7.7654667,-0.4353389,0.4724673,0.51837105
7.7690954,-0.4905548,0.6571307,0.54460925
7.7417445,-0.3850429,0.6201651,0.5368018
7.780908,-0.46680945,0.47051096,0.59928864
7.9091864,-0.53472936,0.69189906,0.655189
7.9580393,-0.5273292,0.56828785,0.6225646
7.8786764,-0.53974044,0.8016391,0.6502913
7.705304,-0.50224936,0.8588698,0.6905658
7.7589273,-0.5318522,1.0274744,0.7150909
7.8567877,-0.528777,0.498374,0.6366454
7.8516626,-0.40861243,0.2965144,0.5206504
7.9706726,-0.42841655,0.29547846,0.51112145
7.936559,-0.37212855,0.08078873,0.46825087
7.900875,-0.3243782,0.3967662,0.4205904
7.987306,-0.45796007,0.15806961,0.6135368
7.965453,-0.4498161,0.1522721,0.56735295
7.7094145,-0.4253875,0.6861894,0.5004463
7.614915,-0.4289592,0.7706921,0.5184026
7.929462,-0.36277026,-0.081748426,0.48674113
7.9997973,-0.45910382,0.19564283,0.5135187
7.9441495,-0.50035584,0.19015074,0.6295112
7.984543,-0.52548516,0.46834636,0.7004592
7.999069,-0.56137085,0.5431917,0.7666393
7.732959,-0.5789368,1.2762744,0.695947
7.6648645,-0.50498533,1.0581231,0.6751444
7.665486,-0.5067029,1.0348363,0.67626107
7.6708307,-0.5231612,1.0227468,0.597092
7.574255,-0.4817565,1.2924871,0.5354505
7.2851553,-0.43442917,1.5000727,0.4992305
7.29031,-0.36059022,1.3106453,0.38450843
7.1673307,-0.3775428,1.4716549,0.48001164
7.1723723,-0.3079782,1.3163683,0.36065027
7.302073,-0.2888353,1.1454251,0.33812833
7.2054534,-0.2939952,1.3693762,0.32163823
6.890373,-0.19257993,1.5820775,0.30148906
6.945119,-0.25165212,1.5629191,0.34437713
6.8199377,-0.20165384,1.5931947,0.3701138
7.0554624,-0.28651744,1.4721007,0.40917993
7.3427896,-0.36454517,1.5640357,0.41447526
7.438973,-0.39987206,1.2182431,0.46126753
7.594805,-0.2580663,0.6405252,0.325714
7.5516667,-0.25231254,0.5342617,0.35409302
7.648853,-0.27295804,0.5741739,0.3443349
7.7848377,-0.41748255,0.33468235,0.5086245
7.8793163,-0.3968451,0.4679762,0.49944967
7.7955585,-0.4483685,0.5321032,0.61422557
7.9270062,-0.42221063,0.18839562,0.5146613
7.905612,-0.40888935,0.30644655,0.49806017
7.895343,-0.28322488,0.10872316,0.38617033
7.8435354,-0.39729685,0.3471508,0.47695065
7.837542,-0.49218917,0.4178481,0.57303566
7.742973,-0.4473523,0.7554922,0.5300754
7.7916126,-0.47168553,0.70506346,0.6430254
7.8219166,-0.48708934,0.8821497,0.6148109
7.9083695,-0.44784367,0.49655616,0.56278014
7.9448996,-0.45923126,0.35402572,0.57748085
7.8360023,-0.38746482,0.4655367,0.46956646
7.7913647,-0.36893368,0.4594698,0.42821157
7.7659388,-0.39579397,0.648294,0.48561168
7.793861,-0.3801797,0.7417176,0.43190375
7.8377776,-0.39926517,0.43834686,0.50446075
7.874236,-0.35705352,0.2864349,0.4500788
7.841963,-0.39558923,0.8236387,0.45169497
7.676196,-0.4160632,0.9447861,0.46545613
7.7197933,-0.4859776,1.0793109,0.6519485
7.4598675,-0.4083799,1.3221955,0.47756946
7.556132,-0.44434214,1.1990862,0.54240674
7.709956,-0.41385263,0.80652213,0.5090065
7.5404844,-0.36745054,0.96370506,0.42211783
7.5065784,-0.36788863,1.0975201,0.41886988
7.563274,-0.3275978,0.9114791,0.40207165
7.6394296,-0.4254607,1.0396855,0.45031416
7.510103,-0.41216153,1.1041634,0.5274363
7.6416993,-0.3378809,0.7595179,0.46400088
7.655122,-0.45271975,1.0379286,0.5461161
7.6092606,-0.42410725,0.9634781,0.554583
7.543523,-0.44603336,1.2542148,0.5021237
7.585585,-0.4152966,1.2385161,0.50774103
7.5406275,-0.43398935,1.1604266,0.5331966
7.5060062,-0.39205205,1.0529366,0.4938895
7.7047844,-0.40888977,0.8357847,0.52244574
7.7686157,-0.39193374,0.5387536,0.44008404
7.854398,-0.40480608,0.50449705,0.487836
7.6634474,-0.33639467,0.5923853,0.48414737
7.727463,-0.32800454,0.4945054,0.42298663
7.75679,-0.36784708,0.55020905,0.42513055
7.8635,-0.39972335,0.4783311,0.49161434
7.6066437,-0.40661198,0.96818256,0.48050165
7.5552635,-0.40884513,0.91306496,0.48148483
7.646889,-0.46504742,0.97788405,0.5941232
7.7512445,-0.49961895,0.9785143,0.64348143
7.61913,-0.45459175,1.0536804,0.46612638
7.986758,-0.49487203,0.36527026,0.6013065
7.943254,-0.6134794,0.9779241,0.7319897
7.992445,-0.6061915,0.77286506,0.69586253
7.825056,-0.61607957,1.2695203,0.8046109
7.8424525,-0.56905794,0.9124913,0.6502275
7.970399,-0.58799016,0.7626343,0.79404503
7.996785,-0.5572653,0.46497047,0.7469469
7.95662,-0.50856864,0.3392092,0.65941805
7.8854647,-0.5361401,1.0286381,0.6416221
7.7302694,-0.6219804,1.200697,0.79101706
7.984313,-0.6651814,1.0003161,0.92534965
7.886135,-0.64948106,0.9750768,0.92739475
7.878027,-0.65790975,1.1061702,0.99621737
7.9428177,-0.5884994,0.95394945,0.7699474
7.9342766,-0.64979273,1.1878626,0.78805625
7.996868,-0.60256374,0.87838984,0.77141255
7.8613796,-0.6039946,0.9892174,0.82108945
7.9484587,-0.5619296,0.47735155,0.7213283
7.990144,-0.5664844,0.633515,0.69245374
7.9454346,-0.5398044,0.65315866,0.7618512
7.767631,-0.49322492,0.87660336,0.6008834
7.704425,-0.46071416,0.8382654,0.5883952
7.743881,-0.4810704,1.0743248,0.54720795
7.4864655,-0.10166252,0.48900235,0.22437546
7.511548,-0.13113052,0.5059979,0.24166775
7.2838335,-0.025259852,0.47975564,0.2302108
7.3166885,-0.12674046,0.80383015,0.25390726
7.251036,-0.17530811,0.87484527,0.29675645
7.3376217,-0.2294991,1.1535323,0.3154411
7.269125,-0.26997936,1.1183863,0.3506242
7.1848993,-0.44655305,1.6778502,0.48116332
7.465068,-0.39669,1.1228139,0.43449354
7.591403,-0.44945127,1.0412488,0.53862953
7.7250133,-0.38769978,0.8601105,0.5059412
7.673402,-0.39600867,0.89380646,0.47174472
7.5406246,-0.45466948,1.3607669,0.48483205
7.313185,-0.46281356,1.4604175,0.5178986
7.332451,-0.3798623,1.4935381,0.4332471
7.4380703,-0.38170874,1.181684,0.5002648
7.435294,-0.39529276,1.167228,0.47296554
7.5023737,-0.40581793,1.1745019,0.51203156
7.4336696,-0.4328519,1.207664,0.512076
7.3983793,-0.44356358,1.5179896,0.49405456
7.3384356,-0.4001745,1.467159,0.47037017
7.3317976,-0.4386717,1.4263601,0.53810376
7.5070624,-0.42445683,1.2545414,0.51565623
7.522805,-0.42297703,1.1917357,0.48219317
7.5528326,-0.43844426,0.86480117,0.51197106
7.647236,-0.4053691,0.8432009,0.4190456
7.653468,-0.38892972,0.6854125,0.5817371
7.7493086,-0.5077443,0.98373246,0.55287933
7.8994894,-0.44205403,0.7310165,0.5166393
7.8485126,-0.43425703,0.53319,0.5800715
7.9154854,-0.45181447,0.30078447,0.58428496
7.972416,-0.53004855,0.6544559,0.5676757
7.829409,-0.3959452,0.63305664,0.4649307
7.73673,-0.2917493,0.28891742,0.41104186
7.8006573,-0.2531278,0.022199154,0.380293
7.649622,-0.30223852,0.4766457,0.3964256
7.523468,-0.28343767,0.7702749,0.38755405
7.381012,-0.23034602,0.98758304,0.3285921
7.2645984,-0.21803921,0.9268062,0.34343022
7.022063,-0.1237756,1.1793787,0.24719761
6.94531,-0.13370371,1.3963747,0.25279284
7.068054,-0.1488722,1.1403875,0.24483937
7.058912,-0.11796564,1.1388597,0.23774397
7.0654917,-0.040914714,0.93867457,0.22525468
7.2238607,-0.1430676,0.87579966,0.29341576
7.2546444,-0.10424042,0.7321931,0.30638567
7.4262385,-0.21448004,0.6870748,0.30127153
7.326878,-0.2259506,0.92625,0.3426061
7.4859033,-0.21440178,0.51414704,0.3246268
7.6272798,-0.16678,0.6503291,0.30036217
7.456504,-0.12917435,0.83345103,0.21554786
7.548849,-0.059648752,0.40921867,0.22894734
7.7368827,-0.17171532,0.25435352,0.27154037
7.806163,-0.18549758,0.200706,0.34348184
7.9571896,-0.22743893,-0.06773722,0.38626868
7.9002438,-0.46492767,0.33785272,0.5073355
7.916417,-0.4425019,0.73868835,0.54649526
7.4650545,-0.392848,1.0657964,0.522481
7.5742874,-0.42864728,1.0581369,0.49110156
7.741091,-0.43237758,0.7543647,0.4457181
7.64272,-0.39213616,0.618981,0.52422065
7.663521,-0.39240676,0.6975076,0.50544614
7.751464,-0.42408633,0.64618075,0.49839503
7.8461847,-0.46582454,0.8805976,0.5708533
7.563484,-0.40794635,1.0482118,0.519025
7.673719,-0.4239723,0.8462331,0.4542482
7.8370667,-0.37209475,0.17501128,0.47667873
7.9418406,-0.35570997,0.10942423,0.4208544
7.7743034,-0.3068751,0.25779295,0.42818677
7.732165,-0.44579428,0.6097715,0.4934699
7.632701,-0.38943994,0.8261323,0.5122561
7.5908856,-0.4619941,1.1847105,0.5350254
7.511703,-0.40663528,0.99828315,0.5815572
7.7776904,-0.37531668,0.49832368,0.4981464
7.7485356,-0.4332686,0.5263039,0.5994602
7.585205,-0.40691996,0.9179418,0.48562223
7.723151,-0.37527156,0.83907306,0.41170537
7.674448,-0.46829933,0.8419477,0.6567964
7.926544,-0.40875554,0.47838378,0.50772554
7.7939706,-0.4989621,0.8269752,0.5529007
7.743573,-0.49980158,0.85016775,0.5915603
7.8136888,-0.5721825,0.69987273,0.7586013
7.8906565,-0.48304987,0.9753357,0.64741886
7.5183935,-0.45179123,1.1685555,0.56685346
7.5831385,-0.4678687,1.0971029,0.5433193
7.5980926,-0.432231,1.2239263,0.49155343
7.172463,-0.3569113,1.3665264,0.4082144
7.400422,-0.31139702,1.1656265,0.33380014
7.396345,-0.31845838,1.0884831,0.42120448
7.389786,-0.33389825,1.1850512,0.38577706
7.420554,-0.29763472,1.2746701,0.33911294
7.454619,-0.43264687,1.4101686,0.5468542
7.555338,-0.53954935,1.4518945,0.58918285
7.7650204,-0.54901147,1.0608554,0.6931513
7.764472,-0.5467548,1.0451922,0.6962626
7.5422287,-0.49797982,1.2490163,0.6277352
7.5274425,-0.5697253,1.5154934,0.7507576
7.7492743,-0.47708076,1.0371442,0.5318222
7.502248,-0.44301754,1.2221584,0.5966875
7.40701,-0.41066283,1.0552747,0.49618143
7.5143,-0.35115123,0.9029275,0.49127996
7.51594,-0.3808713,1.161366,0.4989758
7.4113564,-0.23795223,0.87265897,0.3314274
7.454105,-0.25204885,0.7528776,0.3899401
7.4223104,-0.3109122,0.9185766,0.42144763
7.5478745,-0.26425683,0.8683299,0.36791062
7.4628687,-0.37237144,1.0638628,0.42985502
7.5786643,-0.39542383,0.88306415,0.41571215
7.6250753,-0.3995304,0.739532,0.52835125
7.8200283,-0.45585978,0.8534496,0.52471155
7.9698553,-0.4646449,0.56214607,0.5307537
7.9488244,-0.47827214,0.2550832,0.6454123
7.899909,-0.5122435,0.7709149,0.6041152
7.891143,-0.51438636,0.68877125,0.60914826
7.967285,-0.5634221,0.81354904,0.63459605
7.9994144,-0.6144681,0.85875547,0.7361628
7.996483,-0.47115695,0.36956656,0.55980706
7.954467,-0.5089401,0.5265571,0.62359166
7.636674,-0.5079917,1.1381419,0.62603277
7.8497324,-0.46281135,0.6451409,0.53254265
7.8023267,-0.34700245,0.49154174,0.38453645
7.8594017,-0.41071868,0.4621867,0.4678735
7.9227076,-0.48670495,0.45730317,0.52991706
7.8771744,-0.5794945,1.0723405,0.6535714
7.969145,-0.5132061,0.4000442,0.62135184
7.7693343,-0.51161754,0.8973714,0.6626521
7.67797,-0.5184649,1.1821175,0.6139721
7.550557,-0.4244684,1.0002162,0.50016326
7.775332,-0.46172553,0.9419079,0.5617219
7.7640514,-0.46569788,0.95897174,0.47032195
7.739857,-0.39725912,0.60412407,0.44644958
7.422988,-0.22878623,0.9221307,0.35036612
7.381937,-0.23699272,1.0481813,0.2599314
7.2853403,-0.19853115,0.9528482,0.2833948
7.473772,-0.24405277,0.95601666,0.318671
7.3064804,-0.25476146,0.9711287,0.34720698
7.4656773,-0.2621112,0.71391416,0.36679345
7.282734,-0.24538076,0.9940282,0.4359445
7.481372,-0.34532958,1.0181615,0.4518593
7.7184153,-0.38016498,1.0004063,0.40607145
7.5373297,-0.36820793,0.91703653,0.43107432
7.4610853,-0.34143156,0.84887123,0.5259665
7.525515,-0.39475793,0.89621484,0.5240792
7.4116797,-0.37248957,1.0833802,0.45014292
7.249446,-0.3614021,1.4585185,0.4282964
7.5922465,-0.49568117,0.84698594,0.6278643
7.583729,-0.47140342,1.0542402,0.6147765
7.54601,-0.48504364,1.1531932,0.54273546
7.4566565,-0.42914653,1.0789514,0.5855879
7.4012613,-0.30993593,0.9764292,0.4485703
7.493099,-0.3723846,1.0022063,0.46763486
7.554176,-0.40206134,1.2758062,0.49647117
7.361313,-0.3158236,1.1140246,0.3937236
7.4162564,-0.27024496,0.82024884,0.38699922
7.5988164,-0.22253406,0.41060615,0.32707256
7.758699,-0.18779516,0.29506242,0.33149725
7.7158766,-0.09809363,-0.024526834,0.25703853
7.661354,-0.05004567,0.05581212,0.22988896
7.595798,-0.07647097,0.044781685,0.2565023
7.533477,-0.012485564,0.13637614,0.22940284
7.644297,-0.0006893873,0.10181451,0.20160545
7.6443453,-0.11721271,0.100204945,0.26704183
7.632455,-0.084029615,0.11436534,0.25525704
7.663724,-0.082886755,0.15852702,0.25667283
7.4745827,-0.06436169,0.28763735,0.22678941
7.1849985,-0.124769926,0.9150171,0.25839904
7.2042627,-0.1447385,0.9433745,0.2955772
7.13624,-0.12107581,1.0325551,0.27013576
7.2132645,-0.13184363,0.82108283,0.29375857
7.158414,-0.17442954,0.96862864,0.30220053
7.196123,-0.14213926,1.0764723,0.28822553
7.2302227,-0.19049913,1.0500913,0.30353492
7.460169,-0.26338816,0.7136438,0.37311772
7.405558,-0.37334275,1.1154673,0.45740014
7.2213764,-0.3638264,1.3177371,0.48766077
7.5342655,-0.39554012,1.1336923,0.4328406
7.3668404,-0.41411984,1.3071456,0.45576614
7.578801,-0.44690377,1.2917213,0.539891
7.716263,-0.44428027,0.80789876,0.56607115
7.6804304,-0.41865486,0.84406066,0.45164895
7.764262,-0.3983401,0.5368725,0.50096595
7.5244465,-0.42963207,0.9815434,0.51544523
7.615674,-0.39179277,1.1928439,0.43713707
7.374016,-0.33499223,1.1542096,0.41022587
7.4939456,-0.40139788,1.2337542,0.5055159
7.115305,-0.31706405,1.4407926,0.4192065
7.2809973,-0.37528604,1.402288,0.4144646
7.352278,-0.37559223,1.3808057,0.41768745
7.2645874,-0.44255614,1.5951087,0.48753643
7.448588,-0.45462906,1.2031894,0.5734843
7.3839297,-0.42646217,1.3952689,0.5547321
7.4432373,-0.47168553,1.3681796,0.56493556
7.538459,-0.45287275,0.9486263,0.62980163
7.7010956,-0.3932898,0.912889,0.48777735
7.7552376,-0.49388355,0.8351736,0.5792516
7.9021497,-0.4941215,0.28591585,0.63847834
7.8212776,-0.46215332,0.8050864,0.53332204
7.7856693,-0.4911878,0.852592,0.5970136
7.7742243,-0.51320624,0.995404,0.6010166
7.6466084,-0.5198128,1.214045,0.6122224
7.472928,-0.44067985,1.3177321,0.5392949
7.2923913,-0.4062652,1.2856569,0.54421514
7.644815,-0.46313584,0.81504977,0.5127062
7.3176765,-0.4182362,1.4323828,0.49212414
7.4347296,-0.43011904,1.5468886,0.5285563
7.20146,-0.4039958,1.6496627,0.46801925
7.4533486,-0.36728626,0.8383163,0.47585005
7.7046394,-0.46592677,0.98913944,0.50847715
7.5402775,-0.47942996,1.1066804,0.6385569
7.511447,-0.50092435,1.2183428,0.6393536
7.4307303,-0.48794132,1.456809,0.5817804
7.597497,-0.47908086,1.1599157,0.61465114
7.6748905,-0.48657852,1.0290706,0.5472996
7.8417854,-0.59831715,1.1340551,0.71069616
7.9461875,-0.6268986,0.9458833,0.8650151
7.893001,-0.58556855,0.6934184,0.75496876
7.768178,-0.41543233,0.53974676,0.5661203
7.803634,-0.4074483,0.7546663,0.4423471
7.5871263,-0.3758921,1.0198536,0.4517442
7.734981,-0.3678813,0.60023487,0.44530404
7.838208,-0.3108406,-0.014598608,0.46526635
7.855696,-0.3883314,0.14974093,0.513679
7.9635396,-0.35922682,0.15025294,0.4760248
7.9107475,-0.32229102,0.17131877,0.4318855
7.8652177,-0.35546678,0.4730953,0.39518416
7.680463,-0.30540222,0.52013636,0.35991156
7.436432,-0.26361847,0.68933225,0.407798
7.87979,-0.38714474,0.33390856,0.5077466
7.6371846,-0.4207723,1.0627642,0.46362573
7.6209865,-0.39840466,0.8091004,0.4748668
7.3573446,-0.35465008,1.3235135,0.41407084
6.9713426,-0.22960198,1.477222,0.34668374
6.8523006,-0.21660519,1.4920733,0.37871906
6.794325,-0.16918439,1.641792,0.26424986
6.5241346,-0.15197897,1.8662131,0.23890504
6.738872,-0.18867719,1.730962,0.30636534
7.168577,-0.3076874,1.4978962,0.31763127
7.004668,-0.26837432,1.4308972,0.3263951
7.0644245,-0.25574392,1.4204538,0.31487417
6.865409,-0.17981887,1.4448948,0.31019568
6.916,-0.07721192,1.2482169,0.2078891
7.0076227,-0.048178077,1.0757828,0.22046237
6.9380646,-0.10518205,1.2300286,0.22652392
6.731228,-0.1123302,1.6169753,0.2509582
6.722415,-0.18828183,1.6946204,0.2875626
7.0775833,-0.24265385,1.3099403,0.31734145
6.956968,-0.28388834,1.5948644,0.37188357
7.1849866,-0.33335525,1.2914765,0.38745162
7.19582,-0.26855153,1.3842032,0.36369163
7.3944235,-0.2506922,0.89204717,0.3327307
7.9344664,-0.35355407,0.08903289,0.4630499
7.987269,-0.46960407,0.5593426,0.50952405
7.9749804,-0.45774418,0.41039467,0.5491968
7.998023,-0.46698672,0.4703741,0.54114324
7.8996553,-0.3498453,0.21362638,0.46377897
7.97176,-0.44744354,0.36079824,0.5207862
7.9263587,-0.5378072,0.46882558,0.76475406
7.9860883,-0.5986633,0.5602386,0.8684813
7.8983364,-0.60179245,1.0483203,0.6564467
7.9750795,-0.6267476,0.8853476,0.8084568
7.850701,-0.5092038,0.5867362,0.692398
7.96093,-0.42876357,0.373016,0.49178892
7.9760528,-0.5045445,0.18725395,0.6270247
7.9161606,-0.5438527,0.7741085,0.69279957
7.920955,-0.51972294,0.53285134,0.6134381
7.962712,-0.5015359,0.41235292,0.55238134
7.989396,-0.48208058,0.07040107,0.6813047
7.883927,-0.57436335,0.77080834,0.7417831
7.9486785,-0.59731424,0.986907,0.6715208
7.932002,-0.6012666,1.013138,0.67894906
7.9740195,-0.6009724,0.69282544,0.8184639
7.92485,-0.6294886,1.276094,0.75395805
7.9031343,-0.7056902,1.3664808,0.9345013
7.8898315,-0.6332879,0.9768492,0.9323968
7.9695463,-0.65233946,0.8682363,0.8496624
7.9701104,-0.5776456,0.85592246,0.69781476
7.9068375,-0.5996046,0.9433379,0.825429
7.9589195,-0.56386125,0.53934073,0.74110955
7.9283047,-0.49338096,0.31337905,0.5909392
7.753007,-0.38228655,0.355407,0.57253605
7.667501,-0.34805238,0.75737166,0.42738736
7.74422,-0.36210185,0.7028518,0.4299534
7.689456,-0.30528057,0.34442306,0.39497048
7.8013434,-0.39303124,0.5531652,0.5084661
7.657668,-0.49091184,0.99478745,0.54427266
7.623747,-0.44219232,1.1491218,0.52195156
7.4722147,-0.4238236,1.1814108,0.50556004
7.5110235,-0.42821532,1.2491853,0.51797134
7.446078,-0.42955494,1.2735898,0.4565093
7.4697847,-0.39122927,1.1468503,0.49289936
7.8783903,-0.40338463,0.32294238,0.4526705
7.779665,-0.36465645,0.3122635,0.46125323
7.6158295,-0.3890773,0.76582694,0.49892777
7.708277,-0.37816578,0.43099356,0.5078466
7.7932944,-0.4308151,0.6619406,0.54027843
7.7285366,-0.5087528,1.1121843,0.66993994
7.495759,-0.52959013,1.4797072,0.6093523
7.82199,-0.50626653,0.9995407,0.61156076
7.6427407,-0.51821244,1.3679144,0.67075056
7.4594507,-0.43731838,1.3173087,0.5733616
7.297456,-0.41227633,1.4346159,0.5475374
7.423794,-0.41177315,1.513556,0.4652112
7.541945,-0.36575168,0.9137776,0.43485022
7.6028204,-0.31384265,0.6762967,0.425546
7.5401354,-0.37484407,0.8120458,0.5125623
7.7393,-0.45055258,0.6752887,0.5392486
7.6934767,-0.46744865,0.9584836,0.5693705
7.7632957,-0.5517299,1.0797238,0.6780459
7.891749,-0.55841947,0.8098321,0.60238737
7.8359694,-0.5593645,0.9941273,0.81082433
7.7572417,-0.55041456,0.9958085,0.6974441
7.9347095,-0.57827747,0.79144907,0.6234157
7.8618774,-0.5470171,0.747084,0.70766085
7.9392233,-0.47157264,0.69518995,0.5473764
7.801766,-0.45908898,0.56412196,0.5799253
7.542629,-0.34105122,0.88665223,0.45947772
7.5225415,-0.37755805,0.8326249,0.44735378
7.3968616,-0.34605652,1.0562634,0.4335224
7.5172276,-0.3657298,0.83552456,0.4914186
7.544426,-0.37148035,1.1971731,0.47790635
7.430009,-0.42972666,1.4504786,0.5001875
7.2194633,-0.34168386,1.268168,0.41705918
7.3712935,-0.4000609,1.3415375,0.50543576
7.3377867,-0.38352847,1.3515439,0.45173675
7.2678585,-0.47882718,1.8367345,0.5764742
7.375161,-0.52542615,1.8137069,0.50109565
7.3205395,-0.44494247,1.6557515,0.5190042
7.6902475,-0.62527597,1.456608,0.7547747
7.884543,-0.7300122,1.5385876,0.9717668
7.922224,-0.7059222,1.2992134,0.99811435
7.9049635,-0.6807858,1.2590392,0.8930703
7.9476337,-0.6125599,1.0056763,0.74434334
7.8033543,-0.6068973,1.1238523,0.84912235
7.7997136,-0.617985,1.2588785,0.74596894
7.8724704,-0.64129287,1.1853526,0.79020256
7.8648815,-0.63035417,1.1964793,0.6700899
7.8340206,-0.58341134,0.9538977,0.71895236
7.9317966,-0.6039784,0.91429925,0.72713
7.8520284,-0.66285664,1.3286333,0.9486272
7.7228794,-0.64694524,1.4439123,0.8371874
7.9712887,-0.6725424,1.1889687,0.8233274
7.9962654,-0.61221784,0.6218889,0.81663746
7.897787,-0.5231031,0.66216946,0.64129996
7.946374,-0.628206,0.82011604,0.7480219
7.7990694,-0.6052462,1.2830694,0.833316
7.9265184,-0.6257762,0.9837761,0.88262975
7.973839,-0.62472117,0.886945,0.8120661
7.930045,-0.6552348,0.77998877,0.8506168
7.942021,-0.62448037,0.71229005,0.92493945
7.8979445,-0.64752716,1.1274695,0.8375599
7.8331814,-0.6365156,1.1326628,0.8698114
7.9291983,-0.6586236,1.0826712,0.9364892
7.854023,-0.62328637,1.2231834,0.7139771
7.942335,-0.56756014,0.8032119,0.7273583
7.724559,-0.6295763,1.1944337,0.882247
7.9590573,-0.6671668,1.1985948,0.85358727
7.9439874,-0.6874511,1.488049,0.93246984
7.8683505,-0.6719363,1.583478,0.7981287
7.985375,-0.5994352,0.90834904,0.6907207
7.944839,-0.5770278,1.1302316,0.6546876
7.9472256,-0.6031623,0.96268606,0.75519717
7.9165936,-0.59874237,0.9529793,0.83628434
7.967871,-0.55889523,0.70904183,0.7456851
7.873039,-0.52206814,0.6362786,0.67473584
7.99732,-0.59535044,0.6045301,0.7125716
7.859267,-0.6472542,1.145812,0.79394567
7.576545,-0.47348917,1.3887227,0.52160066
7.662564,-0.47530043,0.8467599,0.60805315
7.8789096,-0.43399942,0.46532702,0.48374873
7.9241123,-0.38030118,0.27208495,0.45513672
7.8973694,-0.33808792,0.25219584,0.42120916
7.795556,-0.23820949,0.21737432,0.33682823
7.637674,-0.13602829,0.26332283,0.26018018
7.563469,-0.1662913,0.3049916,0.30028287
7.3281984,-0.15712321,0.8492124,0.25119144
7.3838434,-0.17344534,0.6996107,0.2743857
7.3152504,-0.14062798,0.64879227,0.2592125
7.5144634,-0.10526329,0.4224528,0.2893166
7.0041776,-0.07434136,1.206739,0.24987805
7.0626183,-0.21784419,1.2068443,0.32232893
7.2295456,-0.2771032,1.229527,0.39802802
7.173414,-0.19962156,1.1902072,0.29826015
7.2279596,-0.1756041,0.997126,0.29137203
7.304864,-0.30368733,1.0039895,0.4069661
7.1300483,-0.26026,1.2892995,0.30574766
7.2850246,-0.22030652,1.0750446,0.31530762
7.152049,-0.26984185,1.1583552,0.3365804
7.518792,-0.35942268,0.9217675,0.38134146
7.579827,-0.32792485,0.94333744,0.43340778
7.7011533,-0.34458774,0.61242855,0.4141814
7.767103,-0.3541959,0.38745344,0.45821446
7.91395,-0.44445372,0.2124964,0.53415024
7.8300557,-0.44429052,0.6566887,0.5461965
7.7889795,-0.44965893,0.6818855,0.52940077
7.739685,-0.42313212,0.6766095,0.5348591
7.962512,-0.39481485,0.34111547,0.44211704
7.8403196,-0.3701275,0.71845365,0.41302064
7.8122416,-0.4135574,0.50135994,0.57687175
7.978409,-0.445764,0.10789776,0.5916382
7.9537992,-0.54997444,0.3953209,0.63891834
7.9995656,-0.6166425,0.86483693,0.7869985
7.8907003,-0.56485415,0.7389988,0.69882363
7.8633785,-0.5688663,0.9553673,0.66156185
7.9883766,-0.51325095,0.40949845,0.6767438
7.917848,-0.59624904,0.71660686,0.76344085
7.8788753,-0.47080797,0.7182635,0.51242435
7.748791,-0.33003497,0.6790731,0.44519702
7.7547207,-0.39079046,0.59074044,0.47375184
7.8078957,-0.49534196,0.90674496,0.5496708
7.4901595,-0.5001681,1.3149564,0.61920667
7.4720798,-0.46194828,1.5156705,0.49980748
7.27166,-0.35876077,1.427464,0.4763301
7.1973543,-0.2858867,1.4744315,0.35197207
7.2030754,-0.30909747,1.2696791,0.43444437
7.252471,-0.3452118,1.3082981,0.42790437
7.453136,-0.3728534,1.1206481,0.44212794
7.4291325,-0.34818673,1.0168917,0.4423166
7.2080684,-0.25634032,1.1935589,0.34886327
7.3925095,-0.21330935,1.0125144,0.35377783
7.295233,-0.12422031,0.79979277,0.2745545
7.3091965,-0.15724069,0.7840686,0.3210192
7.287218,-0.15672934,1.0082521,0.25384867
7.4158125,-0.2658192,0.9041134,0.3474422
7.357507,-0.15810281,0.9955096,0.2838071
6.946848,-0.092122614,1.1170866,0.23908427
6.9749575,-0.026219547,1.0255516,0.21510227
6.999498,-0.058514953,0.92145014,0.20460863
6.7524943,-0.085813224,1.309865,0.23037854
6.6925087,-0.1335578,1.6255674,0.22639859
6.6551785,-0.0876959,1.6008291,0.20260052
6.507634,-0.054085433,1.5441804,0.2207975
6.6592646,-0.11694896,1.7208667,0.21100917
6.551034,-0.10068065,1.6448631,0.23805448
6.8199534,-0.12548572,1.400168,0.25731868
6.742483,-0.111566186,1.5574136,0.2202382
6.594103,-0.029739141,1.401289,0.20459272
6.4019203,-0.029713213,1.6321595,0.25948346
6.505353,-0.05038899,1.6748598,0.20130163
6.60221,-0.07001871,1.6378493,0.20199534
6.4808893,-0.06514174,1.5460627,0.24794735
6.7822847,-0.07807827,1.469924,0.26480693
6.8236837,-0.068792224,1.066432,0.25297046
6.776909,-0.10277569,1.374229,0.22096738
6.6416526,-0.071394265,1.6399107,0.21474066
6.518617,-0.11508429,1.7065868,0.28866708
6.581538,-0.17064941,1.821157,0.28085262
6.498031,-0.117126286,1.7394857,0.23673438
6.4506745,-0.016939402,1.6298244,0.20679997
6.47517,-0.0931322,1.7576022,0.24304736
6.388625,-0.003489077,1.6979141,0.20697235
6.4205294,-0.048237383,1.6621215,0.21581128
6.5018535,-0.13783151,1.7344038,0.23707737
6.426818,-0.093618095,1.8119862,0.2386879
6.4989605,-0.183079,1.9917736,0.2853541
6.5714054,-0.16919571,1.9316266,0.284091
6.52766,-0.21095699,1.9466851,0.3244352
6.457075,-0.19278592,1.9435453,0.306142
6.49187,-0.15660787,1.8641346,0.31081817
6.606992,-0.10625744,1.7339756,0.2697914
6.6871085,-0.18064284,1.6372964,0.2880574
6.782833,-0.059368968,1.5317581,0.21245562
6.892087,-0.22167784,1.4568183,0.2984617
6.9212866,-0.25295252,1.4956312,0.37065977
6.827548,-0.22955191,1.6522033,0.34468266
6.927146,-0.23323172,1.651897,0.30097204
6.9794207,-0.30404502,1.7831585,0.36662167
7.052253,-0.4030822,1.9321575,0.4549119
6.673236,-0.27709877,1.9614754,0.41807276
6.8217506,-0.29798484,1.8838737,0.4378329
7.0506363,-0.2556848,1.3442988,0.39374322
7.1663175,-0.27221054,1.1865673,0.35717875
7.1085114,-0.2745757,1.4086003,0.3125629
6.9824653,-0.3055821,1.5045695,0.36579144
6.8534694,-0.29108554,1.6946347,0.3672384
6.9964876,-0.29531133,1.6551664,0.35664093
7.302046,-0.42485636,1.3835254,0.45083392
7.4490776,-0.33999437,0.9237573,0.49209243
7.1895013,-0.3440475,1.3760495,0.44583368
7.421284,-0.31507844,1.1860116,0.34717867
7.2641087,-0.22620887,0.9151056,0.3226927
7.107439,-0.15758556,0.9176431,0.269973
7.215398,-0.24722916,1.2140088,0.34538484
7.186409,-0.26395047,1.2790318,0.33737326
7.1612263,-0.2619825,1.3055036,0.3354498
7.0879865,-0.23211664,1.3031468,0.31271377
7.003255,-0.23086333,1.3332613,0.34663397
7.161737,-0.21060264,1.1977608,0.33446968
7.1957808,-0.16198409,0.98424506,0.29275265
7.4271526,-0.20560837,0.90478015,0.31308448
7.1737075,-0.18620503,1.0151219,0.31276286
7.2143555,-0.18148309,0.91736424,0.30417296
7.3443933,-0.18524873,0.8456155,0.3233701
7.3340454,-0.18362635,0.8922019,0.29062203
7.3798857,-0.19117129,0.8007121,0.35119605
7.4321895,-0.18490505,0.48205864,0.32491073
7.5367184,-0.20849472,0.7341063,0.33113748
7.8005247,-0.3229,0.56384826,0.3876788
7.771061,-0.4117412,0.6251372,0.51411015
7.7727146,-0.481713,0.9121865,0.5412831
7.7990017,-0.45975196,0.753065,0.65545315
