-0.07690917,-0.2086682,-7.6303205,21.079931,-5.691802
-0.1704462,-0.0033473046,-6.889709,-20.833424,-9.100024
-0.067974314,-0.35263145,20.386686,19.137358,0.05220031
0.4168374,0.40848732,6.4545393,-10.52783,-6.838073
0.27373117,0.2133448,32.41318,12.892957,6.062295
0.04624222,0.13091844,-6.7931337,18.968172,-16.310097
0.18042518,-0.06568584,-13.286279,-8.896035,13.102184
0.2607504,-0.04104849,0.63774467,-7.5454435,10.752915
-0.042474385,-0.5549857,2.8850002,-8.095886,-2.7397013
-0.028111883,-0.035770185,7.326868,11.051036,10.703532
-0.03596445,0.101075254,-2.8949888,-2.8268132,27.273975
0.58402973,0.5013265,-6.522023,-4.285561,8.730819
0.18035628,-0.22020805,10.635607,-7.6576495,-10.692704
-0.02391096,-0.16053854,-10.720212,-11.951231,-1.3827238
0.44249675,0.2734443,-17.155048,-12.185939,-15.8804035
0.012372047,-0.11995095,8.731762,-11.866638,54.218056
0.06770981,0.12618773,37.44893,-8.48256,-12.675278
0.06322929,-0.03185575,-17.664564,-26.769659,7.506761
0.18229403,0.6498753,-6.999152,-4.9455204,-3.709798
0.0510954,-0.5475518,-6.292169,-9.006602,-2.954892
0.28098303,0.1429891,2.7550337,-14.73134,-1.9624289
-0.47461736,1.0075625,3.593585,12.739262,-2.0586433
0.2023666,0.1662459,17.374537,20.28164,-58.13303
-0.13180497,-0.2670231,3.0536933,-23.92625,-2.870893
0.04235701,-0.23655786,-4.064873,14.350301,6.1463685
-0.04030012,-0.05217829,14.389108,3.263501,9.164414
-0.41591844,0.18910986,-21.430273,-0.8448435,-3.4993675
0.08886701,0.17708296,2.2988508,16.60604,13.272594
0.046334226,-0.12884168,-10.138516,4.793524,27.293884
-0.07892298,-0.25062993,4.0718346,1.9867499,-4.234762
-0.2110889,0.13280039,3.8717437,4.2340302,4.4172735
0.042007457,0.29626164,2.298903,9.541451,7.3599424
-0.13806102,-0.056835067,-32.45654,-27.21865,-7.5173016
-0.08000791,0.012426379,6.5331035,-12.305106,-18.1318
0.07996078,0.16173887,3.823236,-4.026888,7.5150213
0.3512545,-0.02828936,19.868315,5.398571,-6.324501
-0.040625308,-0.029075136,8.461703,-8.0183325,25.38469
0.16983575,-0.101096265,4.7052608,0.3592611,3.8236737
0.007969372,0.07940044,8.896698,2.3066535,16.407356
-0.025587823,-0.20690599,-5.107164,31.54439,-21.515467
-0.027394239,0.17211168,-13.222991,-2.994621,-38.993263
-0.040059306,0.044001263,-23.174307,15.145003,-32.266277
0.18327834,-0.087192014,-7.790396,12.531656,-25.959965
-0.35048813,0.0093145035,6.165699,7.7301545,2.6314235
-0.049856268,-0.23204812,3.0014102,-1.7069327,21.114237
-0.3593777,0.076951295,3.6791534,-2.166594,-23.374556
0.16006395,-0.004362697,-11.175035,-22.74345,-20.66721
0.1439563,0.20877032,8.4113455,6.9277506,-10.211906
0.17172861,-0.118591584,3.547666,-24.211845,-13.156128
0.092787154,-0.13215142,1.6990148,29.460993,19.76245
0.019286513,-0.1746656,7.7222753,44.28465,4.142486
0.189319,-0.5999247,-12.425623,31.227598,16.03344
-0.23967752,-0.17442895,13.844235,15.025085,17.27486
0.12748091,0.32047397,10.297652,-9.860284,-6.141525
-0.14744142,-0.021084806,-13.886325,-0.28634715,28.954271
-0.023762695,-0.3269934,-3.3663356,2.556592,10.356181
-0.23350835,0.16586821,4.780453,-6.2832203,-15.048519
-0.15871881,0.29296115,21.918224,-46.61168,0.7686529
0.07891708,-0.27728808,-3.660667,-26.047619,23.833685
-0.06598349,-0.045665912,21.27785,-21.15606,27.336924
0.061863195,0.015412443,-20.776257,20.414366,11.8169155
0.12996654,-0.18360493,-8.339308,4.832112,34.126743
0.64515835,0.0026612782,2.591885,-1.8138617,10.329437
0.061816346,-0.08909651,-4.5784216,-28.19711,37.795597
-0.64363766,-0.24400145,3.02669,-1.0195928,7.1736774
-0.42703885,0.909444,4.4384036,-17.402967,-17.971138
0.14011164,0.16723081,-3.3326032,-4.207222,21.52039
0.14473845,-0.03063978,-12.353217,-12.237544,-1.7648157
0.13190795,-0.26314613,8.656913,-2.0321667,-7.8881025
-0.2156315,0.19395821,-3.2493534,-4.8289433,10.604868
0.3194933,-0.30194604,-4.69264,-5.0592604,4.889626
0.16262564,-0.09761264,-6.9344993,10.508313,-22.406958
0.13130076,0.036265448,7.3997464,-6.6153994,6.327697
0.26681468,0.04096062,-8.288828,12.746475,31.574911
0.16618685,-0.017695215,-15.065127,16.512491,13.266808
0.07102358,0.44358078,7.3883843,19.733267,12.221978
0.072111025,0.3150848,19.256153,17.650127,4.386549
-0.103352286,0.34232467,4.3334394,-4.1035323,-4.0236473
0.10340831,-0.03945885,-23.857306,-3.8175576,-11.980345
-0.08520083,0.016868856,11.772113,-27.58335,-1.8000922
-0.07325446,0.13396844,8.565782,18.265888,2.1207335
0.088513985,-0.047167413,10.401896,21.735884,-33.304657
0.010396408,-0.16295213,-19.855473,0.66539973,9.354937
0.11077706,0.21864998,5.737262,5.0942426,18.810652
-1.0359352,-0.008698081,17.712408,-1.869822,9.423251
0.101596005,0.036189817,-22.28388,-7.818241,21.53583
-0.37172553,-0.27964297,8.667375,14.4296,-3.4383433
-0.0018273899,0.012001701,22.419636,2.5463746,23.045607
1.0085633,-0.16418341,-33.9292,3.4734755,0.82230055
-0.17042011,0.017044513,11.304386,-4.9514585,3.7625468
0.08347832,0.006996158,1.672373,16.276857,-32.488953
0.1215992,0.05558278,8.242647,22.119442,26.279903
-0.24397483,-0.21864133,13.352005,-10.530619,-6.3424582
0.043003775,-0.08614227,10.800444,2.6229465,28.36525
-0.017302591,0.44038647,-7.703846,-13.193262,12.302657
0.39017466,-0.19865724,-9.74885,-1.9497591,7.5235415
0.21936613,0.30444026,-7.2185373,-3.0782115,13.606026
-0.14601034,0.10931948,-26.188038,-8.300576,-23.395447
0.53442067,-0.67411625,-0.3463074,-2.849087,-2.2898922
-0.047061425,0.06061822,-26.296434,3.023865,20.56249
