7.0413933,-0.06682378,-0.11489451,0.23374256
7.000473,-0.059381247,-0.06175238,0.2727935
7.006513,-0.029909194,0.040921926,0.2409174
7.015253,-0.10588443,0.0747689,0.25912344
6.9892893,-0.10554993,0.11511159,0.26791918
7.0082645,-0.08659017,-0.11702669,0.2625761
7.162225,-0.094738245,-0.16845995,0.24982713
7.1551304,-0.077218294,-0.12563616,0.22408794
7.1425962,-0.054414213,-0.2402569,0.24713771
7.202401,-0.078526914,-0.31712794,0.25338516
7.223131,-0.0661239,-0.37884462,0.25777254
7.2254105,-0.103105426,-0.37136912,0.24769172
7.202881,-0.094861805,-0.29617,0.2735644
7.2516646,-0.110850334,-0.22440088,0.26366442
7.1774836,-0.12428409,-0.15547991,0.24045485
7.10429,-0.11645293,-0.080295384,0.28422096
7.0798955,-0.1284383,0.040697098,0.28958333
7.0462637,-0.1248526,0.024950981,0.2818007
7.112212,-0.11824179,-0.06401503,0.27044228
7.0247726,-0.08952862,-0.03440261,0.2688544
7.0832815,-0.05816531,0.042342782,0.22304328
7.1439657,-0.071801305,-0.17222428,0.24913052
7.1080046,-0.095139444,-0.25554115,0.30104855
7.15047,-0.10309094,-0.27661282,0.27992332
7.2109213,-0.10693371,-0.3224945,0.2826179
7.1596327,-0.045823455,-0.32411844,0.2529955
7.1551466,-0.04786873,-0.31437308,0.21782418
7.1876435,-0.011484742,-0.27337456,0.21417287
7.1144605,-0.03861773,-0.26538748,0.2206113
7.101041,-0.03806722,-0.124156,0.2185606
7.0358877,-0.06807047,-0.08799112,0.25607562
7.079193,-0.07254958,-0.08741689,0.24807495
7.1516857,-0.06709671,-0.20927882,0.2836954
7.1265364,-0.15376419,-0.093305886,0.3008514
7.2155194,-0.09663713,-0.22367537,0.27160788
7.1779547,-0.04609561,-0.365705,0.25818014
7.222889,-0.04531288,-0.27357227,0.2289929
7.2323956,-0.06681281,-0.26079977,0.2727615
7.278554,-0.11625677,-0.38495362,0.2484807
7.3970146,-0.13935763,-0.5384069,0.2592891
7.3758044,-0.12087053,-0.43054038,0.24886984
7.3242736,-0.12664461,-0.38858736,0.28297594
7.2133927,-0.106935024,-0.29057693,0.2640461
7.1148367,-0.08340657,-0.23082733,0.2764936
7.136309,-0.11041939,-0.10448748,0.2599497
7.1921263,-0.07589656,-0.31658792,0.26206627
7.2052765,-0.08094144,-0.3586349,0.2666778
7.190118,-0.059383154,-0.29000777,0.24804963
7.2298017,-0.06472963,-0.25795186,0.2504921
7.130042,-0.091383636,-0.04396218,0.2632946
7.1272554,-0.03338635,-0.35793608,0.22020724
7.077024,0.02512896,-0.30742812,0.21086621
7.1201086,0.024701715,-0.40015048,0.2429029
7.1513305,-0.020478725,-0.2956127,0.22333999
7.1729937,-0.022393286,-0.30923527,0.23162392
7.194098,-0.03362316,-0.29371303,0.2127051
7.221608,-0.06373334,-0.3049687,0.23752831
7.2131996,-0.04530555,-0.24060392,0.22559068
7.121274,-0.07142544,-0.15895402,0.22559567
7.094638,-0.066622734,-0.09349704,0.24443619
7.081725,-0.06754571,-0.11815834,0.2623699
7.129881,-0.108202696,-0.02811426,0.22920343
7.1466417,-0.09925991,-0.074248075,0.27347338
6.938782,0.01701057,0.11235237,0.20367928
6.889343,0.013225794,0.1019454,0.20039167
6.9231606,-0.033651114,0.08127165,0.20679547
6.876359,-0.016024053,0.03810036,0.23203285
6.8728147,-0.05683577,0.19687057,0.2055212
6.9861546,-0.051858664,0.15412581,0.20719828
6.9117646,-0.030224502,0.14021146,0.23023751
6.9351826,-0.03393352,0.12874532,0.20616448
6.971731,-0.013849616,-0.020990252,0.20838858
6.8665543,0.0125159025,0.11606741,0.20307773
6.8857203,0.0075371265,0.1732266,0.20231998
6.8326654,-0.0046850443,0.1930461,0.2013267
6.769317,0.022964716,0.17507768,0.21222459
6.819967,0.016234875,0.20608497,0.21850678
6.9472713,-0.029283583,0.12812018,0.2155458
6.8860965,-0.03397256,0.22232258,0.21419686
6.8593407,-0.030517459,0.2487737,0.21169075
6.8262014,-0.021709919,0.24880898,0.21948709
6.8312263,-0.023204207,0.06602645,0.24531978
6.978864,-0.02182585,-0.18009329,0.23460218
7.0308976,-0.13126463,0.15536821,0.22082074
7.055327,-0.12324375,0.044481993,0.24825652
7.062812,-0.09484637,0.121068,0.24097866
7.0815277,-0.067965806,-0.18388516,0.25187123
7.052454,-0.07648313,-0.123788,0.24285674
7.0040803,-0.08149636,-0.0069741607,0.24141537
7.0581393,-0.08716899,-0.068223715,0.2589336
7.0866747,-0.07050562,-0.18519264,0.25564373
7.1977844,-0.039291978,-0.39357883,0.25777397
7.232465,-0.05715877,-0.28575075,0.23763695
7.2162795,-0.03972262,-0.3159486,0.23545608
7.2298856,-0.06587905,-0.362579,0.23226868
7.1996765,-0.024494529,-0.3009209,0.2233487
7.2636333,-0.053115427,-0.3644017,0.23426932
7.225094,-0.05232787,-0.33679467,0.21305713
7.2352314,-0.021015525,-0.28529865,0.22796391
7.1227036,0.0005246401,-0.23513675,0.22265041
7.0821085,-0.007590711,-0.12771237,0.21521196
7.0763636,-0.0051313043,-0.17327112,0.21246842
7.084651,-0.011861086,-0.15239608,0.21730164
7.0687923,0.010961413,-0.06938952,0.2092277
7.0223274,0.0052387714,-0.06590462,0.20847517
7.0687094,0.0070363283,-0.13026226,0.20141383
7.02409,0.0149588585,-0.14355421,0.20967732
7.0652447,-0.01570654,-0.05875492,0.20681432
6.882201,-0.011534691,0.01677525,0.23269954
6.9879766,-0.001637578,-0.031195045,0.21850972
6.9566383,-0.021592319,-0.053095102,0.21789517
6.952254,0.02246654,-0.07554889,0.20984866
7.0159826,0.0116837025,-0.033098698,0.21914718
6.859135,0.024392724,0.124133706,0.21530378
6.9293623,-0.043541133,0.028724313,0.21079034
7.0349092,0.008076072,-0.11079675,0.2157733
6.898248,0.01104784,-0.051784575,0.23029417
6.9306345,0.00874567,-0.05195737,0.20654273
7.0072618,-0.03690648,-0.06522167,0.2167764
6.977271,-0.038786232,0.013971806,0.20673692
6.96268,0.0035072565,-0.031318545,0.20521805
6.8977036,0.035447,0.020502806,0.20278674
6.9338627,-0.0108096,0.020303369,0.20120673
6.971442,-0.030964136,-0.009503484,0.21688396
6.957349,-0.040620685,0.0032281876,0.21564603
6.958673,-0.01034987,-0.040362835,0.22944696
7.383917,-0.17205483,-0.37778968,0.33105284
7.2911806,-0.18137312,-0.41005898,0.37031454
7.4291573,-0.21487999,-0.33800566,0.33826506
7.4395905,-0.23060417,-0.36290765,0.32283142
7.3662024,-0.21279085,-0.44684464,0.35490084
7.406104,-0.21523035,-0.44942474,0.36349472
7.404563,-0.219334,-0.46862942,0.35259748
7.445554,-0.22858381,-0.4984054,0.342474
7.4086733,-0.22796953,-0.46938527,0.3640737
7.382148,-0.2197125,-0.4979471,0.37241113
7.3717303,-0.22588336,-0.47785228,0.3378827
7.4411564,-0.26371253,-0.30498785,0.34284002
7.334943,-0.20525461,-0.36286902,0.38075024
7.272128,-0.14209855,-0.34386182,0.30782062
7.211606,-0.1382823,-0.3818351,0.30470997
7.191656,-0.075537145,-0.38549578,0.25732428
7.158419,-0.067961454,-0.20942903,0.22569212
7.0760174,-0.026176155,-0.2391476,0.23448096
7.072608,-0.019278705,-0.07260883,0.23022766
6.9470387,-0.015739083,-0.054308712,0.21840954
6.9668827,-0.031533897,-0.047470152,0.21708031
6.836489,0.01379621,-0.0084552765,0.21401148
6.8397417,-0.026418328,0.18012369,0.2441742
6.8393803,-0.023021817,0.17264903,0.21847224
6.830925,-0.011497378,0.16906357,0.2295051
6.819151,0.006833911,0.064923525,0.20555063
6.7469625,0.0067698956,0.18799269,0.2064511
6.728569,0.05659437,0.18472624,0.20197612
6.75803,0.054504514,0.2130189,0.2001669
6.7907357,0.06802571,0.09019017,0.204876
6.791607,0.07189286,0.083319664,0.20954847
6.7747965,0.059384704,0.005386114,0.20492932
6.7443295,0.050543666,0.104132056,0.2065028
6.830419,0.04098773,0.1534779,0.21082716
6.8204117,0.0409503,0.03810978,0.20537794
6.9281325,0.03923917,0.030036807,0.20399585
6.920006,0.011203408,-0.06339884,0.23101747
7.0081344,0.02605629,-0.16973054,0.20971954
7.0617695,0.00013434887,-0.17326003,0.21333748
7.067149,-0.02381277,-0.16624337,0.21117526
7.088235,-0.062413037,-0.20279253,0.25792897
7.09265,-0.11263782,-0.09550226,0.27804428
7.0853534,-0.1157794,0.02854228,0.2570578
7.114075,-0.14664036,-0.006064892,0.27922672
7.20623,-0.121958196,-0.12312245,0.26641732
7.1636486,-0.12413585,-0.23565757,0.27735832
7.280858,-0.092018545,-0.2220782,0.24504924
7.3098783,-0.07806337,-0.44674462,0.2780771
7.311206,-0.08680731,-0.36426443,0.25742584
7.3118834,-0.090269625,-0.4579026,0.25270134
7.3211107,-0.09479767,-0.4854691,0.28722954
7.3081493,-0.11454636,-0.42548525,0.259701
7.3071003,-0.10506356,-0.49109817,0.2842881
7.300602,-0.08664948,-0.39487857,0.23811607
7.3333616,-0.07611418,-0.40581727,0.248518
7.2611327,-0.07158345,-0.3569262,0.24804178
7.2248063,-0.102832556,-0.27388102,0.2545548
7.25674,-0.10246992,-0.24863315,0.25728995
7.3459764,-0.055385947,-0.48077852,0.264939
7.2016926,-0.06529987,-0.30898082,0.25840592
7.1721325,-0.037494898,-0.15989113,0.23461124
7.0908556,-0.04066801,-0.21240461,0.22621144
7.1460524,-0.025830567,-0.20765561,0.21973479
7.3048162,-0.20356715,-0.26940858,0.3318677
7.347861,-0.16123575,-0.53369737,0.29355752
7.302414,-0.13699198,-0.5105161,0.3045653
7.3759117,-0.18205667,-0.45454025,0.30430192
7.321124,-0.15185988,-0.5178684,0.29865322
7.3707204,-0.12679243,-0.44291908,0.28571224
7.2568216,-0.15043235,-0.32901227,0.30161124
7.3636417,-0.17297322,-0.34264588,0.28727144
7.3027773,-0.16907161,-0.24013007,0.2865737
7.3613453,-0.2069146,-0.33891374,0.3247694
7.342955,-0.23774081,-0.30340636,0.3282109
7.278532,-0.23463356,-0.23523974,0.34559357
7.232725,-0.21159375,-0.06864905,0.36383966
7.1041536,-0.15494865,-0.08863741,0.35210168
7.1916676,-0.15628773,-0.18700206,0.35030866
7.205575,-0.20525664,-0.16028118,0.33960524
7.2170315,-0.20199722,-0.09958154,0.32214513
7.178295,-0.21901357,-0.020088911,0.3205685
7.0993066,-0.18340802,0.04528618,0.31066215
7.0999656,-0.1556521,0.10830152,0.27053207
7.026654,-0.12476641,-0.07922542,0.29112232
7.1338615,-0.16058993,-0.026199818,0.28972048
7.127877,-0.15698236,-0.087334156,0.29694945
7.0976133,-0.15615141,-0.14825183,0.31186056
7.10507,-0.14069057,-0.11837292,0.30944985
7.052225,-0.13996577,-0.062412143,0.27088428
7.035254,-0.12827802,0.10140693,0.2612901
6.9799743,-0.106754124,0.16257429,0.2571091
6.98695,-0.09830195,0.039305568,0.277444
7.0062776,-0.06941724,0.116352916,0.25779337
7.0240374,-0.109030664,0.016514063,0.22905803
7.0434017,-0.12748134,-0.059885144,0.2953163
7.0251856,-0.12640053,-0.012268484,0.2777027
7.0192833,-0.075152576,-0.044137776,0.2424605
7.063593,-0.07704693,-0.11080372,0.2467793
7.067156,-0.05347675,-0.22933018,0.24696207
7.169076,-0.078146935,-0.20534998,0.24996486
7.159441,-0.09786719,-0.2029407,0.2530521
7.143408,-0.11921656,-0.13305378,0.2591708
7.114126,-0.09165406,-0.11288333,0.2684164
7.0805764,-0.08536917,-0.1711343,0.2629515
7.141881,-0.115462065,-0.042348206,0.25203633
7.110414,-0.097693205,-0.10173118,0.2739958
7.1032543,-0.1018883,-0.16591609,0.2706452
7.139525,-0.09878826,-0.16640759,0.2762528
7.194927,-0.09171158,-0.13842887,0.23995572
7.18019,-0.042390227,-0.22035766,0.21861495
7.224778,0.020141125,-0.48792493,0.20830007
7.34415,0.00063347816,-0.5017989,0.22353414
7.1581225,0.023113847,-0.44576752,0.20019287
7.1577144,0.014264226,-0.14732236,0.20012721
7.099039,0.029190183,-0.39855516,0.22863548
7.143739,0.03542769,-0.2906131,0.20345189
7.0601163,0.0283854,-0.26971573,0.2132792
7.046406,0.0035837889,-0.08605397,0.21038297
7.09674,-0.030505836,-0.21499884,0.21802239
7.1807337,0.013094187,-0.47606808,0.20449838
7.210333,0.05137956,-0.35605776,0.20919223
7.2211633,0.0017883778,-0.24916458,0.20524506
7.222309,-0.09449273,-0.16042769,0.2192626
7.153945,-0.0028334856,-0.15765172,0.20707196
7.102152,-0.006372571,-0.099553585,0.20568147
7.1244507,0.019821167,-0.18697083,0.20297317
7.1503205,-0.081136346,-0.16411042,0.24735087
7.0593114,-0.12283182,-0.056227803,0.2504724
7.2103415,-0.08743292,-0.14685762,0.25213408
7.112577,-0.09100312,-0.14437306,0.24866532
7.073553,-0.034900308,-0.2186259,0.24675365
7.1510158,-0.06646639,-0.2054562,0.24973316
7.158477,-0.061598897,-0.2503314,0.25671637
7.199147,-0.031081378,-0.19588089,0.25029054
7.03224,-0.010837138,-0.16676104,0.2217256
7.021756,-0.028311968,-0.11178517,0.23864666
6.917903,-0.028402328,0.2411201,0.22016399
6.928719,-0.060140252,0.16910863,0.22653407
6.9386635,-0.060211778,0.14017475,0.23148464
6.9241314,-0.0055874586,0.046418667,0.208874
6.9805613,-0.00302881,0.022058845,0.20208338
6.895529,-0.04583025,0.101736665,0.20045505
6.7627726,0.013894916,0.15272272,0.21006186
6.7282276,-0.009137571,0.31011486,0.20813781
6.76886,-0.042802155,0.2651484,0.23149078
6.6990423,-0.0042358637,0.343166,0.22713977
6.676688,0.005642891,0.2754227,0.22787471
6.7345853,0.046382666,0.22705173,0.2032336
6.76791,0.005059719,0.19831347,0.20340137
6.8840036,0.039574385,0.024401903,0.2176791
6.91679,0.030070543,0.03758633,0.21318084
6.888586,0.009149909,-0.00593853,0.20553292
6.9224906,0.024904847,-0.045078516,0.20774831
6.97758,0.029730678,-0.0854404,0.21621606
6.975124,0.0043349266,-0.016828597,0.20043285
7.0040817,-0.015331626,-0.015308738,0.2061162
6.933868,-0.05220276,-0.010372698,0.23512705
7.0256743,-0.038661897,-0.029116869,0.25162825
6.989199,-0.10084927,0.09749651,0.23669124
7.0054436,-0.06696528,0.1218698,0.20969473
6.8870897,-0.02485478,0.09293759,0.20521787
6.90257,0.011531949,0.059077263,0.20650691
6.9031415,-0.038693786,0.17621613,0.22150788
6.945878,-0.019833565,-0.09956974,0.21045153
6.946675,-0.025356948,-0.02561766,0.21359834
6.964574,0.028267145,0.07580662,0.2030084
7.0901136,0.047204256,-0.24305934,0.21283007
6.9437795,-0.023646832,-0.052312374,0.20177518
6.9004116,0.052786946,-0.0862335,0.2103691
6.937769,0.04425192,-0.10023582,0.2081532
6.9619226,0.02889812,-0.002082169,0.21101414
6.8734326,0.0007485151,0.13917303,0.21426779
6.8627453,-0.00042247772,0.07399106,0.20666859
6.927199,-0.037587523,0.12846756,0.22262561
6.9844174,-0.02699989,0.011892796,0.2297453
6.972878,-0.0314129,0.026742697,0.21805999
6.9733496,-0.026577652,0.06912339,0.22643173
6.9012876,0.014533162,0.06363785,0.21840923
6.8904843,-0.042105198,0.050115705,0.22370778
6.913758,-0.020886838,0.10546923,0.23418342
6.888415,-0.032410443,0.15610898,0.22410253
6.890585,-0.05966097,0.21103144,0.22456199
6.8319874,-0.013300836,0.20917869,0.23742001
6.816197,0.008007407,0.16827464,0.21822836
6.773403,-0.005660534,0.1493187,0.23372102
6.793607,-0.008783162,0.3438294,0.23554865
6.9027014,-0.014592171,0.034771204,0.22509873
6.9254866,0.01694417,-0.030289352,0.20587902
6.9124513,0.02785933,-0.06351733,0.21784715
7.245892,-0.08427018,-0.3317144,0.24820665
7.2640467,-0.089886665,-0.35275775,0.2618859
7.2021804,-0.12535793,-0.29371113,0.27373555
7.155474,-0.10625368,-0.21399248,0.25671545
7.2375126,-0.12289667,-0.23109329,0.26757994
7.2015047,-0.08575654,-0.18053687,0.26724875
7.1100664,-0.038600206,-0.20906484,0.22008906
7.1047554,-0.067991376,-0.20802176,0.24866241
7.071599,-0.07813299,-0.043023825,0.2608459
7.0732846,-0.08561927,-0.06571138,0.2758566
7.000757,-0.09383786,-0.02099657,0.27620614
7.0963225,-0.08164704,-0.049963355,0.22733511
7.1211357,-0.09265131,-0.06111473,0.2622596
7.0965476,-0.07957333,-0.08341962,0.24080686
7.1058536,-0.09342605,-0.069860935,0.24189058
7.062629,-0.10588759,-0.04214084,0.25634408
7.004179,-0.09438938,-0.053895473,0.22566107
6.9974627,-0.08330786,-0.016414106,0.27626792
7.0624914,-0.084774494,-0.045561552,0.24614793
7.020501,-0.05174029,-0.19823432,0.24373107
7.080515,-0.03186494,-0.061457753,0.21935196
7.033318,-0.014701366,-0.023412943,0.2084445
7.0530367,-0.011218071,-0.08034682,0.20459764
7.0817432,-0.029041648,-0.0947811,0.20610842
7.018279,-0.082108736,0.055241346,0.21747912
7.0473084,-0.078762114,0.029509664,0.21447074
7.027759,-0.0900566,-0.03852594,0.25515926
7.095948,-0.08826035,-0.07589948,0.25446612
7.0408506,-0.10924834,0.10656655,0.28839833
7.136601,-0.108409524,-0.1182127,0.2654922
7.124819,-0.100084245,-0.12963945,0.25578594
7.112409,-0.09118247,-0.13860393,0.2703781
7.0432944,-0.09179264,-0.092859745,0.2665161
7.1242094,-0.099303305,-0.0842765,0.26939625
7.0236945,-0.10024786,-0.052351713,0.24011692
7.022388,-0.11467856,0.13983536,0.22388208
7.0277987,-0.07503903,0.06641662,0.20661414
7.103725,-0.07048726,-0.02202928,0.2135034
7.1415877,-0.063645184,-0.24938834,0.21537498
7.145996,-0.006406486,-0.2517056,0.21342067
7.139571,-0.0066204667,-0.19958651,0.21300104
7.2257776,0.00167799,-0.34436524,0.22970043
7.1524515,-0.023932576,-0.2875483,0.20649105
7.254307,-0.064778864,-0.3082881,0.25208837
7.264015,-0.047946393,-0.38241124,0.2378565
7.233305,-0.060509503,-0.36805546,0.23751165
7.187355,-0.046164036,-0.36279237,0.24096446
7.19582,-0.07565457,-0.27191055,0.24154755
7.1069813,-0.059622705,-0.2230506,0.26586723
7.111801,-0.0908798,-0.24496192,0.24984473
7.2666397,-0.12293631,-0.25832868,0.274114
7.205357,-0.10132998,-0.17205131,0.28799692
7.1915064,-0.15670556,-0.25286293,0.3156853
7.2270665,-0.14247924,-0.20664549,0.31633908
7.186511,-0.0657894,-0.28534818,0.26422554
7.2552204,-0.06947225,-0.3253343,0.2499284
7.229044,-0.06353748,-0.28338194,0.23923971
7.203155,-0.063204944,-0.19007534,0.22646715
7.2128124,-0.098552585,-0.14208877,0.23557581
7.2085905,-0.062176943,-0.2305963,0.24306895
7.181425,-0.06347507,-0.27548575,0.24929477
7.118151,-0.045206964,-0.21614856,0.24831487
7.105103,-0.037913203,-0.16869974,0.22457382
7.49188,-0.31148612,-0.5144332,0.44355872
7.4951715,-0.32089984,-0.44066936,0.451944
7.500394,-0.32408452,-0.52701545,0.42876995
7.4162374,-0.27673292,-0.5254531,0.4292509
7.4011626,-0.26255208,-0.45927697,0.3979351
7.3818483,-0.24998242,-0.5082335,0.37951976
7.4392486,-0.2736389,-0.47135037,0.3680268
7.4043155,-0.24169552,-0.48127937,0.36034316
7.304651,-0.19158393,-0.5413157,0.35578847
7.484935,-0.18412876,-0.7397985,0.33255538
7.4931417,-0.21466815,-0.7473932,0.3940723
7.5098424,-0.27261716,-0.7328616,0.38919628
7.601774,-0.29540378,-0.77315617,0.4147759
7.5853577,-0.28457516,-0.7663223,0.40119496
7.4504986,-0.2238949,-0.7437913,0.38060194
7.4579215,-0.3103519,-0.47342372,0.4520585
7.4713964,-0.26081657,-0.5420249,0.3448718
7.4309483,-0.24300027,-0.5135705,0.3541398
7.498255,-0.20567888,-0.64552426,0.3574282
7.4865575,-0.24915415,-0.66585517,0.404578
7.4557734,-0.25859362,-0.5515118,0.4176603
7.4505086,-0.26009464,-0.54477197,0.40527093
7.470254,-0.25029826,-0.5720823,0.38058817
7.510159,-0.25574446,-0.58329546,0.37248823
7.3627014,-0.21778679,-0.5291826,0.36081195
7.3230066,-0.20452869,-0.32269287,0.35979068
7.287887,-0.21156573,-0.28393984,0.35458744
7.2983713,-0.19262189,-0.38159108,0.33833134
7.307865,-0.18171322,-0.36903596,0.3346409
7.2716103,-0.22812986,-0.21095157,0.34832948
7.301406,-0.22016698,-0.22862542,0.32022932
7.2769327,-0.22496939,-0.27692574,0.3649659
7.3112764,-0.2099626,-0.23457718,0.30065906
7.3740034,-0.25294065,-0.2630118,0.33941323
7.3485136,-0.25952834,-0.42438436,0.37260562
7.4189835,-0.2777139,-0.23261869,0.37777317
7.3278995,-0.28084219,-0.24162817,0.37741792
7.3620024,-0.30729824,-0.1576196,0.4135349
7.3052516,-0.29915416,-0.08757889,0.40263665
7.3148274,-0.27205282,-0.13100374,0.39214367
7.257107,-0.2065416,-0.20928907,0.3856842
7.330653,-0.22109985,-0.21978998,0.30265814
7.2287273,-0.17246693,-0.22526157,0.36259133
7.311837,-0.17959589,-0.3371529,0.30765665
7.339488,-0.2121681,-0.30007052,0.31091607
7.2150354,-0.10487431,-0.16036928,0.3001781
7.2649474,-0.114641786,-0.3771037,0.29194307
7.2661157,-0.14829373,-0.36775172,0.29485625
7.3111577,-0.15332729,-0.4119122,0.29468027
7.330817,-0.16579396,-0.4425605,0.33625084
7.2022195,-0.1262536,-0.4349208,0.34878024
7.331416,-0.13764101,-0.4308704,0.22929525
7.423382,-0.13662857,-0.66679716,0.31588796
7.36789,-0.13529748,-0.53990114,0.30939597
7.374959,-0.15110224,-0.61631554,0.3272586
7.4254093,-0.17402941,-0.53392446,0.3059548
7.412729,-0.1315642,-0.5261212,0.26052308
7.3339367,-0.15132987,-0.51991606,0.3059158
7.3343654,-0.18020093,-0.32447642,0.31808904
7.2714643,-0.20655161,-0.30133557,0.34013206
7.295553,-0.19084322,-0.32516807,0.3509373
7.2666674,-0.1487127,-0.31678236,0.30644563
7.2655993,-0.10869092,-0.24644828,0.27044252
7.143885,-0.11297387,-0.15652633,0.29498535
7.147689,-0.10439372,-0.13225448,0.24290311
7.1834145,-0.12347555,-0.09413886,0.2753879
7.145339,-0.09456903,-0.10683119,0.26144585
7.0619516,-0.096686006,-0.08015883,0.25312188
7.010338,-0.030258894,-0.028185487,0.21958445
7.0099316,-0.0045675635,-0.12132037,0.21006463
7.026696,0.0069913864,-0.111106455,0.20571792
7.0774555,0.0031368732,-0.13788813,0.20627975
7.1127996,-0.033804357,-0.150841,0.20855546
7.1471233,-0.04382503,-0.1827954,0.20301674
7.091072,0.023097515,-0.17854619,0.20824997
7.071739,0.013908267,-0.21451116,0.20294547
7.088443,0.012143016,-0.297426,0.21922043
7.1027246,0.0044065714,-0.16986859,0.20958129
7.068635,-0.03006208,-0.16498953,0.23646812
7.003681,-0.0156309,-0.11711031,0.23784247
6.964617,-0.006112039,-0.08494794,0.22768947
6.9946775,-0.031986415,-0.052598476,0.23887384
7.086647,-0.065258026,-0.08773005,0.24349385
7.0873213,-0.07082975,-0.1300404,0.24125364
7.0913615,-0.08360648,-0.19366986,0.2782854
7.184497,-0.09344876,-0.28701293,0.24531832
7.279303,-0.14278692,-0.33482462,0.2987926
7.24244,-0.101276934,-0.37482154,0.2998184
7.2236733,-0.14726138,-0.3733847,0.301478
7.275715,-0.1827591,-0.40109503,0.32873887
7.327133,-0.19773996,-0.26867753,0.30113843
7.3157153,-0.21546674,-0.15896672,0.31694755
7.290804,-0.21564102,-0.27127755,0.30354965
7.211003,-0.1388132,-0.2861092,0.2914079
7.249027,-0.14239317,-0.2193383,0.30752778
7.1670194,-0.11469561,-0.25747007,0.26362455
7.01898,-0.099692166,-0.040605187,0.27035773
7.0887976,-0.096720755,-0.14635229,0.28744924
7.142358,-0.12186384,-0.19760591,0.3021552
7.208022,-0.1424725,-0.22984517,0.2992066
7.2293706,-0.14205027,-0.23315912,0.2910313
7.177535,-0.12054813,-0.32848805,0.30896416
7.3144445,-0.1322521,-0.47098595,0.28768325
7.3033032,-0.10669577,-0.42544,0.2826651
7.2878547,-0.12499803,-0.27555138,0.2681259
7.270809,-0.16139013,-0.33795387,0.27818972
7.179001,-0.16021705,-0.16342294,0.28020418
7.2797813,-0.15780628,-0.24671829,0.30405805
7.399197,-0.19076604,-0.40700144,0.32276976
7.2996063,-0.23539501,-0.21754599,0.3290437
7.2718477,-0.21429408,-0.22945821,0.32104638
7.2460785,-0.17138928,-0.19260734,0.27396646
7.2045794,-0.1762687,-0.14435369,0.28825834
7.2384787,-0.15241808,-0.14493823,0.28055668
7.100685,-0.1236974,-0.0057655573,0.29817593
7.098507,-0.083685935,-0.18266582,0.2546724
7.001316,-0.021986187,-0.2344122,0.24059972
7.2181587,-0.051511407,-0.17612219,0.22544001
7.242299,-0.044246376,-0.33030915,0.22170483
7.180936,0.0033749342,-0.27093184,0.20454526
7.1599016,-0.0074905753,-0.31458247,0.21290615
7.161892,-0.011303782,-0.2967434,0.21212375
7.1263447,-0.008584619,-0.22655511,0.23302571
7.181511,-0.053375006,-0.2960003,0.26090825
7.224903,-0.06151247,-0.30335212,0.21962462
7.1573505,0.020439029,-0.2930826,0.20261395
7.085167,-0.0058448315,-0.22580123,0.21167831
7.1811385,0.009259224,-0.26423997,0.2177408
7.1093745,-0.005528569,-0.26945126,0.21799147
7.1114473,-0.029246807,-0.1012342,0.21707231
7.19499,-0.053527534,-0.16127503,0.2231773
7.116822,-0.058054507,-0.2349748,0.25369662
7.14078,-0.037824035,-0.20741129,0.23742415
7.077975,-0.031475842,-0.05817461,0.2214723
7.0005083,-0.013993442,-0.16734266,0.21291174
7.0017376,-0.01382488,0.0665859,0.22258995
7.020591,-0.085166514,0.009178519,0.26041865
7.0132413,-0.07634735,0.099844575,0.22378363
6.9477863,-0.022620797,-0.061553955,0.22771168
7.087832,-0.03117609,-0.08116329,0.2284091
7.0965204,-0.08162475,-0.08938086,0.24302812
7.0520782,-0.042129815,-0.068003714,0.2251729
7.005525,-0.010563076,-0.009242415,0.22064617
6.9088573,-0.0033460855,0.03948617,0.2200916
7.0004835,-0.01237154,-0.015617013,0.21977885
6.9684334,-0.048852146,0.082731485,0.22321603
6.9736857,-0.046945274,0.07710445,0.22226313
7.03275,-0.073596,0.05430913,0.22690491
7.0547285,-0.097839594,-0.013189077,0.24157089
6.9603386,-0.052077413,-0.025583327,0.24554619
7.0381804,-0.037860215,-0.16183239,0.23493095
7.054973,-0.011920452,-0.1556561,0.22548757
7.0521684,-0.008459806,-0.19780481,0.22258542
7.0185738,-0.035126746,-0.07554579,0.23294133
6.942407,-0.0050086975,-0.08368099,0.21581876
6.9361835,0.0058163404,-0.0061192513,0.20713271
6.953835,-0.002711594,-0.006736338,0.20960744
7.025803,-0.043939233,-0.052213192,0.21502092
6.9408245,-0.00797385,0.06281793,0.21569307
6.8503656,0.017269611,0.05441904,0.20974727
6.9169617,0.024497509,0.08936024,0.21178667
6.942342,-0.017790258,0.080135226,0.22031112
6.8804383,-0.003082335,0.07263613,0.21883123
6.858261,-0.047086895,0.14239728,0.22737372
6.922219,-0.050168276,0.09102583,0.23797709
6.9840646,-0.06021869,0.04013896,0.2376341
6.9866886,-0.08085668,0.00013113022,0.24350932
7.0560074,-0.086297035,-0.0022798777,0.23761143
7.063493,-0.0857659,-0.034911692,0.26829457
7.11388,-0.073479295,-0.18817711,0.26119033
7.1144633,-0.06410271,-0.16241747,0.24151795
7.055982,-0.08815867,-0.12321019,0.27169406
7.117832,-0.08145255,-0.09867799,0.25322458
7.206503,-0.057218075,-0.22237253,0.24966547
7.067167,-0.03602147,-0.28184688,0.24341153
7.0978913,-0.029879272,-0.24745274,0.2474607
7.1864395,-0.058064997,-0.21680367,0.22962087
7.2588396,-0.08988732,-0.26892668,0.24260272
7.2379513,-0.078665316,-0.3535056,0.23427452
7.2391505,-0.027482867,-0.36627728,0.21383996
7.2115,-0.036013603,-0.37382847,0.2508435
7.2627726,-0.06773132,-0.37081814,0.21654639
7.033418,-0.030023098,-0.23758662,0.21530312
7.0844154,-0.0059589148,-0.2819698,0.2097421
7.1613197,-0.0066996217,-0.21613145,0.20391019
7.046132,-0.005673766,-0.046288133,0.21760085
7.020218,-0.05071169,-0.040776074,0.21647766
7.04692,-0.005629301,-0.110263884,0.20359007
7.032803,-0.0070978403,-0.0061473846,0.20513341
7.185483,-0.100467324,-0.2523359,0.2396287
7.1136017,-0.11758709,0.035487294,0.28682667
7.0635486,-0.15092641,0.058597326,0.28796017
7.100237,-0.12062585,0.030969024,0.23431107
7.00391,-0.09917593,0.08447325,0.25850028
6.925626,-0.07202858,0.15297055,0.24800016
6.9340754,-0.07539296,0.08757627,0.24820165
6.987767,-0.09392482,0.10769868,0.2558746
7.0345592,-0.09471434,0.014296174,0.26640546
6.9959393,-0.090510964,-0.011764765,0.28580183
7.007151,-0.009455264,-0.013566375,0.2364371
6.8589163,-0.021654427,0.18398881,0.24397483
6.8637195,-0.0018655062,0.18636012,0.20663218
6.8180404,0.0072990656,0.24839294,0.2057134
6.73042,0.021364093,0.28859425,0.21330047
6.7888556,-0.01927948,0.16255367,0.22976758
6.868215,-0.024177551,0.20267177,0.21403609
6.7863274,-0.00067436695,0.2028979,0.22131296
6.8275213,-0.007902682,0.20385528,0.2086838
6.8598256,0.009813428,0.118043184,0.20728256
6.840724,0.0049785376,0.17884195,0.205424
6.9269953,0.015145063,-0.007164359,0.20194797
6.879919,0.0035933256,0.0641489,0.21800041
6.878806,0.005362153,0.0056056976,0.21273692
6.93703,-0.04030025,0.15424585,0.22059233
6.9145164,-0.07346994,0.13692927,0.23861396
6.873864,-0.07472509,0.22970545,0.24519135
7.052251,-0.10240525,0.1604358,0.23995316
6.9182596,-0.071222186,0.10128021,0.25347066
6.9177814,-0.0966475,0.107266665,0.27850342
6.946595,-0.10385442,0.08724499,0.28666174
7.027256,-0.13904756,0.09528124,0.28874886
7.0466194,-0.1039986,0.15372539,0.28194562
7.0521264,-0.13793331,0.005659342,0.28303623
7.0646996,-0.12699127,0.08062184,0.2672276
7.0816627,-0.16531652,0.08113396,0.28378367
6.935649,-0.14001024,0.13289976,0.29283652
7.070693,-0.13019413,-0.057786107,0.26089638
7.1102877,-0.090406,-0.25729018,0.26996094
7.2002544,-0.10984808,-0.1963166,0.25004986
7.2608175,-0.11292827,-0.38557798,0.28544608
7.397564,-0.16842258,-0.41475642,0.3064319
7.327378,-0.120880365,-0.47285718,0.28972465
7.3849344,-0.15536308,-0.51868266,0.34812284
7.391203,-0.19415331,-0.51305085,0.33149552
7.4334803,-0.21517313,-0.5645515,0.33927447
7.428813,-0.23298913,-0.42821717,0.332241
7.406996,-0.27238142,-0.39219588,0.38492548
7.3725386,-0.26343137,-0.3979076,0.3893906
7.391487,-0.28986555,-0.2799573,0.37442738
7.372094,-0.26436073,-0.31875086,0.36490434
7.3380585,-0.286663,-0.16360033,0.37735072
7.3301835,-0.31962115,-0.15386945,0.4526
7.4348297,-0.31336647,-0.16765845,0.41803437
7.363017,-0.33710212,-0.36544383,0.5447
7.466827,-0.3024121,-0.4605384,0.48282868
7.4122434,-0.29003906,-0.49834347,0.4332919
7.435459,-0.2509328,-0.5152385,0.41658467
7.4620643,-0.26740408,-0.61407924,0.41734722
7.478629,-0.3055923,-0.58586156,0.43411463
7.5831957,-0.3595897,-0.5051205,0.46793592
7.4984717,-0.27766365,-0.5791746,0.42130828
7.5472307,-0.29460353,-0.73925984,0.42156962
6.9706535,-0.023964107,-0.038638473,0.22154728
7.021844,-0.03533876,-0.029654264,0.21293692
7.007978,0.01597476,-0.042642474,0.21111767
7.0308967,-0.026061654,-0.10780734,0.21666971
6.9886465,-0.028042436,-0.02246344,0.2104024
6.989407,-0.016798198,-0.02143228,0.20699276
7.004913,0.008218765,-0.08170879,0.20835404
7.0377197,0.0107188225,-0.109068274,0.21200964
7.0786276,-0.015975416,-0.07216847,0.2304083
7.1010637,-0.024301887,-0.17865777,0.22839318
7.122026,0.005555868,-0.19133246,0.20196009
7.082155,0.018645525,-0.15822923,0.20276865
7.1072197,-0.0050904155,-0.18721354,0.213033
7.0299845,-0.030341864,-0.17968929,0.23653398
6.972778,-0.052178502,-0.1013366,0.24410012
6.9638896,-0.020600796,-0.014004469,0.25264528
6.955241,-0.008818269,-0.06528038,0.22234493
6.949855,-0.020993471,0.035054564,0.22062898
6.9408946,-0.03403628,0.07983971,0.22587281
6.934449,-0.036497414,0.10526669,0.21827838
6.9822826,-0.011440635,0.07150054,0.22515924
7.028392,-0.004031539,-0.09260881,0.21901876
7.015656,0.00033390522,-0.08309811,0.20306672
6.9899435,0.010002613,-0.093960345,0.20427537
6.9952536,-0.034333587,-0.06414688,0.21078876
6.9512873,-0.039199412,0.10103512,0.204288
6.9639177,-0.069949806,0.06657231,0.2579856
6.9877176,-0.06828022,-0.03810215,0.24692416
7.026126,-0.022713482,-0.04363352,0.21210665
7.053538,-0.013964713,-0.06449437,0.23193195
7.070084,0.037078023,-0.18829471,0.21011479
7.0789742,-0.030659318,-0.14315778,0.2122389
7.069092,-0.050940216,-0.0620023,0.21814518
7.1229796,-0.096274495,-0.14033198,0.22763166
7.063534,-0.107307196,-0.11385167,0.27902353
7.0864134,-0.06767154,-0.18597126,0.23410536
7.075757,-0.01746887,-0.16687119,0.22075254
7.1134205,-0.026017785,-0.17468071,0.23110163
7.087064,-0.037291527,-0.052024186,0.22097816
6.9770346,-0.039951622,-0.0003285408,0.23773344
6.9779654,-0.060707986,-0.032997668,0.23511794
6.994524,-0.023935497,-0.033385158,0.24189973
7.0055485,-0.025151253,-0.06068051,0.227374
7.0081015,-0.0073307157,-0.077358186,0.23685846
7.082342,0.0009900331,-0.12759328,0.21258613
7.0830116,-0.042681992,-0.06809741,0.2061005
6.936597,0.016584873,0.037166,0.22336684
6.8646364,0.017782569,0.04680109,0.20659943
6.8252077,0.025576472,0.1078136,0.23075841
6.8204536,0.012895465,0.12973666,0.20308581
6.8563128,0.02712214,0.05246198,0.20135127
6.9024196,0.024005175,0.012599945,0.20133005
6.8955517,0.021548867,-0.019863784,0.20588565
6.885023,0.0054894686,0.10837364,0.20554297
6.851797,0.026695013,0.08475077,0.20777175
6.871544,-0.020279467,0.033600688,0.21880685
6.859062,-0.0029129982,0.08806932,0.21246411
6.9379215,-0.023039341,0.056550264,0.21774435
6.9269886,-0.020753324,0.11906719,0.20929547
6.9686046,-0.024500012,0.07660854,0.21138628
7.006544,-0.039840758,0.07431424,0.2231441
6.8829565,0.012653112,-0.03348261,0.22367965
6.9303675,-0.0037350655,0.044320464,0.22355339
7.0902815,-0.08034766,-0.108846545,0.24788755
7.061037,-0.06996614,-0.13289988,0.2707428
7.0493326,-0.070406735,-0.19678175,0.26350805
7.011859,-0.07091671,-0.0039503574,0.24998963
6.9545813,-0.01041007,0.03680849,0.21785337
6.890789,0.023149133,-0.0113297105,0.2045847
6.8933616,0.021691442,0.15834773,0.20486838
6.963541,-0.04638785,0.0726825,0.22768803
6.9202843,-0.047146797,0.043527007,0.23838912
6.9370556,-0.042310536,0.094949484,0.24123728
6.985664,-0.00052696466,-0.013528943,0.21300744
6.961152,-0.0058386326,-0.023568034,0.2176589
6.9618354,-0.040082514,-0.011104584,0.2214385
7.0981207,-0.04783976,-0.0030925274,0.2282751
7.005657,-0.013973236,-0.09025335,0.21920536
7.063284,-0.023170292,-0.19433165,0.2255094
7.0511436,0.0076907873,-0.28108376,0.21649706
7.062066,-0.02184397,-0.21207082,0.21966244
6.9818497,-0.024046361,-0.08394891,0.25212535
6.995695,-0.03403002,-0.18600702,0.23596284
7.2030573,-1.1503696e-05,-0.4437396,0.23434398
7.226367,-0.022104084,-0.3761809,0.23153768
7.1920204,-0.07799077,-0.3375271,0.23496622
7.288781,-0.093563974,-0.39010924,0.25348666
7.3111286,-0.1034382,-0.2052294,0.25553352
7.326676,-0.09583527,-0.5955556,0.28433117
7.2433033,-0.10797918,-0.33181357,0.28480822
7.2632046,-0.0704602,-0.40309447,0.25876838
7.2469254,-0.0945431,-0.3290714,0.26721728
7.1998215,-0.060808003,-0.41362125,0.23068517
7.1583223,0.013547063,-0.35244226,0.20369942
7.2246923,0.019374013,-0.40956724,0.20190333
7.2716985,-0.020772576,-0.5062406,0.21058293
7.1315055,-0.029002786,-0.28719586,0.22924401
7.17661,-0.07606012,-0.3061282,0.24620762
7.143418,-0.028160691,-0.29487813,0.22788034
7.112323,-0.036747217,-0.2221843,0.23111248
7.0018854,-0.033504605,-0.08470583,0.23557416
7.0695715,-0.04059869,-0.0011729002,0.21798727
7.063941,-0.016318679,-0.17679411,0.21189196
7.0540094,-0.08084458,-0.02814722,0.25776732
7.0127783,-0.058458805,-0.0122510195,0.2439266
7.018751,-0.055685997,-0.039028704,0.23195568
7.04572,-0.060806215,-0.15056849,0.25125515
7.0501337,-0.047622442,-0.058217287,0.23280898
6.9477863,-0.066143036,-0.036268115,0.26295987
6.9132967,-0.09413314,0.13284123,0.27287158
6.957201,-0.07574546,0.11932218,0.25898144
6.9723845,-0.043979287,0.11128771,0.2079361
6.942052,-0.0560382,0.15884817,0.21271095
6.9848175,-0.082650065,0.12880504,0.22654691
6.913578,-0.036518097,0.12448037,0.23423418
6.9253263,-0.04210949,0.0551579,0.21355706
6.9592886,0.03436339,-0.016168594,0.20485562
6.890644,0.001057744,0.056016207,0.23999661
6.898287,0.017899394,0.08795953,0.20179202
6.839029,0.01791203,0.06945217,0.20159897
6.882786,0.018310905,0.0723784,0.21500416
6.86193,0.019703627,0.07141328,0.21429913
6.8433523,0.021119952,0.10880005,0.21441166
6.7442884,-0.007142663,0.2952063,0.20844258
6.7672153,0.015407085,0.2181555,0.2086686
6.78633,0.015470624,0.19778991,0.20947187
7.4335356,-0.22251147,-0.5760465,0.3649853
7.478654,-0.23899096,-0.59261227,0.37843192
7.471642,-0.20624918,-0.67410946,0.32408327
7.377306,-0.23979372,-0.3915696,0.39453253
7.349581,-0.16756517,-0.48894036,0.33714777
7.3193636,-0.19621283,-0.3558048,0.30598497
7.3214493,-0.18598473,-0.3314398,0.3286726
7.3035965,-0.177163,-0.4267063,0.3070917
7.366597,-0.19338655,-0.41835397,0.33237678
7.3650513,-0.20340782,-0.44110352,0.32632154
7.405038,-0.18600398,-0.39657742,0.34570366
7.3603883,-0.17039424,-0.4430514,0.32777154
7.4211383,-0.22296834,-0.450297,0.3235113
7.4089217,-0.24909115,-0.48992002,0.36133868
7.3987484,-0.22903371,-0.58390117,0.36718637
7.3001957,-0.2114448,-0.49226916,0.3845076
7.3942223,-0.18164283,-0.5049203,0.34546268
7.3837824,-0.17673355,-0.5269606,0.30822355
7.2657013,-0.16309279,-0.42644954,0.3373773
7.295543,-0.13078022,-0.5282169,0.31719
7.272692,-0.1054309,-0.3536749,0.28843486
7.2889333,-0.10048103,-0.46518272,0.2819805
7.275038,-0.10682732,-0.4142629,0.26976666
7.2225237,-0.1406033,-0.37349206,0.27600664
7.3888535,-0.14412355,-0.4048909,0.27956277
7.2280984,-0.1474455,-0.446213,0.3116962
7.4145284,-0.15848672,-0.40752113,0.27255675
7.2494698,-0.14118123,-0.06997424,0.24573325
7.0800786,-0.107842624,-0.093625546,0.25501782
7.1028757,-0.091569364,-0.09685552,0.26005673
7.0475397,-0.05693394,-0.13257271,0.25130966
7.045373,-0.049154997,-0.122109056,0.2475232
7.112931,-0.03489542,-0.09979582,0.22317289
7.089163,-0.026679337,-0.29317468,0.27573565
7.0820174,-0.027514994,-0.28943044,0.22760482
7.23377,-0.033334076,-0.4645825,0.2333629
7.2512074,-0.053908706,-0.5007373,0.23805301
7.2533073,-0.05329281,-0.43722343,0.2512635
7.3164783,-0.047366083,-0.3986246,0.23054662
7.265601,-0.10045397,-0.4617768,0.22960162
7.3395224,-0.09839845,-0.48017222,0.2639997
7.2960367,-0.098367035,-0.44075364,0.26562405
7.327704,-0.11950576,-0.50560886,0.27923638
7.3266745,-0.121455014,-0.53241074,0.30145106
7.376562,-0.12617606,-0.45886707,0.2903651
7.3559074,-0.13604248,-0.58111113,0.31753063
7.388395,-0.14280152,-0.5604385,0.33732605
7.4323735,-0.15595114,-0.6602253,0.32926315
7.4646387,-0.18044227,-0.65788436,0.32117164
7.431964,-0.19402605,-0.6338477,0.32884264
7.5055823,-0.17974216,-0.62688285,0.2885424
7.4518485,-0.16069466,-0.63869286,0.29714194
7.495215,-0.14618975,-0.7029877,0.26568455
7.3061485,-0.0972203,-0.56765354,0.30060863
7.360857,-0.1286794,-0.5008628,0.2824238
7.348237,-0.11303234,-0.53384763,0.29191792
7.3917627,-0.12649441,-0.52265555,0.28646395
7.4102983,-0.16750062,-0.4491561,0.28068572
7.3349886,-0.15047312,-0.44887775,0.2764995
7.232698,-0.112246335,-0.3579017,0.2856524
7.2139163,-0.10633141,-0.32500935,0.29159242
7.405343,-0.16618967,-0.4028129,0.31284383
7.4022064,-0.18235505,-0.60646856,0.3107717
7.0265226,-0.063545704,-0.01777649,0.2282512
7.104728,-0.033254504,-0.2790894,0.27578494
7.058755,-0.01008153,-0.15492338,0.22689812
7.1168556,-0.06357992,-0.13289201,0.22373751
7.067027,-0.0655843,-0.07537013,0.20589086
7.0924377,-0.008126438,-0.07072079,0.20946737
7.098429,-0.10223442,-0.11215949,0.23318754
7.0466137,-0.11602491,0.040118217,0.27124122
7.1219797,-0.12256968,-0.048650026,0.24368557
6.9853315,-0.05781579,-0.028800607,0.24454144
7.076076,-0.052604735,-0.030573368,0.23951106
7.002751,-0.048053265,-0.027711987,0.2416611
6.8907747,-0.02524221,-0.052681863,0.21874227
6.8897467,-0.05583948,0.115463376,0.22776219
7.0036025,-0.049420476,-0.011818945,0.23548074
7.0015936,-0.075819135,0.03865683,0.23846301
6.9652853,-0.08196467,0.049946308,0.24618408
6.977543,-0.07496345,0.09094465,0.2362909
6.976421,-0.09167838,0.111579895,0.2316785
7.0473275,-0.084921956,0.16942549,0.23759243
7.046622,-0.12852061,0.16415703,0.23377562
7.0002604,-0.10315436,0.18413794,0.23012316
6.956621,-0.0009185672,0.081236124,0.23370539
6.974179,-0.020626426,-0.02301848,0.21419236
7.0248756,-0.00020611286,-0.05979812,0.20320833
7.003027,-0.00817883,-0.06112349,0.20752305
6.922548,0.014202952,0.008335352,0.21569604
6.946309,-0.0068847537,-0.05467689,0.21691905
6.914532,1.7762184e-05,-0.18161237,0.23839122
7.1349726,-0.11340964,-0.030787468,0.24248536
7.1221905,-0.0823552,-0.1450783,0.2418211
7.1500154,-0.065427125,-0.15962434,0.2260495
7.0307474,-0.03602177,-0.09184104,0.24242672
7.0741835,-0.010792553,-0.16158783,0.23545459
7.038253,-0.018310905,-0.18786931,0.23347506
7.1015177,-0.05823785,-0.16896713,0.22444756
7.1444573,-0.05462396,-0.15229124,0.22579326
7.1273317,-0.07045239,-0.16376466,0.24521536
7.0953264,-0.09217769,-0.2215234,0.2723835
7.105933,-0.04247111,-0.23213422,0.23633173
7.1521144,-0.03767544,-0.19713092,0.24272227
7.167718,-0.04451847,-0.18256712,0.24275224
7.1304607,-0.051841736,-0.15049666,0.23899168
7.118412,-0.07336074,-0.20316553,0.24414456
7.199779,-0.055452645,-0.3124535,0.24192199
7.1839147,-0.1433307,-0.16562283,0.23957786
7.149953,-0.12951136,-0.14983791,0.29764298
7.117607,-0.12204653,-0.12335557,0.28145903
7.1342626,-0.14740932,0.0047216415,0.2816067
7.140901,-0.15587622,-0.016399741,0.2944345
7.154883,-0.13886142,-0.21935427,0.29770187
7.3118744,-0.19803298,-0.27705884,0.2976513
7.27722,-0.1501159,-0.30649114,0.28072616
7.2546053,-0.15360242,-0.38560557,0.29717743
7.257944,-0.16318595,-0.22780359,0.27219892
7.199998,-0.07469511,-0.1443308,0.2463394
7.1620846,-0.07660127,-0.33717066,0.26733762
7.1474085,-0.04972124,-0.2871889,0.25257218
7.1898575,-0.08231646,-0.23853135,0.24436086
7.1783867,-0.0599519,-0.2807752,0.24946323
7.1952925,-0.05848539,-0.286057,0.23649664
7.225439,-0.053388,-0.2978046,0.22813156
7.193839,-0.056441188,-0.13829696,0.22285554
6.9204044,-0.06163323,0.1865567,0.24769802
6.935973,-0.08572376,0.22172213,0.2418481
6.9114523,-0.09951252,0.09844446,0.2600504
6.9455786,-0.09110445,0.20409608,0.26108193
6.988185,-0.100376844,0.07030916,0.29353726
7.044132,-0.100479186,0.008144379,0.2949588
7.030551,-0.09318793,-0.049378753,0.27216914
7.066403,-0.08986533,-0.10685313,0.2445325
7.05978,-0.085006356,-0.1342507,0.26940432
7.1024137,-0.09010857,-0.036818504,0.27257293
6.9715104,-0.08489728,0.07259297,0.2516811
7.0207357,-0.094415545,0.04908681,0.27595913
7.1102395,-0.09516245,-0.12365401,0.27699035
7.170697,-0.12517768,-0.106980145,0.26477942
7.2602234,-0.13156182,-0.17968702,0.2756557
7.232565,-0.15684319,-0.181337,0.2641776
7.0835447,-0.11258149,-0.16065866,0.3107421
7.07848,-0.14780885,-0.15896654,0.34562284
7.0872107,-0.08949858,-0.14439142,0.2705937
7.0017653,-0.10114229,-0.017336011,0.2582032
6.9919424,-0.08650386,0.01806581,0.27140695
6.9823427,-0.056236386,0.007996082,0.26914752
7.045292,-0.036235213,-0.08345759,0.21364848
7.158809,-0.026937366,-0.28887928,0.23073365
7.111902,-0.04523301,-0.17989796,0.24450086
7.1013145,0.007993937,-0.22478247,0.2250237
7.083928,-0.040658534,-0.21611059,0.22409251
7.0716047,-0.03384763,-0.08695662,0.21419229
7.0450115,-0.03041929,-0.017057061,0.2342911
7.073738,-0.0804162,0.0169909,0.2124219
7.0322127,-0.004230082,-0.14703941,0.2162519
7.031047,-0.016492367,-0.22616208,0.21963026
7.0846176,-0.015596449,-0.14086115,0.22516035
6.9506426,-0.018950999,-0.101287246,0.2309979
7.060419,0.012561917,-0.13046396,0.21724512
7.0538993,0.0028852224,-0.11329186,0.20278543
6.966206,0.018751979,-0.002445519,0.20212704
6.928055,0.022000074,0.032868028,0.20834033
7.001323,-0.03341931,-0.0046978593,0.2140222
7.057041,-0.04292518,-0.17715788,0.22472823
7.1123195,-0.041171074,-0.026256025,0.21702473
7.030788,-0.046237648,-0.07588673,0.2336911
6.9986215,-0.02649039,0.0020364523,0.22591701
6.9653244,-0.049238622,0.061719656,0.2368859
7.0414686,-0.09530115,0.02843988,0.2355961
7.0459323,-0.08031458,-0.055847526,0.2597305
7.0922265,-0.09098172,-0.038730502,0.2436817
7.1798472,-0.07705361,-0.097706914,0.2424807
7.1632423,-0.07755458,-0.26952493,0.24172203
7.2439795,-0.07505381,-0.48926896,0.26389527
7.294837,-0.08168137,-0.3682145,0.22263844
7.241904,-0.082330644,-0.38840377,0.2571791
7.277286,-0.10819024,-0.29286456,0.26114613
7.196317,-0.1193732,-0.29793262,0.27696824
7.222614,-0.1129933,-0.27061015,0.25535142
7.2704277,-0.13667172,-0.34922016,0.2915294
7.183572,-0.12168622,-0.12719649,0.26695344
7.122845,-0.13847452,-0.11385411,0.28799784
7.0955524,-0.08807558,-0.13110423,0.274585
7.212852,-0.12548488,-0.34497833,0.293131
7.289286,-0.13895035,-0.36112225,0.31666222
7.2388487,-0.11316991,-0.41197878,0.29505342
7.231508,-0.12753052,-0.25516284,0.2864184
7.138508,-0.12901062,-0.09934318,0.2914828
7.123824,-0.10841429,-0.14619923,0.26827058
7.1220713,-0.12292576,-0.095302224,0.2807762
7.155136,-0.14033544,-0.123649895,0.2826283
7.1683226,-0.11929643,-0.09658897,0.26910806
7.07723,-0.06432289,-0.11614972,0.2650037
7.0745497,-0.034930468,-0.16321576,0.2404164
7.106353,-0.015390515,-0.22015005,0.23542964
7.1095285,-0.011740267,-0.23840976,0.20606299
7.110057,0.0036320686,-0.13950872,0.20798023
7.0233264,-0.037068605,-0.09493041,0.20070325
6.9296813,-0.004579067,0.026102543,0.20768587
6.907671,0.008656979,0.020039916,0.212329
6.9297514,0.01920402,-0.0028262138,0.20292576
6.9130073,0.0137678385,-0.01758498,0.22435182
6.9707785,-0.0040994287,-0.0845896,0.21646312
6.9874763,0.037458062,-0.08379316,0.20095713
7.001739,0.0087509155,-0.15413058,0.20808671
6.967729,0.026808143,-0.1534965,0.21399997
7.0387497,0.032900214,-0.13492954,0.20557147
7.116358,-0.02414161,-0.2039082,0.20194255
7.100807,-0.024985552,-0.23053914,0.20193473
7.2094197,-0.011186421,-0.24950022,0.20399068
7.1975055,-0.011950552,-0.23684627,0.20611982
7.1669807,-0.050145566,-0.27267313,0.20210409
7.0828934,-0.031332314,-0.1895625,0.21096426
7.1594095,-0.034408033,-0.27683282,0.27018178
7.180359,-0.033564687,-0.30720556,0.22017859
7.180216,-0.045497894,-0.33327937,0.24476165
7.116789,-0.02631092,-0.1094892,0.23224509
7.0159,-0.044610143,-0.18238986,0.23269771
7.0360956,0.019195914,-0.10953069,0.223373
6.995428,-0.058399677,-0.008999765,0.22423862
7.008498,-0.05479175,-0.017449498,0.2503093
7.0011115,-0.037053943,-0.06933451,0.24062435
6.923887,-0.008867443,-0.045285225,0.23110236
7.083542,-0.024885535,-0.059983253,0.21612225
7.1206694,-0.038882613,-0.15170616,0.2145305
7.113534,-0.031957448,-0.10358304,0.20678046
7.06318,-0.010197461,-0.24933541,0.23313636
7.0661902,-0.0128801465,-0.23338944,0.21922119
7.0901356,-0.024065018,-0.24179602,0.24267617
7.1024566,-0.016520917,-0.21196425,0.22675706
7.105172,-0.014008224,-0.19174278,0.21075386
7.0713005,0.009701133,-0.1838851,0.21746692
7.088918,-0.03865379,-0.122834146,0.21463183
7.131091,-0.033240557,-0.08383262,0.21811858
7.157774,-0.05053532,-0.21875477,0.21699877
7.183569,-0.026702285,-0.28310287,0.23674917
7.1591244,-0.026576102,-0.24015117,0.22356622
7.1746345,-0.014501691,-0.19373989,0.21098755
7.07824,0.02333498,-0.16583037,0.20073393
7.022931,-0.0046468377,-0.090109766,0.20407604
7.0397787,0.004161358,-0.18003607,0.21533847
7.0475883,-0.018481553,-0.16616213,0.21401916
7.013152,-0.0334059,-0.20004922,0.24992238
7.0269613,-0.018467844,-0.10956657,0.25498024
6.9665995,-0.06502527,0.054270983,0.23649529
6.994323,-0.025481045,0.04210627,0.20777912
7.006725,-0.06583005,0.025010705,0.21844329
7.003529,-0.017642856,-0.014445305,0.23569375
6.94306,0.013211012,-0.045309663,0.23014171
6.934987,0.0065852404,-0.09465951,0.2233184
7.548691,-0.37228042,-0.50845575,0.4729647
7.5020466,-0.34160364,-0.64796495,0.4770658
7.47834,-0.3197682,-0.48907757,0.43252003
7.4161787,-0.32792413,-0.39941108,0.43803644
7.424999,-0.2952795,-0.34398222,0.38238364
7.46416,-0.3001817,-0.34594882,0.40640873
7.49897,-0.31471503,-0.4957534,0.41934946
7.5072546,-0.28638548,-0.5847406,0.3942685
7.4975653,-0.2728418,-0.58885676,0.40658692
7.49206,-0.23775792,-0.6009821,0.39656386
7.5621967,-0.33882117,-0.7201375,0.38446254
7.5364532,-0.33370882,-0.6195881,0.42897636
7.54918,-0.3425629,-0.46925795,0.43693978
7.4665833,-0.31912065,-0.4850309,0.419189
7.5097237,-0.2933206,-0.56551456,0.3945099
7.5097723,-0.27808297,-0.6340339,0.438875
7.482117,-0.26867205,-0.59800494,0.36497203
7.544882,-0.28187883,-0.41421783,0.37231076
7.362233,-0.24453908,-0.35617423,0.3264934
7.320239,-0.25105888,-0.29268366,0.38181156
7.3846807,-0.25720835,-0.23258764,0.3706817
7.344592,-0.24408317,-0.25139028,0.3562578
7.3477383,-0.2418583,-0.25055444,0.358559
7.4300923,-0.23773539,-0.52281225,0.35057533
7.36854,-0.22822022,-0.48305613,0.38284582
7.3758817,-0.25406593,-0.47657967,0.37672234
7.430514,-0.24927658,-0.41285574,0.36126202
7.4112167,-0.25166243,-0.47321427,0.37182817
7.471408,-0.20688426,-0.6505855,0.34213647
7.411827,-0.28034562,-0.3438881,0.36164206
7.4029694,-0.26466,-0.306746,0.34698358
7.3629446,-0.23016787,-0.47047412,0.34165394
7.471367,-0.2105003,-0.3969593,0.33145964
7.430746,-0.22139168,-0.41888452,0.3025595
7.3497663,-0.2114557,-0.31476563,0.31557378
7.309967,-0.19345927,-0.32578325,0.32192096
7.3082285,-0.22509539,-0.304004,0.3448228
7.2609286,-0.22867215,-0.26045555,0.39075553
7.2809224,-0.24975133,-0.3365757,0.38967937
7.33923,-0.29777205,-0.39403117,0.40038982
7.4191513,-0.23347843,-0.4779343,0.33746254
7.425294,-0.21416509,-0.54212594,0.36442342
7.46278,-0.25576484,-0.55911535,0.39568305
7.4381413,-0.2519092,-0.5175307,0.3981052
7.4304395,-0.27277154,-0.41261238,0.38679212
7.382496,-0.19197565,-0.5819737,0.33445615
7.400828,-0.1907773,-0.49273515,0.3509996
7.372202,-0.13950384,-0.5865441,0.3321272
7.3461,-0.14630705,-0.5589301,0.30983785
7.4011936,-0.13483816,-0.5257028,0.29680672
7.307791,-0.15321529,-0.43510753,0.3047315
7.2907634,-0.14355773,-0.46983796,0.29321173
7.4033594,-0.15332818,-0.42260092,0.29958662
7.418018,-0.22097403,-0.42859423,0.3099344
7.3987956,-0.17485583,-0.46468395,0.28809002
7.2554984,-0.15487266,-0.42520237,0.30611935
7.213379,-0.13031185,-0.21812892,0.25404346
7.21891,-0.15112787,-0.12369317,0.26748598
7.2061567,-0.1681329,-0.22813159,0.29700333
7.229264,-0.17540312,-0.35329068,0.34507143
7.266306,-0.21180439,-0.20373207,0.32216603
7.390302,-0.18448424,-0.3456145,0.3029635
7.365676,-0.2766803,-0.10255599,0.33976477
7.392839,-0.16574836,-0.5585468,0.36151785
7.3431196,-0.13019127,-0.50896883,0.29395512
7.3891716,-0.14977127,-0.5129268,0.286636
7.30772,-0.12261492,-0.34901327,0.27659836
7.2625046,-0.12939006,-0.28028935,0.28016737
7.162285,-0.11576259,-0.28601247,0.27644598
7.1679244,-0.09526682,-0.18227506,0.2648629
7.198762,-0.093610466,-0.22931749,0.24992993
7.0815754,-0.09310317,-0.13996649,0.25402284
7.0489106,-0.023429692,-0.17829216,0.20286985
7.0584526,0.021149993,-0.21651328,0.20444544
7.0474806,-0.0061044097,-0.17538083,0.20262192
7.029573,0.021188736,-0.11865139,0.20182367
6.9743595,0.015920997,-0.1704008,0.20178872
7.0294895,0.010122776,-0.08903313,0.21427876
7.145353,-0.04283142,-0.072763085,0.2150853
7.1058264,-0.050154984,-0.13515878,0.21791771
7.041218,-0.05428362,0.002711296,0.25257057
7.0827746,-0.031327903,-0.17478931,0.20558113
7.1876044,-0.09865731,-0.09209788,0.23322684
7.2039614,-0.11670685,-0.23542005,0.27381033
7.2307715,-0.1122669,-0.30030954,0.2620822
7.252094,-0.12182617,-0.291731,0.26369774
7.283758,-0.11485928,-0.35088974,0.26215488
7.262024,-0.08686358,-0.39403665,0.25499523
7.297947,-0.10921103,-0.35468608,0.25795186
7.278529,-0.15392905,-0.31902188,0.26940414
7.269354,-0.13866323,-0.34501845,0.3088018
7.290574,-0.12849462,-0.3737988,0.26932812
7.343979,-0.1641398,-0.26498866,0.27892545
7.2970996,-0.15437067,-0.24234152,0.28608578
7.271705,-0.18704194,-0.21463966,0.29056016
7.2639027,-0.19337827,-0.24061495,0.32685572
7.191433,-0.17393142,-0.17880619,0.333609
7.200758,-0.20298111,-0.13783634,0.33055663
7.3351507,-0.2544911,-0.19771677,0.33711523
7.296571,-0.22271633,-0.3308956,0.3732447
7.297851,-0.22605824,-0.337861,0.3599108
7.2034426,-0.22297627,-0.23179507,0.37522715
7.243108,-0.20041877,-0.23520869,0.34750605
7.2973366,-0.15971208,-0.2922476,0.30324998
7.3045316,-0.15074468,-0.3235495,0.29038256
7.1734176,-0.17328787,-0.24851859,0.2969442
7.206932,-0.16294092,-0.29785192,0.33309174
7.264412,-0.20044965,-0.17673045,0.34346864
7.255723,-0.20952296,-0.12117231,0.29440507
7.2976017,-0.1635409,-0.42023253,0.29201713
7.319625,-0.11055738,-0.48965615,0.27740753
7.3351836,-0.101870716,-0.4874735,0.31216297
7.3691654,-0.1276213,-0.40737295,0.27885026
7.3938093,-0.12188667,-0.5769092,0.31929204
7.451155,-0.108570755,-0.6031785,0.24832611
7.459554,-0.092647254,-0.56518054,0.24652548
7.3658586,-0.089719296,-0.66579485,0.27089864
7.3847227,-0.070111156,-0.5824647,0.26018327
7.4426003,-0.070702195,-0.55853987,0.26333213
7.4350686,-0.10847014,-0.5725299,0.2646786
7.3541927,-0.12969983,-0.533891,0.30153304
7.4761763,-0.12469119,-0.6470208,0.27661583
7.365815,-0.1053682,-0.59608,0.27216494
7.3194876,-0.10358459,-0.41467226,0.27249926
7.22493,-0.09100598,-0.20082128,0.27596277
7.2036753,-0.043657064,-0.23411751,0.2310661
7.3288093,-0.15450174,-0.35813296,0.2911341
7.3113737,-0.14046502,-0.38562846,0.25881007
7.2564306,-0.1523943,-0.3793056,0.2935754
7.225436,-0.15542525,-0.31237787,0.32414556
7.245722,-0.15515608,-0.21552128,0.31443557
7.226191,-0.14013529,-0.2209351,0.291407
7.210428,-0.13253683,-0.22344166,0.29799706
7.2528467,-0.12799203,-0.28519297,0.28751877
7.298915,-0.16808224,-0.416825,0.29980212
7.1895947,-0.14955628,-0.28846562,0.29312003
7.140032,-0.14003146,-0.12802112,0.2865463
7.1915126,-0.10955238,-0.4279096,0.29167867
7.1643414,-0.077037394,-0.42775375,0.26339385
7.1088324,-0.03248495,-0.13770878,0.22582294
7.1365466,-0.07591903,-0.13064301,0.22783476
7.144215,-0.023662627,-0.20137781,0.22735739
7.146486,-0.051662683,-0.21663809,0.22752856
7.166037,-0.04683715,-0.17793387,0.23105542
7.096245,-0.030805945,-0.14048922,0.21221448
7.0754576,-0.035315454,-0.14162648,0.20757054
7.097784,-0.020905674,-0.109280586,0.21915534
7.0073404,0.005604744,-0.12690341,0.21724182
6.9620185,0.008144498,-0.09742069,0.22295636
6.94866,0.0065737963,-0.023452938,0.22108187
6.8611608,0.051586747,-0.021981597,0.21028192
6.9044495,0.011021614,0.030256033,0.21042788
6.9515314,0.0034365654,0.056420445,0.20232187
6.958544,-0.012078524,-0.008979082,0.22168075
7.034172,-0.022989213,-0.0146231055,0.20576955
7.018053,-0.020535648,-0.06554484,0.20860325
6.88074,-0.019407451,0.0036712885,0.20238514
6.895842,0.004463911,0.1111666,0.20684555
6.8525214,-0.019751549,0.12612903,0.21930557
6.9211917,0.0120180845,0.02344501,0.21638079
6.9303665,0.00903368,-0.1429019,0.20943345
7.0318894,0.01627791,-0.13298774,0.24990971
6.9741735,-0.008933902,-0.10387492,0.20434019
7.005577,-0.045220733,-0.10198164,0.2370336
6.999707,-0.02447617,-0.017404914,0.2404423
6.90197,-0.028576732,0.12453008,0.24891475
6.938096,-0.084219396,0.16638303,0.2585353
6.939163,-0.06487918,-0.0031337738,0.24388295
6.9272327,0.018358588,-0.02945292,0.20036256
7.1093197,-0.020103514,-0.0942924,0.20007093
7.116727,-0.019016027,-0.19511986,0.2001743
7.1361494,0.005563855,-0.13910687,0.20107166
7.100295,-0.010455668,-0.20651126,0.22138439
7.086036,0.01409328,-0.17919266,0.20985635
7.0483804,-0.025390685,-0.13092977,0.21203302
6.994749,0.021007776,0.014975071,0.20455198
6.8467884,0.005431652,0.023329139,0.20952563
6.8861265,0.0009801388,-0.05487907,0.22336854
6.817168,0.07484114,0.12785745,0.20055123
6.7160625,0.041291595,0.15397847,0.21132582
6.807417,0.030251503,0.02995193,0.21423408
6.8483224,-0.008044124,0.12831044,0.2105954
6.969412,0.008982897,0.039004922,0.21672651
7.1148996,-0.0021653175,-0.19262946,0.21170002
7.0936623,-0.014217734,-0.11883938,0.20122285
7.1077185,-0.019663632,-0.2152741,0.21971832
7.1168575,-0.034490705,-0.14868271,0.20331025
7.165721,-0.08823019,-0.20017064,0.26825583
7.1579313,-0.086194396,-0.15696216,0.24566017
7.2124724,-0.08279371,-0.36541462,0.26201096
7.120459,-0.06697208,-0.26409078,0.25520357
7.2132483,-0.09540653,-0.30702013,0.2691834
7.2096686,-0.08827013,-0.2976941,0.24760544
7.222808,-0.08049095,-0.26047236,0.24756438
7.0925417,-0.07869744,-0.20221364,0.2575677
7.1613574,-0.11151481,-0.18635714,0.27395153
7.0801344,-0.10391241,-0.09173751,0.28330174
7.0273848,-0.04882276,-0.12645549,0.25718966
7.0633636,-0.01837343,-0.17340243,0.22416869
7.0662146,-0.034585953,-0.16320741,0.2571239
7.0975966,-0.026357949,-0.14096725,0.20276901
7.091596,-0.008094609,-0.17380291,0.21463451
7.1300125,0.033555627,-0.22307587,0.22591572
7.0741177,-0.018239737,-0.3157894,0.22378922
7.2875648,-0.09307599,-0.30570006,0.21830943
7.2967057,-0.056174517,-0.46448886,0.21787411
7.250862,-0.018083096,-0.37422156,0.22334185
7.2886753,-0.01936239,-0.46742642,0.21930577
7.209167,-0.019257069,-0.35969603,0.22605738
7.222915,-0.024831533,-0.3236519,0.21914679
7.125852,-0.03908646,-0.2877277,0.21127778
7.109672,-0.04308498,-0.28475392,0.23899864
7.2767525,0.00334692,-0.4341234,0.20809977
7.2960486,0.002368331,-0.49176562,0.20312035
7.311823,-0.009063423,-0.4414693,0.22824118
7.230031,-0.0015140772,-0.47682887,0.21305454
7.258625,-0.016320527,-0.4245429,0.22216633
7.37325,-0.07436663,-0.5429278,0.23838814
7.363022,-0.053581417,-0.5949022,0.24692832
7.3695946,-0.039555907,-0.47701216,0.22410698
7.2940135,-0.04595214,-0.5706245,0.22326168
7.3076763,-0.058933258,-0.44023865,0.24628246
7.3513937,-0.074183285,-0.49382102,0.22677241
7.143976,-0.07984692,-0.28867877,0.23822309
7.135209,-0.109645545,-0.20216858,0.2827754
7.1578693,-0.1715157,-0.08360702,0.29213345
7.1408167,-0.19203055,0.039313197,0.2731648
7.113125,-0.15006495,0.035764575,0.28885043
7.070855,-0.15722436,0.027214289,0.29179066
7.095537,-0.14416093,-0.12769127,0.30072165
7.1242995,-0.14783579,-0.17744672,0.31467175
7.164982,-0.13789678,-0.18546283,0.32496893
7.2370152,-0.12389976,-0.23776829,0.273162
7.2856765,-0.15230018,-0.28452903,0.2871228
7.3941607,-0.15950459,-0.388251,0.2600922
7.3123193,-0.119867206,-0.36511123,0.28595492
7.3125896,-0.10601038,-0.42406654,0.27274168
7.215066,-0.09787983,-0.38835895,0.25838566
7.1685896,-0.089894116,-0.30836308,0.26905847
7.1657276,-0.07321662,-0.2000488,0.24034007
7.1424103,-0.0076566935,-0.2777453,0.23643558
7.2197304,-0.06694311,-0.28975224,0.23528582
7.2096777,-0.050675213,-0.27645427,0.22373581
7.1007442,-0.05371529,-0.24637699,0.22479251
7.0410595,-0.024146855,-0.06431031,0.22456174
7.008005,-0.009977281,-0.11225891,0.2159258
7.076947,-0.014963448,-0.19569886,0.22395138
7.0109353,0.037720084,-0.008472443,0.2046359
6.819766,0.062150955,0.075166345,0.20247273
6.819716,0.044817686,0.11230183,0.20786755
6.900993,0.056570172,-0.0319165,0.20332927
6.917101,-0.00196141,-0.054978013,0.20519839
7.170847,-0.06895304,-0.35551506,0.24453583
7.1734195,-0.070464075,-0.19080919,0.26267484
7.246881,-0.054545462,-0.27176732,0.22271687
7.1862135,-0.043354273,-0.18330681,0.21820569
7.2015305,-0.06770623,-0.19005889,0.22084062
7.2679753,-0.06611961,-0.24933553,0.21424854
7.201017,0.0025894642,-0.41538262,0.2264279
7.2781515,-0.022422552,-0.46008003,0.23831488
7.2975054,-0.03206289,-0.51835155,0.24468906
7.3359103,-0.048977494,-0.4688382,0.24067602
7.2922325,-0.07886928,-0.31440812,0.24511643
7.2894526,-0.13486493,-0.32037425,0.2791881
7.3110566,-0.16576576,-0.3238405,0.29466814
7.240116,-0.14786988,-0.3174287,0.28467458
7.2082314,-0.19098699,-0.06620741,0.28178704
7.143058,-0.18243623,-0.0904789,0.32494783
7.10011,-0.16468829,-0.055337965,0.33740032
7.115907,-0.16896284,-0.0571025,0.31049064
7.183466,-0.2329911,-0.08225322,0.33662626
7.173428,-0.22602504,-0.11132932,0.35199094
7.1913524,-0.17889076,-0.13697076,0.3354391
7.2847047,-0.20520419,-0.17845297,0.29226607
7.2121325,-0.21351033,-0.21302468,0.36773634
7.1926064,-0.18379974,-0.22650546,0.30729538
7.2604485,-0.19080096,-0.23921263,0.31338352
7.273527,-0.18491906,-0.33687216,0.3214407
7.2745957,-0.13563412,-0.30063784,0.30153397
7.15578,-0.10345167,-0.34190208,0.2919495
7.2537146,-0.15436697,-0.40240324,0.2983634
7.164615,-0.10869312,-0.35219586,0.31443593
7.156664,-0.06965566,-0.2365902,0.25685975
7.157501,-0.10513896,-0.14851725,0.27378392
7.2486677,-0.15247607,-0.24752009,0.27756327
7.285985,-0.15145689,-0.3224237,0.29207194
7.2247934,-0.16024643,-0.2903893,0.32122865
7.2152386,-0.12361938,-0.30057812,0.29522288
7.201728,-0.14704597,-0.16494763,0.29417694
7.160755,-0.14174742,-0.24425632,0.2910627
7.2357297,-0.15582305,-0.29819804,0.31458843
7.190024,-0.15686244,-0.21761715,0.30841285
7.218214,-0.120114625,-0.31010288,0.28899708
7.1609955,-0.08373439,-0.23734784,0.2702425
7.1587467,-0.046152234,-0.35339516,0.24777222
7.153497,-0.060948372,-0.35936052,0.25183147
7.114993,-0.07684952,-0.18668473,0.25507748
7.093766,-0.058887422,-0.13194108,0.2394955
7.074827,-0.043888807,-0.15499747,0.22488454
7.116563,-0.037130415,-0.17742193,0.21083981
7.0829525,-0.0324651,-0.13644439,0.20193371
7.101734,0.023810863,-0.15024811,0.22208886
6.949117,0.010352612,0.054515958,0.20840454
6.9234743,-0.0381217,0.14648902,0.21555893
6.9364624,-0.037622094,0.057010412,0.24732827
6.9488993,-0.054461777,0.04657352,0.23716173
6.8904643,-0.0300169,0.07568717,0.2367998
6.924163,-0.024386644,0.07731652,0.21788695
6.9328847,-0.012194455,0.08137417,0.21006168
6.9499903,-0.026770055,0.039399862,0.21324314
6.9170113,-0.017233193,0.07536888,0.24093148
6.878013,-0.019637167,0.03354919,0.21763442
6.868943,-0.04470724,0.1582371,0.21598107
6.8836646,-0.04284388,0.2500441,0.21933368
6.904024,-0.06689739,0.037408113,0.24572474
7.239211,-0.0049661994,-0.3249818,0.22021188
7.2456064,0.015980482,-0.43346906,0.202944
7.1748257,0.012795806,-0.40483135,0.20092928
7.16318,0.024990678,-0.4451288,0.21022154
7.2018104,0.016057014,-0.36995047,0.2180449
7.1960416,0.023604989,-0.400145,0.21869877
7.2156277,0.015504003,-0.37838364,0.21128643
7.17204,0.020956159,-0.35919935,0.21054637
7.2087045,-0.0024750829,-0.40057254,0.21129426
7.1240563,0.00049316883,-0.28563744,0.21852653
7.031473,-0.012747109,-0.14260983,0.23219022
7.034929,-0.014872551,-0.13568127,0.24508226
7.0042553,-0.025092542,-0.05496061,0.22475046
7.028133,-0.0647679,0.041091204,0.21243173
7.035175,-0.029121697,0.00545156,0.22894427
7.008748,-0.074736774,-0.013730824,0.2740587
7.035391,-0.101721406,-0.0009224415,0.2574019
6.959684,-0.09085834,0.028256774,0.26903242
7.0306506,-0.08660233,-0.1360066,0.2867714
7.1628838,-0.110562265,-0.2633199,0.27790368
7.1908407,-0.10978311,-0.1567862,0.27253327
7.142411,-0.091388285,-0.1029225,0.26340204
7.1145697,-0.10834956,-0.113770425,0.2779835
7.1923995,-0.14770132,-0.15405548,0.26958406
7.2808514,-0.18330824,-0.25075287,0.29460877
7.2523427,-0.16207707,-0.20703256,0.30066654
7.1980343,-0.1408698,-0.27220768,0.30806753
7.312562,-0.19578195,-0.26378,0.2908578
7.199404,-0.16658586,-0.19156194,0.282202
7.2622466,-0.17854148,-0.111288786,0.27062806
7.108789,-0.19044507,-0.015204906,0.3233863
7.163196,-0.16363251,0.010135412,0.295095
7.112549,-0.15873092,0.02290678,0.28342804
7.0731015,-0.15241373,0.08432865,0.28630215
7.093604,-0.14091128,-0.01303041,0.30371183
7.0840416,-0.14502549,-0.013948321,0.26324165
7.1213355,-0.1374473,0.019942284,0.28659657
7.110178,-0.17149395,0.0321095,0.2718831
7.1014414,-0.16358602,-0.008151531,0.27183193
7.0798597,-0.15008593,-0.07526678,0.33643627
7.1630535,-0.17692465,-0.10678995,0.336298
7.2475004,-0.15014797,-0.20521164,0.32121712
7.1661797,-0.13340074,-0.2897662,0.315397
7.260496,-0.14131981,-0.32958102,0.3247254
7.239805,-0.10639435,-0.32409573,0.27224576
7.2057304,-0.109078825,-0.29118854,0.2732196
7.1944246,-0.10222334,-0.24080628,0.28118572
7.209587,-0.09492916,-0.2073493,0.24140742
7.123542,-0.12006438,-0.19346428,0.2686493
7.131674,-0.09994054,-0.16320032,0.30360046
7.140615,-0.15316063,-0.09402394,0.29959217
7.142966,-0.16428441,-0.039619207,0.29873204
7.120014,-0.17444366,-0.13105726,0.33107197
7.1005154,-0.15391481,-0.063987255,0.3159743
7.077442,-0.15445781,-0.053651452,0.32158133
7.1407866,-0.14223492,0.04188955,0.2796751
7.121727,-0.08484888,-0.24283075,0.2726453
7.099011,-0.06727618,-0.22883606,0.27887058
7.041162,-0.107290566,-0.099907875,0.30805635
7.1384964,-0.11142343,-0.11517203,0.24626434
7.115109,-0.06055236,-0.17008853,0.26225722
7.161194,-0.08019894,-0.11201626,0.23298174
7.1025705,-0.06781942,-0.12553388,0.2283763
7.2291617,-0.0751217,-0.38555378,0.22161652
7.1960354,-0.08598721,-0.27991337,0.27184898
7.196907,-0.09821582,-0.3028316,0.2587841
7.2238035,-0.09433216,-0.18883044,0.24785219
7.1625867,-0.114570856,-0.15825403,0.23885867
7.1478333,-0.03861934,-0.14781046,0.23304641
7.001072,0.005732417,-0.110075,0.22809705
7.025628,-0.036089003,-0.030620873,0.20149349
7.079901,-0.020825863,-0.035184503,0.20965981
7.065143,0.010802746,-0.06489885,0.21327952
7.0349035,-0.057293534,-0.11096156,0.24738064
7.0781145,-0.03001976,-0.18361712,0.24268442
7.038765,-0.02520299,-0.13003314,0.20358548
7.035541,-0.027710497,-0.087749064,0.22900929
7.055381,-0.021168947,-0.16301847,0.20786063
7.0697427,0.010354519,-0.17214286,0.2050841
7.069918,0.03072536,-0.14331985,0.20355453
7.0966034,0.039884448,-0.27435356,0.20585512
7.1089897,0.013869286,-0.1837821,0.20735179
7.101159,-0.0047370195,-0.17821181,0.22254248
7.0533557,-0.0034582615,-0.1749872,0.22735322
7.0531454,-0.0085042715,-0.10024524,0.21911204
7.0585785,-0.015843749,-0.099021316,0.22212978
7.0629406,-0.017828465,-0.14960766,0.22510853
6.980462,-0.017690241,-0.10536802,0.223764
7.1112485,-0.011651516,-0.24605954,0.22555992
7.0895405,-0.05443299,-0.11890364,0.224744
7.0607057,-0.01144135,-0.10682154,0.20040438
7.0468483,0.0085327625,-0.12878507,0.20688096
7.063322,-0.038544834,0.022290587,0.2298232
7.0526614,-0.056601465,0.023454428,0.21933743
7.0384207,0.020013928,-0.059429884,0.21852341
7.0179834,-0.014258504,-0.05693376,0.20170362
7.0483665,0.00079882145,-0.007895827,0.20170063
7.076705,-0.002788186,-0.20337856,0.22489518
7.0949907,-0.000307858,-0.27153683,0.21893808
7.1132097,-0.012312889,-0.22837907,0.22076608
7.1047482,-0.024623811,-0.1755724,0.2198579
6.9975433,-0.0033088923,-0.10581648,0.22341417
6.973683,0.01718843,-0.10112536,0.2063662
6.9791546,0.03945315,-0.08713937,0.204733
6.959427,0.0023895502,-0.1178081,0.20893574
6.9242296,0.0024774075,0.009631157,0.20506327
6.9608145,0.00016963482,0.0591352,0.20594625
6.994627,0.014389396,-0.05516374,0.20316595
7.0871005,-0.022461414,-0.066482306,0.20376123
6.9654584,-0.037831128,-0.003644228,0.21205892
6.91507,-0.006376803,0.10208726,0.21313405
6.928842,-0.033106565,0.12732387,0.23130742
6.925056,-0.008781314,0.06255448,0.21472044
6.915625,-0.029370427,0.09078336,0.21262033
6.9096603,-0.0027940273,0.14226484,0.21157217
6.867284,-0.020566165,0.14213371,0.2083344
6.87113,0.01063478,-0.03028047,0.20996991
7.0338297,-0.019578815,-0.10331261,0.2009007
7.016467,-0.008413672,-0.011895835,0.20162621
6.993096,-0.04123205,0.13107753,0.20022483
6.992137,-0.062713206,-0.033733666,0.2194217
7.078369,-0.13778603,0.0076417923,0.2595254
7.02693,-0.10100335,-0.006265044,0.2888437
7.019063,-0.09492624,-0.04523945,0.26322806
6.9983797,-0.08947998,0.016741514,0.2604289
7.0012207,-0.098389804,0.11836195,0.25522783
7.3441615,-0.19848937,-0.40706086,0.33924323
7.2770524,-0.19036579,-0.38804734,0.36214447
7.2760267,-0.16969693,-0.3966123,0.36371994
7.346403,-0.16869819,-0.46009207,0.30054677
7.2746587,-0.18937194,-0.3568477,0.32782578
7.173152,-0.1801337,-0.18193793,0.31596226
7.237671,-0.17323965,-0.20872742,0.29302102
7.283171,-0.14323217,-0.32046175,0.3021744
7.3822656,-0.14706784,-0.36378694,0.26559502
7.277864,-0.13179427,-0.3444596,0.26396167
7.2561445,-0.13692248,-0.42098677,0.3122109
7.31569,-0.13988787,-0.3715905,0.29698598
7.3824778,-0.13237178,-0.58886695,0.29971743
7.303173,-0.18382001,-0.5104211,0.34943438
7.5572762,-0.1623373,-0.77806187,0.2594475
7.6314926,-0.2570169,-0.88069475,0.33683538
7.692966,-0.3178466,-0.8958696,0.38942602
7.736108,-0.29669595,-0.89940697,0.40317395
7.7500863,-0.34251726,-0.94871813,0.41525978
7.710967,-0.3408597,-0.7825247,0.4525885
7.7106256,-0.37001276,-0.86974484,0.53375155
7.668457,-0.3716961,-0.922826,0.5301595
7.628869,-0.37823647,-0.85598767,0.5674493
7.6645694,-0.35563672,-0.97168416,0.5138274
7.723255,-0.33437514,-0.975788,0.47296774
7.6204157,-0.28929347,-0.92826706,0.47084826
7.727597,-0.2869811,-0.9712565,0.42594802
7.6883783,-0.31214374,-0.97672,0.4233922
7.6756144,-0.32746625,-0.70813924,0.43145877
7.6210213,-0.26444107,-0.85085297,0.42733222
7.6163435,-0.25516152,-0.79436886,0.42638445
7.6171665,-0.2595188,-0.8817156,0.36412495
7.6460686,-0.26142353,-0.7961536,0.40910307
7.595414,-0.27475893,-0.6047795,0.37834245
7.456579,-0.2785049,-0.6295606,0.4065383
7.4394746,-0.2866242,-0.6214132,0.4450256
7.493143,-0.28161526,-0.6390532,0.3913589
7.477143,-0.2447691,-0.5745306,0.41128403
7.4865932,-0.27430385,-0.56928897,0.36427352
7.4305515,-0.26305574,-0.58006203,0.42103127
7.5022416,-0.25942558,-0.5989876,0.42501357
7.5623827,-0.25788188,-0.5137203,0.3864591
7.539405,-0.21995306,-0.64321744,0.36329752
7.5168905,-0.21356165,-0.7095978,0.31767857
7.5858593,-0.25350338,-0.73939276,0.34214914
7.507123,-0.2612214,-0.79243743,0.40451974
7.5259237,-0.2606293,-0.797602,0.41112638
7.51721,-0.270042,-0.77093405,0.3910061
7.543166,-0.27853626,-0.5792433,0.41049272
7.5028877,-0.27448028,-0.5912853,0.42588282
7.6185207,-0.3276207,-0.6853851,0.4117278
7.654534,-0.31829995,-0.80780137,0.44636944
7.4372168,-0.2917096,-0.6165764,0.3965655
7.5095963,-0.35195476,-0.35059744,0.4512387
7.5169373,-0.34296072,-0.39050877,0.42282906
7.512066,-0.33499414,-0.46103066,0.4394225
7.630181,-0.37352222,-0.5175315,0.44080234
7.6062727,-0.36601937,-0.48231018,0.42519975
7.6040535,-0.3150205,-0.7371423,0.44687968
7.70494,-0.35106164,-0.7130754,0.4537068
7.768331,-0.3901927,-0.82884634,0.45821506
7.631793,-0.37084198,-0.7966085,0.5036375
7.6837234,-0.37495404,-0.7229905,0.4989726
7.2809324,-0.18173194,-0.32014132,0.3117382
7.3429275,-0.19134796,-0.27551758,0.3019156
7.321676,-0.21433991,-0.22992146,0.3419708
7.3236804,-0.20650107,-0.39247584,0.3518427
7.2906055,-0.24416727,-0.26194024,0.37564084
7.3069153,-0.24080014,-0.31130272,0.3926578
7.3053823,-0.23165905,-0.21618342,0.3301714
7.3276925,-0.20515633,-0.28305566,0.31347352
7.358549,-0.16810131,-0.33770764,0.31860334
7.276422,-0.1651392,-0.36175543,0.31545597
7.350012,-0.16077429,-0.52218604,0.3485422
7.412811,-0.15966016,-0.4737813,0.28085652
7.4141116,-0.16537279,-0.4050256,0.31183445
7.421661,-0.202223,-0.40177608,0.31091693
7.4339037,-0.19861221,-0.5016651,0.3191989
7.4001994,-0.2004304,-0.54824954,0.3400979
7.3561053,-0.19870788,-0.49952352,0.31679887
7.228184,-0.18416733,-0.30295515,0.32146713
7.317602,-0.19523317,-0.28343904,0.30282876
7.348489,-0.1850118,-0.37591648,0.29096347
7.3231654,-0.18858624,-0.29944646,0.314892
7.2789416,-0.12624711,-0.4027028,0.32203192
7.269539,-0.1705122,-0.4006282,0.32133552
7.3160143,-0.1392256,-0.39897287,0.29865038
7.3091717,-0.15054566,-0.35852152,0.2678073
7.3163667,-0.0913353,-0.44583738,0.24936242
7.302251,-0.028629899,-0.40305698,0.23308644
7.2169614,0.0052382946,-0.41415095,0.21420592
7.237667,0.015629292,-0.41139793,0.2039741
7.1803417,-0.0051802993,-0.39449698,0.2032818
7.2001696,0.0016300678,-0.32712632,0.20075937
7.1810474,-0.03267896,-0.21613336,0.21887614
7.2089734,0.015619159,-0.44042486,0.22258873
7.179734,0.028084159,-0.30154198,0.21461633
7.1019354,0.004308939,-0.26820475,0.20127903
7.09363,0.0037161112,-0.30099905,0.20091371
6.9422364,0.03347051,-0.058226347,0.2043898
6.922595,0.052106142,-0.023531616,0.20254727
6.961749,-0.0047100782,0.029848933,0.20048189
6.9856405,0.019759774,-0.023465991,0.20005399
6.956657,0.023327708,-0.068570614,0.20535307
7.017537,-0.0013065338,-0.12196112,0.20826937
7.142599,-0.0020379424,-0.35317647,0.23179866
7.1519136,-0.05885774,-0.22251058,0.2262749
7.231941,-0.050455928,-0.28039885,0.23063712
7.1278305,-0.016941369,-0.14799309,0.22823784
7.126992,-0.04752755,-0.19985819,0.22012644
7.1418834,-0.013320625,-0.2741332,0.21443655
7.1456833,-0.01196593,-0.23211515,0.2296319
7.0310507,-0.046967566,-0.15936041,0.23800169
7.005773,-0.028433263,-0.03461647,0.23847513
7.0075607,-0.042759776,-0.04452586,0.20843431
7.081604,-0.02903229,-0.060767114,0.22428802
7.062894,-0.061500072,-0.05160153,0.22691643
7.045609,-0.04848826,-0.073410034,0.24144678
7.042323,-0.016627848,-0.07144487,0.22522075
7.0289216,-0.0013566017,-0.06059158,0.2110721
6.995023,-0.018461466,-0.060325503,0.23467177
7.078975,-0.049669564,-0.08003688,0.26825267
7.18835,-0.13572675,-0.12913418,0.27876192
7.120042,-0.14285797,-0.2015475,0.31431454
7.1206512,-0.14945686,-0.10927248,0.310057
7.156517,-0.13186038,-0.10658026,0.24966198
7.2551317,-0.010573268,-0.51761967,0.2555285
7.2238503,-0.10000694,-0.41495872,0.25196147
7.3036194,-0.042816162,-0.39422005,0.23486376
7.346016,-0.06307703,-0.5002178,0.22653103
7.332611,-0.08985317,-0.3471331,0.24553142
7.344886,-0.12493366,-0.41515535,0.24707925
7.292921,-0.07900274,-0.30291593,0.25554037
7.3344526,-0.08163071,-0.48466587,0.25625274
7.37691,-0.0925436,-0.3964873,0.2524048
7.386161,-0.13916457,-0.43910825,0.25119805
7.3233004,-0.123757064,-0.4666134,0.2777979
7.318781,-0.10361844,-0.47682267,0.29934096
7.314,-0.11780697,-0.39578086,0.2750032
7.334023,-0.18631089,-0.4263507,0.30966717
7.3828564,-0.19197547,-0.3145669,0.3211277
7.348381,-0.17257649,-0.31358182,0.30025503
7.313363,-0.16492462,-0.28593588,0.28764206
7.3444376,-0.15472823,-0.3337012,0.25321144
7.3133063,-0.12314445,-0.4757477,0.25366062
7.316495,-0.06555921,-0.4533332,0.27182865
7.2094145,-0.023994088,-0.44053847,0.22040534
7.2567196,0.0066063404,-0.383254,0.20631367
7.171431,-0.007340431,-0.24147475,0.21487589
7.1259565,-0.019676685,-0.25863194,0.22144175
7.1486773,-0.020207167,-0.28727734,0.22098453
7.1391463,-0.04082644,-0.30100554,0.22263801
7.1757164,-0.039144695,-0.2888683,0.23071346
7.1547356,0.01374352,-0.32450652,0.21389249
7.1916447,-0.020230174,-0.35530525,0.2261388
7.2055397,-0.004262805,-0.3503496,0.21095188
7.1889067,-0.040786147,-0.33163226,0.22369686
7.2023478,-0.018828392,-0.28925097,0.22515254
7.204585,-0.053680837,-0.28671843,0.22498839
7.1595354,-0.06484574,-0.32156634,0.2754541
7.1716843,-0.08045924,-0.2667966,0.2554227
7.226695,-0.08817071,-0.28310102,0.25016955
7.1664524,-0.044189632,-0.2710572,0.25623915
7.180115,-0.04804778,-0.34362322,0.25554255
7.215146,-0.118599296,-0.24282181,0.26382855
7.311348,-0.12825066,-0.1643154,0.25049084
7.1486187,-0.12474865,-0.08626491,0.25398365
7.1569023,-0.11932945,-0.10754144,0.26402408
7.1773763,-0.1242159,-0.118994474,0.26419598
7.177312,-0.13233566,-0.1988821,0.27330247
7.151016,-0.086951315,-0.09531009,0.26041368
7.217468,-0.11089969,-0.22717655,0.26953572
7.2229156,-0.120326996,-0.29902196,0.25635636
7.255345,-0.121508,-0.25426483,0.24610797
7.281146,-0.09091133,-0.4060712,0.24239816
7.224604,-0.09853059,-0.1231761,0.23112337
7.1960135,-0.06670886,-0.21202159,0.23213194
7.20751,-0.043803692,-0.32341683,0.22814476
7.1856074,-0.045351982,-0.3658197,0.2464926
7.188986,-0.06348115,-0.24335563,0.2508431
7.1221414,-0.050958335,-0.29748094,0.25888717
7.1408615,-0.02459097,-0.34645128,0.25241956
7.129945,-0.03458172,-0.33575892,0.23702823
7.1287794,-0.04939401,-0.08562076,0.24447486
7.1008587,-0.04530847,-0.1643014,0.22649792
7.0966473,-0.07382417,-0.03055799,0.22512285
7.067691,-0.09404653,0.005489111,0.20922837
7.08697,-0.036539078,0.03049481,0.2013414
7.0661206,-0.004478216,-0.20776504,0.21813853
7.350155,-0.24958527,-0.20981997,0.38324064
7.2530456,-0.25220883,-0.20407629,0.3905841
7.2281585,-0.23982918,-0.24034393,0.40781593
7.3255777,-0.21856809,-0.2600209,0.317643
7.312747,-0.21021014,-0.23063922,0.31753442
7.291816,-0.16709358,-0.27634943,0.31278464
7.3072987,-0.1950823,-0.29297388,0.30556852
7.261622,-0.15776211,-0.3154301,0.3140973
7.2713118,-0.1809324,-0.44202816,0.33827403
7.318525,-0.18164128,-0.4231243,0.32531482
7.3227205,-0.16791087,-0.3058431,0.30482507
7.3430696,-0.12550682,-0.52882564,0.3067587
7.3544226,-0.14638752,-0.4743005,0.27223516
7.3452487,-0.22724813,-0.45854014,0.3346092
7.3139606,-0.25681537,-0.37866443,0.38243383
7.369988,-0.21381122,-0.40239877,0.3790654
7.4365063,-0.27464843,-0.41039795,0.3751809
7.54478,-0.29083085,-0.5195085,0.3782084
7.5562787,-0.32661182,-0.53190625,0.40190297
7.5794373,-0.32433176,-0.6254306,0.45022947
7.6219993,-0.3054952,-0.6836486,0.38779566
7.538618,-0.21952975,-0.6719446,0.3365839
7.484663,-0.2256813,-0.72780347,0.4102073
7.54002,-0.26322573,-0.67642,0.38583025
7.521695,-0.270805,-0.568843,0.3896366
7.56771,-0.24741179,-0.62205005,0.36624056
7.427429,-0.25708777,-0.57726157,0.385254
7.4638124,-0.22282416,-0.6345548,0.3910064
7.429551,-0.22340137,-0.62808657,0.3446077
7.4402523,-0.14766884,-0.65987575,0.2800191
7.438848,-0.1569531,-0.60162765,0.29135296
7.4285526,-0.16475528,-0.6976658,0.29562417
7.314397,-0.0832113,-0.42004836,0.29109406
7.2736607,-0.10545033,-0.3067063,0.26100314
7.203071,-0.10676116,-0.22935641,0.24315879
7.1547947,-0.044890404,-0.22874808,0.22688963
7.173275,-0.025208056,-0.2642547,0.22672176
7.1306944,-0.056863546,-0.22572726,0.2574979
7.178198,-0.0528993,-0.18644261,0.22252557
7.0930777,-0.055599034,-0.15923887,0.23556663
7.0735683,-0.03424722,-0.13751477,0.22742994
7.086111,-0.03955853,-0.16486835,0.23947541
7.0542154,-0.03954333,-0.099941015,0.2284514
7.1406407,-0.03978157,-0.1309126,0.22580107
7.087079,-0.036767066,-0.21359223,0.22354163
7.1190734,-0.024326205,-0.20716637,0.20847738
7.130695,-0.018355608,-0.23079586,0.21027184
7.1412077,-0.014427125,-0.265176,0.21992165
7.1453547,-0.031185627,-0.19379652,0.22197826
7.09342,-0.017284036,-0.22336924,0.21121703
7.1290584,-0.025548875,-0.24516547,0.21076386
7.118796,-0.023147881,-0.19679558,0.2387341
7.1333065,-0.026138604,-0.1964876,0.21625957
7.118114,-0.02204156,-0.21068656,0.20436834
7.1173935,0.031315446,-0.19717431,0.2020758
7.1599574,-0.0257684,-0.21806788,0.228065
7.1161284,-0.03890723,-0.23385578,0.2552095
7.110529,-0.03235638,-0.26263434,0.22251093
6.9965363,-0.0672912,-0.08355057,0.22108634
7.0362825,-0.0832867,-0.20051849,0.27587318
7.052883,-0.06747264,-0.14154243,0.22971241
7.149124,-0.058412015,-0.41621184,0.2509665
7.242342,-0.037755907,-0.532268,0.26668572
6.976174,0.039546847,-0.08837706,0.20812072
6.981887,0.037047148,-0.11682463,0.20318499
7.0645094,0.0058619976,-0.23330665,0.24901274
7.1485677,-0.041594923,-0.23607123,0.22485958
7.068576,-0.046746016,-0.20840561,0.2494776
7.05212,-0.07084769,-0.052271843,0.23681886
7.039284,-0.036675155,-0.031291723,0.23655942
7.131717,-0.08844429,-0.13125277,0.21544985
7.097515,-0.025209785,-0.14443314,0.22376156
7.0983477,-0.024793267,-0.2265194,0.24053341
7.091112,0.0058494806,-0.18211937,0.22042605
7.069833,0.018538833,-0.1666584,0.20269406
7.068602,0.013519168,-0.16372782,0.20355478
7.0443215,0.015866518,-0.14371884,0.20161396
7.104824,-0.017111659,-0.14363348,0.20654492
7.0574756,-0.036582112,-0.122695565,0.23126775
7.0112906,-0.04607618,0.037534475,0.23853076
6.9612026,-0.049068093,0.041923523,0.23630486
6.9824014,-0.059473217,0.12768197,0.2142887
7.0763006,-0.0694536,-0.031909347,0.24559008
7.0447903,-0.030338824,-0.045271277,0.21626118
6.985053,-0.02007693,-0.06484115,0.21953765
6.9918604,-0.02627194,-0.11383766,0.24436131
6.9295425,-0.019768119,0.034653544,0.21843688
6.8763027,-0.009351373,0.0127437115,0.23969504
6.8660254,-0.019766867,0.14802527,0.21476825
6.795521,-0.012885809,0.22407782,0.2264613
6.813446,-0.01190877,0.22910643,0.20734197
6.8317366,0.0016368628,0.23636878,0.21096732
6.6774197,0.07531786,0.2595502,0.21322142
6.7234287,0.0617249,0.24846661,0.20071526
6.703349,0.010690808,0.24760056,0.20575717
6.650376,0.038919687,0.31772363,0.20678683
6.759684,0.03184998,0.3217945,0.2046027
6.7838397,0.015670896,0.2678671,0.2106186
6.722835,0.014348149,0.2702309,0.23037961
6.798148,-0.0001219511,0.14685476,0.21199673
6.919717,-0.032335997,0.1667527,0.21915115
6.94596,-0.03958094,0.069280505,0.2168381
6.9632525,-0.0065717697,0.07139897,0.20170805
6.872713,0.010824084,0.15109873,0.2107371
6.8184714,-0.016368032,0.22965074,0.2048909
6.806963,-0.006733477,0.24061811,0.22695932
6.925027,-0.015073955,0.030189395,0.24563098
6.954237,0.010541201,0.0392313,0.20109655
6.88389,-0.0046435,0.080806136,0.21084288
6.887049,0.024209261,0.04760027,0.22304253
6.868778,0.032381773,0.067083,0.21100324
6.8482857,0.017751932,0.07954562,0.20537113
6.9571896,0.038460612,-0.010881901,0.2186959
6.9208746,0.05179262,0.05127728,0.20059077
6.8781548,0.06162846,-0.0031410456,0.21424522
6.8623424,0.05323434,0.029105067,0.21678169
6.851488,0.06533122,0.13277328,0.21350093
6.8615885,0.005401969,0.0034592152,0.21134599
6.850626,-0.01679027,0.17171645,0.23793525
6.86312,-0.016701937,0.04321885,0.20901954
7.0248,-0.067435384,-0.028691173,0.23239882
7.044323,-0.02096659,-0.051335335,0.22749189
7.0414824,-0.05316335,-0.06263715,0.21592781
7.097378,-0.018887758,-0.15339667,0.21859056
7.0553436,-0.021198213,-0.12453294,0.20125079
7.0616326,0.02712357,-0.092270195,0.20100956
7.1703887,-0.055703342,-0.27657354,0.24417135
7.1488204,-0.06904346,-0.28310752,0.23512293
7.2201767,-0.07303971,-0.3012175,0.24836087
7.2322536,-0.08944178,-0.24133492,0.24525128
7.2079725,-0.13433993,-0.21050262,0.26866144
7.2633977,-0.12067008,-0.27897912,0.26849145
7.3050175,-0.08730245,-0.41724348,0.27518046
7.2729416,-0.111959755,-0.33867836,0.2639873
7.2281895,-0.13146651,-0.2493627,0.27273098
7.261963,-0.11663157,-0.3393516,0.27291653
7.30859,-0.1095525,-0.33142096,0.2510987
7.2094502,-0.1006484,-0.30810946,0.2797466
7.159317,-0.10764778,-0.27219486,0.26443613
7.1489744,-0.08390033,-0.13787746,0.27027985
7.173933,-0.092538536,-0.15285432,0.24331552
7.1586504,-0.07733643,-0.25688082,0.25180006
7.165669,-0.04486692,-0.25255972,0.23726098
7.2421074,-0.074736774,-0.41921824,0.24298017
7.1806912,-0.09779048,-0.35223907,0.28033805
7.111172,-0.09732145,-0.25248367,0.27605867
7.133007,-0.077468336,-0.22404194,0.24498285
7.172559,-0.09658617,-0.28284407,0.27308866
7.1283984,-0.08237594,-0.25126266,0.26957667
7.0920396,-0.07507861,-0.12392223,0.2331516
7.1045694,-0.07626772,-0.15832865,0.24627313
7.1473427,-0.09415269,-0.21700299,0.27512062
7.12877,-0.11474341,-0.18223858,0.25862908
7.145591,-0.122596025,-0.1081239,0.2609549
7.1121216,-0.09312302,-0.10006249,0.27146894
7.2003345,-0.10810453,-0.17343348,0.2723852
7.17542,-0.10070139,-0.23187125,0.26238295
7.1376166,-0.068790436,-0.122932434,0.2541417
7.0580616,-0.046318233,-0.06260389,0.23200032
7.0250454,-0.0337618,-0.06896973,0.22656634
7.0357924,-0.03711039,-0.12726653,0.2215269
7.028543,-0.044266224,-0.015571117,0.21755499
6.9505553,-0.029666722,0.07979071,0.24785838
7.0631785,-0.08942658,-0.0026820898,0.24195504
7.1038895,-0.050263345,-0.17740965,0.24869284
7.0619683,-0.024749458,-0.22697753,0.25565088
7.080758,-0.041694462,-0.17823958,0.23726957
7.0279646,-0.044864297,-0.12046063,0.25314543
7.033825,-0.021881104,0.023456931,0.21761076
7.0671587,-0.07638222,-0.056783855,0.21987633
7.002298,-0.067035735,-0.07151818,0.255381
7.0373945,-0.04448062,-0.06824064,0.23751579
7.0030055,-0.053601384,-0.07149702,0.22359207
7.0693407,-0.05296576,-0.0665679,0.22615653
7.0111294,-0.0044434667,-0.07176709,0.22316417
7.06798,-0.008449137,-0.12328756,0.20838243
6.976429,-0.010687172,-0.036672473,0.21097529
6.8639507,-0.00013685226,-0.01736039,0.22361131
6.8372364,0.009062052,0.11975908,0.23025355
6.8610144,-0.010489821,0.14602578,0.20131211
7.00439,-0.0123871565,0.07096958,0.20524614
6.8505707,0.0380795,0.054503202,0.20908289
6.827854,0.0063642263,0.05271721,0.20817308
7.06719,0.008134484,-0.24558723,0.20859702
7.0605927,0.024136424,-0.19184881,0.21432734
7.025568,0.017347574,-0.19569331,0.20640485
7.071337,0.0077171326,-0.15727043,0.2179512
7.1040754,0.012194395,-0.19868708,0.2014287
7.1248627,-0.0037235022,-0.25142348,0.20349343
7.151764,-0.08039278,-0.19230866,0.239506
7.1399593,-0.064232886,-0.2585258,0.22249505
7.315965,-0.032305896,-0.4047808,0.21039388
7.3484344,-0.068549275,-0.44649625,0.26988262
7.242328,-0.08954704,-0.25629938,0.27715707
7.182893,-0.0743736,-0.32373065,0.26980248
7.150232,-0.064651966,-0.25512373,0.2436567
7.1403494,-0.071885586,-0.22451699,0.24763174
7.160625,-0.082083344,-0.28515387,0.28222007
7.28172,-0.08587289,-0.39202297,0.25311086
7.2802696,-0.07970363,-0.3259232,0.24989405
7.25546,-0.12388384,-0.4202006,0.27713442
7.3558574,-0.14032662,-0.41372514,0.2892642
7.4536257,-0.13573301,-0.52401465,0.28654346
7.4353333,-0.14522308,-0.6341195,0.2894571
7.408297,-0.15395916,-0.66365945,0.3238719
7.5127535,-0.18215072,-0.6716527,0.32259572
7.4526253,-0.1486429,-0.472831,0.29142374
7.51057,-0.15533608,-0.5885497,0.25569737
7.4976935,-0.1555391,-0.42039704,0.25983423
7.452268,-0.14699346,-0.65343624,0.347878
7.4254246,-0.13501489,-0.46274883,0.2724988
7.4292383,-0.06801444,-0.6271405,0.2805724
7.563655,-0.14311057,-0.6896501,0.28263503
7.5254183,-0.18158543,-0.6785913,0.29429144
7.4556484,-0.16492724,-0.56536657,0.30000582
7.390465,-0.17978996,-0.5747196,0.2978804
7.390012,-0.14761966,-0.5529195,0.31719223
7.388334,-0.14754796,-0.6418958,0.30332
7.361463,-0.1492374,-0.5888076,0.32833546
7.3603535,-0.17341447,-0.47142082,0.32982552
7.3409176,-0.14476609,-0.34412348,0.28448835
7.3426113,-0.17645222,-0.39577615,0.28950784
7.3595586,-0.20325315,-0.52666676,0.32661563
7.4513836,-0.17038769,-0.4995342,0.30040404
7.442856,-0.18582737,-0.5561676,0.31892502
7.453286,-0.17732477,-0.53392285,0.29741108
7.465049,-0.15564,-0.87801564,0.36846983
7.2031393,-0.12790877,-0.3928253,0.3358552
7.239512,-0.13046384,-0.33963817,0.3197015
7.2133284,-0.14865273,-0.3260759,0.27791262
7.235284,-0.12574238,-0.37147033,0.29425997
7.271755,-0.1323536,-0.29476976,0.28117722
7.260422,-0.104551196,-0.429065,0.2741606
7.2493925,-0.106359184,-0.29631305,0.2667232
7.316596,-0.15036762,-0.32011145,0.2733091
7.3436923,-0.15264183,-0.4464044,0.26854795
7.3613453,-0.154104,-0.3334856,0.3114193
7.3625727,-0.19987309,-0.35821813,0.29419103
7.277091,-0.16091055,-0.33940655,0.28419662
7.285307,-0.18013173,-0.22336185,0.297082
7.2746744,-0.16332006,-0.29328418,0.31822082
7.2739573,-0.1873849,-0.31572884,0.32627454
7.331176,-0.19104278,-0.34374994,0.35188007
7.3193855,-0.18882322,-0.5081893,0.36576164
7.4222,-0.26073045,-0.33305448,0.3703674
7.3551164,-0.1753239,-0.48332405,0.34435725
7.3469267,-0.122071385,-0.49495912,0.31131816
7.350251,-0.11504704,-0.58041894,0.2736003
7.363377,-0.13038898,-0.3438952,0.27843317
7.1720095,-0.1825223,-0.24169755,0.3136812
7.221893,-0.18973744,-0.082023144,0.30073944
7.20535,-0.17648625,-0.14368439,0.32473376
7.35944,-0.0854373,-0.42056674,0.2585596
7.325466,-0.10329276,-0.54251087,0.29032356
7.364351,-0.1056363,-0.55539584,0.28780076
7.29062,-0.13014424,-0.3799327,0.26561204
7.233961,-0.12566626,-0.29746807,0.28509063
7.285223,-0.082031965,-0.46499956,0.26011223
7.2548323,-0.16507274,-0.16935408,0.2585014
7.2235565,-0.16954923,-0.22385228,0.27073932
7.2918386,-0.08012003,-0.2826863,0.27669892
7.2369714,-0.10397196,-0.1356529,0.22834118
7.331042,-0.11057186,-0.40875912,0.26173306
7.301959,-0.05950284,-0.4416849,0.25349486
7.3217793,-0.029101908,-0.45101917,0.2296431
7.3015237,-0.08061397,-0.43266624,0.25084084
7.169218,-0.071222305,-0.4429372,0.27631316
7.2700377,-0.06809348,-0.38794827,0.27315834
7.2233424,-0.108493924,-0.26835585,0.26576123
7.265196,-0.13855356,-0.30637795,0.29644305
7.2196116,-0.15310794,-0.27749854,0.2862577
7.2712226,-0.14662182,-0.31477904,0.28897932
7.27199,-0.15195698,-0.31566983,0.32091123
7.239147,-0.16171968,-0.3002051,0.28572524
7.2597847,-0.15806067,-0.16308588,0.28419843
7.2652206,-0.1427815,-0.21519423,0.2783927
7.1727557,-0.11111164,-0.286411,0.28609917
7.0762672,-0.10152662,-0.1677565,0.25222203
7.0959244,-0.07621008,-0.13875544,0.26494125
7.151028,-0.10343689,-0.22939694,0.28546613
7.2301292,-0.06096357,-0.21305001,0.2464584
7.097062,-0.05821544,-0.116708994,0.23586327
7.0759516,-0.042282343,-0.1248219,0.22513327
7.026276,-0.03521049,-0.030088007,0.21186379
7.1471252,-0.027140021,-0.40069318,0.21291512
7.1481733,0.04287696,-0.3989421,0.20940228
7.167686,0.024135828,-0.4269483,0.20755844
7.232458,0.026703954,-0.4071197,0.21483299
7.2342663,0.02060008,-0.3561499,0.21017411
7.179369,-0.004598081,-0.39818394,0.20892392
7.063922,-0.00024563074,-0.21505678,0.20530516
7.0725346,0.026699066,-0.19521695,0.20088822
6.9600205,0.033571005,-0.16443408,0.20070568
6.981912,0.030308366,-0.021565676,0.20794928
7.0090117,0.03999901,-0.15659243,0.21028283
6.909808,0.008195877,0.0027302504,0.20363796
6.922282,-0.017298639,-0.013226569,0.20199242
6.9149513,0.027517796,0.0070123672,0.21665737
6.9958954,-0.035007417,-0.10332894,0.21674795
7.0037327,-0.048001707,-0.030458331,0.24391627
7.051546,-0.014019966,-0.19273913,0.24069129
7.0743265,-0.03635162,-0.23189455,0.2439647
7.0138893,-0.020753622,-0.101539254,0.2445446
7.0091586,-0.020079255,0.06525278,0.21342091
6.9907856,-0.043335438,-0.029948711,0.21263814
7.0356884,-0.009572566,-0.029446483,0.2157128
7.009097,-0.011279225,-0.17537427,0.2198872
7.0885115,-0.02641052,-0.12490106,0.22606045
7.059541,-0.012640178,-0.28953266,0.20722099
7.007557,0.050514817,-0.12751698,0.20200746
7.077457,-0.011969566,-0.023878574,0.21699047
6.9917316,-0.014359415,-0.11182511,0.21153675
7.0919137,-0.025372028,-0.13634336,0.20765178
7.127283,0.010923386,-0.29395992,0.21358886
7.097102,-0.0021016598,-0.30661124,0.23116502
7.096628,-0.0071240067,-0.17357373,0.21173662
7.202564,-0.042657852,-0.2191546,0.20714763
7.1197944,-0.019325674,-0.14169478,0.2038616
7.0630255,-0.024049103,-0.07415056,0.20525815
7.022044,-0.017616093,-0.04257536,0.20097263
7.019162,0.0064105988,-0.055545926,0.21100058
6.996726,-0.0048124194,-0.046311438,0.22009829
6.9408445,0.029579997,-0.036757767,0.2089596
6.9333324,0.02574277,0.0033967495,0.20195885
6.932892,0.004526973,0.047601223,0.22099468
6.889697,0.0020902157,0.024029136,0.20157829
6.8708572,-0.038776994,0.17991495,0.20593196
6.8741093,-0.07118255,0.11654425,0.25562146
6.933609,-0.060280323,0.15804029,0.23002209
6.8577476,-0.036201954,0.06659174,0.23126267
7.0267262,-0.062230468,0.0469898,0.24707334
6.937006,-0.026063204,0.042547226,0.23572412
6.9273405,-0.044104397,0.09052026,0.23642237
6.967267,-0.054810345,0.01889491,0.23069574
6.976134,-0.0568763,0.06968236,0.23909768
6.930252,-0.03793001,0.1013962,0.21759823
6.99471,-0.026022077,0.0011308193,0.21947685
7.0100136,-0.0035245419,0.06974721,0.2094505
6.878249,-0.0010724664,0.17780864,0.2115984
6.9191303,0.012614965,0.0025126934,0.21806291
6.897774,0.0074995756,-0.042802393,0.21003523
6.809204,0.008118391,0.16416407,0.20789371
6.7955513,0.022819042,0.08939266,0.20926021
6.8217587,0.03334737,0.11976862,0.21450788
6.776676,0.009206772,0.1568675,0.21377534
6.805808,-0.00877279,0.10703516,0.23015425
6.9286995,-0.005442679,0.07618427,0.230631
6.9162416,-0.035668135,0.11831355,0.22270687
6.9444065,-0.050616026,0.10698533,0.23143396
6.882715,-0.0019390583,0.06400728,0.2478585
6.8694158,0.1070261,-0.049019694,0.20448378
6.804171,0.09970951,-0.033409953,0.20486896
6.8205442,0.10024166,0.050322652,0.20606469
6.746108,0.069051266,0.15266848,0.20837927
6.783864,0.012962818,0.24614751,0.20512865
6.7761207,0.0037546158,0.22857809,0.23486102
6.826041,0.014834523,0.12495506,0.2173471
6.8443475,0.011717081,0.19626737,0.20853466
6.9334497,-0.0009226203,0.09408569,0.20769931
6.9035506,0.004258752,0.08755958,0.21678634
6.8674517,0.0053015947,0.08865094,0.22023828
6.867074,-0.0031001568,0.0871619,0.20550337
