6.94582,-0.068359256,0.20666802,0.21937771
6.8414125,-0.030530035,0.29566622,0.20589252
6.829383,-0.038262486,0.3052175,0.20449331
6.859358,-0.028014362,0.28521562,0.2026389
6.8549175,-0.008310974,0.27348518,0.20193645
6.745233,-0.032693505,0.34641433,0.20939803
6.84165,-0.042681754,0.3113866,0.2111685
6.8461328,-0.0053631067,0.16148818,0.2020284
6.8770366,-0.019890726,0.26338375,0.20594002
6.974121,-0.026438892,0.09824395,0.20067267
6.90798,-0.025830746,0.14545286,0.20286065
6.912114,-0.04036641,0.20225453,0.21306631
6.892072,-0.04033351,0.21972775,0.21294886
6.9006104,-0.011790633,0.20922971,0.20129594
6.940565,-0.03705263,0.18374264,0.20333396
6.92722,-0.017963827,0.14426267,0.2065623
6.9256883,-0.049769938,0.09181321,0.21231575
6.9043503,-0.0528937,0.17671525,0.21807331
6.8650336,-0.019006431,0.21821773,0.20451196
6.92245,-0.04477185,0.24069405,0.21917711
6.9666405,-0.057444632,0.1547668,0.2204736
7.0261745,-0.010117829,-0.018991828,0.20226277
7.067158,-0.027833462,-0.031930327,0.20106769
6.982051,-0.057370484,0.050405264,0.22789155
6.956002,-0.063345075,0.10026729,0.239058
6.923444,-0.05423683,0.14890099,0.22176556
6.9185596,-0.032130003,0.20477581,0.20842466
6.9043894,-0.04268104,0.10948944,0.21868499
6.928594,-0.027937174,0.15069497,0.20624228
6.9249296,-0.05520618,0.12820315,0.22331828
6.97252,-0.04678482,0.1602614,0.20668718
6.965269,-0.053722143,0.15951884,0.21790648
7.032229,-0.03496951,0.028246999,0.2057956
7.029434,-0.056903243,0.03639245,0.23289658
7.0342765,-0.018450439,0.03717041,0.20535217
7.0310383,-0.051333666,0.034710407,0.21844074
6.9956045,-0.05254227,0.07377279,0.21900494
6.977123,-0.026121259,0.08381605,0.20225735
7.0170317,-0.04010886,0.06638539,0.20919722
6.9803267,-0.02941066,0.021081567,0.21276611
6.9837623,-0.029323697,0.028523207,0.21769193
7.053627,-0.020311713,-0.044380188,0.20860747
7.042705,-0.024081409,0.029911518,0.20092335
7.0165787,-0.035175025,0.07757056,0.20477024
6.9936075,-0.027056694,0.055886984,0.20099969
7.0566444,-0.056551337,0.025865555,0.23181494
6.957373,-0.046924293,0.07383311,0.21499978
7.0581894,-0.014918029,-0.03594625,0.20631659
7.079806,-0.035656333,-0.054735363,0.20567216
6.8921614,-0.035166204,0.1688261,0.20243096
6.8645306,-0.019783676,0.20169854,0.20963486
6.8827295,-0.04538995,0.22636354,0.21998909
6.9238043,-0.015084088,0.09042919,0.21427536
6.9823656,-0.020287693,0.017494678,0.2117076
7.0464325,-0.041923463,0.03699255,0.21998186
7.081917,-0.07089633,-0.0068233013,0.23378405
7.1026115,-0.07173371,-0.036883354,0.229843
7.0485954,-0.06862807,0.014152169,0.23223163
7.116231,-0.09329122,-0.01788485,0.25949305
7.1015425,-0.08142114,-0.060898304,0.24230434
7.1639166,-0.123373866,-0.04009688,0.24973455
7.1671877,-0.1287719,-0.080452025,0.26793715
7.1086087,-0.11429,-0.048410416,0.2695443
7.1312704,-0.09077734,-0.028029501,0.22648433
7.0769444,-0.08085108,0.02148223,0.23049374
7.110429,-0.075511515,-0.086371124,0.22641487
7.0931892,-0.03341919,-0.09223443,0.21550956
7.07966,-0.065479934,-0.038249373,0.22802694
7.06006,-0.055355966,-0.012989461,0.21618803
7.0542917,-0.053745866,-0.0341419,0.21294
7.1075315,-0.06941855,-0.076645255,0.23241994
7.0801888,-0.07205433,-0.022476614,0.22447649
7.049037,-0.03647238,-0.018300235,0.20694707
6.9688134,-0.020905375,0.057581425,0.20090865
7.03689,-0.05918598,0.06759822,0.21265063
6.9710064,-0.05499071,0.10299301,0.21779507
7.0494614,-0.052291512,0.056800723,0.21806052
6.971839,-0.07167804,0.099434376,0.2247588
7.0274057,-0.06560689,0.0066354275,0.22273147
6.9454556,-0.048859358,0.1715076,0.21078399
7.020747,-0.02556032,0.00338912,0.20203765
7.029062,-0.014321089,-0.04525256,0.20244904
7.0545053,-0.06217116,-0.024315894,0.2260114
7.102001,-0.058368325,-0.06696659,0.22690086
7.0911794,-0.083117664,-0.09040058,0.2452448
6.986022,-0.06275928,0.04794073,0.24199387
6.993856,-0.061783075,0.06295204,0.22714786
7.0576878,-0.07029122,0.012039661,0.22628665
6.9864254,-0.05633682,0.09699106,0.21245404
7.031245,-0.048035026,0.038205504,0.21310204
6.9797106,-0.06835079,0.17516339,0.22702423
7.002942,-0.1031335,0.103939295,0.25121507
7.095311,-0.07613987,-0.0347811,0.22365203
7.084229,-0.059004188,-0.029905438,0.22769952
7.1026955,-0.10798538,-0.078167796,0.2529515
7.0870895,-0.09790033,-0.018099427,0.24607131
7.053174,-0.095021605,-0.017538846,0.24868527
7.1028147,-0.06286031,-0.14340246,0.2358893
7.160058,-0.052563787,-0.22614193,0.20980193
7.019497,-0.021595359,0.021725774,0.20239712
6.8828907,-0.03455448,0.19397521,0.2097651
6.907668,-0.04078257,0.2242024,0.206093
6.8699665,-0.034087777,0.22156715,0.20473143
6.854707,-0.05145687,0.29464698,0.2191033
6.738159,-0.0045365095,0.3653339,0.2000954
6.785922,-0.022267938,0.3051498,0.20011573
6.7662673,-0.039848924,0.3822677,0.21465686
6.786235,-0.04290235,0.3447379,0.20687325
6.793686,-0.0085042715,0.25794804,0.20480764
6.880558,-0.041335106,0.23238969,0.21232572
6.895741,-0.037030697,0.22994804,0.20744802
6.8685617,-0.05294895,0.33078015,0.21240865
7.011235,-0.0500713,0.107077956,0.21128865
7.0293818,-0.029353201,-0.012185574,0.2132449
7.0711336,-0.044719458,-0.042726576,0.2231278
7.068344,-0.05924797,-0.021793365,0.22528589
7.1006427,-0.08166051,-0.075124085,0.22548456
7.046102,-0.06324637,0.064240575,0.2256246
7.1324997,-0.08330375,-0.11967552,0.23476207
7.0471344,-0.112463355,-0.012317836,0.2733202
7.0449214,-0.14963865,0.11147463,0.28515786
7.0465493,-0.13059515,0.1346873,0.25820118
6.989623,-0.10757482,0.19816971,0.24312316
7.0763803,-0.11028612,0.06625569,0.26029158
7.092951,-0.1308099,-0.011547446,0.26992264
7.210204,-0.13084221,-0.17456603,0.26401365
7.2674866,-0.09265101,-0.25556386,0.24049342
7.2934456,-0.07193524,-0.34871972,0.23061885
7.2952585,-0.04513991,-0.44634807,0.21843131
7.2788787,-0.04476607,-0.35899335,0.22319889
7.306306,-0.115769684,-0.32800704,0.25252962
7.2859335,-0.07056761,-0.31073666,0.23093663
7.2445364,-0.09551585,-0.28273815,0.24565683
7.221252,-0.0973798,-0.22719496,0.25079268
7.0980434,-0.10095078,-0.041490674,0.24851425
7.101038,-0.111373365,-0.053110242,0.26311308
7.1344633,-0.11070168,-0.12587112,0.2562205
7.1332326,-0.112663984,-0.12515104,0.2667223
7.0961494,-0.112948,-0.023482263,0.27130586
7.142087,-0.110203564,-0.111035705,0.25448623
7.1228886,-0.080103576,-0.12955642,0.25843453
7.1717334,-0.06525123,-0.10782343,0.22823976
7.112279,-0.08043301,-0.06604695,0.23535782
7.0009184,-0.06563121,0.055202484,0.23044194
7.007233,-0.04193914,0.0856967,0.20730288
6.974298,-0.030424237,0.112868786,0.20248881
7.009035,-0.027823329,0.050822973,0.20303214
6.9895916,-0.033134043,0.06568992,0.21089713
6.9091096,-0.0417217,0.21551132,0.2063488
6.909064,-0.035217047,0.20770252,0.207692
6.892372,-0.012100697,0.1414547,0.20975302
6.9453,-0.036468744,0.12768269,0.21264793
6.9440584,-0.02361095,0.1241287,0.201303
6.969757,-0.010308623,0.07635021,0.20868501
7.087921,-0.04985875,-0.018619299,0.20109059
7.118819,-0.013060272,-0.18833226,0.20327511
7.1354685,-0.027105868,-0.20328069,0.20936953
7.0443273,-0.055202782,-0.00808835,0.21462768
7.043227,-0.024065733,-0.0224455,0.2142077
7.091632,-0.018353939,-0.06623739,0.20667325
7.080276,-0.05149001,-0.037162542,0.22481228
7.109357,-0.029006839,-0.08159894,0.20129809
6.9865346,-0.010557413,0.008211374,0.20440558
6.9985113,-0.036996365,0.10441589,0.20304607
7.009451,-0.043451548,0.10101938,0.20685665
7.002487,-0.053650618,0.07471979,0.2208832
7.029828,-0.028927147,0.021552205,0.20209071
7.0455537,-0.020876408,-0.046782374,0.20458081
7.039297,-0.0561738,0.050059557,0.2114963
7.001642,-0.025406897,-0.017213225,0.2162396
6.9917207,-0.04648602,0.07700467,0.22350083
6.9785767,-0.029907882,0.109734416,0.20255297
7.0546465,-0.041490376,0.061523676,0.20195538
7.036657,-0.020032644,-0.0067521334,0.20286223
7.038106,-0.024425745,-0.03619373,0.21123019
7.0546618,-0.04207754,0.0009326935,0.21727614
7.050028,-0.05179733,-0.010354817,0.22082004
7.0510616,-0.052916408,-0.03177136,0.22950144
7.0742693,-0.020175755,-0.14180058,0.20473318
7.0694904,-0.037704825,-0.038077712,0.20847866
7.048345,-0.047295213,-0.020348668,0.20928656
6.9364967,-0.039238453,0.14197564,0.22215746
6.8981743,0.0077705383,0.13490367,0.20019636
6.863928,0.014617562,0.14733398,0.20225725
6.8985076,0.004783511,0.14642656,0.2001265
6.9069,-0.015544057,0.13919473,0.20143904
7.020073,-0.0541355,0.10932207,0.2143298
7.02022,-0.069377005,0.10501599,0.22081466
7.0204363,-0.058727324,0.0630244,0.21349393
7.011511,-0.02846992,0.05180478,0.2084159
6.818152,-0.032636344,0.2936616,0.20790319
6.8469915,-0.047909677,0.32221663,0.21156786
6.845859,-0.05939722,0.3185066,0.22309168
6.978073,-0.04122901,0.06379318,0.22079442
7.0205708,-0.06536192,0.07863283,0.22182739
7.0090084,-0.045734286,0.07869744,0.20643465
7.0579057,-0.06478262,0.039250374,0.22568917
7.0754156,-0.058705866,-0.07425934,0.23181763
7.1251106,-0.07044661,-0.07556856,0.22500256
7.0355973,-0.08072889,0.037379622,0.2395655
7.052226,-0.080755234,0.048451662,0.230726
7.0156574,-0.072304666,0.013689518,0.23137502
7.0062847,-0.06976783,0.08391547,0.22528143
7.016673,-0.047323823,0.08008349,0.22927313
6.960074,-0.055918515,0.13655639,0.216761
6.9971175,-0.101784706,0.14048576,0.25352868
7.030371,-0.06518,0.04135418,0.2194943
7.05624,-0.054569244,0.0066822767,0.2143184
7.048339,-0.05573201,0.038002133,0.22171386
7.0147643,-0.08155197,0.03277123,0.22419585
7.019099,-0.029439867,-0.0024676323,0.20796989
6.9445133,-0.001813829,0.09123933,0.20373814
6.9442644,-0.03209281,0.10503316,0.20749828
7.032814,-0.04746467,0.019099712,0.21068956
7.0543914,-0.057216167,0.004339218,0.22612938
7.0754123,-0.09396851,-0.034329653,0.24082263
7.0590305,-0.10783529,0.054121017,0.25058898
7.0596256,-0.09924728,0.10700214,0.23689876
7.025611,-0.08894706,0.11719835,0.22465238
7.000559,-0.1022045,0.16803288,0.23750132
6.9754357,-0.10486293,0.13020003,0.250406
7.0640345,-0.10490227,0.045118332,0.24421588
6.996012,-0.05608958,0.053596497,0.22152191
6.985941,-0.05118358,0.084578395,0.22636491
6.955573,-0.061750352,0.12810946,0.22265394
6.9920177,-0.07977265,0.097206354,0.23063055
6.9885073,-0.08388716,0.13380003,0.22916472
7.0192575,-0.06191784,0.03950739,0.21789613
7.045384,-0.07061273,0.046687245,0.22330879
7.116956,-0.087117195,-0.060540736,0.23438185
7.1646323,-0.08724356,-0.10849428,0.23594071
7.096101,-0.13305056,0.04504609,0.2623429
7.0819426,-0.097507775,0.05221796,0.24438755
7.1175594,-0.09493446,-0.037970662,0.22678816
7.0808706,-0.07311672,-0.09068072,0.24071793
7.0565577,-0.06227392,0.01994729,0.21663551
7.026936,-0.077376544,0.051442266,0.2398912
7.003978,-0.053574026,0.048808455,0.21387205
6.99121,-0.037704766,0.037220836,0.22155157
6.984576,-0.06886381,0.086772084,0.24066225
7.014149,-0.04959297,0.1178776,0.20918782
6.9955482,-0.06362665,0.027537227,0.23028675
7.081346,-0.074608386,0.030657291,0.23006338
7.1132965,-0.05020535,-0.07554507,0.21659859
7.119381,-0.040207744,-0.1493265,0.2204212
7.1259294,-0.006695986,-0.21801424,0.20160073
7.214476,-0.027613401,-0.24278682,0.20192358
7.1412168,-0.08585739,-0.13584304,0.22495387
7.1869855,-0.07881594,-0.14094979,0.23838168
7.0958385,-0.06623644,-0.061730027,0.21951531
7.1491756,-0.051566005,-0.07415867,0.2134102
6.9485226,-0.004150212,0.11329031,0.20058651
6.8997703,-0.037792206,0.22578824,0.20109302
6.9257936,-0.031383336,0.10775924,0.23186272
6.988243,-0.08692974,0.13865685,0.236647
7.0085254,-0.08049196,0.055938244,0.23680885
6.9936533,-0.093230605,0.11100006,0.24081743
6.9837008,-0.048716486,0.09993243,0.2198608
6.9079757,-0.047242522,0.19456315,0.2094843
6.9635105,-0.03336662,0.078182936,0.20677608
6.942403,-0.04895693,0.16671646,0.2185473
6.946366,-0.026406884,0.11169577,0.20046443
6.9217854,-0.044080615,0.16242385,0.21472977
6.9381948,-0.03891188,0.16654515,0.20450515
7.010564,-0.046561897,0.059851885,0.21736541
7.005648,-0.038661897,0.096450925,0.20743838
7.0072327,-0.01740694,0.040599823,0.2075082
6.9887476,-0.031891763,0.078398466,0.20685306
7.0219007,-0.025323987,0.042377234,0.20318717
6.90319,-0.029895842,0.2391882,0.20465256
6.963002,-0.02843225,0.1329081,0.21083996
6.922817,-0.033236265,0.17322087,0.20553125
7.002389,-0.012374282,0.019590378,0.20581149
7.1320467,-0.030917108,-0.12848437,0.20128925
7.2116885,-0.073905885,-0.27419525,0.22535975
7.200379,-0.09263033,-0.13954252,0.24078332
7.194684,-0.09801656,-0.15450108,0.23871693
7.158371,-0.11105746,-0.08111024,0.24841745
7.229526,-0.14169759,-0.20069265,0.27409887
7.3111787,-0.16783386,-0.24868119,0.28725523
7.2603254,-0.18212378,-0.22391158,0.30861324
7.300693,-0.15865088,-0.32542878,0.29796407
7.2081423,-0.1406942,-0.1591686,0.2661286
7.1439757,-0.12678462,-0.07767308,0.26785862
7.165453,-0.13859075,-0.104005456,0.26754397
7.2059784,-0.07296991,-0.13075817,0.24041766
7.1223803,-0.05590099,-0.09403062,0.2062571
7.1031613,-0.045354724,-0.098208785,0.21942663
7.144761,-0.08106744,-0.17023242,0.2408271
7.146516,-0.07946205,-0.12605321,0.24019724
7.158961,-0.08058053,-0.14442843,0.23487736
7.1205425,-0.07823092,-0.12624913,0.24043515
7.1989098,-0.056070626,-0.26254708,0.22883351
7.209236,-0.08552158,-0.19150728,0.22003603
7.2217555,-0.08122003,-0.30771214,0.25793937
7.2567844,-0.100429475,-0.33764833,0.2503769
7.235868,-0.116208255,-0.15935045,0.24224618
7.187372,-0.111623764,-0.1500926,0.25275785
7.1780844,-0.10497606,-0.1444996,0.25704175
7.08099,-0.10548705,-0.04641944,0.2527482
7.0502863,-0.080532014,0.06325507,0.2247431
7.102848,-0.065292895,-0.08049154,0.23037694
7.054501,-0.052316666,-0.029795289,0.22317624
7.124337,-0.05006087,-0.12788725,0.21337442
7.0818315,-0.051621914,-0.06942344,0.22542524
7.099481,-0.06078136,-0.1157496,0.237475
7.1846294,-0.06355697,-0.15408182,0.2289527
7.0360956,-0.03613627,-0.056107044,0.2103754
7.0538635,-0.027201295,-0.074429035,0.20220712
7.1042275,-0.03449124,-0.112134814,0.2111364
7.090065,-0.03782797,-0.089307785,0.20308489
7.1016397,-0.08193833,-0.023832679,0.21252884
7.0404644,-0.06766641,0.040003657,0.22628762
7.077467,-0.07027364,-0.06418002,0.2247087
7.083874,-0.056800783,0.032087326,0.21226923
7.114461,-0.045863092,-0.08628774,0.21350765
7.0997066,-0.039161265,-0.1104359,0.20835672
7.1580687,-0.025789082,-0.16707557,0.20558427
7.2107983,-0.0416705,-0.20099485,0.20240976
7.100388,-0.0031148791,-0.1253336,0.2076385
7.1027594,-0.04675901,-0.08253944,0.21099089
7.0901437,-0.044351578,-0.089573026,0.22466376
7.086553,-0.03141868,-0.08717823,0.20448357
7.130515,-0.063430965,-0.1232239,0.21720904
7.160039,-0.058676362,-0.19192708,0.23012793
7.137462,-0.06943834,-0.14589024,0.23240142
7.168916,-0.09116477,-0.17198515,0.252783
7.182819,-0.090731084,-0.18798572,0.24624823
7.228832,-0.10278249,-0.1698947,0.25469974
7.16163,-0.14831978,-0.119541645,0.27222353
7.2116976,-0.13715076,-0.1668027,0.27451596
7.1879783,-0.14130926,-0.18199545,0.27258188
7.1747313,-0.08029801,-0.19528669,0.24677485
7.2037654,-0.12292832,-0.13691074,0.25462672
7.2006416,-0.16937447,-0.029942274,0.30032068
7.3121786,-0.19840485,-0.2174921,0.32029077
7.2844863,-0.17297602,-0.34093845,0.30630302
7.2728457,-0.19514841,-0.21452701,0.32118988
7.3525243,-0.22055864,-0.36335975,0.33390057
7.4913383,-0.21542597,-0.5378617,0.33869553
7.403524,-0.1947763,-0.41357362,0.32731378
7.4513807,-0.2085017,-0.4674121,0.33120048
7.4528837,-0.2301181,-0.45580256,0.34347352
7.4722652,-0.23779136,-0.5655416,0.3542481
7.373302,-0.22118902,-0.39479274,0.34076375
7.370918,-0.23513055,-0.35517853,0.34184164
7.359565,-0.2567274,-0.2977391,0.36301374
7.324947,-0.2560475,-0.2776087,0.3671368
7.384958,-0.2660365,-0.3143996,0.36188096
7.3398085,-0.23939478,-0.30653083,0.34813148
7.3910294,-0.21964759,-0.36929297,0.33754447
7.2454715,-0.2123971,-0.16017616,0.3416574
7.2160635,-0.18956053,-0.1257863,0.30303773
7.2391653,-0.20860887,-0.13073444,0.312583
7.205169,-0.20498472,-0.14563632,0.31958595
7.2080097,-0.1774047,-0.16460598,0.30686602
7.1947803,-0.17870331,-0.11235404,0.3164322
7.2354383,-0.16940874,-0.18707931,0.30424294
7.174124,-0.13735032,-0.13316286,0.29219103
7.2126646,-0.16231596,-0.12306249,0.28290707
7.2303643,-0.12244403,-0.25370717,0.26980066
7.2361994,-0.18589956,-0.21591425,0.3087633
7.2485027,-0.17746657,-0.2380321,0.30397856
7.2925186,-0.18197179,-0.22150028,0.29636893
7.2512856,-0.18178147,-0.22167319,0.30753022
7.2851944,-0.20340937,-0.22905862,0.30823636
7.260732,-0.18934631,-0.19234514,0.31086028
7.317508,-0.21980333,-0.29559052,0.32724312
7.354358,-0.2514199,-0.25084662,0.36098135
7.3514543,-0.21727711,-0.32136095,0.32621163
7.3448334,-0.21551466,-0.27740026,0.33193955
7.319898,-0.21246028,-0.28262782,0.32154477
7.3785334,-0.21975124,-0.2983417,0.3388561
7.3761425,-0.24121892,-0.23444623,0.3291188
7.3314257,-0.23124492,-0.27052462,0.33726484
7.223029,-0.23011911,-0.116470695,0.35047525
7.3084354,-0.24837255,-0.16613173,0.34599462
7.3335953,-0.24620676,-0.18355691,0.33854455
7.257616,-0.23169619,-0.12891173,0.34135622
7.2929893,-0.18325663,-0.24344039,0.31299934
7.3131876,-0.15675801,-0.26988572,0.2850075
7.2401342,-0.14582372,-0.1954062,0.28155893
7.1552134,-0.08943498,-0.11924267,0.22470935
7.2021427,-0.13896435,-0.24073505,0.28574952
7.163664,-0.12831753,-0.12223959,0.27062932
7.2399044,-0.15453893,-0.15884978,0.27592582
7.224367,-0.1463483,-0.20864952,0.27824748
7.216066,-0.12199962,-0.18395972,0.26863995
7.259843,-0.11087608,-0.28625834,0.26594272
7.216465,-0.11513829,-0.17642736,0.2448518
7.142617,-0.08155054,-0.16835189,0.23481573
7.144761,-0.05572468,-0.15060031,0.23409311
7.2164497,-0.08413166,-0.16442192,0.23947106
7.117697,-0.06597161,-0.01337564,0.22203511
7.0660963,-0.08968079,0.059119105,0.24138731
7.085887,-0.08073932,-0.030375838,0.23771167
7.100226,-0.09113395,-0.049269557,0.23964337
7.056039,-0.09573138,-0.04132718,0.249555
7.06726,-0.11240649,0.058330536,0.2426633
7.138611,-0.122398734,-0.050182104,0.2580542
7.14516,-0.11731362,-0.12001318,0.25657305
7.1238537,-0.12061471,-0.048645318,0.2671004
7.1221056,-0.07056987,-0.14709055,0.24654566
7.048894,-0.049727917,-0.01199162,0.23280047
7.0372753,-0.036284745,-0.048195124,0.21230508
7.0843925,-0.041339815,-0.0737955,0.21431835
7.0930414,-0.019268632,-0.11776638,0.20369148
7.1611385,-0.019574344,-0.14464122,0.20454901
7.11319,-0.0405221,-0.07763255,0.20737241
7.0156593,-0.014223039,0.040640235,0.20024665
6.977112,-0.03515035,0.13039029,0.20860949
6.980246,-0.033781767,0.09273422,0.20351171
7.0025325,-0.042244434,0.060764074,0.21943317
7.084842,-0.034894526,-0.07435334,0.21687603
7.0520005,-0.03498006,-0.033924103,0.2036347
7.094547,-0.07408196,-0.008519053,0.22462064
7.097618,-0.04935956,-0.10290778,0.22696853
7.195242,-0.05609262,-0.21484971,0.22317307
7.166802,-0.05731362,-0.19939768,0.21989025
7.189842,-0.06837106,-0.15900499,0.23025082
7.0990105,-0.03290564,-0.09885192,0.21253884
7.035097,-0.01844889,-0.030437827,0.20622875
7.0474024,-0.040117145,0.016300797,0.20311704
7.059522,-0.08164072,0.010685563,0.22335254
7.030666,-0.06336814,0.026385069,0.211494
6.9362135,-0.030066073,0.10299075,0.20491807
6.922419,-0.031435788,0.17097878,0.21073899
6.8893642,-0.015982509,0.15686727,0.20247391
6.970948,-0.012549698,0.06858182,0.20955236
6.9776773,-0.04069674,0.10243416,0.22444206
6.9456263,-0.023326516,0.10293305,0.20711337
6.924092,-0.036230505,0.2269144,0.20912471
6.905248,-0.033701718,0.19543171,0.20766604
6.893972,-0.014338851,0.15457022,0.20231293
7.0302763,-0.051514745,0.0040096045,0.21093582
7.0040145,-0.03148198,-0.005730152,0.20365182
7.103446,-0.09303808,-0.07560456,0.23288907
7.0884304,-0.055949926,-0.04451114,0.2206186
7.136497,-0.059266508,-0.09043932,0.22112544
7.0636005,-0.060926378,-0.0417161,0.23074457
7.050187,-0.07852864,-0.0016949177,0.21798876
7.045919,-0.06746042,0.061341643,0.22015175
7.0041456,-0.07185751,0.07179141,0.22996289
7.0395765,-0.07048786,0.08100724,0.22469266
7.0678163,-0.055159092,0.017725587,0.21697171
6.981226,-0.044296443,0.049580812,0.21787558
7.035913,-0.03986293,0.032829046,0.2011302
6.9997287,-0.025497198,0.04925537,0.20194942
6.952036,-0.036857367,0.075249314,0.2170204
6.9926653,-0.007818282,-0.0054907203,0.20771211
7.029428,-0.056429565,0.041648507,0.21284395
6.99034,-0.01936245,0.05995679,0.20011607
7.0464077,-0.022277355,0.030427694,0.20278062
7.0870905,-0.048017383,-0.05985391,0.21899009
7.062141,-0.048205137,0.0065010786,0.21193393
7.127387,-0.05186522,-0.104893446,0.22018757
7.0875134,-0.06959033,-0.0115379095,0.23142588
7.0064745,-0.03407508,-0.0065709352,0.2013839
7.100606,-0.038334727,-0.07383561,0.20797876
6.9819074,-0.03692788,0.09545672,0.20320505
6.979322,-0.057271242,0.1163553,0.21688718
6.994204,-0.027037382,0.022981524,0.2080935
7.049465,-0.079450846,-0.028018594,0.23516592
7.101555,-0.057228327,-0.07017553,0.22500058
7.1350183,-0.062046766,-0.09835172,0.21383478
7.140694,-0.06366396,-0.15144366,0.21837156
7.051823,-0.02262503,-0.0680294,0.2042946
7.0202417,-0.01562512,-0.020596206,0.20491718
7.0496216,-0.017101169,-0.06104678,0.20868453
7.105043,-0.040552974,-0.06702185,0.2137189
7.1293325,-0.035147667,-0.15073049,0.20854785
6.997757,-0.041504562,-0.0019963384,0.21182148
6.9325747,-0.04063666,0.15289688,0.2278097
6.9421444,-0.029403985,0.15338397,0.20253769
7.002411,-0.030660152,0.008351207,0.20915449
6.9917393,-0.011638939,0.0899384,0.20124438
7.027204,-0.053675473,0.023429275,0.22542526
7.0838513,-0.022750974,-0.034794033,0.20038772
7.005182,-0.0046682954,-0.019679427,0.20085761
6.975019,-0.0279634,0.029454231,0.21189618
6.900472,-0.032477736,0.1632911,0.21091944
6.996503,-0.031691134,0.031641483,0.20492862
6.987123,-0.037208438,0.07581663,0.22084805
6.989662,-0.050492406,0.11488986,0.21824603
6.9866676,-0.024713933,0.06746316,0.2009672
6.941468,-0.05224812,0.1631397,0.20388061
6.8751965,-0.019398749,0.20893121,0.20703638
6.903579,-0.019670606,0.13898802,0.20488136
6.975065,-0.027765691,0.04053986,0.20422186
7.076346,-0.019903362,-0.16974926,0.21286596
7.0705214,-0.031220376,-0.001336813,0.20693134
6.995488,-0.036628723,0.058448195,0.20726335
7.0448565,-0.043594003,0.009319782,0.22586493
6.9967804,-0.03615594,0.035495758,0.21211867
7.0251884,-0.047165155,0.06384814,0.2095824
6.9839816,-0.040735364,0.053627014,0.21633051
7.0407157,-0.05097282,0.022156954,0.22735465
7.068453,-0.024221122,-0.03386426,0.20317273
7.1347733,-0.04836452,-0.14795673,0.21111004
7.101877,-0.015247524,-0.15232682,0.20583773
7.0905046,-0.026825905,-0.06361562,0.21197422
7.100484,-0.06310308,-0.025379479,0.21525924
7.110376,-0.05036944,-0.102500916,0.21937862
7.071118,-0.059491694,-0.01155746,0.22190534
7.0584126,-0.046321154,-0.036747098,0.2183625
7.0497875,-0.0527246,-0.030789316,0.21517012
6.936776,-0.026838422,0.13683987,0.20797773
7.0662303,-0.062470198,-0.0076647997,0.21316713
7.0048313,-0.033334553,0.04095483,0.20050456
7.000447,-0.03364891,0.011474967,0.20375118
6.972363,-0.029876947,0.045888305,0.20559897
7.0776806,-0.051561534,-0.019542277,0.20958714
6.997597,-0.04567367,0.026561737,0.22125502
7.023066,-0.03696263,0.03841412,0.20925935
7.0232663,-0.050518453,0.079992175,0.21057582
7.013816,-0.029768527,0.022057056,0.21394008
7.014797,-0.018608093,-0.04669124,0.21525753
7.030306,-0.07311714,0.009065747,0.23635179
6.9995136,-0.06253362,0.05727005,0.23047298
7.061805,-0.067102194,-0.009295583,0.23038422
7.089266,-0.0894897,-0.011586189,0.23719695
7.1229763,-0.07055026,-0.09514558,0.22886556
7.0594287,-0.069077194,0.045561314,0.22597623
7.0761576,-0.06335521,0.026625395,0.22869858
7.1054783,-0.0398677,-0.09281826,0.20287305
7.1252203,-0.035100102,-0.13908839,0.20628701
7.10952,-0.018553793,-0.14026272,0.20111006
7.061999,-0.03305137,-0.0669235,0.20433147
7.084814,-0.014011979,-0.09284389,0.20151901
7.0587854,-0.014851987,-0.07274711,0.20101641
7.0576835,-0.04633355,-0.06844044,0.23683919
6.961994,-0.016360223,0.047217846,0.20157938
6.988408,-0.032117426,0.07021022,0.20039578
6.9839387,-0.036885083,0.035851717,0.21346997
6.9623394,-0.019215763,0.07224083,0.20463313
7.023287,-0.032792866,0.001588583,0.20566896
7.091673,-0.036193013,-0.12655067,0.20774928
7.0380106,-0.036033154,-0.04930103,0.21810177
7.0162725,-0.03653139,0.030949473,0.2085488
7.021011,-0.043644607,0.034360647,0.21121922
7.014107,-0.03355843,0.04183817,0.20048009
7.0180197,-0.034321725,0.023159385,0.21363245
7.0087614,-0.03144723,0.0375309,0.20579582
6.9486446,-0.013089895,0.14412773,0.2011769
7.015789,-0.01600355,0.042156577,0.20378536
7.0290003,-0.038936377,0.06172514,0.21695027
7.0803547,-0.04856682,0.004143119,0.22334999
7.037109,-0.022996485,-0.06257355,0.205061
7.053362,-0.02760154,-0.039437413,0.20648487
7.0205507,-0.038446546,-0.004269719,0.20335685
7.060828,-0.0346936,0.021550417,0.20892863
6.9932337,-0.05576819,0.114521265,0.21828452
7.0254865,-0.07815635,0.054846406,0.23646654
7.066576,-0.04991001,0.009474516,0.21697424
7.0024953,-0.033877492,-0.028347075,0.22146325
7.025717,-0.03392321,-0.04587066,0.2101434
7.0017486,-0.032832682,0.100550175,0.2070904
6.9856987,-0.043756843,0.0614841,0.21675338
7.0281425,-0.06419307,-3.385544e-05,0.22707827
7.120337,-0.07173753,-0.045319915,0.22049478
7.0791464,-0.1073482,-0.013702273,0.24485096
7.0941887,-0.112105966,0.02253592,0.26488706
6.962099,-0.11010748,0.15937018,0.26394555
7.0725455,-0.100409925,-0.014087379,0.24844024
7.076651,-0.105928004,0.02088201,0.24374329
7.144602,-0.0828954,-0.07321191,0.23291084
7.0325327,-0.04165989,0.033307195,0.2099664
7.0532837,-0.06009525,0.02372861,0.22521725
7.0268564,-0.01815778,-0.04422033,0.21088815
7.071841,-0.027597368,-0.094551206,0.21267584
7.081282,-0.036203146,-0.082950115,0.21160549
7.088598,-0.02099222,-0.07542056,0.20371708
7.101298,-0.019501984,-0.057915926,0.202007
7.0775642,-0.00878942,-0.08578229,0.20383687
6.9900737,-0.022284567,-0.017917037,0.2281563
7.0429983,-0.06823087,0.029965997,0.22799145
7.0288115,-0.07451862,0.08709586,0.22023332
7.0436497,-0.06675577,0.012344718,0.22630906
6.968176,-0.050905526,0.030412197,0.2254967
6.9525285,-0.030002534,0.10489941,0.20820595
6.9792595,-0.024524093,0.060724378,0.20736203
7.0195365,-0.01093775,0.022657752,0.20292766
7.024977,-0.031595886,-0.0047148466,0.21788245
6.9741125,-0.047260582,0.0868969,0.21263966
7.019739,-0.022671044,0.01533401,0.21278356
6.951562,-0.021456897,0.07577729,0.20098323
7.0086036,-0.04061085,0.1108731,0.20970967
6.9733853,-0.044779778,0.08704126,0.21099673
6.9881206,-0.0413121,0.13648462,0.20278671
6.998018,-0.0738644,0.10867679,0.22955002
7.050991,-0.080002666,0.10998154,0.23470592
7.1608214,-0.11070776,-0.0641582,0.2559835
7.186611,-0.1303047,-0.23349035,0.27383423
7.2106156,-0.10512805,-0.21979845,0.26180485
7.2316585,-0.15075088,-0.1684537,0.27900475
7.1846976,-0.11624348,-0.15515941,0.2605986
7.268177,-0.10728854,-0.3276937,0.25203124
7.2221518,-0.06227362,-0.29177725,0.23120752
7.247855,-0.091744006,-0.2811389,0.24394593
7.219215,-0.0969978,-0.28834218,0.24409355
7.1840525,-0.08316696,-0.17225587,0.23472503
7.1938415,-0.10398173,-0.21738094,0.24734972
7.1044173,-0.09285796,-0.06541395,0.25558558
7.0637627,-0.09003526,0.0095130205,0.24884073
7.0831776,-0.11287159,0.018835306,0.24795055
7.0461574,-0.07860726,-0.024556577,0.23339856
7.018185,-0.058223963,0.054743767,0.22583717
7.086327,-0.08425653,-0.0044021606,0.2435555
7.072811,-0.10207218,0.010251999,0.24322331
7.048723,-0.100010335,0.024221659,0.25037178
7.0700493,-0.10417211,0.02592957,0.24264476
7.085684,-0.08630514,-0.008097291,0.2379117
6.9623694,-0.04818791,0.10571432,0.21442005
6.963029,-0.04661411,0.13763297,0.21803667
7.01186,-0.06771088,0.08220589,0.22132535
7.0437617,-0.049990654,-0.0042442083,0.21675827
7.015624,-0.08801758,0.096496105,0.24232154
7.0237455,-0.08810502,0.19767094,0.22965966
7.081024,-0.119041264,0.0061836243,0.25841436
7.065865,-0.119335234,0.04166031,0.25566688
7.1612835,-0.121236205,-0.07181907,0.2612896
7.141974,-0.1213032,-0.08361697,0.26823118
7.1256075,-0.1034019,-0.089936316,0.26026747
7.098278,-0.110853136,-0.028947592,0.24914733
7.120251,-0.08325541,-0.058111012,0.24350356
7.08962,-0.07336348,-0.030852556,0.2402257
7.0826654,-0.03022796,-0.085608244,0.20631534
7.0795193,-0.016435802,-0.08224881,0.2012877
7.0868807,-0.03972876,-0.14646173,0.22699074
7.1241093,-0.034542322,-0.06891298,0.20259415
7.037866,-0.051329732,-0.035354495,0.21931688
7.120182,-0.060929,-0.07826048,0.22513844
7.07488,-0.049271524,-0.056325912,0.22891478
7.0200787,-0.024557889,-0.006957352,0.20763066
6.9886847,-0.012714446,-0.0517506,0.21644562
6.9929338,-0.046156228,0.048386335,0.21733034
6.960496,-0.041627347,0.11172986,0.20765205
6.966585,-0.03527826,0.06384444,0.20528184
6.972383,-0.026102781,0.0670048,0.21203843
6.9470587,-0.018144011,0.07745814,0.20396003
6.966648,-0.021751165,0.043228865,0.20024018
7.003688,-0.021817148,0.052152038,0.20240837
7.0261354,-0.012665808,-0.05711353,0.20118198
7.0475483,-0.004239619,-0.06399298,0.20038278
7.154849,-0.03897214,-0.18624032,0.21965994
7.0616765,-0.06020695,0.014674187,0.23652306
7.067841,-0.059161544,0.03477788,0.2201075
7.022277,-0.0053813457,-0.13278764,0.20405282
6.9286237,-0.059046865,0.2284267,0.21509582
6.8850293,-0.040871024,0.22367883,0.2082695
7.0018315,-0.06286222,0.097292185,0.22816934
7.0734377,-0.104472816,0.043180704,0.24677606
7.0539336,-0.08416259,-0.024844885,0.24627285
7.01688,-0.09823692,0.034249067,0.2503751
7.0397773,-0.11617631,0.05702877,0.24979429
7.1003823,-0.12344456,-0.00395751,0.2659523
7.0150867,-0.14487165,0.07052791,0.28710762
7.192737,-0.17767262,-0.115689635,0.30100527
7.281737,-0.19939113,-0.20352721,0.3200339
7.3512,-0.22411066,-0.33495963,0.34391937
7.2658896,-0.17050833,-0.23052084,0.30257407
7.2914815,-0.1714918,-0.27276444,0.31119642
7.1963367,-0.18116271,-0.050617218,0.31491995
7.201121,-0.1798889,-0.13787174,0.30280894
7.1212034,-0.16840935,0.003070116,0.3022972
7.125511,-0.16927576,-0.064076066,0.30332625
7.0793324,-0.16537929,0.08743,0.28634706
7.132328,-0.16064543,-0.05037272,0.29236916
7.162048,-0.14691705,-0.064505935,0.27361345
7.2109847,-0.14113116,-0.2052728,0.2738434
7.205168,-0.109718084,-0.23653978,0.2559691
7.1915545,-0.117444515,-0.16211426,0.2579929
7.040976,-0.0687719,-0.043829918,0.23371565
7.089981,-0.052681744,-0.020363688,0.2152977
7.069,-0.04898286,-0.053801596,0.22688314
6.9902897,-0.039475977,0.025784492,0.21701597
7.025526,-0.05987376,0.0828352,0.22192483
7.087234,-0.041831255,-0.06640798,0.21294884
7.0579214,-0.05470425,-0.035588145,0.22302389
7.1451597,-0.029685974,-0.11471343,0.21209674
7.0759616,-0.013578355,-0.11117065,0.20332873
7.088137,-0.02739799,-0.035048723,0.20621364
7.0505095,-0.0567469,0.048480034,0.21168388
6.959981,-0.05017972,0.11395514,0.22248948
6.9545517,-0.032263458,0.13142991,0.2170499
6.951192,-0.066649854,0.1366669,0.22726594
6.9376335,-0.06776518,0.18040586,0.23058885
6.9656286,-0.059756637,0.13441467,0.22065222
6.9283032,-0.06467563,0.21180141,0.21832764
6.899543,-0.0048896074,0.12902856,0.20334876
6.9202104,-0.028742015,0.17591882,0.2012038
6.9128447,-0.041616082,0.2483834,0.21242759
6.9928355,-0.043248475,0.10783064,0.21128762
6.8606224,-0.015250266,0.19705892,0.20382163
6.854841,-0.025488436,0.23454916,0.2025551
6.8851395,-0.032150567,0.2529633,0.20685764
6.9395146,-0.022088408,0.13973904,0.20022114
6.918429,-0.04013145,0.14156604,0.20716853
7.03685,-0.06289476,0.07042825,0.21866965
7.0835094,-0.060778737,-0.053127825,0.2179661
7.046154,-0.05473739,0.060813427,0.20724607
7.061432,-0.02165109,-0.077450156,0.21188714
7.101587,-0.019042194,-0.09887123,0.2016717
6.948814,-0.052016795,0.10135031,0.20925938
7.050149,-0.05598128,-0.018802702,0.2270817
7.036673,-0.04403007,-0.0048080087,0.21177869
7.059349,-0.04332012,-0.021347165,0.2130634
7.1116166,-0.037619352,-0.07777488,0.20444155
7.0428877,-0.060700297,-0.02333641,0.22333457
7.0048404,-0.028135657,0.021086097,0.21479477
6.991588,-0.026436865,0.078480124,0.20918003
6.9862213,-0.054564893,0.14048302,0.22134581
6.950237,-0.034769595,0.11913037,0.20509394
6.996088,-0.0255965,0.067697644,0.20086505
6.961966,-0.042681277,0.12991834,0.21788086
6.9292116,-0.019144535,0.12089622,0.20272319
6.978572,-0.033219874,0.09162843,0.20366117
6.940833,-0.06333625,0.18706644,0.225442
6.9366407,-0.060031235,0.15801477,0.22981024
7.000815,-0.046898127,0.09656727,0.20033173
7.015342,-0.03197342,-0.00088870525,0.21729843
7.1097593,-0.09233791,-0.08254969,0.25356337
7.0422807,-0.07596117,0.09113777,0.22889163
7.0451846,-0.090437114,0.016326666,0.2536573
6.991459,-0.08516854,0.087185025,0.22344814
7.0168943,-0.10251033,0.092852235,0.25474524
7.0731516,-0.11903405,0.05409074,0.26052928
7.0231876,-0.1202361,0.06277609,0.26779288
7.0909395,-0.08987594,-0.06304264,0.23675323
7.1534214,-0.10462016,-0.104153514,0.23613532
7.2108965,-0.117510796,-0.16590899,0.26398304
7.2610455,-0.08635205,-0.35690534,0.25502154
7.318974,-0.07999313,-0.39253032,0.23391709
7.322758,-0.06950629,-0.43076873,0.2223481
7.332052,-0.052744865,-0.4539435,0.22217894
7.2388268,-0.055666864,-0.27881837,0.21521658
7.032689,-0.029496074,-0.0784933,0.21704882
6.9593678,-0.06790948,0.12055862,0.22508475
6.9846644,-0.06545615,0.1081717,0.22535689
7.005243,-0.03807634,0.047069073,0.20566279
7.036065,-0.023736775,0.03370881,0.20526107
6.9797835,-0.026023388,0.0577662,0.20927183
6.910383,-0.052148223,0.18357027,0.21359105
6.9165926,-0.027980506,0.16872203,0.2080499
6.9430375,-0.051862895,0.15770769,0.22138572
6.9338717,-0.037566423,0.13102269,0.21059638
6.9266896,-0.063608825,0.22689724,0.21478175
7.0063434,-0.045348346,0.016973972,0.21058339
7.0638056,-0.07316589,-0.0089662075,0.2339778
7.016659,-0.060773075,0.061559558,0.21421054
7.212707,-0.15677714,-0.18603665,0.29350564
7.2474523,-0.13306808,-0.18288058,0.2670889
7.2122226,-0.12651867,-0.18377912,0.25679448
7.2448997,-0.14338577,-0.17944986,0.26681626
7.225586,-0.14305383,-0.20437503,0.27731454
7.220064,-0.1361599,-0.25639027,0.28339434
7.268922,-0.12010026,-0.28654325,0.27209583
7.2861834,-0.11045015,-0.31470102,0.25837058
7.2175517,-0.11471844,-0.14600253,0.26342824
7.225869,-0.14465642,-0.17152226,0.28256392
7.1993446,-0.1333288,-0.09192073,0.26324773
7.167517,-0.06288493,-0.19428027,0.2226695
7.1783247,-0.10201949,-0.13046378,0.2536622
7.1463027,-0.065916896,-0.150128,0.24460381
7.126074,-0.09504944,-0.12463516,0.2630779
7.120282,-0.10809249,-0.10759032,0.2680251
7.0950327,-0.09884852,-0.01634401,0.2476816
7.071577,-0.085107386,-0.024405658,0.24303764
7.108938,-0.09068596,-0.040652156,0.22601554
7.1033764,-0.03301418,-0.10903847,0.20604655
7.1113677,-0.04008919,-0.10987586,0.21304716
7.0582037,-0.044436455,-0.019808292,0.2243571
6.984645,-0.053562164,0.05565071,0.22419974
6.992507,-0.06539947,0.020890236,0.23004958
7.0249977,-0.119597375,0.095632076,0.25479835
7.0486536,-0.1319108,0.04806292,0.2534572
7.1420383,-0.101994574,-0.05643201,0.24130343
7.1176085,-0.1018973,-0.13094175,0.25473538
7.098697,-0.13180494,0.0075154305,0.26290125
7.036874,-0.1354804,0.051248074,0.27376685
7.062147,-0.12660104,0.09560251,0.25946787
7.070793,-0.09651232,0.006560564,0.24211371
7.102589,-0.12850416,-0.031108737,0.26254383
7.14408,-0.07387483,-0.11003423,0.231084
7.211233,-0.12018788,-0.24968153,0.2693093
7.224788,-0.06875914,-0.28054684,0.23865366
7.1540413,-0.07198113,-0.09945476,0.22373404
7.093102,-0.07869685,-0.06523132,0.23674293
7.110852,-0.08849889,-0.04668665,0.24341539
7.107723,-0.093161106,-0.021163702,0.24565303
7.109185,-0.100029826,-0.023924291,0.25485292
7.1442733,-0.07630724,-0.14015853,0.23517564
7.2110777,-0.076661766,-0.21450913,0.22059773
7.1783285,-0.09061664,-0.21376288,0.24651141
7.193946,-0.06833446,-0.1967715,0.2352677
7.0767374,-0.050365865,-0.019951403,0.20827405
6.979794,-0.03847432,0.028731108,0.21829942
6.9879384,-0.05160433,0.14871621,0.20831993
6.9932823,-0.05365336,0.08246827,0.22136955
6.9926605,-0.059722304,0.15081894,0.22324882
7.0034933,-0.050162315,0.059183,0.23565216
7.009353,-0.065192044,0.0762347,0.23247045
7.054001,-0.09110212,0.016489983,0.2412216
7.097496,-0.072665334,-0.02160263,0.23223643
7.0980635,-0.072286725,-0.07032108,0.23227963
7.05185,-0.030590534,-0.05264795,0.2049195
7.070489,-0.04957503,-0.047189474,0.21740061
7.1447334,-0.036296368,-0.12912476,0.20443419
7.132773,-0.012031734,-0.18648136,0.20648949
7.093175,-0.02413106,-0.08216977,0.20382965
7.0345683,-0.03340012,-0.006967187,0.21339801
7.0247264,-0.041540205,0.009855151,0.20637421
7.019973,-0.049455762,0.014819622,0.21492527
7.0544252,-0.03251767,-0.06862736,0.20828114
7.0186753,-0.03342414,-0.006957352,0.21001002
7.059104,-0.07027924,-0.011967659,0.2298348
7.0658064,-0.07140106,-0.006693423,0.22456057
7.1146073,-0.07484496,-0.10503876,0.22406448
7.0967684,-0.05381459,-0.03477621,0.22202702
7.0406685,-0.05686593,-0.021204889,0.21669443
7.091887,-0.07330537,-0.08538091,0.2397756
7.0390263,-0.06405556,0.045944214,0.22453171
7.121994,-0.09340006,0.020219445,0.23248559
7.106785,-0.0837751,-0.0743798,0.24095997
7.0470285,-0.094842315,0.108670235,0.24270557
7.0542765,-0.085357666,-0.021663547,0.2427483
7.036541,-0.0737651,0.008176208,0.23951776
7.0494366,-0.06296152,0.040066004,0.2131672
7.036046,-0.054981053,0.026515365,0.22160809
6.948283,-0.056003273,0.1493231,0.21996337
6.9842596,-0.043941975,0.07948208,0.21072473
7.022954,-0.03861183,-0.009305596,0.22755618
7.0061827,-0.05792433,0.059472084,0.22339328
7.02853,-0.05807042,0.031707287,0.20868044
7.137126,-0.06627929,-0.15138143,0.22506437
7.1675897,-0.12011582,-0.08133888,0.24143647
7.212831,-0.14681876,-0.16010046,0.27568692
7.1924996,-0.12028688,-0.15147978,0.26506686
7.1745725,-0.13290781,-0.08740914,0.2683888
7.2043347,-0.091953576,-0.21506214,0.24452199
7.2204647,-0.09215969,-0.2258408,0.24244362
7.1007824,-0.10692972,-0.09920514,0.25571984
7.17387,-0.13911706,-0.14339328,0.28062275
7.1913676,-0.14795041,-0.05051577,0.2883537
7.114234,-0.13637197,0.021524072,0.27266747
7.1151133,-0.13134366,0.08116722,0.27596688
7.1203365,-0.18652827,0.009784579,0.3049452
7.1517906,-0.17656457,-0.014950275,0.28736004
7.221133,-0.15908736,-0.052740693,0.27908453
7.0971103,-0.12958866,-0.021728277,0.25494283
7.0751514,-0.13294882,0.034542084,0.2627887
7.0950723,-0.12015122,0.02904427,0.25497884
7.0553465,-0.12448317,0.066897154,0.2571388
7.013705,-0.08607423,0.11010313,0.24577524
7.0616813,-0.08371413,-0.004415393,0.23598512
7.0538836,-0.09409076,0.010056734,0.26114005
7.015766,-0.08858442,0.07826805,0.23236251
6.987681,-0.020667374,0.036229253,0.2032824
7.042503,-0.037768662,0.039326787,0.20888762
7.0081067,-0.027418971,0.01474309,0.20996821
6.9939103,-0.03619659,0.061913848,0.20094374
6.963641,-0.019660056,0.087234974,0.20406249
6.993187,-0.030679166,0.08664107,0.2024999
6.9856024,-0.079549015,0.07210779,0.23898754
6.9187727,-0.04829222,0.19837701,0.21083386
6.9240837,-0.06657165,0.23470056,0.22048724
6.9174557,-0.038751543,0.21927536,0.21195513
6.9452763,-0.034478247,0.13715374,0.21122499
6.9395785,-0.048462927,0.20194829,0.20301911
7.0385094,-0.06338537,0.04299438,0.22868444
7.080288,-0.0627892,-0.013336301,0.22437988
7.1020727,-0.08218801,-0.010978878,0.23129721
7.1673355,-0.10942018,-0.18562895,0.25966457
7.1966186,-0.10515416,-0.13297415,0.24701338
7.141797,-0.12777692,-0.0917325,0.2650771
7.144394,-0.14278835,-0.14274573,0.29416955
7.2895203,-0.1569488,-0.2604376,0.28529197
7.2500877,-0.1323452,-0.2515145,0.27418253
7.192416,-0.10480094,-0.15123475,0.2563619
7.245344,-0.10123509,-0.2955569,0.2498613
7.1520424,-0.067699015,-0.1480726,0.23270911
7.1075983,-0.06043464,-0.080836415,0.22899662
7.079997,-0.07136631,0.009645462,0.2389184
7.063432,-0.050367415,-0.02744925,0.21554087
7.033148,-0.048749566,-0.009060383,0.21380597
7.1193924,-0.031323195,-0.11513156,0.20045348
7.0172257,-0.031041443,-0.010731339,0.20023648
7.0133953,-0.08581704,0.08086789,0.22546732
7.1022186,-0.10063535,0.0026741028,0.23756589
7.0468807,-0.07520741,0.033795357,0.24357757
7.029137,-0.06937015,0.01851511,0.23611431
7.0186324,-0.067183554,0.03504467,0.22658665
7.0492225,-0.060171366,-0.01504302,0.21949913
6.9839215,-0.02438569,0.06791699,0.20728666
7.013619,-0.051539958,0.035791636,0.218488
7.0587206,-0.05740291,-0.06972647,0.22978267
7.0105915,-0.052396595,0.055251837,0.22552957
7.0130854,-0.049371123,0.059574842,0.21370627
6.9831295,-0.052870274,0.08474159,0.21429797
6.9780226,-0.057262123,0.12441158,0.23656256
6.9328046,-0.041235805,0.14730763,0.21089552
7.0226536,-0.020893753,0.03902769,0.20006879
6.945359,-0.023018897,0.12998939,0.21542133
7.04343,-0.039619625,0.0025924444,0.210766
7.048887,-0.017126858,-0.051677465,0.21660854
6.9869986,-0.044907928,0.10462904,0.21571195
7.0808253,-0.040950358,-0.09487414,0.22832656
7.0806785,-0.06763506,-0.015132725,0.22244999
7.0911884,-0.03275913,-0.08054787,0.2141863
7.072197,-0.031950057,-0.09348792,0.22203091
7.123019,-0.049882114,-0.060578287,0.21154019
7.1718087,-0.07277918,-0.12234098,0.22729707
7.1514215,-0.09373045,-0.10882461,0.23656934
7.102677,-0.07723957,-0.08435202,0.2332346
7.078604,-0.08716667,-0.020491779,0.23492974
7.0346713,-0.061773658,-0.0030738711,0.23310627
7.013651,-0.013693154,-0.0058791637,0.20488696
7.024608,-0.032308817,-0.012010932,0.21115088
7.014978,-0.016168296,0.009415388,0.20749299
6.9486895,-0.035283923,0.10324693,0.21383457
6.8995934,-0.03781408,0.2616533,0.20463511
6.9099407,-0.03159672,0.19014311,0.20976397
6.9471908,-0.056414664,0.16269326,0.2208499
6.964363,-0.030112147,0.12733722,0.20972362
6.9121203,-0.007743001,0.09974408,0.20500381
6.948791,-0.032637358,0.1622231,0.20068529
6.9943047,-0.03920144,0.11204457,0.20090383
7.005146,-0.043976724,0.024625778,0.22405912
7.0518723,-0.024049997,-0.0426898,0.20030217
7.046578,-0.045992136,0.011562109,0.20730937
6.976745,-0.04402262,0.09046817,0.21537617
6.99525,-0.033129513,0.060303688,0.2062663
7.039638,-0.04514122,0.02381885,0.22604726
7.0363245,-0.05628556,0.04038751,0.21675973
7.0215197,-0.042332113,0.04718578,0.21351336
7.040678,-0.068091035,0.050086856,0.22478624
7.019428,-0.066241145,0.034257174,0.23226565
6.9811516,-0.04630971,0.113375306,0.20985113
6.9138794,-0.056691766,0.17314172,0.22741748
6.8876305,-0.035997093,0.21876097,0.21495849
6.908738,-0.06387949,0.22055972,0.23201472
6.903724,-0.06471616,0.19062066,0.22564043
6.936243,-0.041699886,0.13661683,0.21307829
7.0385075,-0.004957795,-0.097977996,0.20696414
7.1036887,-0.05077547,-0.040024757,0.21808891
7.0738106,-0.01713866,-0.12729192,0.20722137
6.997794,-0.030018747,0.0040593147,0.2096917
7.0968537,-0.03511423,-0.08415848,0.20590095
7.123255,-0.016699553,-0.17814672,0.20194753
7.125475,-0.03172326,-0.07733834,0.20215167
7.088041,-0.0632627,-0.060325146,0.22044031
7.0431128,-0.10927063,0.115454435,0.23754051
6.9614944,-0.06447172,0.1901238,0.21840076
7.003034,-0.013256788,0.040192604,0.2001101
6.980715,-0.024755955,0.09286797,0.20720924
6.9878454,-0.020326436,0.06579971,0.20188299
6.9081583,-0.04248923,0.1716398,0.2102812
6.918176,-0.028494358,0.20138907,0.20380598
6.967355,-0.02475506,0.08013713,0.20586437
7.024581,-0.036718607,0.0650233,0.20915695
7.0047717,-0.026298344,0.044562817,0.20949744
7.0829678,-0.04372841,-0.05381751,0.21145731
7.081486,-0.027337074,-0.10812175,0.20432624
7.034815,-0.028532267,-0.07349241,0.20851395
7.016015,-0.053527713,0.035806537,0.22428542
7.002986,-0.050115585,-0.03410387,0.21546987
7.0600553,-0.033227146,-0.026525497,0.20387714
7.094446,-0.019296408,-0.1264258,0.20395917
7.1080194,-0.034846723,-0.102395415,0.20610407
7.0595813,-0.024994373,-0.064312935,0.20003965
7.087243,-0.033655107,-0.05631888,0.20590122
7.0879364,-0.053744674,0.02921307,0.21285196
6.9968357,-0.058150172,0.11472702,0.20291202
6.9523783,-0.03845966,0.10005224,0.20839791
6.9578743,-0.024231613,0.08858967,0.2002549
6.986727,-0.064291954,0.029394984,0.24089949
7.0016394,-0.08157599,0.115635395,0.24236628
6.953883,-0.05109918,0.14926267,0.22929065
6.9052677,-0.04298961,0.14597607,0.22695033
6.926038,-0.033837795,0.1734426,0.20494898
6.8445396,-0.014682949,0.1807158,0.21188127
6.9783673,-0.06430614,0.13557172,0.21877179
7.049637,-0.032513916,-0.012582839,0.21325053
7.0193152,-0.009537399,-0.06061226,0.20901433
7.058816,-0.046763957,0.040211797,0.21006611
7.1072598,-0.0840978,-0.06249571,0.24976684
7.1149545,-0.07753372,0.04073453,0.23065993
7.103983,-0.10296708,0.00244236,0.23444289
7.1171327,-0.0782879,-0.086224794,0.23872876
7.1050234,-0.101587236,0.024077654,0.24780169
7.0248976,-0.07458913,0.11151123,0.2254276
7.0385456,-0.07155657,0.011476994,0.23515214
7.050024,-0.071507335,0.019931555,0.23996705
7.124754,-0.09022421,-0.11565828,0.23612957
7.1406116,-0.07890111,-0.120747745,0.24788195
7.0929837,-0.08656788,-0.0046658516,0.24031699
7.006892,-0.07186419,0.059992313,0.24331132
7.0345616,-0.04790145,0.038178682,0.21715295
6.944214,-0.03598392,0.113506556,0.20062792
7.047372,-0.003122151,-0.011832535,0.20304786
7.146887,-0.15163755,-0.06530297,0.29338545
7.114646,-0.19254267,0.09795141,0.30654776
7.2206974,-0.16225123,-0.1278584,0.2967609
7.2436934,-0.20182025,-0.105377555,0.31153023
7.236281,-0.19303977,-0.13150322,0.31317306
7.263773,-0.19885999,-0.23230982,0.31862694
7.27083,-0.19040823,-0.24431086,0.3127431
7.2772217,-0.19398254,-0.28765726,0.32374784
7.2721906,-0.19509315,-0.17612928,0.31428462
7.188339,-0.2116797,-0.08450794,0.33592296
7.245865,-0.20222992,-0.18556571,0.3285219
7.2518954,-0.19724393,-0.16404009,0.3175574
7.238392,-0.1470496,-0.2441855,0.29098886
7.187842,-0.12871993,-0.09475434,0.25413033
7.1581,-0.14266717,-0.096209764,0.2675515
7.1732163,-0.13006198,-0.09345037,0.2664718
7.090553,-0.11206412,-0.040231466,0.27052575
7.099839,-0.10431135,-0.056612134,0.2533286
7.0859523,-0.12004298,-0.030523658,0.2637742
7.1381607,-0.08675736,-0.11721158,0.24592398
7.1689477,-0.08552736,-0.13699913,0.24867228
7.1617136,-0.094531655,-0.12563539,0.23852077
7.163913,-0.09708089,-0.12506974,0.24515378
7.1169906,-0.09666371,-0.030649483,0.25398216
7.2222643,-0.12574631,-0.2113542,0.26669598
7.243484,-0.12846863,-0.2093755,0.26314452
7.2308264,-0.13233143,-0.28027833,0.26845554
7.1962852,-0.1522243,-0.15328479,0.27945983
7.127906,-0.13211417,-0.0733577,0.27493387
7.1630573,-0.14237344,-0.06640947,0.2712732
7.1876516,-0.13495696,-0.13805735,0.29025424
7.2091055,-0.11645031,-0.15674257,0.2517993
7.173534,-0.12641102,-0.15262103,0.26357374
7.145356,-0.10429531,-0.084139585,0.25400856
7.0812597,-0.10469091,-0.07697153,0.26000738
7.1483173,-0.09935039,-0.09424567,0.24858077
7.107048,-0.084283054,-0.09823942,0.24825792
7.127056,-0.09947169,-0.08045453,0.23676501
6.948162,-0.029920459,0.106603146,0.20355465
6.9193087,-0.031871498,0.16778064,0.21046624
6.8727875,-0.010581911,0.14847767,0.20291492
6.8949914,-0.0032635927,0.11726749,0.20274128
6.9878616,-0.0066068172,0.03924322,0.20232578
6.9810205,-0.030662179,0.042426586,0.2046651
6.9450884,-0.05778843,0.17052805,0.21910903
6.993288,-0.06382179,0.05875945,0.22477046
7.0131927,-0.09602404,0.06453395,0.25268066
7.0293646,-0.087054074,0.07729709,0.23149285
7.057193,-0.09451872,-0.022041023,0.25305086
7.123556,-0.13829505,-0.06562412,0.28290057
7.1942167,-0.16797888,-0.1518771,0.29020268
7.2404246,-0.17921394,-0.16347957,0.30245236
7.220598,-0.16348147,-0.21359956,0.30085832
7.134679,-0.13071454,-0.02043593,0.26994163
7.147855,-0.1225788,-0.036154628,0.25581715
7.099428,-0.094061315,-0.060251594,0.2547173
7.0712967,-0.083028615,0.012667656,0.23642778
7.1126585,-0.099117994,-0.0192281,0.23924588
6.971851,-0.03151971,0.11057818,0.2085816
6.987051,-0.039768815,0.099550724,0.20700163
6.9345856,-0.05363965,0.2313075,0.214849
6.9516015,-0.023287833,0.110794544,0.20059636
6.9918356,-0.010923207,0.006239176,0.20020019
7.161293,-0.0357337,-0.17171526,0.20389184
7.043236,-0.0120485425,-0.08876932,0.20045698
7.059243,-0.016636372,-0.04999566,0.20644088
7.043951,-0.033823907,0.011160374,0.2046039
7.0445375,-0.04666406,0.037587762,0.21457574
7.0132174,-0.03816861,-0.0015035868,0.21560177
6.9717994,-0.008633554,0.007306576,0.20292923
6.968219,-0.021104395,0.07980394,0.21367408
7.0343895,-0.0043821335,0.006590247,0.20220937
6.947666,-0.005769551,0.10447812,0.20340317
6.9578905,-0.039871037,0.071793556,0.21344405
6.9297557,-0.021189034,0.117310286,0.2007149
6.9291344,-0.018366635,0.120875,0.20177788
6.985523,-0.02436018,0.076661825,0.20729129
6.9960866,-0.024109662,0.083795786,0.20443773
6.984797,-0.03791195,0.021282911,0.20768976
7.033063,-0.03927946,0.007914305,0.20961909
7.0532904,-0.07786089,0.037583828,0.23325026
7.080698,-0.07362354,-0.032839954,0.23373204
7.06198,-0.034314394,0.038151383,0.20262544
6.918518,-0.002436757,0.071878314,0.20654193
7.010641,-0.02949524,0.100584865,0.20492412
7.0080347,-0.027266026,0.015627623,0.20039059
7.0065494,-0.02292639,0.037307978,0.2007199
7.071621,-0.062161982,-0.042549133,0.22588581
7.1760616,-0.05398369,-0.15330958,0.22431882
7.179843,-0.042586505,-0.25295877,0.20896265
7.2161484,-0.06276661,-0.1525743,0.21501593
7.068653,-0.08229083,0.034193635,0.23625103
7.096382,-0.10922474,-0.0087298155,0.25916815
7.0524864,-0.11823034,0.012159228,0.25464067
7.1847525,-0.1706596,-0.18437374,0.2894565
7.081285,-0.15932608,-0.007131338,0.30937973
7.215303,-0.17440712,-0.13876617,0.30836996
7.2601776,-0.14200735,-0.19355148,0.2671297
7.1500964,-0.086960256,-0.18363452,0.24698016
7.1801434,-0.08010095,-0.15396917,0.23757748
7.147381,-0.066250145,-0.16732252,0.22201958
7.22527,-0.096937,-0.2170738,0.25071624
7.2547092,-0.08769667,-0.3263501,0.25236773
7.144414,-0.10625458,-0.17828417,0.26109672
7.1496773,-0.14591402,-0.07222891,0.281849
7.1665096,-0.10472131,-0.14812279,0.26358315
7.172777,-0.072840214,-0.163926,0.22072595
7.1417212,-0.06582445,-0.10995817,0.2295359
7.192035,-0.0726434,-0.13594258,0.23012437
7.1718855,-0.07785797,-0.1248132,0.22026509
7.1105604,-0.087542176,-0.06515664,0.25138316
7.101611,-0.12823492,-0.027845323,0.26866654
7.1742024,-0.12634307,-0.15194881,0.2565449
7.220097,-0.11616111,-0.1664744,0.2598302
7.1700716,-0.11126202,-0.07575387,0.25943643
7.1507263,-0.12967855,-0.09643328,0.27119818
7.211088,-0.08817649,-0.17063648,0.25027278
7.194543,-0.093723774,-0.2528224,0.26904076
7.1941204,-0.15421027,-0.09664655,0.27449566
7.2617345,-0.14245379,-0.2655229,0.28772712
7.1564527,-0.15839857,-0.0851289,0.3062302
7.2046537,-0.17925847,-0.1935991,0.31174672
7.2040634,-0.21754295,-0.06565118,0.32061914
7.178306,-0.19923484,-0.093001485,0.32551712
7.1801805,-0.17802405,-0.1246773,0.29447296
7.309421,-0.14994252,-0.25853467,0.27232838
7.2664204,-0.17810237,-0.22298676,0.2790656
7.328945,-0.18014723,-0.34086168,0.30919838
7.3267198,-0.2251736,-0.17141497,0.32249868
7.2987657,-0.19334215,-0.30706227,0.32347792
7.2567005,-0.17456311,-0.22816241,0.30718747
7.2761455,-0.15079707,-0.26112235,0.28459606
7.198726,-0.14499861,-0.18340015,0.28652498
7.257819,-0.10566914,-0.3451612,0.2624644
7.118285,-0.08564937,-0.051426888,0.2460277
7.1204247,-0.09331918,-0.08746767,0.24894197
7.1121054,-0.111706436,-0.030038655,0.2579725
7.06081,-0.07418078,-0.041496694,0.23033668
7.006874,-0.06581867,0.059803247,0.24933982
7.022752,-0.04717505,0.08898866,0.20905624
6.942307,-0.045622826,0.17286158,0.21608195
6.9178834,-0.037532926,0.18988276,0.2021652
6.9466887,-0.021802425,0.055471063,0.20612204
6.9654274,-0.032927334,0.12733507,0.21127422
6.998947,-0.051585138,0.019297957,0.21949472
7.0126543,-0.062644005,0.088241935,0.22602704
6.943448,-0.027268171,0.11798859,0.2098557
6.99059,-0.051088154,0.08049047,0.20892736
6.9327207,-0.08044505,0.22726548,0.23803963
6.959318,-0.04731679,0.16248178,0.21287695
6.980758,-0.028277993,0.052120447,0.20285213
6.9501905,-0.028436005,0.102184296,0.20573637
6.9256344,-0.017882466,0.11247063,0.20770681
6.94633,-0.02887857,0.09025085,0.2118496
7.0401726,-0.0632996,0.025874853,0.22308864
7.0047874,-0.06355786,0.08879948,0.22058327
6.963362,-0.08094257,0.115813494,0.23385486
7.003931,-0.061545074,0.09663141,0.21610932
7.0505276,-0.029813766,-0.04239112,0.22108781
7.029535,-0.013723075,-0.0656991,0.21377686
6.9720373,0.003909111,0.017950058,0.20347954
7.047593,-0.086030245,-0.012000978,0.24910155
7.0202227,-0.116004646,0.057225823,0.27011487
7.057567,-0.09141725,0.0023760796,0.25411433
7.1282654,-0.13240218,0.0007840395,0.25791845
7.061628,-0.120072484,0.031734228,0.2613584
7.0366964,-0.086654246,0.02927208,0.2359124
7.0275903,-0.08564544,0.053326845,0.24486527
7.0960484,-0.0436154,-0.08505893,0.21648528
7.126407,-0.056458116,-0.16004395,0.22570212
7.165638,-0.06749016,-0.23011035,0.23467323
7.2576714,-0.09841019,-0.2783767,0.24521714
7.197278,-0.08092952,-0.2934481,0.23992757
7.212629,-0.10388917,-0.19802356,0.26067322
7.198202,-0.14221466,-0.15819526,0.272141
7.222341,-0.14223683,-0.18192732,0.27470064
7.1594725,-0.13634747,-0.121768236,0.26812637
7.172078,-0.11748314,-0.14644599,0.256923
7.1270537,-0.13249844,-0.07763839,0.26838657
7.1739817,-0.13113517,-0.14089239,0.27312052
7.046521,-0.11869776,-0.014672875,0.26867187
6.968015,-0.09542692,0.13821447,0.23146115
7.0140705,-0.072176576,0.036705375,0.24344045
7.0537996,-0.06965202,0.0127539635,0.22376806
7.062726,-0.03303939,-0.044244885,0.20743285
7.004549,-0.07137346,0.1361314,0.2160843
6.993949,-0.035230756,0.081165195,0.20505683
6.9768972,-0.022151649,0.037310958,0.21044187
6.9734764,-0.06090015,0.1576637,0.21495171
6.969243,-0.071321785,0.12036848,0.225964
6.9850235,-0.06523806,0.07098973,0.2333449
7.0795026,-0.08335298,0.017839551,0.22215487
7.0264926,-0.070299685,-0.0007041693,0.24311592
7.0118194,-0.08002007,0.10958505,0.22571036
7.040997,-0.087750316,0.0387609,0.24435148
7.0535755,-0.07379228,0.036539793,0.22956611
7.0044975,-0.09904176,0.11577606,0.2608861
7.0029106,-0.13519353,0.1374445,0.26704478
7.029349,-0.14309561,0.13150966,0.2692233
7.110753,-0.11323041,-0.08975613,0.2474961
7.1584806,-0.086691916,-0.1500386,0.23932043
7.11268,-0.079610646,-0.0713141,0.23324774
7.079503,-0.07331401,-0.033941507,0.22794938
7.0698633,-0.06594491,-0.023020923,0.22360234
7.09595,-0.07999098,-0.06723809,0.23819253
7.1139917,-0.045517564,-0.12947619,0.22525862
7.095229,-0.033237994,-0.12258482,0.21422833
7.094757,-0.03276217,-0.07096124,0.20203455
7.079391,-0.034042776,-0.08258057,0.21422167
7.101515,-0.04041332,-0.090696454,0.21659093
7.0997534,-0.046159983,-0.03222704,0.20841917
7.098483,-0.05380553,-0.07625139,0.22564854
7.1445065,-0.10388613,-0.115776,0.26205638
7.144253,-0.11389452,-0.16413158,0.27187356
7.235076,-0.13947779,-0.21448112,0.29159328
7.25241,-0.11928463,-0.23742092,0.25538987
7.292322,-0.13244146,-0.373096,0.27820092
7.3113294,-0.14187431,-0.33355808,0.2774621
7.2881727,-0.13404864,-0.3860575,0.27892765
7.269657,-0.16186923,-0.24362361,0.29435903
7.1643305,-0.11573279,-0.19065666,0.27551
7.2908416,-0.15975118,-0.2837209,0.2804511
7.346698,-0.17186773,-0.40822208,0.29744613
7.3343067,-0.18561304,-0.29730123,0.29767156
7.34985,-0.17555535,-0.39274967,0.2972505
7.3379974,-0.17735666,-0.37214082,0.30116394
7.2711697,-0.2139461,-0.16108352,0.3178121
7.2076197,-0.19536436,-0.1287561,0.32001355
7.293785,-0.21769023,-0.22084242,0.3273839
7.288894,-0.21588552,-0.29416835,0.33442312
7.342724,-0.20100242,-0.30292434,0.3169394
7.3854885,-0.18758976,-0.4322785,0.2893385
7.3444815,-0.19122577,-0.37819088,0.30312118
7.3655214,-0.23357844,-0.333076,0.3336299
7.436712,-0.2734263,-0.5021212,0.3884353
7.3697977,-0.24745667,-0.34375328,0.3495037
7.3684335,-0.28467536,-0.31917822,0.3803861
7.393678,-0.2729987,-0.32214087,0.38782609
7.402425,-0.2543481,-0.3978361,0.36071956
7.348035,-0.2757148,-0.18398172,0.3677888
7.34332,-0.28298283,-0.32734263,0.39385867
7.3780026,-0.2668602,-0.34903967,0.36223626
7.4772387,-0.2679525,-0.4415775,0.36112297
7.4584513,-0.27498186,-0.4636119,0.3853925
7.500597,-0.23651278,-0.5845425,0.36096314
7.467201,-0.25205863,-0.56633806,0.3749928
7.3521023,-0.23465723,-0.32683176,0.34895158
7.351889,-0.22862703,-0.36028385,0.3366445
7.427808,-0.20334512,-0.53898025,0.34794572
7.403985,-0.2706601,-0.31086528,0.37044442
7.1001863,-0.11199814,-0.024202883,0.26221335
7.0871487,-0.0868361,-0.055092573,0.25641173
7.06933,-0.07740271,-0.022272706,0.24474026
6.925784,-0.086397946,0.12587297,0.25764224
6.952615,-0.059951365,0.1090008,0.22015831
6.935825,-0.074044466,0.20575845,0.22065797
6.8674817,-0.057030737,0.24081933,0.22448376
6.955794,-0.04914224,0.1927185,0.21033424
6.9615884,-0.037770033,0.09981465,0.22161534
6.941944,-0.12078279,0.24422288,0.25650093
6.998706,-0.12825674,0.17336428,0.25582358
6.91264,-0.08492559,0.21216655,0.24828754
6.9416313,-0.07501906,0.23596764,0.22237861
6.937119,-0.03338486,0.13942027,0.21345946
7.0440264,-0.055251896,-0.017141223,0.21854022
7.0233297,-0.08272362,0.055731893,0.23413156
6.9885063,-0.084483206,0.08393657,0.24260357
7.004021,-0.07251096,0.09997296,0.23353165
7.0371037,-0.08287674,0.06749749,0.2451016
6.967705,-0.062389255,0.15245914,0.21463649
6.76412,-0.022738218,0.32367003,0.21331605
6.789795,-0.031398714,0.3092854,0.20475939
6.8955297,-0.06447804,0.28576684,0.20245415
6.903338,-0.027865708,0.16894388,0.22021222
6.935856,-0.043482482,0.15080261,0.20290175
6.971732,-0.023115158,0.037472248,0.2106272
7.0768538,-0.02978152,-0.0732348,0.20352447
7.074532,-0.06911093,-0.001439333,0.22696994
7.135656,-0.06302792,-0.072708845,0.22053498
7.126199,-0.033864856,-0.10828674,0.2088952
7.128435,-0.051029384,-0.054597855,0.2156549
7.214083,-0.036700904,-0.23084313,0.20256762
7.148182,-0.038973987,-0.13254297,0.20450348
7.160634,-0.039037526,-0.14312124,0.21603529
7.052184,-0.035146236,-0.037296295,0.21635716
7.2334285,-0.052334964,-0.31881535,0.22198579
7.1415696,-0.07153326,-0.1412071,0.24185452
7.0865564,-0.051392615,-0.030452132,0.22023842
7.016541,-0.033724368,0.07219589,0.20223795
6.9666204,-0.014240682,0.06457853,0.20805481
6.9395394,-0.0194996,0.06576514,0.21095777
6.997099,-0.046387315,0.081466675,0.20800576
7.0104218,-0.046958327,0.06857419,0.21823198
6.9330115,-0.050569057,0.1434555,0.20395198
6.90483,-0.036682785,0.1818707,0.21406558
6.918582,-0.03053224,0.17350125,0.20800164
6.9413004,-0.025324404,0.12051153,0.21077079
7.0156145,-0.04162383,0.04182744,0.21241677
6.9958186,-0.041522563,0.11593008,0.21015196
6.9499326,-0.048800766,0.1476376,0.20397758
6.9146733,-0.022850096,0.1843543,0.20639886
7.002501,-0.0058822036,0.011969328,0.20368147
6.995117,-0.01450634,-0.013810933,0.20911565
6.9967165,-0.050368488,0.06975627,0.20540436
6.970409,-0.022900164,0.067138314,0.2039305
7.0140514,-0.011165857,0.036735654,0.21025495
6.988056,-0.010285318,0.050279737,0.20277095
6.931248,-0.02391249,0.05149436,0.22044611
6.991165,-0.036475718,0.03419125,0.21061426
6.98046,-0.025453925,0.04879403,0.20276965
6.991185,-0.011486888,0.020888448,0.20295854
6.99142,-0.023213446,-0.030422747,0.20422849
7.057472,-0.035521626,-0.013022542,0.21767023
7.0953193,-0.016852498,-0.09631789,0.2079959
7.0826283,-0.024210691,-0.11909342,0.21143767
7.083761,-0.025506794,-0.031120181,0.20521359
7.094217,-0.04192525,-0.04903114,0.22032475
7.1126876,-0.024964094,-0.116621435,0.20910633
7.074613,-0.061875224,0.001922965,0.20734727
7.0304456,-0.018686831,-0.03781241,0.20939443
7.047924,-0.029867351,-0.05622375,0.20912732
7.077799,-0.035427988,-0.059769332,0.210933
7.094373,-0.041299284,-0.08695042,0.2157303
7.065921,-0.04340893,-0.06557429,0.21010408
7.0553207,-0.029512286,-0.05667782,0.20765945
7.1096797,-0.0630905,-0.042028308,0.23366435
7.174496,-0.08339846,-0.19359875,0.24799377
7.0862994,-0.08857787,-0.06510675,0.24733989
7.022436,-0.05000472,0.09142411,0.20379657
6.997224,-0.0472306,0.08821797,0.20346914
6.8880596,-0.04298401,0.21721888,0.2099597
6.8619804,-0.04505986,0.2805568,0.20616814
6.8901825,-0.03814441,0.19424772,0.20419388
6.894319,-0.04165238,0.17332244,0.20817098
6.940675,-0.04134637,0.15053701,0.21496555
6.9539976,-0.04520613,0.111147165,0.22289692
6.9659476,-0.04466963,0.10743916,0.22121301
6.982437,-0.035451293,0.09708202,0.20360371
6.989648,-0.02797395,0.07826543,0.2059686
6.9776597,-0.039378583,0.018054008,0.22048472
7.0311484,-0.033290327,0.030806303,0.2057671
7.011635,-0.0740909,0.05008483,0.2209684
6.9189224,-0.06971961,0.21673524,0.23083524
7.0302296,-0.079594195,0.049465418,0.24117352
6.999902,-0.07113695,0.10713148,0.24244297
6.957576,-0.046604156,0.0858171,0.22413963
6.9858027,-0.054200947,0.047281504,0.22610031
7.0356374,-0.024032354,-0.035107374,0.21272093
6.983374,-0.026355803,0.119328976,0.20106976
6.9944286,-0.03687966,0.095787644,0.20662397
6.920899,-0.023204923,0.142555,0.20258078
6.9366035,-0.014545023,0.057113886,0.20464422
7.002435,-0.039569497,0.010938406,0.20662609
7.0294914,-0.022011876,-0.0017040968,0.20231096
6.9822845,-0.016106784,0.067312956,0.20092025
7.071974,-0.029723227,-0.044022083,0.20811193
7.0245323,-0.049348414,-0.04560435,0.21153213
7.039533,-0.077595234,0.008402228,0.23401782
7.027093,-0.053594768,0.07274151,0.21099429
7.026358,-0.039705575,0.07446146,0.20087115
6.9635863,-0.032567203,0.09950185,0.2092344
6.986206,-0.04007387,0.0645659,0.21531045
6.990424,-0.0653857,0.06562519,0.23540585
6.970804,-0.033931077,0.028306365,0.21406485
6.920108,-0.030906439,0.20042968,0.20631331
6.892389,-0.00033301115,0.15693045,0.2012908
6.897353,-0.02693814,0.15479302,0.21755865
6.9369497,-0.027899861,0.078468084,0.21357577
7.008172,-0.0333367,0.009156585,0.2053078
6.9797363,-0.011547267,0.002826929,0.21722913
6.965896,-0.035768986,0.046219587,0.21805403
6.977447,-0.014244199,0.048006773,0.20442061
6.934218,-0.018567145,0.044957995,0.2023228
7.059681,-0.05904138,0.04071963,0.20276779
6.97453,-0.03634441,0.041406512,0.21361573
6.9476233,-0.053418875,0.12674797,0.21849316
6.976988,-0.05736965,0.103499174,0.22079949
6.9876013,-0.07027376,0.16057587,0.22945957
7.0870075,-0.039763212,-0.10727584,0.22248979
7.069287,-0.046694875,-0.012076616,0.2108942
7.0393977,-0.023448527,-0.034669638,0.20676713
6.9806247,-0.00027656555,0.001718998,0.21043202
7.058146,-0.013063014,-0.12887299,0.20424372
7.142004,-0.047728002,-0.13855207,0.21749838
7.0439825,-0.025375605,-0.04804051,0.20936641
7.0928535,-0.02601254,-0.101650774,0.20927876
7.068023,-0.04061216,0.004675865,0.20437701
7.057069,-0.020007849,-0.028922439,0.20179881
7.044942,-0.0709939,-0.0055731535,0.23590794
7.0584292,-0.060730994,-0.029019713,0.2364818
7.124543,-0.10677129,-0.05031705,0.24308865
7.063286,-0.08593893,0.005009651,0.2393921
7.121624,-0.06924772,-0.072692215,0.22931266
7.0587153,-0.058163464,-0.06943691,0.22865383
7.06894,-0.04558736,0.00096058846,0.22188567
7.0600486,-0.086260796,0.017095685,0.24054559
6.955061,-0.063654006,0.14433622,0.23229836
6.901159,-0.031125844,0.15123188,0.21418336
6.9433556,-0.039932728,0.12724078,0.20634829
6.990326,-0.036751866,0.074031234,0.20569228
6.982981,-0.017199337,0.030591726,0.20831035
7.0712967,-0.051436782,-0.06303942,0.21448687
7.089164,-0.058386266,-0.055260003,0.2243048
7.0641646,-0.034958065,-0.06809211,0.20200065
7.073652,-0.03670168,-0.011973441,0.20433156
7.0238085,-0.05437672,0.08203769,0.21187937
7.068462,-0.08326936,0.04299283,0.24641542
7.158965,-0.056533217,-0.120832145,0.23114656
7.2040157,-0.074210465,-0.26930386,0.23257634
7.136089,-0.078251004,-0.07684207,0.23829645
7.139333,-0.07799828,-0.11989802,0.23061001
7.202821,-0.081053436,-0.25067973,0.2485318
7.2426167,-0.09814441,-0.2416532,0.25694686
7.1992097,-0.07311499,-0.14992571,0.24073315
7.108104,-0.07890308,-0.09632015,0.2485188
7.154766,-0.08629453,-0.10252929,0.2470403
7.1686573,-0.0836131,-0.1635083,0.24562931
7.168547,-0.0880574,-0.11784601,0.24740991
7.1057997,-0.089184105,-0.06906319,0.24934182
7.1067758,-0.084420145,-0.054231048,0.2356197
7.100767,-0.078773975,-0.016292691,0.23760575
7.101159,-0.07529843,-0.106019974,0.24043703
7.0681124,-0.025996506,-0.080970585,0.2059599
7.0621643,-0.020246983,-0.08812845,0.20558704
7.0741262,-0.025372922,-0.118257165,0.21488142
7.1200266,-0.060874403,-0.10865778,0.21963844
7.1061325,-0.053560555,-0.097278416,0.21074949
7.0845895,-0.030160666,-0.07385236,0.20811339
7.0700426,-0.040884733,-0.03816557,0.21876413
7.0895042,-0.058151186,-0.06048596,0.2309287
7.1010146,-0.07583016,-0.037460804,0.23247638
7.0174694,-0.061291277,0.050587535,0.22522533
7.074833,-0.024198353,-0.08801228,0.20123859
7.125098,-0.045274556,-0.112647474,0.20903142
7.1398487,-0.050346136,-0.109641194,0.21587458
7.144147,-0.06277835,-0.13076401,0.21275261
7.1159406,-0.042467237,-0.0891577,0.21490368
7.1044574,-0.06659174,-0.10350466,0.23125122
7.0921774,-0.10302091,0.05225563,0.2395887
7.1007614,-0.07965225,-0.06367463,0.22661383
7.087408,-0.062833965,-0.01987505,0.22675414
7.10463,-0.12325394,0.038326263,0.25126612
7.126011,-0.109727025,-0.045281887,0.25904608
7.1147738,-0.13310009,-0.066654205,0.2771554
7.152607,-0.12234908,-0.048505902,0.2550414
7.064785,-0.06263995,-0.06415868,0.2461698
7.056198,-0.03198439,-0.06566912,0.21438295
7.0060816,-0.01218766,-0.012148261,0.2035237
7.010977,-0.027810514,0.012393475,0.21031183
7.01803,-0.03248626,-0.0106319785,0.20757824
7.072137,-0.100278854,0.0012083054,0.24165872
7.1591215,-0.124450564,-0.017678022,0.25667658
7.114516,-0.1132583,-0.09081483,0.26435155
7.1648197,-0.10271937,-0.15759933,0.26170358
7.135962,-0.11022216,-0.051204145,0.25856894
7.151138,-0.09452915,-0.13372087,0.2555926
7.0957127,-0.088312685,-0.067554355,0.24183542
7.1185894,-0.080218494,-0.04683137,0.24092107
7.006794,-0.04927051,0.06490767,0.20882028
7.0389047,-0.03567922,-0.047266483,0.21245728
7.026123,-0.033906758,-0.014415979,0.20198065
7.0370674,-0.046280622,0.012209773,0.2251711
7.128575,-0.07034898,-0.06730604,0.23112026
7.125145,-0.0944339,-0.08943367,0.24018353
7.135592,-0.07471019,-0.11975455,0.24142289
7.1208315,-0.07955134,-0.06796694,0.23141694
7.0811834,-0.11310494,-0.048678577,0.26770067
7.0591288,-0.0751971,0.033401728,0.22122988
7.081997,-0.07286048,-0.027105808,0.226372
7.071913,-0.059810758,0.0063672066,0.21404122
6.9939127,-0.06074238,0.033869147,0.21771945
7.0106497,-0.041941762,0.055771112,0.20227808
7.0060267,-0.04711628,0.03883362,0.21971229
6.985945,-0.050559998,0.10270393,0.21799354
6.978693,-0.039027393,0.12697136,0.20323257
7.00979,-0.032418907,0.048764348,0.20237248
6.929751,-0.029826283,0.14543462,0.20294356
6.988806,-0.05273652,0.09142542,0.21662387
7.0683517,-0.05072719,-0.09127498,0.22044718
7.0647078,-0.07233173,-0.008741736,0.22528055
7.090214,-0.09858549,0.02329135,0.24311851
7.1348066,-0.10064024,-0.15480715,0.25716773
7.1588564,-0.11871034,-0.098358035,0.26728618
7.1930447,-0.106811166,-0.15206772,0.23600553
7.1624546,-0.08126277,-0.1678853,0.24006994
7.2121787,-0.07699269,-0.25325096,0.23644197
7.110402,-0.063851416,-0.06155932,0.22623001
7.0995555,-0.06393021,-0.10481048,0.23796766
7.1199274,-0.114914596,0.013082743,0.24906461
7.082751,-0.04673791,0.033004522,0.2051073
7.112681,-0.057608068,-0.019153178,0.2296772
7.158131,-0.06337404,-0.110100865,0.21618222
7.138289,-0.032627642,-0.15640253,0.21464458
7.101645,-0.01968056,-0.10773188,0.20198953
7.0060897,-0.04142928,0.045701265,0.20957933
6.9981356,-0.030837178,0.038570285,0.20625015
6.9763937,-0.0067822337,0.04829383,0.20137256
6.9924335,-0.024805605,0.028546095,0.20698437
7.001007,-0.066037774,0.082199335,0.23040356
6.9599133,-0.045274734,0.10855818,0.21605511
7.070977,-0.09993839,0.02773118,0.2563706
7.1119113,-0.07602221,-0.11205804,0.2514674
7.1185946,-0.06896949,-0.13222301,0.22879776
7.1797395,-0.043750167,-0.17292953,0.23229839
7.1164618,-0.09117538,-0.101796865,0.24252227
7.036128,-0.10317212,0.05636096,0.2518836
7.1144814,-0.086633384,-0.06568307,0.2507233
7.038639,-0.07400322,-0.046936154,0.23460993
7.047573,-0.074585974,0.007884979,0.23325737
7.0166397,-0.07027072,0.0021369457,0.2337811
7.0355015,-0.07861608,0.016073227,0.22911981
6.93036,-0.021713972,0.16829038,0.2004464
6.986054,-0.019031048,0.03802228,0.20322889
7.043668,-0.046320736,0.0064969063,0.22192125
7.021269,-0.05538243,0.0626781,0.21233176
6.930237,-0.040211678,0.18307328,0.20343685
6.88177,-0.02510947,0.22440791,0.20007269
6.865579,-0.029822528,0.23227787,0.20541216
6.892371,-0.026208699,0.15059423,0.21217567
6.932369,-0.04045558,0.16912317,0.20631215
6.892533,-0.043186307,0.21120739,0.20753677
7.0043287,-0.04442197,0.12547302,0.22087245
6.9437695,-0.05030185,0.16436696,0.22115712
6.8985243,-0.039332807,0.21770108,0.21056949
6.934287,-0.04014027,0.16240275,0.21741173
6.938364,-0.030945182,0.14334083,0.21445857
6.917205,-0.03656733,0.1319828,0.21480563
6.9607773,-0.046476483,0.12310624,0.21711315
6.970724,-0.0862543,0.12845564,0.24127805
7.083685,-0.057892025,-0.06731236,0.22297758
7.036047,-0.04710293,0.016334891,0.20800936
7.0535126,-0.07259369,0.035803318,0.2240845
7.053562,-0.06796551,0.040088892,0.22776137
7.0449767,-0.065101266,0.0025663376,0.2353149
7.07626,-0.06752068,-0.06431842,0.2366281
7.052226,-0.068956375,0.0059291124,0.2285306
7.0936074,-0.07578772,-0.051143765,0.229284
7.093053,-0.07062912,-0.037152767,0.24082777
7.096179,-0.09404963,-0.0072566867,0.24172299
7.062129,-0.08924985,0.048478484,0.24113569
7.0428734,-0.09259653,0.029724836,0.2508984
7.0914755,-0.080480635,-0.094903946,0.22888899
7.0911055,-0.07114881,0.021978617,0.23356967
7.1315446,-0.08324301,-0.10149753,0.24142042
7.218133,-0.054558635,-0.2197231,0.21492125
7.1964045,-0.09359306,-0.18141043,0.25557464
7.2289295,-0.13093251,-0.19962156,0.26190168
7.1681814,-0.11515403,-0.16462225,0.2638428
7.211447,-0.09529477,-0.23461342,0.25170076
7.1007752,-0.08257884,-0.07522035,0.22931194
7.1624613,-0.08603889,-0.111706376,0.23784417
7.0474005,-0.07010627,-0.037432253,0.2457873
7.137164,-0.12351841,-0.078333795,0.2781353
7.12831,-0.1400649,-0.039965868,0.26631522
7.0751677,-0.11856955,0.05532074,0.2599106
7.0943317,-0.112437844,-0.061954975,0.25750703
7.0619917,-0.101551175,0.03584099,0.25068182
7.06001,-0.13265973,0.06547475,0.2624343
7.03347,-0.101447284,0.008332729,0.24660197
7.047906,-0.10247141,0.048464537,0.25412676
7.0807056,-0.11241168,-0.0365175,0.25369626
7.116494,-0.1734016,-0.053248286,0.30422562
7.1399,-0.20056313,0.012640953,0.3089605
7.2488804,-0.18977594,-0.15766871,0.30825382
7.2527876,-0.18496329,-0.20876467,0.31517696
7.2808714,-0.17666042,-0.22821009,0.2995801
7.235573,-0.1605848,-0.15406072,0.2916888
7.305252,-0.16651154,-0.32489747,0.28795683
7.136705,-0.17048633,-0.057522178,0.28680873
7.184287,-0.17818618,-0.12177539,0.31331402
7.1709037,-0.13716114,-0.15867352,0.28361788
7.1712065,-0.12613219,-0.090803504,0.26375163
7.1601505,-0.09630984,-0.20459211,0.27021378
7.2474484,-0.13160133,-0.26464105,0.2755819
7.2822666,-0.1282906,-0.3674084,0.27813044
7.2968016,-0.13687062,-0.32705367,0.27786955
7.3022857,-0.12733579,-0.3357715,0.28002882
7.2714243,-0.11072165,-0.23993492,0.25170356
7.2167864,-0.12559736,-0.1929828,0.27372727
7.1699443,-0.08632046,-0.1253733,0.24116966
7.1788564,-0.09550685,-0.13364613,0.25236398
7.1543193,-0.10084832,-0.2058351,0.25660723
7.1685724,-0.08947337,-0.10375559,0.22889507
7.1275682,-0.09879798,-0.06923556,0.24767584
7.068342,-0.10185009,0.031245232,0.26412734
7.139302,-0.10971117,-0.068588376,0.24807385
7.0759544,-0.09754604,0.009107709,0.23094752
7.007821,-0.03821081,0.039625406,0.20790298
6.9549465,-0.03250754,0.10500455,0.20929174
7.051857,-0.057725012,0.018125296,0.21677272
7.0112114,-0.066107154,0.021158457,0.23017384
7.001107,-0.04517728,0.11342394,0.20411384
6.9915,-0.033608258,0.073842764,0.20985489
6.9364424,-0.038612247,0.14920497,0.20674975
6.889096,-0.029504716,0.14569259,0.20257112
7.0304213,-0.06829381,0.07819605,0.21548998
6.976108,-0.03636551,0.10320997,0.2129504
6.915148,-0.041603446,0.18273902,0.20207201
6.921465,-0.034323037,0.22522855,0.20220818
6.945763,-0.021659374,0.13084018,0.20661883
6.84511,-0.023198366,0.216349,0.21114288
6.8847675,-0.04047072,0.17918324,0.21542603
6.997842,-0.08768958,0.14560282,0.23184077
6.971116,-0.06100452,0.124468446,0.21243265
6.9518223,-0.06972802,0.20422351,0.23048855
6.9009447,-0.029772878,0.20817912,0.20263605
6.905336,-0.043943226,0.23225808,0.21604162
6.9623632,-0.017864466,0.028184772,0.20900969
6.9766955,-0.03436166,0.1072768,0.20679834
7.0177827,-0.08149463,0.071671724,0.23777074
7.038105,-0.101944625,0.061198115,0.2412204
7.0355873,-0.10349178,0.058084726,0.24852261
7.039029,-0.07777619,0.06587303,0.23621881
7.0358152,-0.05543369,0.046872854,0.22800276
7.0285654,-0.033231318,0.046257854,0.20526427
7.0084867,-0.045564353,0.020567775,0.21718581
7.0706115,-0.05679381,0.047944307,0.20528147
7.07269,-0.09247208,0.035928965,0.239031
7.137375,-0.063168526,-0.10999501,0.23271276
7.120531,-0.056700766,-0.14222932,0.23317267
7.1756496,-0.05851084,-0.19352752,0.2214537
7.142006,-0.036180556,-0.1718545,0.21193475
7.1646442,-0.04543203,-0.19246733,0.2158886
7.1687365,-0.0701707,-0.13674015,0.2200563
7.010808,-0.012717485,-0.033542335,0.20514643
6.9738708,-0.029467106,0.10551143,0.20139965
7.0138755,-0.025193691,0.0173738,0.20516494
7.024462,-0.0576939,0.0014070272,0.22723581
6.985366,-0.02793461,-0.009067774,0.2068424
7.0374813,-0.028266132,0.029778957,0.20680323
6.9092226,-0.019934177,0.14783335,0.2052793
6.919499,-0.029014885,0.15669394,0.2140857
6.8947606,-0.038129628,0.15980875,0.2164221
6.9384456,-0.044826686,0.10329747,0.2172066
6.9350758,-0.018979669,0.109886765,0.20637472
6.967502,-0.03602749,0.07513666,0.20730183
7.0767546,-0.03729701,-0.12867677,0.21162143
7.18088,-0.045060635,-0.17246497,0.20606038
7.0855803,-0.024939239,-0.10415423,0.20433535
7.0200644,-0.04454732,0.02522862,0.2048995
6.9847636,-0.040311337,0.10930991,0.20510677
6.963362,-0.02339238,0.05722773,0.20517947
6.93715,-0.03777802,0.16067147,0.21570966
7.003416,-0.06506622,0.09299517,0.23089401
7.006865,-0.054031193,0.09094441,0.2156067
6.894431,-0.060908556,0.2364378,0.22182353
6.8930955,-0.02824682,0.1891247,0.21339351
6.8774157,-0.023126423,0.24919021,0.2068662
6.9077973,-0.041402638,0.19559681,0.21033317
6.965972,-0.03273076,0.138013,0.2054596
6.97434,-0.04700625,0.11104572,0.20816252
6.9981084,-0.050333023,0.110865474,0.20171574
6.938102,-0.012889564,0.10259628,0.20324549
6.9657373,-0.05480361,0.16980529,0.20445009
7.033815,-0.0145576,0.014096975,0.20154937
7.098182,-0.009031594,-0.11593461,0.20288934
7.014106,-0.014571488,-0.012809038,0.20449303
7.0776396,-0.05834049,0.0016390085,0.22962837
7.087191,-0.07107222,-0.04747057,0.22813037
7.0032454,-0.11226261,0.101814985,0.25923136
7.0689883,-0.10125488,0.03567159,0.25549978
7.004988,-0.099054754,0.12385416,0.25600824
7.023097,-0.087280214,0.098798275,0.23892052
7.058487,-0.12196821,0.061314583,0.25795755
7.1533566,-0.13225067,-0.035182416,0.25503725
7.1049004,-0.09180248,-0.03784132,0.23769228
7.088893,-0.10956246,-0.00905484,0.25088567
7.0597186,-0.095728874,0.023091078,0.2429827
7.0806684,-0.08961046,-0.0667817,0.2493152
7.0612726,-0.08012313,-0.006062269,0.24544945
7.0042977,-0.074784875,0.13191414,0.2304026
6.9524283,-0.07991594,0.1639862,0.24579139
6.921075,-0.067640364,0.22101748,0.23153086
6.9425454,-0.063599825,0.16467905,0.22155961
6.9960613,-0.0287714,0.029038668,0.20726246
7.075989,-0.053181052,-0.020492673,0.2234781
7.1362877,-0.050662458,-0.093749166,0.22213407
7.1098266,-0.03458327,-0.097967744,0.20838217
7.0483704,-0.06041205,-0.050852954,0.20935118
7.047509,-0.036740005,-0.031193614,0.2087936
7.0642166,-0.05306667,-0.077587605,0.22858262
7.055124,-0.029217303,-0.069304466,0.20636038
6.996723,-0.0440495,0.058963776,0.21438302
7.044344,-0.057430744,-0.04291606,0.22132121
6.9983497,-0.08972144,0.107485056,0.24163805
7.023341,-0.04927063,-0.021153927,0.21723387
7.1022177,-0.01636386,-0.1204443,0.20621254
7.142988,-0.03044188,-0.16320264,0.21039174
7.1176376,-0.041429162,-0.11216223,0.20125669
7.1351986,-0.08905411,-0.06632972,0.24924411
7.0239573,-0.046066105,0.08073151,0.21237908
6.9652233,-0.015268743,0.07073665,0.20019609
6.9029922,-0.012562871,0.15458846,0.20362103
6.85925,-0.024997294,0.1525017,0.212264
6.9579773,-0.025886297,0.096954465,0.20186055
6.997214,-0.06902236,0.13477647,0.21276276
7.0458827,-0.08862293,0.029190421,0.24641299
7.112307,-0.07164222,-0.074462414,0.23291308
7.0847387,-0.03486657,-0.114589095,0.21180762
7.073168,-0.03672874,-0.048339605,0.20896907
6.991933,-0.022849858,0.025358915,0.22055377
6.8436904,-0.020945132,0.27610338,0.20294769
6.913176,-0.034408987,0.19188166,0.20118192
6.895539,-0.034716666,0.19890976,0.20211612
6.9600735,-0.028476,0.044032097,0.21158352
6.940893,-0.041524112,0.11955023,0.20373526
6.9469585,-0.065552115,0.20637143,0.22444293
6.958103,-0.04717356,0.14437902,0.21618961
6.987174,-0.05401188,0.1249522,0.22133155
7.0073166,-0.06468409,0.07823026,0.22681515
7.045542,-0.06912643,0.009228706,0.23677687
7.0813236,-0.075577796,-0.09530079,0.23802793
7.0973587,-0.08024299,-0.09185958,0.24019645
7.1162605,-0.054510415,-0.12712955,0.22719848
7.113574,-0.062128603,-0.1664325,0.2521153
7.191128,-0.058778703,-0.20242101,0.2287217
7.1830916,-0.054636955,-0.14679825,0.21643557
7.0870004,-0.054130197,-0.06810129,0.22672622
7.072639,-0.040866792,-0.04606247,0.2145371
7.094458,-0.052808583,-0.011407375,0.2210455
6.99924,-0.04280305,0.016438365,0.2177524
7.0229263,-0.049268067,0.004939556,0.21721521
7.083435,-0.05592239,-0.07205832,0.21547897
7.112139,-0.04015559,-0.08234346,0.2125294
7.127158,-0.08602834,-0.10396385,0.2384971
7.1301336,-0.04740733,-0.15036398,0.21778162
6.9653335,-0.034254253,0.10505128,0.20401035
7.030336,-0.051885605,0.100557804,0.20295104
6.908266,-0.029328406,0.17249393,0.20600973
6.9567814,-0.03924465,0.10083544,0.21342313
7.042064,-0.037745595,0.018690467,0.20714395
7.0175767,-0.0644142,0.15014863,0.20904815
7.078044,-0.041502714,-0.035867333,0.20333107
7.079424,-0.050958633,-0.041416407,0.22579329
7.058858,-0.038150907,-0.024291277,0.218422
7.1512585,-0.050176084,-0.13595486,0.2095236
7.1025405,-0.06486541,-0.04861009,0.2187072
7.130496,-0.084539294,-0.1853618,0.24843818
7.10673,-0.08157325,-0.06082225,0.23959579
7.0931106,-0.07793033,-0.020523906,0.23510315
7.076856,-0.08976591,0.096328735,0.2301031
7.0890393,-0.07812941,-0.06684494,0.24650705
7.0969706,-0.094160676,-0.040244818,0.24207327
7.0906887,-0.06402475,-0.09048402,0.22374938
7.065791,-0.046633065,0.010468602,0.20543888
7.0538116,-0.020624936,-0.11083037,0.20109688
7.0696096,-0.009436488,-0.06292975,0.2010271
7.0753174,-0.04126519,-0.09320462,0.21627438
7.140777,-0.027555466,-0.0829497,0.20483266
7.116025,-0.050134957,-0.106852055,0.21636972
6.9807367,-0.07725769,0.1620661,0.22330154
6.9659686,-0.05998057,0.12670958,0.21831052
7.028323,-0.10628843,0.038300633,0.24756375
7.0077906,-0.06975812,0.0018939972,0.23296063
7.061657,-0.049863696,0.0040900707,0.21959504
7.0536294,-0.057995737,0.018762827,0.22675909
7.0321083,-0.057648003,0.0036673546,0.21781038
7.0338597,-0.059432924,0.040565968,0.22269468
7.144765,-0.08512926,-0.16515625,0.259158
7.1416616,-0.1269427,-0.060776412,0.26836967
7.1389914,-0.13367045,-0.031380296,0.2648989
7.14532,-0.102716625,-0.111299574,0.25497794
7.127073,-0.08096063,-0.13497531,0.25004435
7.262738,-0.10043633,-0.24794328,0.24727587
7.2040734,-0.061104417,-0.22424936,0.22295256
7.201586,-0.03215915,-0.29590976,0.22248952
7.211863,-0.0531922,-0.26980436,0.23159757
7.2214956,-0.10956466,-0.23045683,0.257512
7.1846337,-0.09942603,-0.19036573,0.25706372
7.1582184,-0.08746475,-0.15443277,0.23278394
7.1532288,-0.06777501,-0.15513188,0.21804503
7.1417875,-0.09683001,-0.17134601,0.25559396
7.1562576,-0.09443045,-0.17453694,0.26293945
7.1768,-0.123991966,-0.13051742,0.27584958
7.1641397,-0.12526149,-0.10046303,0.2675144
7.0545287,-0.049552023,-0.0038694143,0.2247149
7.075962,-0.10922128,-0.028953671,0.26463765
7.0997086,-0.112077475,-0.06138754,0.2538182
7.169467,-0.12943935,-0.060819745,0.26491216
7.2245917,-0.12862569,-0.23219001,0.2703461
7.190615,-0.15191048,-0.11151743,0.28120714
7.2543283,-0.12458825,-0.2630384,0.27094984
7.1669426,-0.11142182,-0.1987707,0.27312824
7.1517477,-0.11368692,-0.086211324,0.26309258
7.153493,-0.0997144,-0.061506867,0.2430131
7.160438,-0.1114071,-0.1246562,0.25892845
7.235138,-0.11636174,-0.23914903,0.26523024
7.2231064,-0.14209175,-0.21153837,0.2915093
7.2131014,-0.1224187,-0.18200207,0.269809
7.1369786,-0.11897725,-0.046477914,0.26684624
7.222091,-0.1508131,-0.12394273,0.2719382
7.138168,-0.14659047,-0.05125636,0.27718455
7.1393633,-0.097774446,-0.070886195,0.23251393
7.0146646,-0.06467903,0.0005738735,0.2396174
6.996177,-0.06461531,0.06330454,0.23903811
7.010954,-0.07160103,0.059791088,0.2302438
6.9902844,-0.098154664,0.15371037,0.24207677
7.011147,-0.099475026,0.058551908,0.24855763
7.0544286,-0.11997998,0.0551337,0.24307749
7.0224137,-0.05674386,-0.029479682,0.20663221
7.128849,-0.07463038,-0.11305153,0.22825153
7.116977,-0.07152641,-0.087367535,0.22768287
7.1579037,-0.050643384,-0.17041707,0.22027257
7.1288223,-0.05114174,-0.17342138,0.23730105
7.1066165,-0.028785765,-0.15243292,0.20619166
7.101244,-0.014328003,-0.10226089,0.20239134
7.0881824,-0.04573661,-0.03397721,0.20352958
7.0446043,-0.02007258,-0.07903868,0.21354295
7.0251484,-0.031054318,-0.018842757,0.20364267
7.0761905,-0.055766046,-0.011030018,0.21219248
7.0421,-0.038324893,0.036793113,0.2073494
7.0441713,-0.033280075,0.025220871,0.20716767
7.0922565,-0.0434947,-0.041510284,0.21411474
7.021105,-0.0484311,0.051463604,0.22051153
7.017486,-0.056468546,0.09550595,0.20805185
6.9654446,-0.013988972,0.023474813,0.21310352
6.949586,-0.049333632,0.18337965,0.21272111
7.0410233,-0.050463736,0.105671525,0.20308213
7.015478,-0.063931346,-0.010310769,0.22844818
6.9458427,-0.07747847,0.1670748,0.24637268
7.0258293,-0.06312013,0.07076812,0.22197369
7.028431,-0.07017559,0.06432021,0.2214129
7.021995,-0.050252616,0.030841112,0.2215985
7.019469,-0.07026881,0.09581578,0.23562558
7.0027313,-0.055542707,0.045289993,0.22730298
6.9996758,-0.02753973,-0.021262646,0.21520169
7.091439,-0.027971387,-0.05753219,0.20004065
7.041952,-0.030790031,0.009159446,0.2003336
7.1274557,-0.050611377,-0.084679484,0.20164602
7.1142616,-0.028571665,-0.181027,0.20626225
7.167305,-0.07202828,-0.1731888,0.2328099
7.1434407,-0.08813405,-0.110132456,0.23116028
7.1320667,-0.07813984,-0.09703541,0.22919199
7.12383,-0.062139153,-0.12881267,0.24508901
7.1691456,-0.080764055,-0.18850791,0.2379503
7.1886306,-0.09367269,-0.19128537,0.24674271
7.102167,-0.093224764,-0.04050815,0.2502049
7.075494,-0.12717903,0.024594307,0.25829926
7.0382676,-0.10437912,0.03679335,0.25931782
7.039627,-0.06799853,-0.009943843,0.22715156
7.1624093,-0.0945434,-0.15213609,0.24049123
7.098358,-0.1336779,-0.00413692,0.26009506
7.095036,-0.110615134,-0.11204183,0.27003404
7.1249886,-0.104130685,-0.067516804,0.2595495
7.2073636,-0.10470456,-0.19778872,0.24901152
7.217807,-0.099639416,-0.17798793,0.2533841
7.2013407,-0.08151865,-0.22548056,0.23678058
7.1819735,-0.058398426,-0.22775018,0.22690047
7.198474,-0.04367733,-0.19387364,0.21337366
7.206043,-0.068217516,-0.27139676,0.22976954
7.2253494,-0.07508105,-0.2634182,0.22908577
7.2322526,-0.08323878,-0.22496736,0.24201193
7.267503,-0.07253075,-0.26483852,0.23199892
7.154918,-0.042827368,-0.11336309,0.21356171
7.103409,-0.023789406,-0.12729806,0.20297343
7.086362,-0.03500557,-0.05007541,0.20068575
7.0100775,-0.0822708,0.120381355,0.22825383
7.040823,-0.09305471,0.06954193,0.2399481
7.0274134,-0.08620149,0.034785748,0.251502
7.08043,-0.07304162,-0.061184525,0.23223287
7.087799,-0.07426405,-0.029706001,0.23496905
7.066494,-0.050910592,-0.06757635,0.22118884
7.051588,-0.061119914,0.00062668324,0.22976986
7.152054,-0.061617315,-0.20381463,0.2244806
7.119266,-0.04586315,-0.16253924,0.21493159
7.096349,-0.055477977,-0.045745492,0.2230327
7.0521626,-0.038318813,-0.018553853,0.20644897
7.0069046,-0.030329525,0.02178669,0.20369668
7.075983,-0.023247063,-0.085487485,0.21489358
6.9995537,-0.032746196,0.05536461,0.2106431
6.945388,-0.03731656,0.105122566,0.21957612
6.943226,-0.020539284,0.11671996,0.20623189
6.941272,-0.04165989,0.13853812,0.2075172
6.9863963,-0.03226453,0.055187702,0.21016572
6.9453144,-0.019815326,0.091101885,0.21318579
6.897227,-0.029529393,0.19363666,0.20246042
6.904953,-0.010067463,0.17430425,0.20184115
6.9019437,-0.029798329,0.15374494,0.20472784
6.9698315,-0.036912262,0.15715742,0.21847853
7.068331,-0.05184275,0.09012151,0.21352585
7.009754,-0.079932034,0.039417744,0.22546305
7.0206976,-0.09177643,0.10205567,0.24094857
6.999056,-0.09198499,0.14809799,0.23629476
7.0070705,-0.06628734,0.10587978,0.22985576
6.9521775,-0.041038454,0.13734305,0.20690326
6.954544,-0.06720841,0.13094783,0.22313014
7.0316787,-0.09308046,0.11896014,0.23154739
7.047931,-0.10749781,0.08319807,0.2578665
7.0120497,-0.06900251,0.13236952,0.23036908
6.9531426,-0.07081914,0.15841997,0.23574032
6.8810477,-0.06524032,0.20774913,0.23643808
6.9054766,-0.036765933,0.11732364,0.20653701
6.912667,-0.022267759,0.19783926,0.20466131
6.8957243,-0.028203845,0.16163719,0.20072593
6.931282,-0.05575925,0.1119014,0.22283545
6.874697,-0.046379745,0.22847652,0.21687964
6.870477,-0.02940458,0.22908616,0.20452331
6.9262724,-0.03892958,0.1564138,0.21360125
7.043925,-0.065006256,0.033040524,0.23277795
6.9800587,-0.037758946,0.12650537,0.20965898
7.003503,-0.045033097,0.01763773,0.2166226
7.024013,-0.042010605,0.023719907,0.21374254
7.0468144,-0.048105776,0.00069618225,0.21742472
7.0312514,-0.05056894,-0.036548257,0.23317444
7.035041,-0.054102838,0.084777355,0.22158554
7.108221,-0.061580658,-0.09549534,0.23008177
7.0757346,-0.07483405,-0.04720521,0.24405716
7.033475,-0.083714604,0.076901436,0.2457996
7.012626,-0.06857097,0.107474566,0.22973801
6.9510794,-0.059045196,0.16838646,0.22485425
6.8994055,-0.05908841,0.16899776,0.23039608
7.018069,-0.04170996,-0.038811266,0.21359886
7.069522,-0.05439657,-0.027740717,0.22590856
7.0167794,-0.027089715,0.014895678,0.20623149
6.9605136,-0.045357108,0.09422088,0.20267923
7.003937,-0.024394035,0.02014637,0.20823354
6.958446,-0.050395846,0.10259843,0.21936265
7.0184608,-0.047289073,0.08093631,0.21235032
7.0138507,-0.099273205,0.123227835,0.2493927
7.0153236,-0.11186916,0.08269167,0.2582094
7.0521984,-0.11638564,0.09652221,0.24404466
7.0749025,-0.0931592,0.038236618,0.23715135
7.1496873,-0.07834697,-0.047626615,0.23131864
7.013939,-0.04901576,0.016945362,0.20805809
6.9737163,-0.024244785,0.05842817,0.2087623
7.0023007,-0.038350523,0.03587532,0.20188825
7.006897,-0.008452177,0.003984809,0.20492093
7.0119743,-0.058187485,0.12502813,0.21616817
6.984112,-0.02042234,0.023347974,0.20388989
7.025505,-0.05989021,0.0415287,0.20396177
7.0409846,-0.063016355,0.031376123,0.22244
7.0592613,-0.104456306,0.039966345,0.24053514
7.0326233,-0.080385804,-0.026891947,0.2500034
7.0585594,-0.08155906,-0.027011633,0.23726094
7.011429,-0.07834411,0.0606575,0.23246442
6.99076,-0.06994212,0.073923826,0.2376712
7.106286,-0.046087384,-0.1128217,0.21419506
7.172694,-0.052163422,-0.17117536,0.22715807
7.1487765,-0.043857455,-0.16230339,0.2198903
7.1556196,-0.03155768,-0.17209482,0.21520394
7.087504,-0.071513295,-0.07137287,0.21695426
7.1580772,-0.024828494,-0.21161151,0.2064787
7.1324544,-0.028256238,-0.14932078,0.20886025
7.168303,-0.08723426,-0.10400283,0.2401835
7.137123,-0.114655495,-0.05583042,0.25696576
7.090171,-0.119618714,0.047445416,0.24946457
7.0944424,-0.08984709,0.040002584,0.23214635
6.9663544,-0.05666566,0.099208355,0.22862306
7.003074,-0.06974369,0.010698557,0.23759237
7.025366,-0.07573068,0.05594659,0.23263146
6.9565125,-0.04673785,0.10047078,0.22622164
6.9895954,-0.03956616,0.072481394,0.21274017
6.990549,-0.026766837,0.04482937,0.2082657
7.030018,-0.05473572,0.05373788,0.21365762
7.018347,-0.047972083,0.02581203,0.21801929
7.0519323,-0.037917435,-0.062788606,0.20997153
7.0166335,-0.039788485,0.006417513,0.21369828
7.0414104,-0.04531163,-0.034953117,0.21457662
7.018378,-0.047937274,0.10370445,0.2050344
7.0016356,-0.047751606,0.04768026,0.21121259
7.069911,-0.09656316,0.029561877,0.24997039
7.057261,-0.048807323,0.021719575,0.20802483
7.007107,-0.061951518,0.122396946,0.22506465
7.0028105,-0.073388875,0.09136772,0.23458543
6.9751205,-0.06971371,0.14781857,0.23150563
6.9630976,-0.064388216,0.1008023,0.2338287
6.972741,-0.055009723,0.12917781,0.21016403
7.0298643,-0.0387547,-0.0015953779,0.2037381
6.9941874,-0.055498958,0.06138587,0.22929493
7.019232,-0.040405035,0.049710393,0.22042792
7.0067368,-0.043994248,0.06300497,0.2195362
7.0702124,-0.03790784,-0.053397536,0.2156788
7.0721292,-0.05776465,-0.0039783716,0.21899149
7.1034966,-0.051338613,-0.059322238,0.2102609
7.042,-0.08606732,0.030064821,0.2398813
7.0781775,-0.108682096,-0.060768962,0.24846488
7.1343694,-0.07283515,-0.13250685,0.22639804
7.092271,-0.05064982,-0.033891737,0.21119444
7.1212077,-0.017405033,-0.13119674,0.20104232
7.0470037,-0.037532926,-0.012521327,0.20444463
6.9750714,-0.046952426,0.040937424,0.20407596
6.9902115,-0.059136033,0.074941635,0.22745663
7.108927,-0.08971238,-0.030340135,0.23204751
7.118306,-0.07020283,-0.08247298,0.23092833
7.06206,-0.046342134,-0.08274424,0.20704445
7.1251383,-0.09254849,-0.045885146,0.23380396
7.12498,-0.0816319,-0.03760463,0.23438738
7.109177,-0.076090574,-0.055223227,0.23027034
7.1340704,-0.072722435,-0.080629945,0.22911757
7.033247,-0.048434794,8.535385e-05,0.21214557
7.0324774,-0.043726444,0.015280843,0.21520172
7.0856047,-0.05000198,-0.025071263,0.21399069
7.0859413,-0.055945277,-0.061151862,0.22442804
7.0997534,-0.076480806,-0.023905337,0.22746196
7.119931,-0.075674415,-0.13856232,0.24445762
7.140252,-0.084519446,-0.11958814,0.25134405
7.1615176,-0.07208866,-0.11803949,0.23893574
7.1333323,-0.09014416,-0.17250037,0.25089315
7.158662,-0.11083472,-0.11714792,0.2579784
7.250761,-0.102695525,-0.19387335,0.24569355
