7.9763412,-0.40347338,0.25993478,0.50931734
7.922453,-0.41852254,0.45768297,0.5439373
7.996134,-0.45565635,0.3611791,0.5662181
7.928569,-0.45031792,0.53074145,0.58665204
7.9929695,-0.5234009,0.560606,0.6924746
7.9868917,-0.5131328,0.6005051,0.6585299
7.9983253,-0.4937818,0.5550535,0.5947495
7.925842,-0.45658952,0.56597114,0.60343975
7.9395905,-0.42832923,0.50698733,0.5298859
7.9697104,-0.44375628,0.4573779,0.556166
7.953354,-0.4551912,0.53564596,0.57373464
7.8687296,-0.41568005,0.4653976,0.5459755
7.9456863,-0.39569253,0.3572657,0.48637694
7.9144716,-0.43036795,0.46924508,0.5562988
7.941272,-0.46116364,0.48877883,0.5864696
7.9831505,-0.47360677,0.4999416,0.5824684
7.9359255,-0.43194407,0.4457476,0.5191633
7.920391,-0.43987656,0.50927687,0.54073673
7.8926206,-0.45266432,0.62483525,0.56799877
7.9160094,-0.4374203,0.5686846,0.5486342
7.9395,-0.43889987,0.51681185,0.5433559
7.8795624,-0.44142246,0.5492816,0.5540647
7.859419,-0.4418264,0.639305,0.54417926
7.948733,-0.45302904,0.4583907,0.5768969
7.985024,-0.4488243,0.32991958,0.57553154
7.9561214,-0.45829618,0.41657734,0.5603592
7.9498773,-0.43605626,0.36521006,0.5512811
7.9849653,-0.44000667,0.3075868,0.57935315
7.8741093,-0.42492294,0.53908014,0.5396556
7.8942432,-0.42577642,0.49377036,0.5503491
7.8774586,-0.409123,0.5039427,0.5232687
7.8832645,-0.39624405,0.47455418,0.5024795
7.8344054,-0.3737718,0.5121329,0.47994703
7.7838936,-0.37181318,0.65349936,0.47103995
7.7759905,-0.39584315,0.63393474,0.5029122
7.8485985,-0.40421915,0.6431173,0.50668126
7.8457303,-0.3947987,0.50293493,0.5089493
7.8125725,-0.39219844,0.60145426,0.47624105
7.9145517,-0.39812893,0.4804275,0.5177967
7.833217,-0.3756547,0.5659864,0.4812708
7.8978214,-0.36407816,0.49580252,0.46031916
7.8226194,-0.3422739,0.46507454,0.44769204
7.747919,-0.3351099,0.5152316,0.4490114
7.7749276,-0.3447178,0.58397865,0.44998276
7.748192,-0.3683672,0.6123042,0.4530475
7.7393684,-0.37527776,0.7683792,0.45170325
7.6617126,-0.3481927,0.7684324,0.4414891
7.7822165,-0.34875965,0.64316034,0.42831078
7.7681355,-0.34524095,0.62261224,0.43299568
7.7191696,-0.34509557,0.6291455,0.44870907
7.717274,-0.3100196,0.589113,0.39835548
7.804594,-0.3481406,0.5089679,0.43096268
7.8577385,-0.3660075,0.490021,0.4638304
7.796867,-0.35188407,0.5140903,0.45414293
7.820489,-0.3400674,0.5243677,0.4429915
7.790271,-0.33853894,0.52443194,0.41932464
7.8147426,-0.34631765,0.5374769,0.4556051
7.815489,-0.35457945,0.5472487,0.45544142
7.8170543,-0.39242202,0.5779319,0.4807195
7.7711716,-0.357796,0.65145147,0.46786064
7.750562,-0.37854862,0.6687727,0.4910556
7.7551794,-0.35507393,0.67882943,0.4615543
7.7185545,-0.34767056,0.6452913,0.44587576
7.715206,-0.34739673,0.66146576,0.44079447
7.732442,-0.37765855,0.7282617,0.48986667
7.6989365,-0.35600471,0.6978147,0.45890462
7.68443,-0.3022874,0.5654216,0.42080453
7.7615414,-0.3017704,0.5597923,0.40734565
7.667228,-0.2934363,0.5538664,0.3859263
7.689688,-0.2656147,0.5075009,0.38486028
7.711726,-0.28007668,0.5574118,0.37445903
7.6907473,-0.30697918,0.62825894,0.40059775
7.690323,-0.2837428,0.5568446,0.3986416
7.680856,-0.27241063,0.57762957,0.39128503
7.685184,-0.29750556,0.5968747,0.4201511
7.66102,-0.30577284,0.65575373,0.40338695
7.6601,-0.28861094,0.6471019,0.37893462
7.6220465,-0.27472657,0.64570427,0.38270146
7.607039,-0.26877075,0.6855813,0.38447553
7.6472564,-0.27050835,0.625811,0.37677675
7.5822678,-0.26533073,0.7152258,0.36868083
7.614994,-0.24038523,0.59569097,0.3456242
7.676822,-0.21825111,0.4733591,0.33834147
7.6779456,-0.22131634,0.4872222,0.33984
7.6442375,-0.24052781,0.5788255,0.35458034
7.634408,-0.24020588,0.617072,0.3591353
7.654253,-0.2692188,0.59254074,0.374573
7.650218,-0.2933097,0.7205696,0.3823406
7.5873485,-0.2893831,0.83465123,0.38335282
7.710282,-0.30622607,0.5350636,0.43411785
7.697561,-0.32960624,0.68172455,0.4237694
7.719544,-0.32944924,0.5847151,0.43302098
7.7533274,-0.33796215,0.5469451,0.43526047
7.7895856,-0.3682384,0.54845643,0.4427582
7.7441726,-0.36299253,0.6456728,0.4564491
7.764057,-0.344261,0.559695,0.45816427
7.8681374,-0.36496127,0.42507756,0.46644205
7.867713,-0.34771955,0.43835807,0.4373796
7.8411016,-0.3455742,0.3955958,0.46275973
7.8429246,-0.37173933,0.46042347,0.4684431
7.8515882,-0.37968212,0.53527117,0.4885307
7.8923492,-0.38009322,0.46724474,0.47357744
7.9382634,-0.36896008,0.3012638,0.47405165
7.904779,-0.34826303,0.37652743,0.44416943
7.8159885,-0.36995536,0.49343276,0.4817338
7.8511505,-0.38997388,0.4304533,0.500707
7.81528,-0.3575371,0.48185563,0.4648019
7.8341155,-0.3744257,0.5464196,0.46933538
7.8487406,-0.39567423,0.54612184,0.5005047
7.933775,-0.39828378,0.37653863,0.52151734
7.869399,-0.4035685,0.5168042,0.5004332
7.8771515,-0.4220698,0.6201296,0.52623063
7.8640146,-0.42909217,0.65580523,0.5131596
7.907776,-0.44347823,0.5687828,0.5408409
7.9778194,-0.4223101,0.40149856,0.51766783
7.9320216,-0.38410634,0.36772537,0.5094611
7.908655,-0.39120466,0.41327238,0.51756334
7.909197,-0.3784712,0.37002015,0.48047757
7.969611,-0.38986987,0.29129994,0.5147412
7.946505,-0.3839727,0.25630355,0.50332075
7.9983125,-0.43173188,0.34031892,0.5661694
7.945151,-0.42115986,0.38897836,0.5381069
7.962412,-0.43028432,0.42206407,0.5397106
7.9893794,-0.41567367,0.3300922,0.5083764
7.9441004,-0.40394944,0.3990636,0.51070267
7.9145203,-0.41181618,0.45866477,0.50680363
7.9796233,-0.42637426,0.45756412,0.53631824
7.994297,-0.43876064,0.43680382,0.53592193
7.958352,-0.43216836,0.4474727,0.54886526
7.9305234,-0.43127084,0.42966354,0.52951455
7.9360523,-0.43616366,0.50246644,0.5436932
7.930805,-0.43164456,0.42478085,0.537411
7.9416513,-0.45192045,0.5488558,0.5589244
7.934396,-0.42669594,0.5296886,0.52387583
7.920812,-0.41856468,0.3790853,0.54349464
7.9797406,-0.4328583,0.4773059,0.52487254
7.959729,-0.45230967,0.49063003,0.57422155
7.935602,-0.42772764,0.45843387,0.5272636
7.9647694,-0.40629685,0.23843265,0.53129995
7.95387,-0.40951067,0.2827257,0.53815484
7.997115,-0.44024146,0.3816049,0.5440368
7.9906344,-0.4304132,0.27132237,0.5658367
7.935397,-0.41617382,0.4382918,0.54714084
7.9670787,-0.44455904,0.51848054,0.552874
7.9488807,-0.42601025,0.43980908,0.51645595
7.9164634,-0.43685114,0.5221076,0.5311803
7.952177,-0.45419055,0.5553477,0.55565673
7.9208665,-0.4238664,0.4631021,0.5610569
7.903184,-0.42249304,0.38313365,0.53878236
7.9908543,-0.4249279,0.34534872,0.55275494
7.961351,-0.40265417,0.3766451,0.51958495
7.85015,-0.40859658,0.61525583,0.50834
7.781673,-0.41120815,0.6838889,0.5320772
7.8568,-0.43106657,0.62403107,0.5522823
7.914386,-0.44565403,0.5544528,0.54792506
7.9258547,-0.4645267,0.62156487,0.5728699
7.8930764,-0.4646681,0.6234064,0.5826152
7.8529873,-0.4309076,0.57212305,0.5573838
7.8407383,-0.43548656,0.6348417,0.5763625
7.812476,-0.43176514,0.6905813,0.5725922
7.9920883,-0.4408356,0.42671657,0.52592206
7.9830923,-0.45495158,0.40947497,0.57825756
7.9906187,-0.4513237,0.34001064,0.57108164
7.8822227,-0.43008465,0.55215764,0.54459673
7.9058294,-0.4045949,0.48279774,0.5177544
7.9086475,-0.38348526,0.4134302,0.4995489
7.8743343,-0.38057184,0.47005427,0.49310017
7.9624944,-0.3948112,0.4064362,0.49200863
7.9089713,-0.40971792,0.44060493,0.5270503
7.9031267,-0.3840465,0.44629955,0.5017015
7.9067993,-0.3778174,0.40775478,0.4885118
7.9770746,-0.39773875,0.25509608,0.50774056
7.9761,-0.42978173,0.34763646,0.52160054
7.9656906,-0.4095242,0.25081933,0.5298515
7.8689423,-0.41623396,0.4428985,0.5386731
7.846041,-0.42568815,0.64279294,0.5209237
7.824778,-0.4036026,0.5785692,0.51382476
7.8375945,-0.3988253,0.59047174,0.48490602
7.861129,-0.40655637,0.55204463,0.5059129
7.8189235,-0.41459656,0.6568575,0.5253812
7.867903,-0.430852,0.6496662,0.55074686
7.947061,-0.45063424,0.5131717,0.5405945
7.857468,-0.42445022,0.60407436,0.5403618
7.937585,-0.42734015,0.4413303,0.5454149
7.900477,-0.42466497,0.4510244,0.5261168
7.886359,-0.4374994,0.61360264,0.5565324
7.948803,-0.42935985,0.48657954,0.5051244
7.954857,-0.4320621,0.4041859,0.5439494
7.9437323,-0.43710548,0.4497788,0.5444979
7.8494735,-0.3728699,0.37786436,0.50786644
7.938141,-0.40180528,0.38277435,0.50871104
7.897084,-0.45143044,0.5789317,0.5518011
7.9863777,-0.456688,0.5244901,0.567936
7.9977274,-0.42764908,0.3195442,0.5340235
7.944571,-0.42461896,0.3944894,0.53904057
7.9290104,-0.39768708,0.39202166,0.4847446
7.9374876,-0.38147038,0.3693409,0.49018103
7.8805447,-0.3942817,0.4784901,0.48878413
7.8503094,-0.4151863,0.512841,0.5297819
7.9307847,-0.44255316,0.51100683,0.5419261
7.91606,-0.42897528,0.46529555,0.5351359
7.890067,-0.4155751,0.5471786,0.50841933
7.8249073,-0.41169053,0.62333345,0.51413715
7.789259,-0.41785127,0.7341728,0.50937456
7.8357863,-0.43536508,0.69238126,0.54729724
7.8546643,-0.4311064,0.61799407,0.5247037
7.8036203,-0.40434736,0.7100245,0.5069464
7.787493,-0.38393134,0.61808896,0.47358054
7.774996,-0.34163672,0.45613956,0.44211668
7.799509,-0.35599357,0.57701635,0.43960297
7.88888,-0.38210595,0.41746593,0.49461764
7.941702,-0.35004085,0.28745627,0.46129733
7.919359,-0.37822098,0.35444522,0.47923243
7.8905153,-0.38457596,0.35974026,0.49013823
7.9257994,-0.4077981,0.38193333,0.5113987
7.877468,-0.39038682,0.43598354,0.46601313
7.8000197,-0.3534283,0.516721,0.47317767
7.7802114,-0.3455884,0.53953695,0.44495812
7.7700105,-0.33183223,0.49738204,0.42684668
7.6829853,-0.3189901,0.6471584,0.42091882
7.700508,-0.30683625,0.63692033,0.4054588
7.6741185,-0.2818048,0.5853239,0.38194788
7.764164,-0.2724318,0.441813,0.3687094
7.7172503,-0.26976436,0.4988668,0.39010668
7.747693,-0.27494413,0.43492043,0.40102136
7.7711782,-0.29912817,0.43684208,0.41853082
7.789993,-0.32366055,0.48033023,0.41701823
7.8527308,-0.3460148,0.3889525,0.46484214
7.8344603,-0.3629344,0.5250819,0.4759897
7.810158,-0.37626237,0.49519265,0.48682344
7.836359,-0.38028222,0.564981,0.46805418
7.9167147,-0.36925435,0.3590094,0.4931978
7.895717,-0.37813604,0.41908145,0.49258024
7.9461603,-0.39367616,0.33408034,0.49700707
7.921033,-0.41117048,0.47405446,0.50757974
7.884297,-0.39703053,0.53279185,0.4998575
7.870787,-0.41647196,0.520064,0.5238212
7.7831345,-0.37432158,0.6339127,0.47269517
7.768381,-0.35110193,0.5798707,0.46392113
7.8434258,-0.3369466,0.4117812,0.44581068
7.8025494,-0.34268808,0.44384396,0.46142572
7.783451,-0.34864354,0.5306859,0.44071722
7.7463427,-0.32865733,0.5286598,0.4307841
7.7149324,-0.32464665,0.62918353,0.414837
7.713213,-0.31358695,0.5300026,0.43217635
7.6680765,-0.30714005,0.6642395,0.4054864
7.7086096,-0.29364395,0.5547639,0.3969257
7.724161,-0.32167226,0.6531973,0.42599195
7.6622543,-0.3475576,0.73044705,0.45868796
7.7165837,-0.34256774,0.6957307,0.43931785
7.364588,-0.20991004,0.94409263,0.33421883
7.338537,-0.19681478,0.89708316,0.32299942
7.4429216,-0.16089445,0.7220075,0.3015672
7.3936996,-0.13833904,0.8036511,0.2592375
7.2689075,-0.11235881,0.9146755,0.2564401
7.2827864,-0.119508564,0.8845626,0.25162894
7.2713156,-0.09483808,0.8697543,0.25709283
7.300168,-0.09232676,0.825032,0.24475117
7.2948265,-0.108380556,0.8575475,0.24886906
7.2347584,-0.1273179,0.95523417,0.27815643
7.148448,-0.11970985,1.0324333,0.2633274
7.184903,-0.14805406,1.1054089,0.26979452
7.1174583,-0.1062628,1.0957417,0.25166613
7.186662,-0.11338329,1.0032263,0.26665753
7.152197,-0.12320948,1.1215081,0.24189246
7.1709347,-0.109440565,1.0420275,0.24725482
7.151559,-0.08360571,0.9309015,0.24594557
7.17486,-0.088924766,0.9318447,0.25510255
7.2231092,-0.10096508,0.9523289,0.24644846
7.2427464,-0.07997924,0.89427686,0.24295977
7.1779394,-0.11237407,0.9917412,0.24917033
7.168854,-0.09469521,1.018532,0.25702423
7.1043887,-0.082547426,1.0355625,0.23739606
7.070766,-0.08336127,1.1151626,0.22668281
7.121463,-0.07093167,0.9848329,0.22447988
7.120473,-0.07318479,0.9901959,0.23983395
7.0954075,-0.056846023,0.9823427,0.21771355
7.0867896,-0.04061407,1.0112553,0.20986238
7.069049,-0.028348625,0.9773377,0.20888208
7.094155,-0.045716763,1.0245028,0.21069302
7.1337614,-0.070697546,1.0356424,0.21528752
7.1098976,-0.06380761,1.0262628,0.22295849
7.093345,-0.057334483,1.0256665,0.22064607
7.080913,-0.041095912,1.0299368,0.21048729
7.120219,-0.06169015,0.9642625,0.22301997
7.1549244,-0.028502464,0.86208,0.21116547
7.1952705,-0.020774782,0.81840396,0.20253919
7.1897097,-0.027336597,0.83932054,0.20925303
7.154422,-0.013273597,0.8230467,0.20680219
7.1621737,-0.06982273,0.99336576,0.22312193
7.1620517,-0.039776802,0.86469495,0.21508457
7.2194014,-0.068089664,0.8713281,0.22848552
7.212611,-0.08228153,0.9161153,0.22647062
7.1876187,-0.09112704,0.905323,0.24147686
7.26869,-0.11169571,0.9052671,0.2543187
7.3739424,-0.104854524,0.8141618,0.2457973
7.3179817,-0.120541036,0.8350723,0.25972506
7.36213,-0.111845255,0.7329719,0.26619136
7.3850627,-0.13364118,0.72383165,0.27533624
7.3846316,-0.12847733,0.73475015,0.25897062
7.419183,-0.13873261,0.71145225,0.28087667
7.415454,-0.14926058,0.73032355,0.28214908
7.4727206,-0.14501685,0.6749673,0.29793677
7.5895653,-0.15597677,0.50116706,0.29544452
7.596747,-0.17924637,0.49868906,0.30169114
7.552441,-0.20837092,0.6248579,0.32020295
7.603473,-0.21833068,0.5347135,0.34873015
7.609318,-0.2115882,0.6049906,0.3410802
7.63837,-0.24295682,0.5828786,0.35122424
7.6004333,-0.24514359,0.5964093,0.36908168
7.5164204,-0.23121923,0.72767735,0.3404051
7.5343056,-0.23603159,0.7305324,0.35723394
7.5442076,-0.23697835,0.7567172,0.33611885
7.558316,-0.22905254,0.683846,0.33914638
7.5584173,-0.24135935,0.66653264,0.3557639
7.616699,-0.24628597,0.6242502,0.34423113
7.66374,-0.24652815,0.5884088,0.3420527
7.6485987,-0.28486735,0.6204165,0.39421415
7.6210365,-0.2945404,0.72834563,0.39946628
7.5116525,-0.2687745,0.8175998,0.37551597
7.520275,-0.26231092,0.85264754,0.36082044
7.5019855,-0.23989713,0.76105046,0.35888368
7.5608153,-0.24112362,0.72479224,0.350802
7.5661297,-0.22661352,0.72621036,0.34366748
7.653898,-0.21916938,0.55088615,0.32020298
7.618947,-0.22902524,0.6167009,0.33195412
7.660457,-0.24023873,0.5360577,0.35631126
7.68402,-0.27142745,0.5245905,0.37808532
7.6959243,-0.27618986,0.5561876,0.36464798
7.7013826,-0.28687644,0.573787,0.3855087
7.740163,-0.28525692,0.5475209,0.39585704
7.853742,-0.30360037,0.47189844,0.391884
7.7948074,-0.30794775,0.41307938,0.41581875
7.782507,-0.3276962,0.48179126,0.44160444
7.731901,-0.30913353,0.6066065,0.41296947
7.750242,-0.29506087,0.5704577,0.38901436
7.732921,-0.31187147,0.5730264,0.40770298
7.806554,-0.32746202,0.45270026,0.42498663
7.823022,-0.32911557,0.44940937,0.42548472
7.8202853,-0.33711362,0.44019532,0.43401295
7.775774,-0.30492544,0.4668182,0.40023282
7.833933,-0.30555904,0.36012602,0.41646567
7.8789334,-0.32579178,0.34935153,0.44117922
7.8473196,-0.3699674,0.49934006,0.4844551
7.8992686,-0.38323873,0.3724239,0.48289555
7.896323,-0.387671,0.4426384,0.4804409
7.9513407,-0.42073137,0.39803553,0.5185229
7.9445143,-0.4468146,0.521139,0.54991144
7.976532,-0.43977892,0.42616153,0.53992724
7.99764,-0.4479615,0.37027907,0.57655585
7.9924664,-0.45922387,0.37980485,0.5723397
7.9566035,-0.4522437,0.46455026,0.5785409
7.9736686,-0.45167798,0.3979721,0.5724084
7.9110317,-0.43628627,0.49385726,0.56827873
7.9723463,-0.4551776,0.43250334,0.5722294
7.940989,-0.4673276,0.53312325,0.58277136
7.992981,-0.43245655,0.28618932,0.5413294
7.9723024,-0.42436683,0.39098907,0.5189033
7.9758873,-0.41748285,0.31340623,0.5344853
7.9557056,-0.4045604,0.3242221,0.5080743
7.9427857,-0.40335685,0.33286905,0.5044423
7.970892,-0.3873877,0.3131652,0.50184983
7.963703,-0.4057396,0.29066455,0.5041902
7.9140887,-0.40646482,0.3964305,0.52094537
7.9152613,-0.41167772,0.45274854,0.5301408
7.89612,-0.4217832,0.49005938,0.5493948
7.8461847,-0.36716092,0.4934014,0.47818017
7.838046,-0.37558305,0.53588843,0.49020404
7.7636466,-0.3620082,0.6021061,0.46254635
7.7589235,-0.37479007,0.63705873,0.46678603
7.75731,-0.34172153,0.59601486,0.43339565
7.763996,-0.3374172,0.55943394,0.44373268
7.8093977,-0.35302478,0.49260902,0.44157135
7.765423,-0.29559648,0.41835904,0.3994252
7.7268605,-0.28243363,0.49974573,0.39270568
7.8050876,-0.28502643,0.3865168,0.38224417
7.7488995,-0.3210944,0.49078512,0.4167199
7.866811,-0.33488238,0.35038042,0.4510076
7.8775463,-0.3572374,0.3861637,0.46591288
7.8199244,-0.3520909,0.4624647,0.45674056
7.7915206,-0.34329098,0.5644914,0.443514
7.807834,-0.3510689,0.51018834,0.4455428
7.86361,-0.3512377,0.4061154,0.46075767
7.8530164,-0.3697574,0.50778675,0.4705581
7.8487835,-0.37483573,0.46745825,0.49109048
7.8643317,-0.37459177,0.47173584,0.48009592
7.816576,-0.3635174,0.47318697,0.46985722
7.855989,-0.3474216,0.41234493,0.45452386
7.8762026,-0.36342633,0.4290371,0.45874542
7.9347305,-0.38763344,0.4175613,0.4642095
7.904604,-0.3820206,0.38786876,0.48864126
7.8513975,-0.41027838,0.5275333,0.5168249
7.9412937,-0.41198063,0.35420585,0.52374554
7.8910446,-0.43933696,0.596339,0.542809
7.844327,-0.43934613,0.6858156,0.542767
7.8528147,-0.42330438,0.6451118,0.54428697
7.7971783,-0.4439646,0.8146385,0.5556455
7.873868,-0.44189477,0.6837795,0.5337147
7.855146,-0.41674244,0.60032845,0.5536075
7.9485826,-0.41669232,0.52410305,0.5098229
7.9580927,-0.426166,0.4371915,0.526058
7.9000225,-0.39263135,0.42143214,0.5194621
7.872439,-0.406049,0.48351598,0.5111559
7.874734,-0.3917979,0.52371454,0.50346744
7.8632717,-0.3871671,0.5703,0.4778357
7.8714867,-0.39516068,0.43734586,0.500621
7.88225,-0.38228393,0.46665573,0.46557504
7.897097,-0.3486281,0.38691843,0.45145053
7.9284506,-0.37355745,0.33006012,0.46813136
7.8538456,-0.38343763,0.51400375,0.47631425
7.793692,-0.36442405,0.5668721,0.4848135
7.81921,-0.35863358,0.60193646,0.4569111
7.8187246,-0.35708314,0.57073903,0.45717943
7.769879,-0.34089643,0.51253486,0.45030057
7.811159,-0.34696007,0.46364903,0.42770517
7.7767863,-0.34211415,0.49758637,0.44859508
7.785555,-0.341595,0.5275593,0.4275387
7.7982717,-0.36347193,0.46572757,0.48000354
7.8129797,-0.3660978,0.5243397,0.46363348
7.8472815,-0.3720299,0.5668647,0.4552877
7.7677774,-0.3844809,0.5978445,0.48606485
7.840802,-0.3578264,0.46869528,0.4784481
7.861472,-0.347035,0.40005958,0.4409845
7.813482,-0.38246328,0.6303321,0.46875757
7.87521,-0.38594162,0.47665644,0.48912513
7.8428917,-0.40005928,0.559677,0.51875937
7.9260464,-0.41018063,0.34672987,0.516908
7.9822073,-0.43463838,0.36396432,0.5687073
7.9566665,-0.4568187,0.4668131,0.5828525
7.93249,-0.43171066,0.44248545,0.540434
7.8798876,-0.4173687,0.47037458,0.53240746
7.9965878,-0.44768846,0.43687892,0.59786934
7.906232,-0.48586005,0.68749356,0.5894862
7.9884577,-0.4941547,0.48875964,0.63355345
7.991698,-0.44630647,0.31917214,0.57205385
7.9420004,-0.42602682,0.39835346,0.5472638
7.9308414,-0.42546624,0.4056673,0.54156876
7.9124026,-0.43471766,0.48052788,0.53184456
7.8573656,-0.40920973,0.59323287,0.5059935
7.85613,-0.4027061,0.512064,0.50728893
7.8904724,-0.3926729,0.47496402,0.49787498
7.9082046,-0.41389626,0.5129702,0.4969179
7.8544893,-0.40296763,0.566138,0.48887193
7.854967,-0.39574432,0.5069952,0.5006034
7.8598256,-0.37485582,0.52182865,0.46795303
7.919896,-0.38897544,0.41981244,0.4793194
7.845317,-0.41398376,0.58111453,0.5102872
7.8579264,-0.38569665,0.45670652,0.48760968
7.8631563,-0.38636935,0.47570813,0.47288364
7.7684727,-0.3651023,0.5873867,0.47680175
7.867015,-0.36658454,0.44635105,0.4614721
7.870605,-0.3680014,0.39874637,0.48727793
7.832462,-0.35807693,0.4190718,0.486782
7.878206,-0.39502466,0.4539125,0.5059875
7.926779,-0.42004055,0.3896358,0.5241427
7.9950233,-0.42584288,0.29507756,0.548295
7.944233,-0.40781146,0.34380364,0.53858405
7.9440804,-0.42822433,0.33044183,0.55076456
7.8594656,-0.3842858,0.45057034,0.5164616
7.9026613,-0.3944794,0.44882834,0.49669862
7.9472895,-0.39216048,0.36006403,0.50012136
7.9109583,-0.3461764,0.32134318,0.4517746
7.8756742,-0.32190973,0.3181492,0.43761408
7.845374,-0.33307683,0.34508896,0.4600069
7.824026,-0.34337366,0.535604,0.4299443
7.8490505,-0.34911305,0.46132827,0.45829588
7.76894,-0.3333841,0.54648066,0.447612
7.7539215,-0.3647406,0.6340364,0.44547004
7.7788777,-0.34655935,0.5023837,0.44689888
7.8291016,-0.3505538,0.45115662,0.44892853
7.784111,-0.34784573,0.4762355,0.4573549
7.762245,-0.30860817,0.5098791,0.41564167
7.742193,-0.27749968,0.5069668,0.38171685
7.6925745,-0.2623343,0.51838243,0.37838346
7.650538,-0.28521836,0.6771263,0.38411242
7.591022,-0.2458933,0.65420747,0.35374033
7.5637126,-0.23844784,0.68373203,0.34665793
7.6249995,-0.2643438,0.6688565,0.3772798
7.653746,-0.26086593,0.578882,0.38405213
7.7207046,-0.27418464,0.45720673,0.3812408
7.7120185,-0.3064474,0.58940446,0.39552414
7.8037925,-0.31304067,0.49908566,0.41244495
7.7290077,-0.33864385,0.5726321,0.45056415
7.731509,-0.3525381,0.6543343,0.45483458
7.752821,-0.34916013,0.6834707,0.45394266
7.7204266,-0.35463238,0.6545621,0.47201926
7.7373753,-0.3769799,0.7340529,0.48263174
7.716983,-0.34776747,0.61396027,0.4712674
7.651408,-0.32780343,0.7598808,0.43071502
7.6199927,-0.33917958,0.8206258,0.43796915
7.63239,-0.30802697,0.7994554,0.41637015
7.5543795,-0.30123687,0.83696485,0.39525753
7.585097,-0.310153,0.7747071,0.4140078
7.54718,-0.30007643,0.8845401,0.39857483
7.653326,-0.30931312,0.67151093,0.41097748
7.6453285,-0.3026852,0.6932576,0.42007378
7.6080284,-0.28603917,0.734866,0.37969005
7.604188,-0.27467048,0.7513881,0.35496384
7.529674,-0.28535575,0.92379737,0.37349588
7.528255,-0.29286945,0.8871696,0.3856324
7.58372,-0.24050522,0.6571722,0.33688736
7.5422077,-0.22009176,0.6632824,0.33467007
7.534302,-0.21727657,0.6882069,0.35091716
7.4730268,-0.19070119,0.73866403,0.31566766
7.534957,-0.22328007,0.7229357,0.33059543
7.5772257,-0.20773202,0.62344384,0.31941834
7.4905167,-0.21700186,0.7757497,0.32172152
7.524667,-0.20020849,0.69553304,0.3155596
7.4760103,-0.18993866,0.75808716,0.30917925
7.4403973,-0.2068389,0.7997081,0.33982968
7.485232,-0.20178127,0.77254367,0.31993508
7.515334,-0.20446903,0.7034378,0.32273382
7.506491,-0.20756292,0.7352171,0.32743344
7.4667134,-0.21679223,0.7689333,0.33538842
7.542287,-0.23624605,0.7419126,0.35345012
7.61184,-0.25156152,0.6141336,0.3636592
7.6819844,-0.23113912,0.48264468,0.34627128
7.652445,-0.21745104,0.49709702,0.33417034
7.6651874,-0.22313398,0.51315606,0.345482
7.653289,-0.24839264,0.5139364,0.36166644
7.67735,-0.23371929,0.48753297,0.3508532
7.688633,-0.2427895,0.48327565,0.3502526
7.700012,-0.23149383,0.4640149,0.35379022
7.6746054,-0.24582064,0.4752202,0.35741562
7.6087756,-0.25528365,0.67214704,0.3675684
7.6407146,-0.306849,0.7164974,0.4107545
7.5907087,-0.3344382,0.88184476,0.42452872
7.664915,-0.33942652,0.8162849,0.4204138
7.6506653,-0.3099895,0.7705002,0.41425717
7.6520286,-0.28472513,0.6689348,0.39572608
7.6777873,-0.28769594,0.6391212,0.3795809
7.6995745,-0.27650875,0.5673106,0.37285805
7.692292,-0.2946614,0.646477,0.39451972
7.65617,-0.29164165,0.60239196,0.39677852
7.6790886,-0.31131577,0.6513915,0.41483134
7.6341715,-0.32460696,0.70896435,0.42665055
7.64357,-0.33693236,0.7442117,0.43310037
7.777258,-0.34068835,0.5575907,0.43215847
7.728672,-0.35780883,0.61734676,0.45944232
7.676252,-0.31471127,0.6523855,0.43530935
7.693613,-0.30811626,0.6551745,0.42695034
7.7556763,-0.32867283,0.57407093,0.42782333
7.8174787,-0.33826733,0.43997192,0.43025425
7.8911786,-0.3377068,0.29971004,0.44401443
7.8701606,-0.3723091,0.43860376,0.44128335
7.870674,-0.357233,0.3688177,0.47370857
7.9226065,-0.3806017,0.45730078,0.47907072
7.932708,-0.36790603,0.2975657,0.4865545
7.9030576,-0.3748089,0.36839497,0.5045154
7.8804936,-0.37987977,0.43796527,0.47592622
7.9365225,-0.40783858,0.4145825,0.5021096
7.83095,-0.3807795,0.48477983,0.4910558
7.8590508,-0.38372242,0.4834746,0.49545485
7.854166,-0.38903093,0.56920207,0.5039041
7.8864536,-0.40889293,0.49682665,0.4943468
7.876854,-0.38653094,0.41156137,0.49414742
7.8691716,-0.4136839,0.5078254,0.51478374
7.881011,-0.3700686,0.48666096,0.46371824
7.878313,-0.35585892,0.31736672,0.46277362
7.848148,-0.34545273,0.48320174,0.43475202
7.8247576,-0.3562103,0.51131296,0.46125102
7.8077526,-0.3493368,0.4994266,0.4503674
7.762785,-0.3252377,0.55618656,0.43595317
7.686824,-0.34395885,0.7825792,0.454516
7.6071696,-0.326514,0.8454821,0.40945143
7.6417675,-0.3176602,0.70397305,0.43765795
7.692301,-0.35193056,0.7181027,0.45928675
7.750847,-0.33942252,0.63087726,0.44725466
7.712407,-0.338104,0.68953097,0.43691796
7.7473702,-0.35258836,0.56234765,0.4713058
7.7270107,-0.3249578,0.5370872,0.44217974
7.6623187,-0.31712514,0.6835878,0.4158179
7.7029314,-0.33847475,0.684109,0.42416075
7.662823,-0.30190545,0.6493286,0.41007796
7.6723847,-0.31144303,0.6733091,0.41383237
7.521081,-0.28227538,0.791397,0.38828012
7.6354055,-0.3050815,0.71674216,0.39491513
7.6118517,-0.3233847,0.75478363,0.42886692
7.5935555,-0.32198334,0.7709907,0.42822328
7.5825186,-0.28957587,0.8058615,0.3972293
7.5639176,-0.3121454,0.8374424,0.415321
7.5960817,-0.3079195,0.8381221,0.39136893
7.5515175,-0.30309093,0.8414192,0.3980699
7.540164,-0.2887752,0.79627156,0.37909037
7.489637,-0.27875358,0.91700673,0.38316172
7.500311,-0.28344667,0.89676785,0.38854247
7.488837,-0.29576182,0.9508333,0.38186693
7.448167,-0.31552225,0.9762926,0.42006457
7.4756384,-0.29318255,0.9529753,0.40299428
7.4535074,-0.28473395,0.94845414,0.3914438
7.5557456,-0.27954113,0.7343266,0.3859444
7.588024,-0.29758298,0.75890934,0.39196262
7.6460176,-0.27896893,0.66162443,0.3812638
7.662052,-0.29183102,0.57697105,0.41290897
7.6090612,-0.31334573,0.819921,0.41261715
7.6793003,-0.32335973,0.74697447,0.41372597
7.6530123,-0.3299538,0.7552372,0.4197605
7.6912427,-0.3187893,0.6390443,0.4181596
7.657963,-0.30684137,0.70786715,0.4003669
7.6475596,-0.28541714,0.6565225,0.39756286
7.6733923,-0.28749877,0.61765647,0.38894555
7.7025933,-0.30544293,0.6148784,0.39570355
7.693538,-0.2805916,0.5311408,0.3784346
7.7649064,-0.31209064,0.43372953,0.44207835
7.748577,-0.33516067,0.608336,0.45736808
7.78354,-0.31879884,0.46409273,0.43897918
7.7876983,-0.34738672,0.49103403,0.45169938
7.76832,-0.35199958,0.54995346,0.45193714
7.789701,-0.35330623,0.58327544,0.44569606
7.8418818,-0.37195015,0.50202537,0.46763808
7.8062296,-0.3548041,0.47851825,0.46758723
7.8192587,-0.37999046,0.6199516,0.48995906
7.8972893,-0.4101411,0.48195505,0.51793045
7.882742,-0.40447056,0.5210252,0.51055396
7.902629,-0.42191982,0.50259376,0.5240283
7.91745,-0.40276498,0.3684373,0.50846654
7.9557457,-0.41227472,0.3639691,0.5291589
7.9163146,-0.41515988,0.4415394,0.5314793
7.830928,-0.42928827,0.69696283,0.5289008
7.7494335,-0.40202326,0.7567729,0.49009567
7.767146,-0.40461797,0.7292912,0.49297303
7.791917,-0.3707791,0.53689754,0.44958466
7.8355603,-0.34327823,0.37393296,0.45899355
7.710639,-0.32075292,0.6149404,0.43187135
7.7318573,-0.3481773,0.68413687,0.4386809
7.728052,-0.36378008,0.69922876,0.46559924
7.7572985,-0.34705895,0.59021425,0.43482703
7.774953,-0.35179007,0.5856919,0.42702395
7.7583075,-0.34869295,0.6173109,0.45292944
7.65532,-0.33000076,0.69974136,0.4424236
7.677829,-0.34505486,0.6953474,0.44037703
7.6746264,-0.3406546,0.732383,0.42849344
7.687765,-0.28993398,0.59938073,0.40468496
7.6746154,-0.30537128,0.6525047,0.39720452
7.7108345,-0.30115336,0.55067825,0.40660828
7.6764555,-0.30267262,0.6487607,0.3948418
7.631323,-0.3045653,0.71136045,0.40125543
7.5527563,-0.31966227,0.9114721,0.42378098
7.583202,-0.30900615,0.82653534,0.41053802
7.5956583,-0.29796565,0.8061156,0.38308513
7.569863,-0.27394515,0.769464,0.38021794
7.5861335,-0.24483329,0.5975001,0.378429
7.656332,-0.23527044,0.49990988,0.34539118
7.6111298,-0.23087132,0.5817132,0.35410404
7.622828,-0.26723766,0.6396891,0.37744966
7.6998167,-0.2737046,0.51762605,0.3971477
7.7627745,-0.2743008,0.4109336,0.39085674
7.7805033,-0.29526824,0.45945573,0.38606644
7.653078,-0.28484058,0.65914154,0.39219862
7.672839,-0.28279388,0.588748,0.39461428
7.6704693,-0.2608713,0.55146956,0.37178063
7.6655865,-0.26834476,0.5544703,0.38099897
7.7019215,-0.28624642,0.53862715,0.40062025
7.7481318,-0.3272937,0.5801501,0.45057243
7.7768497,-0.3441764,0.56394696,0.44292444
7.849958,-0.3459987,0.35002458,0.44476277
7.7947865,-0.33629006,0.52205944,0.4236105
7.941501,-0.3274554,0.31738484,0.41752616
7.7995644,-0.31069177,0.48373175,0.40181318
7.7898703,-0.3007604,0.36138296,0.41040373
7.749999,-0.31871635,0.6330501,0.40599173
7.7372813,-0.33634484,0.54319906,0.45850354
7.76252,-0.32739812,0.5745044,0.43504792
7.7564287,-0.3382147,0.486174,0.4382497
7.7166724,-0.33815265,0.5840306,0.45779878
7.6989346,-0.31382912,0.6251323,0.41397697
7.7192173,-0.30465102,0.5680219,0.40519288
7.7389297,-0.27911067,0.4323902,0.388099
7.72097,-0.27324247,0.4470352,0.39513314
7.765436,-0.27560163,0.34829533,0.38910878
7.7536497,-0.295102,0.44623864,0.41384402
7.733201,-0.30084616,0.47278047,0.4205389
7.71724,-0.30139184,0.5378367,0.41322756
7.7368994,-0.31661987,0.5727426,0.4323429
7.7494392,-0.3179146,0.54730535,0.4221108
7.7189636,-0.3314247,0.63582826,0.43763405
7.837825,-0.3621937,0.5068877,0.4641449
7.88295,-0.39245003,0.36285496,0.5011175
7.899549,-0.40424198,0.5990889,0.49022728
7.821001,-0.43132788,0.66796637,0.5335839
7.90886,-0.41127855,0.53325677,0.5026136
7.864369,-0.4028557,0.58359146,0.5058313
7.844221,-0.3958612,0.44461143,0.5407904
7.8713126,-0.3996107,0.45291805,0.5023631
7.898528,-0.39658737,0.49527168,0.50055176
7.8538322,-0.41427785,0.5050769,0.5392417
7.861131,-0.40863836,0.49800467,0.5281537
7.80138,-0.3867752,0.54405224,0.5010608
7.8721256,-0.39126247,0.535746,0.49357545
7.8061333,-0.38831377,0.65188456,0.4826597
7.8056784,-0.36694872,0.56035423,0.4601773
7.7896605,-0.35271114,0.57874143,0.44605523
7.7253065,-0.33459473,0.60299003,0.43453074
7.7437296,-0.32148075,0.6429415,0.41912764
7.7330313,-0.33239478,0.6395017,0.42236388
7.7361484,-0.3364867,0.6352191,0.42543495
7.6799526,-0.32423085,0.6407641,0.43979615
7.7456346,-0.34165567,0.66349566,0.42116255
7.753878,-0.35459465,0.6670598,0.44819635
7.639219,-0.3640551,0.826838,0.4748705
7.7792807,-0.37907064,0.7248094,0.45342654
7.780451,-0.3623225,0.60420465,0.4726137
7.7635927,-0.36225635,0.6047802,0.47949785
7.7256985,-0.34740973,0.61704624,0.44916457
7.8186393,-0.38726395,0.60034716,0.5010993
7.894291,-0.42277294,0.5472795,0.5292972
7.896432,-0.44221586,0.566283,0.5667903
7.9002237,-0.4148352,0.49562788,0.51581377
7.930032,-0.4368528,0.4841087,0.55643016
7.9647512,-0.4232636,0.33496916,0.5451852
7.9550247,-0.436741,0.41356802,0.53517777
7.9888926,-0.40810287,0.21433175,0.53420454
7.9688587,-0.40669566,0.35426998,0.50263846
7.9908085,-0.42004877,0.2939906,0.5514316
7.9469995,-0.45379978,0.5103601,0.54579794
7.861431,-0.39571142,0.47805798,0.48021972
7.8705425,-0.37024212,0.47135985,0.48920345
7.8756394,-0.35382193,0.39974153,0.44947028
7.8342075,-0.33382577,0.4033656,0.44575185
7.8416405,-0.33621246,0.48510003,0.45581543
7.846184,-0.3538009,0.45837092,0.46096373
7.816787,-0.35402864,0.5186471,0.45913875
7.859986,-0.36138403,0.44647634,0.45585543
7.809889,-0.36276656,0.5054405,0.4771121
7.834233,-0.35615373,0.44568253,0.4785434
7.8677764,-0.35343188,0.41651773,0.4391939
7.886282,-0.3211075,0.33915186,0.43209267
7.801068,-0.32175183,0.47430933,0.41986483
7.795661,-0.3288306,0.3639053,0.43018723
7.708008,-0.30328065,0.5996673,0.4228114
7.7111263,-0.2804984,0.4592098,0.38541925
7.6841393,-0.29929906,0.559062,0.41654116
7.6655326,-0.30295473,0.6794131,0.41138887
7.716097,-0.29893565,0.6154648,0.39506847
7.7137656,-0.29174143,0.6270313,0.38842165
7.688037,-0.30968076,0.6496483,0.4064507
7.688322,-0.3000229,0.5903983,0.39965594
7.6746664,-0.33008605,0.7581389,0.43019187
7.7030277,-0.3184119,0.66428244,0.4189101
7.727989,-0.33428687,0.6423738,0.42636007
7.678569,-0.34862953,0.66203165,0.47258323
7.7080855,-0.3495394,0.61177826,0.45427084
7.7310257,-0.33236498,0.6174643,0.42046565
7.7044454,-0.32233667,0.64285266,0.43723005
7.71637,-0.3507439,0.7051544,0.44318688
7.753349,-0.35099602,0.6288357,0.4416051
7.7713804,-0.35477388,0.64023614,0.4528913
7.8062973,-0.36612684,0.58922887,0.4463349
7.8003917,-0.34172064,0.53552425,0.4348283
7.8183813,-0.3301137,0.41618025,0.42060128
7.6289454,-0.28547102,0.73527086,0.37911198
7.581836,-0.26870573,0.7234863,0.3767587
7.5372133,-0.23978347,0.6985779,0.34285825
7.5598497,-0.23865455,0.69701254,0.35241944
7.5124044,-0.230829,0.7632637,0.3385848
7.556068,-0.25113308,0.7686808,0.37307677
7.668023,-0.26565117,0.5524335,0.38463438
7.6976566,-0.27600205,0.52600265,0.39760327
7.7294044,-0.29766458,0.5372486,0.3950321
7.775784,-0.3050416,0.47227693,0.41855997
7.7166257,-0.32189882,0.66849995,0.42490953
7.757634,-0.33371747,0.5367887,0.42374206
7.769246,-0.3331185,0.5154748,0.43555132
7.7663026,-0.3027082,0.44383967,0.41243732
7.739735,-0.30350387,0.5042479,0.40925437
7.7694163,-0.29770482,0.4909129,0.39634773
7.7066927,-0.28570026,0.5056573,0.39166445
7.714654,-0.310216,0.61692,0.40301728
7.704505,-0.30528384,0.64014757,0.42150524
7.706197,-0.3238992,0.55940557,0.42853713
7.7769723,-0.28316337,0.41994226,0.39029366
7.773191,-0.2798789,0.3607037,0.4038879
7.812616,-0.2858001,0.38036275,0.38751227
7.7439485,-0.27650434,0.37270784,0.41131848
7.755875,-0.2891038,0.4241259,0.41182572
7.811105,-0.2936017,0.43727016,0.39813268
7.7984037,-0.2924953,0.38596368,0.41358054
7.832372,-0.30984557,0.31660783,0.42269075
7.8428974,-0.30318117,0.39378858,0.40074545
7.76803,-0.28988063,0.4578482,0.38774073
7.779034,-0.28173518,0.3726313,0.39488727
7.795911,-0.27984995,0.33881128,0.41660058
7.730543,-0.27703696,0.4827261,0.39027953
7.6907716,-0.25301653,0.49682093,0.37837517
7.5718355,-0.24024147,0.6908388,0.3523931
7.6018205,-0.21215343,0.6280823,0.33550572
7.605716,-0.23158443,0.56105804,0.33937305
7.589893,-0.22293669,0.62977195,0.35540485
7.6478806,-0.24088597,0.58801544,0.33868593
7.615583,-0.23639393,0.56795,0.35613492
7.654937,-0.2523964,0.6040801,0.36879945
7.6707907,-0.24527824,0.551558,0.3470468
7.5566707,-0.21945065,0.58642364,0.35638058
7.497828,-0.23493642,0.7601669,0.35537857
7.363587,-0.21077496,0.91369855,0.3431288
7.3597784,-0.21528721,0.936059,0.32509416
7.4379697,-0.2195673,0.80745506,0.34513336
7.4429407,-0.20093954,0.8012904,0.317801
7.505552,-0.18150502,0.6549554,0.31813335
7.4978514,-0.23313022,0.7732656,0.34677583
7.448882,-0.22711384,0.81297946,0.3441617
7.449684,-0.21245271,0.8457507,0.3113039
7.4157476,-0.2115869,0.8147851,0.33792883
7.4725504,-0.20977122,0.7882192,0.32497713
7.5111866,-0.21300888,0.7448113,0.32343048
7.554514,-0.22533059,0.75485086,0.3416443
7.5757513,-0.22745663,0.67535686,0.33873785
7.565839,-0.2243228,0.6861992,0.337734
7.5961375,-0.22881359,0.67383933,0.34158468
7.546075,-0.22208905,0.6287385,0.3480246
7.585883,-0.23028529,0.5679704,0.34303603
7.5737305,-0.22510618,0.67316103,0.3345353
7.527264,-0.23844892,0.71557903,0.36351317
7.447666,-0.22327125,0.7980571,0.34615177
7.3926067,-0.19852573,0.88189936,0.3083226
7.464204,-0.21386105,0.78805745,0.34384233
7.462615,-0.19801593,0.7248653,0.3189759
7.387244,-0.17281574,0.8096945,0.3084297
7.44405,-0.1811518,0.6965306,0.32290676
7.4651814,-0.2007724,0.7795346,0.33627406
7.452907,-0.17747378,0.74451196,0.29648533
7.4203343,-0.18511134,0.7841654,0.31990796
7.5045834,-0.1916399,0.6848767,0.3080962
7.454741,-0.16323721,0.7087405,0.30273888
7.429161,-0.16998303,0.76714253,0.29938605
7.4251685,-0.1498869,0.6904694,0.28909653
7.4495487,-0.15216672,0.7129736,0.28015006
7.391038,-0.16882813,0.85242367,0.28085858
7.3817663,-0.18072486,0.8476118,0.31203666
7.463835,-0.19745588,0.7924863,0.3046101
7.508361,-0.17648238,0.6836903,0.2995274
7.531234,-0.20729178,0.69590235,0.3240902
7.5608597,-0.20871633,0.71411073,0.32297167
7.529175,-0.21864301,0.6878272,0.32890797
7.618984,-0.22221214,0.59806514,0.34394267
7.5882287,-0.23646492,0.6905438,0.33316094
7.502577,-0.2222358,0.75870824,0.34284222
7.5412693,-0.22113192,0.7443682,0.32148752
7.57057,-0.21188825,0.6390102,0.33438468
7.6333733,-0.2114582,0.53722477,0.32721272
7.6318007,-0.25036848,0.6380787,0.34932852
7.664948,-0.2711267,0.5734761,0.3823644
7.6636467,-0.25375485,0.5169798,0.38110176
7.6225557,-0.27930272,0.58484626,0.39756128
7.6199994,-0.2546203,0.5769849,0.37922442
7.6835384,-0.2820378,0.5804223,0.3637712
7.681034,-0.28824776,0.5507021,0.4009549
7.7043777,-0.29979205,0.5708771,0.4019649
7.695636,-0.29265058,0.6026149,0.41172138
7.6961308,-0.27731353,0.5346366,0.37513506
7.6538095,-0.25796753,0.5788226,0.37148923
7.7080383,-0.2712381,0.46712494,0.3683505
7.7845273,-0.24450845,0.36366546,0.36673772
7.7615156,-0.26985157,0.41819477,0.37513375
7.7961082,-0.29229665,0.37428975,0.39584982
7.8529463,-0.3066566,0.3345487,0.4174416
7.8225327,-0.3023258,0.4023242,0.42552304
7.9136906,-0.31788033,0.2299639,0.43912357
7.8606625,-0.32023168,0.2939465,0.4369135
7.759844,-0.32691795,0.50059116,0.41856578
7.70057,-0.33815968,0.68177617,0.45466655
7.7686586,-0.34376323,0.6029279,0.45673966
7.6631403,-0.344086,0.7436372,0.42797425
7.651548,-0.3357005,0.75404453,0.43135524
7.6206417,-0.31099313,0.68022585,0.42760628
7.6111555,-0.3581605,0.8463862,0.45961612
7.6976223,-0.32705647,0.61232305,0.4413979
7.6507826,-0.2878129,0.7023306,0.36773303
7.68174,-0.3181275,0.66456556,0.42367142
7.7908363,-0.3318581,0.509213,0.42370933
7.817297,-0.3390563,0.41012943,0.45251858
7.8261533,-0.34895474,0.44781542,0.454917
7.8390856,-0.36614865,0.5458443,0.46057218
7.7938485,-0.3342896,0.4496969,0.44050577
7.8650784,-0.3373009,0.41294932,0.4227022
7.806974,-0.33959603,0.44783843,0.45994246
7.801833,-0.3658337,0.55551696,0.4759934
7.823016,-0.37983364,0.5648012,0.49144757
7.8319616,-0.36049235,0.4835708,0.45279294
7.844888,-0.35411865,0.4330151,0.45563436
7.9366074,-0.36575568,0.32107854,0.46345764
7.8947244,-0.37822205,0.33739603,0.4951411
7.9399605,-0.37471527,0.3354106,0.48622125
7.8757854,-0.37734282,0.41625965,0.47256756
7.914963,-0.38408452,0.3698051,0.4941367
7.8912277,-0.37123656,0.35057783,0.49195337
7.875888,-0.3837304,0.42701554,0.49028444
7.9072437,-0.39394814,0.49890685,0.48816484
7.923491,-0.40749812,0.43114853,0.50608724
7.8195133,-0.3541919,0.40432894,0.46212733
7.724192,-0.35184973,0.68168104,0.4450693
7.700641,-0.32641906,0.62696695,0.4063965
7.662804,-0.3122837,0.6583172,0.41798747
7.679791,-0.3041125,0.59703374,0.42372918
7.661746,-0.34149343,0.73670244,0.44511807
7.765185,-0.3740459,0.6401725,0.4741168
7.762553,-0.3588856,0.6923456,0.4533981
7.7346,-0.3727064,0.69030213,0.48030347
7.7571445,-0.3887375,0.70583594,0.4896667
7.7622957,-0.36550635,0.63579524,0.45892352
7.7151847,-0.37816405,0.69524086,0.48614854
7.7015524,-0.3674615,0.77539015,0.4842927
7.6558385,-0.36215323,0.7980435,0.45496833
7.544957,-0.35575157,1.0094109,0.45934474
7.607749,-0.32443088,0.8392103,0.45202726
7.645756,-0.35426962,0.77833724,0.47417837
7.7179155,-0.35578227,0.67895055,0.445954
7.7527514,-0.35535806,0.62505126,0.45579952
7.843989,-0.3980142,0.5554428,0.51718765
7.8603373,-0.40474027,0.5783359,0.51179856
7.8894873,-0.39209098,0.48484325,0.49635005
7.8171496,-0.38771975,0.6006386,0.48273438
7.8673162,-0.371242,0.40523183,0.4845844
7.799786,-0.34364015,0.37951708,0.4659782
7.837144,-0.35725433,0.48445296,0.46332508
7.8164544,-0.38284236,0.55453086,0.4872703
7.862671,-0.3856718,0.44891083,0.480506
7.8966293,-0.39089996,0.42596364,0.49633104
7.849324,-0.38978374,0.5231168,0.4949637
7.8702893,-0.35732013,0.49650025,0.4485882
7.691742,-0.35218817,0.75092983,0.45192814
7.6673784,-0.34205222,0.72060347,0.43215322
7.697425,-0.3647238,0.7890074,0.46608686
7.6524563,-0.35587722,0.77593446,0.45465022
7.8045115,-0.33272105,0.5534587,0.41968971
7.7879543,-0.33813018,0.52106106,0.4369871
7.7525153,-0.31906676,0.5038116,0.4380354
7.7918935,-0.3579086,0.6618985,0.45036054
7.800443,-0.3899336,0.6160946,0.46727663
7.7881374,-0.36570764,0.54367375,0.46371758
7.793513,-0.35232913,0.48470545,0.4868868
7.7475553,-0.3059929,0.513674,0.40837485
7.7436113,-0.31764364,0.5354091,0.42858493
7.8609886,-0.34447843,0.4168346,0.45528126
7.8190165,-0.34268165,0.48689473,0.44759238
7.845438,-0.3670925,0.4812944,0.45597166
7.820934,-0.395814,0.55320215,0.50511354
7.8664193,-0.3839141,0.43828738,0.49151868
7.8955317,-0.4036774,0.5490532,0.48975706
7.856945,-0.39377517,0.5702646,0.5317516
7.7436137,-0.35497236,0.60129213,0.46562916
7.7735386,-0.34489727,0.5457742,0.44786757
7.7771854,-0.3179384,0.48760557,0.42314875
7.7165346,-0.28803802,0.48962104,0.4082327
7.724114,-0.3116982,0.5915209,0.41683888
7.623274,-0.30410862,0.69793844,0.3997041
7.706753,-0.2748533,0.5593593,0.3730517
7.6953154,-0.28623444,0.5298362,0.40556616
7.6811857,-0.29222906,0.57974243,0.38433707
7.6124477,-0.28372836,0.7107413,0.38819498
7.6193767,-0.29123253,0.73058593,0.38911694
7.6058598,-0.2699175,0.7529187,0.37920833
7.5246906,-0.3294217,0.9046092,0.413741
7.5236044,-0.2796259,0.89603186,0.398192
7.522485,-0.2770062,0.826471,0.39278013
7.51006,-0.31264305,0.9663482,0.39908051
7.589288,-0.26883894,0.7508427,0.37397665
7.5642447,-0.2595126,0.7217783,0.38823137
7.662733,-0.2637235,0.6285846,0.35914218
7.7379436,-0.26529795,0.5311682,0.36655873
7.735614,-0.28094363,0.4430623,0.39438692
7.720646,-0.28177774,0.5019001,0.3874235
7.6964517,-0.2783826,0.52463627,0.400038
7.7009506,-0.2940086,0.60940444,0.38567472
7.7169704,-0.28744757,0.56220293,0.40091497
7.7875834,-0.3146894,0.50770426,0.42256486
7.7175474,-0.31638283,0.5465107,0.429819
7.6999564,-0.29702485,0.6750984,0.3782735
7.6308737,-0.28777426,0.68919134,0.3960979
7.5809746,-0.24896592,0.7364876,0.34979415
7.565569,-0.26398933,0.73758686,0.37505817
7.508807,-0.25911766,0.75403774,0.37211823
7.513773,-0.2533512,0.85774994,0.3574083
7.5445232,-0.23280132,0.7395488,0.33456933
7.587458,-0.2589513,0.70849943,0.36842006
7.5796185,-0.25869536,0.70270705,0.35898626
7.61176,-0.25082147,0.6269691,0.37651837
7.644205,-0.26159143,0.63677156,0.36306584
7.5023174,-0.22617161,0.6971023,0.3539018
7.619489,-0.2653888,0.6311338,0.3655483
7.554433,-0.23988271,0.69733715,0.34591296
7.589836,-0.21595955,0.58283234,0.3440283
7.64174,-0.2910205,0.60877085,0.38521278
7.676624,-0.24826819,0.48382497,0.35756218
7.598255,-0.25028706,0.5351505,0.3841816
7.6825814,-0.28310192,0.5519494,0.3900401
7.7170973,-0.30047822,0.50158644,0.3907428
7.782851,-0.30709654,0.4560573,0.410082
7.8063755,-0.3004917,0.36795974,0.41124743
7.728713,-0.34031963,0.60621285,0.45552874
7.773616,-0.3615933,0.6570847,0.44786286
7.719575,-0.36110675,0.647733,0.44928914
7.745269,-0.3511989,0.55835176,0.45908082
7.7739415,-0.36013514,0.6201998,0.4465556
7.8117495,-0.41284668,0.6025624,0.52207273
7.876178,-0.4134664,0.5397332,0.5400662
7.891193,-0.44096488,0.5452318,0.5399241
7.943729,-0.45725912,0.51299334,0.54682636
7.946977,-0.42567742,0.44970727,0.52729636
7.968323,-0.41959828,0.3898573,0.5112639
7.7677145,-0.3334092,0.44818163,0.4483977
7.7967925,-0.32818055,0.45629537,0.449665
7.7643003,-0.32456964,0.55833125,0.42337197
7.857315,-0.34806114,0.43950891,0.46455866
7.8372827,-0.3554057,0.39224553,0.4618171
7.80094,-0.36194748,0.5955906,0.46347862
7.8273764,-0.35305488,0.53847384,0.43920594
7.7879896,-0.33821225,0.50408435,0.43719053
7.7420945,-0.31066638,0.46860528,0.42140654
7.7049975,-0.31500387,0.64634275,0.39891583
7.7211204,-0.2998922,0.58045816,0.4139095
7.639792,-0.27680355,0.6077318,0.3766328
7.6270137,-0.28528512,0.7289536,0.37337446
7.6615286,-0.27570266,0.5944836,0.39171165
7.728952,-0.28878206,0.5007026,0.40161705
7.776958,-0.28746408,0.40542865,0.41514456
7.699419,-0.3034886,0.5851716,0.419883
7.7478914,-0.31736755,0.5860443,0.41564566
7.6506023,-0.34622234,0.7278286,0.459679
7.6903334,-0.32246757,0.6692985,0.4167886
7.748266,-0.35043895,0.5937511,0.4406544
7.787022,-0.35546476,0.63258934,0.4537385
7.7622995,-0.35921007,0.57772136,0.46193296
7.771901,-0.32284665,0.5401255,0.4534695
7.7789154,-0.35299373,0.5395713,0.45654178
7.7782826,-0.3334083,0.59470654,0.42526737
7.7972136,-0.3412693,0.518033,0.46712917
7.8833,-0.36639065,0.4443276,0.46294737
7.8522205,-0.39032054,0.50195193,0.50263745
7.949674,-0.4068073,0.3416239,0.52236295
7.970405,-0.4287235,0.43383193,0.5231543
7.890701,-0.45193774,0.6853106,0.56658804
7.8657856,-0.47129178,0.7437259,0.5698591
7.8816338,-0.4574436,0.5695169,0.56859547
7.969823,-0.4634542,0.42654705,0.5897826
7.970415,-0.4852252,0.52483225,0.613288
7.9217253,-0.46599168,0.59182,0.5735866
7.967415,-0.47702062,0.58365774,0.6119365
7.9981413,-0.46830052,0.504931,0.58255297
7.993885,-0.45318276,0.29392326,0.58112055
7.9726386,-0.4405961,0.49390364,0.55851597
7.9708986,-0.42741245,0.38443136,0.53646475
7.941739,-0.42952526,0.41093552,0.55948746
7.983427,-0.46258003,0.44572282,0.5998575
7.9964523,-0.47620702,0.5496719,0.57858217
7.993443,-0.45483124,0.41399527,0.5503037
7.959139,-0.441122,0.5733013,0.53691375
7.939805,-0.44241977,0.5759404,0.5729875
7.985216,-0.46112275,0.5237901,0.56312436
7.9778233,-0.43311244,0.42505002,0.5331374
7.9909916,-0.47374314,0.41685832,0.5754229
7.947188,-0.4346066,0.4524578,0.55318236
7.9853773,-0.4207827,0.3099692,0.5186315
7.990452,-0.4460169,0.38392627,0.5707152
7.989222,-0.44052756,0.3094356,0.563649
7.9622164,-0.42793447,0.35270655,0.5627241
7.962776,-0.45204234,0.48027277,0.5502929
7.9679193,-0.44777286,0.51052463,0.56941
7.9988737,-0.47934884,0.4488505,0.60953295
7.9877005,-0.47638792,0.5119158,0.5888843
7.9601784,-0.4741974,0.5577309,0.5944627
7.9200983,-0.45720714,0.5993465,0.58535695
7.911908,-0.471716,0.58160305,0.5724185
7.8773203,-0.46307695,0.6660963,0.5966562
7.921012,-0.45093662,0.5115371,0.5613163
7.9744396,-0.44493914,0.45637035,0.5651717
7.9688644,-0.44468403,0.47656846,0.55652976
7.99432,-0.42336643,0.23747516,0.54078865
7.940299,-0.40793067,0.37430286,0.5089385
7.925609,-0.38874793,0.35845184,0.50275826
7.9619417,-0.40527683,0.35545874,0.5205503
7.8864512,-0.39209485,0.43058515,0.49166328
7.7838306,-0.3809513,0.675158,0.46085525
7.736065,-0.36650681,0.7224307,0.4645707
7.728385,-0.34437782,0.6737206,0.4468261
7.719446,-0.3173368,0.60573506,0.4268767
7.739891,-0.33957446,0.61794996,0.4266916
7.719528,-0.30569088,0.5295012,0.4290202
7.772415,-0.29499364,0.5002065,0.398736
7.7470903,-0.31480664,0.5511215,0.43041697
7.771561,-0.31646872,0.4891101,0.42424273
7.736393,-0.3233292,0.61480963,0.39359188
7.71883,-0.30921775,0.55944455,0.41103247
7.638697,-0.26877683,0.62288845,0.37481934
7.5642858,-0.2655306,0.72708774,0.35359478
7.6466804,-0.26753843,0.63838935,0.37447688
7.6305904,-0.265935,0.68899345,0.36242962
7.513899,-0.23813808,0.73788595,0.34499365
7.4867983,-0.22311306,0.7598771,0.3364592
7.535177,-0.23637873,0.7129247,0.3530535
7.4534183,-0.18901962,0.7530103,0.33128414
7.576396,-0.215482,0.6340679,0.31999788
7.500094,-0.22430027,0.7900436,0.33715057
7.480966,-0.2445333,0.8281939,0.36818773
7.456129,-0.2679863,0.8335984,0.39160317
7.50235,-0.26224917,0.843549,0.37018615
7.5471783,-0.23278236,0.77705574,0.33730412
7.524806,-0.21238142,0.7077837,0.3289668
7.5113397,-0.2191965,0.6907885,0.34380427
7.504055,-0.19392753,0.69729614,0.3263276
7.459779,-0.18863934,0.7835803,0.30853492
7.473557,-0.19641149,0.73005223,0.31890306
7.472705,-0.2058649,0.7882602,0.32105285
7.452589,-0.22862339,0.83313537,0.33964384
7.4240365,-0.22245151,0.8478203,0.33298808
7.370472,-0.19616139,0.83575153,0.32047507
7.3347306,-0.1546182,0.88826656,0.2790227
7.296489,-0.14305001,0.8524132,0.28486946
7.3375235,-0.13241005,0.8261483,0.26525468
7.3147006,-0.12639248,0.8633671,0.26114362
7.253216,-0.13359094,0.9641144,0.27518398
7.2319064,-0.11160296,0.9157485,0.25647286
7.256174,-0.13913286,0.90678024,0.26799136
7.295467,-0.1372667,0.91954803,0.26443955
7.356265,-0.14908075,0.84772134,0.27979547
7.3783903,-0.16836011,0.9222467,0.285006
7.4007807,-0.17983073,0.8175955,0.29530102
7.445174,-0.16644412,0.7663634,0.2749666
7.330026,-0.12813896,0.759068,0.28191218
7.4271317,-0.15099043,0.7578242,0.2730475
7.291502,-0.15645921,0.869694,0.30812234
7.4265184,-0.16260451,0.7832775,0.29040062
7.5372944,-0.1559214,0.5560329,0.2838056
7.6210327,-0.19172394,0.5207472,0.31599218
7.569013,-0.1640122,0.5693443,0.2933435
7.539251,-0.17516065,0.65027094,0.30042684
7.502941,-0.14871663,0.6712272,0.2791652
7.444435,-0.12760812,0.68725276,0.26813123
7.403148,-0.13653094,0.73838854,0.27854562
7.366281,-0.14410383,0.7449341,0.286237
7.380615,-0.15921628,0.7912762,0.2841202
7.3628807,-0.1327036,0.7954416,0.2794551
7.348735,-0.1239506,0.7961527,0.2698636
7.3197823,-0.13632113,0.8688736,0.28317553
7.2817087,-0.13292533,0.8752289,0.27366805
7.3738456,-0.14343339,0.7883613,0.2721624
7.2953887,-0.1161055,0.86042047,0.26697695
7.3164625,-0.13619524,0.86853516,0.27203086
7.3755074,-0.11951488,0.77855456,0.26537046
7.3258963,-0.13587284,0.86693144,0.2594313
7.3078933,-0.13071817,0.8178799,0.267649
7.3219643,-0.10364258,0.8314614,0.2388842
7.279761,-0.10520929,0.8501749,0.23876551
7.2807713,-0.07378143,0.82774925,0.21767053
7.183667,-0.03371364,0.85867786,0.20922877
7.130731,-0.024040282,0.88969326,0.2105011
7.1661263,-0.036071956,0.91886663,0.21488696
7.1531744,-0.04549998,0.9508798,0.21152572
7.1037827,-0.03829795,0.953454,0.20774329
7.088081,-0.06734997,1.0879066,0.2180975
7.1313486,-0.071801305,0.9998288,0.23910302
7.293713,-0.11564374,0.88304424,0.26237068
7.2984686,-0.13699484,0.8803376,0.2793316
7.350358,-0.13970447,0.82294774,0.2826818
7.3689823,-0.14313906,0.8331349,0.2774833
7.4431963,-0.16924965,0.78669345,0.29608396
7.3934565,-0.15143692,0.8107896,0.277299
7.427213,-0.16305214,0.70117927,0.29241663
7.395139,-0.15511525,0.72767496,0.30062023
7.4154596,-0.17323047,0.82921255,0.29874244
7.383314,-0.1681925,0.7809596,0.2959705
7.4005275,-0.13662642,0.76048005,0.2702344
7.3587894,-0.12970603,0.77926207,0.2547109
7.373178,-0.10807097,0.73081326,0.25058284
7.397051,-0.11362517,0.6982229,0.26016766
7.390415,-0.1606102,0.78406,0.28869164
7.4367256,-0.1626395,0.739985,0.29366016
7.398668,-0.17137241,0.7641473,0.29970476
7.3520017,-0.17499238,0.89209247,0.29587984
7.328106,-0.1966725,0.9300239,0.3133387
7.3434353,-0.21101981,0.9121289,0.32689607
7.414847,-0.21665835,0.95081925,0.30877492
7.422207,-0.21301228,0.880636,0.3171264
7.422965,-0.19222325,0.7999706,0.30272532
7.487181,-0.18591917,0.7212224,0.32525462
7.488938,-0.1759522,0.68864846,0.29989904
7.450155,-0.15247941,0.6720922,0.29868764
7.409829,-0.17547351,0.842798,0.29782698
7.3960757,-0.17539752,0.8355615,0.3050707
7.3915834,-0.1363582,0.7993994,0.25989318
7.389305,-0.1379075,0.775512,0.2643004
7.364693,-0.11589259,0.6884146,0.27308506
7.3735466,-0.098263085,0.72118974,0.24135303
7.3254833,-0.10238916,0.7769382,0.25254783
7.335999,-0.10959011,0.709491,0.2695504
7.421362,-0.11957973,0.711751,0.2553809
7.2583213,-0.06844163,0.83597827,0.23177321
7.1973557,-0.05541593,0.873356,0.2198891
7.233184,-0.07656306,0.87676024,0.23440991
7.1758423,-0.09360778,0.93429005,0.23535398
7.1819296,-0.0902977,0.90911555,0.25322562
7.2585673,-0.0877893,0.9005203,0.24016592
7.2207084,-0.08028048,0.85274804,0.24058954
7.23333,-0.10796714,0.89566493,0.26690254
7.259195,-0.08445686,0.8702538,0.24948817
7.266998,-0.08097625,0.8671386,0.22530504
7.2943573,-0.091403544,0.74389577,0.2534279
7.567086,-0.10883564,0.4572215,0.2545778
7.5867343,-0.12946647,0.48802185,0.25809357
7.5028744,-0.12399447,0.6618556,0.26690292
7.508718,-0.1836369,0.70041275,0.3136451
7.5245943,-0.20823592,0.7635007,0.30290338
7.494223,-0.23454672,0.8051727,0.35806036
7.5116434,-0.23232853,0.7744386,0.34955865
7.482503,-0.24025315,0.7925278,0.34964
7.5163355,-0.25090146,0.8416709,0.348866
7.526297,-0.25720072,0.83992314,0.3719862
7.554881,-0.24545372,0.7372043,0.35775968
7.5307603,-0.2319488,0.7191608,0.33510226
7.57399,-0.23206282,0.6846515,0.3345222
7.5409927,-0.24342996,0.70081234,0.3691023
7.5525484,-0.23187828,0.68902874,0.33780465
7.6410513,-0.24613261,0.6064899,0.34887135
7.5816193,-0.23269165,0.62870145,0.35100907
7.589307,-0.24891788,0.65337324,0.3531138
7.6090164,-0.2542081,0.6151823,0.3647508
7.6276827,-0.25929147,0.61822855,0.36150897
7.6018906,-0.24772125,0.5995395,0.37239462
7.600784,-0.2362727,0.6309165,0.36585313
7.6497297,-0.2598402,0.56249225,0.38796937
7.614897,-0.24432796,0.5487622,0.34849757
7.6310477,-0.23278844,0.5706682,0.35550553
7.647858,-0.23037547,0.52419305,0.3507486
7.67319,-0.24820274,0.5517969,0.34877974
7.64337,-0.26852846,0.5898036,0.36665106
7.668478,-0.29879308,0.66732657,0.41045332
7.6555176,-0.31454676,0.7291132,0.41142768
7.7252817,-0.34086937,0.61057544,0.4584362
7.7287073,-0.38001007,0.7297362,0.47200423
7.861368,-0.40426826,0.5815209,0.51068956
7.880085,-0.4330336,0.60197973,0.5310536
7.921359,-0.43641442,0.5176122,0.548053
7.92772,-0.40587187,0.42601895,0.51491314
7.8876667,-0.40398973,0.517226,0.5287984
7.964843,-0.40945876,0.32704854,0.507024
7.896288,-0.40871698,0.46382976,0.51873416
7.8747654,-0.4101783,0.43709493,0.52912647
7.874238,-0.42873633,0.5767652,0.53204155
7.8671455,-0.41510957,0.57448864,0.50440836
7.786175,-0.36658686,0.5397525,0.47004902
7.7536354,-0.32436085,0.6152158,0.4234354
7.718875,-0.30255467,0.5421853,0.39427805
7.7253857,-0.3144707,0.54652834,0.40621293
7.6431484,-0.3007713,0.68863153,0.41416612
7.5506916,-0.2889204,0.8121114,0.38583612
7.566283,-0.28613454,0.79684365,0.39306593
7.576436,-0.28243917,0.76052225,0.39925152
7.61162,-0.3009478,0.68654275,0.39596987
7.6217794,-0.2777186,0.66828275,0.3941347
7.522628,-0.26905066,0.76464,0.39198655
7.6335354,-0.27520394,0.70685077,0.38376892
7.5846744,-0.2566409,0.6455262,0.36714697
7.606058,-0.27498347,0.7316284,0.37600493
7.6125164,-0.32165313,0.7653588,0.41118443
7.7165008,-0.33721328,0.6629621,0.43002823
7.738875,-0.32294345,0.44388568,0.4448345
7.816956,-0.34959155,0.5297084,0.46118957
7.761596,-0.35979354,0.6329664,0.47266173
7.7288456,-0.39505368,0.80332303,0.4971931
7.761559,-0.40270227,0.7321675,0.4798637
7.762128,-0.39481288,0.69966006,0.4804495
7.807162,-0.3831516,0.5730381,0.45311588
7.7713304,-0.31973815,0.49147403,0.42556667
7.725613,-0.30099845,0.49478042,0.41860616
7.7285995,-0.2834329,0.5888543,0.3854823
7.774373,-0.27099514,0.3599044,0.3849945
7.8012314,-0.29599953,0.34460235,0.40205872
7.7674828,-0.2902171,0.4766568,0.38598418
7.758361,-0.30406517,0.50384986,0.4004051
7.7671785,-0.29640478,0.52454937,0.38979232
7.7723985,-0.2867816,0.42812872,0.41114652
7.782317,-0.29440492,0.33137858,0.3989799
7.7338495,-0.28108555,0.53288746,0.3909363
7.7633767,-0.24467427,0.37024522,0.36852837
7.698963,-0.29995131,0.6575346,0.39022082
7.6956987,-0.2909674,0.62100947,0.4004705
7.6969914,-0.2967505,0.60000944,0.40988696
7.6446266,-0.28214908,0.6256628,0.38282534
7.6618977,-0.3027193,0.64982605,0.40683472
7.6217556,-0.30907393,0.65851355,0.42364138
7.619997,-0.31285757,0.73114157,0.4196623
7.644816,-0.29212606,0.65478134,0.39443365
7.702301,-0.34518373,0.6758244,0.44173926
7.7682157,-0.3476165,0.56125164,0.4350288
7.8163548,-0.34113836,0.5339714,0.45699775
7.8219404,-0.3668105,0.5445049,0.4515407
7.8215327,-0.3440712,0.44009686,0.4473129
7.817948,-0.40582454,0.71191144,0.48151636
7.8422365,-0.39735806,0.60157776,0.51223165
7.8631854,-0.36317402,0.4491794,0.46553695
7.8047657,-0.34957862,0.54611135,0.42931926
7.8231697,-0.3622697,0.53103685,0.43333215
7.87895,-0.3503496,0.45823205,0.44180983
7.8200626,-0.35990608,0.5356966,0.4500203
7.7134733,-0.3699783,0.7654903,0.45273077
7.724252,-0.38209337,0.6614535,0.50129443
7.76112,-0.3661623,0.761523,0.47662377
7.754678,-0.34737313,0.5771048,0.46183908
7.7828245,-0.36749578,0.6705667,0.48479378
7.7296667,-0.38132977,0.7296003,0.48646206
7.7819943,-0.38559395,0.6259208,0.48464477
7.819422,-0.39534676,0.5416646,0.51001745
7.804569,-0.42034572,0.7575977,0.49775243
7.7771525,-0.4200276,0.7969481,0.5045254
7.791788,-0.38812375,0.6891476,0.47713423
7.7597785,-0.39328063,0.6954627,0.5063479
7.9216,-0.3850277,0.43366158,0.48445898
7.8774385,-0.3782155,0.42189372,0.47906637
7.892335,-0.38198608,0.5390396,0.47408134
7.795683,-0.37192398,0.5401356,0.44846267
7.7608137,-0.39688122,0.72446394,0.49526876
7.7278385,-0.38843513,0.7232151,0.4835506
7.784513,-0.38809717,0.5911629,0.49556106
7.8165607,-0.38336015,0.5936488,0.48898685
7.7857594,-0.38018298,0.6439507,0.49338692
7.903739,-0.37959188,0.34490085,0.47559422
7.9419136,-0.35602975,0.1968807,0.47173566
7.9878225,-0.36244863,0.23527491,0.452079
7.8999496,-0.3439418,0.32860947,0.45809084
7.9256244,-0.38286096,0.4080286,0.4827417
7.7801085,-0.3507297,0.5518614,0.43949372
7.8220263,-0.34558713,0.43557084,0.45738512
7.8981075,-0.35226798,0.31645977,0.44767332
7.938883,-0.3665678,0.26700342,0.4802174
7.87195,-0.34367758,0.39567816,0.4628076
7.8997545,-0.37144905,0.34690773,0.46663684
7.8260407,-0.38089585,0.4851184,0.50675195
7.760726,-0.35640407,0.65709984,0.4457649
7.747677,-0.32171392,0.51787245,0.41019934
7.7699394,-0.30332994,0.51184857,0.40012485
7.7665157,-0.30036253,0.4826312,0.40544927
7.7167015,-0.29581648,0.5092592,0.4178815
7.758575,-0.32400566,0.55602205,0.42201573
7.71262,-0.342997,0.6574154,0.41894022
7.828616,-0.36262476,0.5059202,0.4576388
7.852469,-0.38035518,0.5114813,0.45283115
7.902029,-0.3738457,0.30855918,0.48134136
7.9418917,-0.38932532,0.32838726,0.506676
7.864895,-0.37421656,0.39643025,0.4915319
7.8850145,-0.349634,0.30382872,0.4698711
7.913143,-0.36551923,0.40985298,0.4528404
7.872959,-0.3891576,0.4737984,0.4882862
7.8499002,-0.37873977,0.50403,0.48333204
7.8165116,-0.38424855,0.59871864,0.47379386
7.870762,-0.3933069,0.47730243,0.50456446
7.875665,-0.4134847,0.4900719,0.52257615
7.916776,-0.40288126,0.3832358,0.4973895
7.9041004,-0.41814995,0.4948994,0.52148527
7.9131694,-0.39460665,0.4228456,0.50539047
7.938704,-0.39103788,0.4060954,0.5171977
7.9051447,-0.40387386,0.52954626,0.48870713
7.81829,-0.41002357,0.6360638,0.51423305
7.649606,-0.34733313,0.7299973,0.4626211
7.75467,-0.3655169,0.7245271,0.44860965
7.7246075,-0.3580826,0.6942313,0.44130582
7.7575974,-0.3844179,0.68354213,0.47178406
7.779031,-0.37120444,0.6392565,0.46371412
7.6976705,-0.357553,0.7601354,0.46080738
7.7285743,-0.34605318,0.6613077,0.44064903
7.6691723,-0.33769834,0.66691613,0.44304684
7.6977534,-0.35778874,0.6856866,0.46498275
7.709214,-0.3207193,0.6087285,0.40446556
7.808013,-0.33610237,0.42427897,0.449076
7.738562,-0.3203994,0.5895418,0.39263123
7.760181,-0.29979116,0.48638964,0.39157623
7.703135,-0.28781295,0.484769,0.3945379
7.683481,-0.29067808,0.5698887,0.4081359
7.6538763,-0.2930253,0.67383623,0.4030284
7.5736356,-0.29646766,0.7429607,0.4123334
7.5714197,-0.28708702,0.77800727,0.38106927
7.5293126,-0.30498612,0.8754754,0.40427795
7.5638795,-0.30514818,0.85597205,0.40204114
7.4936585,-0.26980036,0.85056806,0.3898468
7.4341474,-0.24189305,0.8537452,0.35611522
7.5553074,-0.25378662,0.7878063,0.36997682
7.560416,-0.28807324,0.8262081,0.39363474
7.6778913,-0.32063013,0.6457038,0.4259595
7.692415,-0.33956236,0.68017185,0.42733386
7.723812,-0.31503218,0.6163752,0.41605896
7.6427917,-0.28912544,0.61966944,0.39780438
7.6946387,-0.31232494,0.61824715,0.42793822
7.641511,-0.3005656,0.6166594,0.39000112
7.7305794,-0.28316838,0.483943,0.39080018
7.7403083,-0.29356843,0.4944892,0.4092397
7.7438846,-0.2698931,0.48390305,0.37998107
7.691618,-0.2637946,0.47639406,0.377971
7.784952,-0.27989733,0.3601098,0.39332885
7.716508,-0.29312843,0.4983685,0.40177214
7.6473045,-0.28103352,0.5855441,0.39842004
7.560899,-0.2647118,0.7209878,0.36945343
7.5757246,-0.26096445,0.7375424,0.3778606
7.530273,-0.24394852,0.70139194,0.35536933
7.586838,-0.24784052,0.68655014,0.3585
7.5369186,-0.24004787,0.70344484,0.36002344
7.544552,-0.26607263,0.82114744,0.366727
7.5012836,-0.23897213,0.81713176,0.34995943
7.4611015,-0.19551599,0.7159767,0.31969255
7.446637,-0.18650603,0.76266015,0.30548653
7.4343023,-0.1830756,0.7771226,0.3071711
7.3806586,-0.17693484,0.8417587,0.3054746
7.509558,-0.21034157,0.6386621,0.35317665
7.5381303,-0.22644502,0.70546794,0.34237796
7.5454803,-0.23747641,0.78598714,0.3445071
7.5658293,-0.22440928,0.62858176,0.33997622
7.587672,-0.22805107,0.63979864,0.33441132
7.6766057,-0.27642506,0.6020856,0.36846435
7.692733,-0.2533545,0.5350764,0.3629433
7.783637,-0.27507418,0.4418615,0.37257296
7.7015753,-0.2903902,0.5543759,0.38509887
7.6510124,-0.30667084,0.65682375,0.40212494
7.632473,-0.30496085,0.6827421,0.4047259
7.650787,-0.30943334,0.68102837,0.4102909
7.638589,-0.31329513,0.7016823,0.41107786
7.6653633,-0.29706365,0.6661763,0.39709216
7.731759,-0.29524088,0.45125556,0.4183352
7.7887635,-0.2983737,0.42325032,0.40441933
7.7306376,-0.31809843,0.4874308,0.44044405
7.812931,-0.32818305,0.39463782,0.43991357
7.803334,-0.31506646,0.42915285,0.42605668
7.7510567,-0.32083696,0.55996597,0.416443
7.790328,-0.3562166,0.6430106,0.44732344
7.745821,-0.35134077,0.603534,0.46348387
7.805779,-0.36567324,0.575763,0.44079757
7.821806,-0.3568594,0.48535752,0.4548267
7.8590665,-0.35395527,0.41138744,0.47333205
7.8979073,-0.43922752,0.5601678,0.53163457
7.9763536,-0.4446565,0.47908652,0.56068224
7.9587097,-0.44679093,0.42432082,0.56746244
7.9006023,-0.41476,0.521698,0.52577454
7.87508,-0.39894462,0.527004,0.4921109
7.9001856,-0.40359932,0.4222721,0.51059693
7.9564323,-0.39524072,0.28922987,0.49603456
7.9915743,-0.40562445,0.3373556,0.50147986
7.9461946,-0.3807866,0.27545857,0.4790038
7.8617406,-0.37188464,0.3903221,0.48363644
7.8651686,-0.3604778,0.39473212,0.4876036
7.775869,-0.34172404,0.47757256,0.4690994
7.879871,-0.3735422,0.4490199,0.47561586
7.833289,-0.34990704,0.47068417,0.46863312
7.876724,-0.36813986,0.4460374,0.46865767
7.827118,-0.33657414,0.42207932,0.44497776
7.8738337,-0.34919798,0.36885655,0.44621825
7.804978,-0.34764665,0.4937377,0.4619643
7.813375,-0.3804286,0.56895757,0.50635165
7.8284693,-0.39550745,0.60509574,0.4988957
7.8438416,-0.3842365,0.55910206,0.49657613
7.7533073,-0.34019625,0.54348207,0.44881272
7.820679,-0.35503453,0.49193633,0.44613695
7.792366,-0.3218692,0.40084755,0.4340554
7.7983656,-0.33120447,0.3662076,0.46475446
7.780918,-0.3377111,0.500172,0.43677777
7.735312,-0.31504804,0.57353497,0.42102557
7.762688,-0.31295723,0.4374143,0.4332584
7.7467117,-0.31818545,0.62334275,0.42848766
7.7071323,-0.32328326,0.6801193,0.43527168
7.6632333,-0.32681048,0.7733239,0.4047196
7.654502,-0.33219516,0.75648963,0.43164182
7.718827,-0.3225224,0.62590575,0.4248349
7.649973,-0.31403863,0.6985464,0.4150011
7.6549215,-0.31159455,0.6944244,0.43359244
7.6899967,-0.3002814,0.6423478,0.37243074
7.623743,-0.2615589,0.6173699,0.3777135
7.7106323,-0.27402115,0.46882725,0.3946001
7.7377243,-0.26981854,0.4914013,0.38031852
7.687644,-0.25423485,0.47755814,0.37968975
7.68316,-0.27039665,0.51352286,0.37562078
7.7173615,-0.23924398,0.41812623,0.35848364
7.631927,-0.2871731,0.7019664,0.36667585
7.6515737,-0.29633194,0.6476176,0.39988932
7.6706257,-0.31607348,0.6324543,0.4232648
7.6542,-0.3247769,0.7344396,0.4069648
7.6757827,-0.32239032,0.7261914,0.42566016
7.6945744,-0.35440552,0.74872994,0.44426134
7.7524223,-0.37437028,0.7081101,0.47763985
7.618245,-0.35331774,0.8901452,0.4509701
7.567901,-0.31864637,0.8683857,0.42220393
7.5322323,-0.2880348,0.9063107,0.3785678
7.5864816,-0.2815447,0.7672714,0.39141864
7.6598487,-0.30988306,0.68811154,0.4129097
7.726089,-0.30451,0.59967625,0.40909317
7.6629086,-0.27495742,0.6059575,0.38385528
7.675548,-0.31167758,0.6723311,0.39606583
7.6685495,-0.2934087,0.5836638,0.4130532
7.671959,-0.28810728,0.62962985,0.37749213
7.6095743,-0.2935263,0.69668996,0.39511842
7.65895,-0.32966822,0.80648315,0.41201943
7.699402,-0.33443058,0.7186835,0.43441397
7.6589327,-0.3391549,0.7622025,0.42938378
7.6424747,-0.34146023,0.76343334,0.4332711
7.6720586,-0.34806967,0.719625,0.44297796
7.591296,-0.35048956,0.84896564,0.45394927
7.6147532,-0.3292936,0.8138231,0.42410123
7.630089,-0.3287061,0.7671541,0.44337443
7.6417804,-0.32279086,0.81430125,0.41176814
7.5949793,-0.3174702,0.91432023,0.40101853
7.5562506,-0.27939415,0.8140166,0.3841148
7.6425714,-0.29982495,0.7935877,0.39223275
7.6758595,-0.29680908,0.60104537,0.40191895
7.6724067,-0.30029762,0.5937182,0.400095
7.6473308,-0.29202127,0.67210746,0.40736896
7.5968094,-0.31166643,0.8258598,0.40882254
7.547668,-0.26956105,0.7569978,0.36740464
7.433488,-0.21980941,0.8966298,0.32425758
7.3826847,-0.17080754,0.8387433,0.28242326
7.341606,-0.16241467,0.86570644,0.29769868
7.375019,-0.18612581,0.92336035,0.30998147
7.414315,-0.19270462,0.83469343,0.31566802
7.430576,-0.19539094,0.86182284,0.31133023
7.401028,-0.19384897,0.8737736,0.31028172
7.495133,-0.22171497,0.80425954,0.33662945
7.591262,-0.2418871,0.64419603,0.35446727
7.5754185,-0.24127984,0.6546776,0.35712582
7.6924677,-0.25639296,0.5587368,0.3707438
7.6344805,-0.25167656,0.5445187,0.3754173
7.677997,-0.27906376,0.6295035,0.3719805
7.6812367,-0.27333593,0.5195215,0.39482528
7.6617165,-0.26481467,0.5010383,0.3899489
7.6932096,-0.25018454,0.5118885,0.3730396
7.647866,-0.20798743,0.51893747,0.30639336
7.5775576,-0.20676368,0.5957509,0.3409997
7.5534906,-0.21759194,0.63598585,0.34290338
7.6283994,-0.20347458,0.5445428,0.33457446
7.6720753,-0.2176044,0.49702764,0.3267145
7.616688,-0.20262212,0.47030234,0.34877515
7.6382885,-0.22832501,0.49769044,0.35870636
7.6143074,-0.24048328,0.60265887,0.35149994
7.6477876,-0.25654924,0.61501765,0.35699573
7.5459075,-0.26155484,0.8052286,0.36111578
7.5664434,-0.24096209,0.6653948,0.3689391
7.5869412,-0.21163934,0.605674,0.33794737
7.577465,-0.22073078,0.5854049,0.3451005
7.554328,-0.23308986,0.69274473,0.33097163
7.5764956,-0.24373454,0.6881044,0.3573166
7.5379963,-0.23378414,0.78492105,0.33724606
7.493671,-0.1947239,0.69525015,0.31595516
7.451366,-0.21708053,0.81206274,0.32118592
7.4398756,-0.22370827,0.8314407,0.33113307
7.4822426,-0.2091412,0.7191247,0.3222059
7.4808264,-0.23301291,0.81454134,0.33355862
7.5507393,-0.20285606,0.6669123,0.32642308
7.555621,-0.21721774,0.6452346,0.331683
7.5750065,-0.208152,0.65982723,0.3257317
7.5393157,-0.1983223,0.6625309,0.32042077
7.4521236,-0.1972239,0.81745267,0.3044049
7.4734764,-0.22209966,0.84836245,0.3232115
7.4110656,-0.23275048,0.9051771,0.32715458
7.544881,-0.24740148,0.7863159,0.3548373
7.4932165,-0.21840799,0.7535635,0.34049577
7.4608293,-0.21805394,0.84040165,0.32612067
7.4615993,-0.20104969,0.7717991,0.306961
7.4877086,-0.2151252,0.77834153,0.3342293
7.510646,-0.24609888,0.78140545,0.3537621
7.5239735,-0.24103749,0.7738203,0.34095806
7.4963026,-0.26055366,0.7638993,0.3684801
7.454439,-0.2519713,0.9337528,0.36279356
7.540908,-0.2702942,0.7861302,0.39147353
7.5798883,-0.27868944,0.7721243,0.39609575
7.610692,-0.26896453,0.62698615,0.37114233
7.689623,-0.2858022,0.5862601,0.39863336
7.696521,-0.29141986,0.5583739,0.4028987
7.6118116,-0.2757396,0.67589307,0.36746085
7.6694145,-0.29855686,0.6614022,0.40476286
7.682786,-0.2736619,0.5813384,0.37923408
7.6738577,-0.25674194,0.5369158,0.38143802
7.741681,-0.29465252,0.5677886,0.39488825
7.6809726,-0.3223307,0.57952464,0.4308932
7.7172503,-0.32375252,0.65422165,0.4162535
7.6928234,-0.31250542,0.5798211,0.42237675
7.686611,-0.2873937,0.5447588,0.40294188
7.687954,-0.29559314,0.5550885,0.41617596
7.6779265,-0.3209979,0.6142652,0.41462046
7.68019,-0.26024157,0.62244344,0.368113
7.7046137,-0.26950026,0.58753467,0.37386984
7.6816034,-0.30909795,0.692997,0.4079032
7.6462693,-0.2992856,0.7297119,0.40774468
7.672316,-0.3157646,0.67417264,0.41990304
7.6879063,-0.29715908,0.6009816,0.40968132
7.657881,-0.27725178,0.64952874,0.37352407
7.6436253,-0.29139495,0.67554355,0.41523403
7.5944576,-0.27076203,0.6302471,0.3748541
7.60818,-0.27204758,0.71708775,0.38182095
7.5940742,-0.26071507,0.6560912,0.3707548
7.5575466,-0.26089448,0.72003365,0.37067974
7.5482435,-0.22353417,0.7196491,0.33337915
7.5331454,-0.21841794,0.68006134,0.34719446
7.549283,-0.23527414,0.67115164,0.35762608
7.532839,-0.23192191,0.71286464,0.35978585
7.5410333,-0.26906353,0.80203915,0.37455058
7.54434,-0.25644213,0.74828887,0.36283863
7.5520306,-0.26143873,0.7280545,0.38206524
7.5976715,-0.28930992,0.734818,0.39589128
7.628607,-0.31686735,0.75816345,0.38789123
7.661128,-0.3163694,0.73234105,0.42082646
7.662736,-0.2972526,0.7302947,0.39483827
7.597978,-0.27523023,0.7071216,0.3898335
7.7073283,-0.28127575,0.5377867,0.39697427
7.7762184,-0.29864597,0.4288826,0.39557105
7.73855,-0.28160524,0.41498888,0.3999346
7.740995,-0.2756248,0.48013258,0.37094223
7.841619,-0.33117557,0.35251403,0.4352142
7.8593035,-0.31899452,0.29989886,0.43497336
7.9170294,-0.3447553,0.27604687,0.4562691
7.87379,-0.35912353,0.3351897,0.4979084
7.9122033,-0.3867485,0.43543434,0.49267298
7.89498,-0.38010097,0.38076067,0.48957556
7.8868284,-0.3783831,0.4499333,0.47858047
7.8448887,-0.38540196,0.53564763,0.47514683
7.7579093,-0.3419628,0.58064723,0.46403378
7.791253,-0.35564727,0.51189685,0.45896798
7.792541,-0.36754078,0.52154565,0.47628862
7.858305,-0.38286722,0.4641024,0.48292327
7.82754,-0.3294084,0.48334038,0.42557454
7.765031,-0.33235008,0.5523914,0.4250694
7.862564,-0.35261762,0.48036146,0.46499497
7.870451,-0.3515914,0.34573114,0.44906223
7.8313394,-0.34905332,0.509737,0.4542349
7.845435,-0.32459652,0.33753395,0.4496035
7.8956823,-0.3471542,0.37797654,0.4446955
7.8803663,-0.34558427,0.36090124,0.44533676
7.8826575,-0.34622514,0.38038433,0.4285287
7.8502526,-0.33280468,0.31477976,0.43650693
7.8977003,-0.33410418,0.294652,0.4357339
7.875164,-0.3703884,0.40638804,0.48548758
7.837496,-0.38419318,0.45066428,0.503385
7.8515363,-0.41269475,0.529654,0.52600116
7.859562,-0.39161003,0.5106573,0.51386195
7.957062,-0.42463982,0.48799396,0.50807923
7.9754066,-0.4319262,0.40092874,0.54214424
7.9305477,-0.41118634,0.3925947,0.51629645
7.922143,-0.41117835,0.42884266,0.5160635
7.883584,-0.38066685,0.42524695,0.49217063
7.9271603,-0.3909316,0.3674121,0.48836994
7.9460936,-0.40080172,0.3561797,0.50524205
7.9020824,-0.39615262,0.3874768,0.5290477
7.949044,-0.3854348,0.37352812,0.4866904
7.990746,-0.3817795,0.20096111,0.50625557
7.9808936,-0.39573497,0.4060892,0.50636184
7.8822722,-0.39945722,0.50745964,0.49781477
7.8140173,-0.35743898,0.5168896,0.44407064
7.722232,-0.35437435,0.6044812,0.46556032
7.7892394,-0.3646202,0.5813098,0.46576852
7.7831717,-0.3447225,0.5667963,0.45247978
7.772309,-0.3451243,0.5923538,0.4417469
7.744231,-0.3481282,0.62107944,0.45534474
7.7826824,-0.3840992,0.62005615,0.48625988
7.84855,-0.3869738,0.5407721,0.49516267
7.8453293,-0.38957113,0.5638025,0.49105096
7.8233137,-0.39385474,0.50025,0.5093956
7.9163027,-0.3709092,0.36433482,0.48715842
7.9338326,-0.36571336,0.30879676,0.44319963
7.9149213,-0.3569405,0.3152237,0.46581936
7.7632866,-0.3300743,0.51436305,0.44774514
7.7798033,-0.3052432,0.47245646,0.41711128
7.7281466,-0.3105713,0.50745547,0.4259508
7.717783,-0.33452755,0.6357727,0.41873956
7.7302356,-0.30019313,0.61180997,0.41584808
7.7751117,-0.32912642,0.4445845,0.4368673
7.7161508,-0.30269885,0.5315789,0.4362964
7.751671,-0.28811473,0.46252465,0.40293157
7.7781696,-0.2903654,0.46043324,0.40432632
7.739801,-0.2963603,0.48414898,0.40031964
7.7933745,-0.30783015,0.45599556,0.3960144
7.7180667,-0.3075385,0.59948206,0.4134379
7.7335577,-0.3128209,0.6003852,0.40106642
7.7097874,-0.27889597,0.49469733,0.38960272
7.692319,-0.27946454,0.48571563,0.3823948
7.73201,-0.29795158,0.49360943,0.3998809
7.710963,-0.27734,0.475183,0.3887142
7.660309,-0.278737,0.60466146,0.39950407
7.6482754,-0.2853431,0.6494609,0.39838248
7.6988134,-0.29886717,0.5918412,0.42017198
7.806799,-0.32329702,0.45255327,0.41263902
7.779208,-0.3394422,0.5196662,0.4431192
7.795615,-0.34698665,0.5348382,0.45077473
7.833616,-0.34054834,0.45066154,0.44446695
7.7612953,-0.31307626,0.5187179,0.4297545
7.776545,-0.31888866,0.49387515,0.4324227
7.8118825,-0.32119095,0.57039714,0.41745698
7.751498,-0.31184548,0.6159556,0.397285
7.7372093,-0.3109588,0.48569143,0.4230693
7.753484,-0.30010867,0.49040723,0.4127013
7.7251554,-0.2952214,0.56059253,0.4008245
7.794468,-0.30401862,0.4785117,0.4082294
7.682311,-0.32325673,0.6909039,0.43473545
7.555258,-0.29315424,0.7881812,0.3906787
7.605218,-0.29679805,0.8430383,0.3788573
7.635483,-0.31138742,0.7212224,0.4097426
7.5483713,-0.27850592,0.7585573,0.40054098
7.529324,-0.26751894,0.7956928,0.36974776
7.5451107,-0.2527886,0.7752962,0.36719978
7.470627,-0.23829293,0.82942796,0.3539945
7.501481,-0.23622167,0.76746666,0.34882307
7.571009,-0.20482373,0.57858896,0.3172424
7.5483637,-0.18798721,0.5779233,0.3178318
7.5583944,-0.19246101,0.57293344,0.3259645
7.5928802,-0.1705234,0.53381515,0.2875694
7.5170774,-0.18948925,0.6227975,0.32812768
7.4437094,-0.18927848,0.7676716,0.31973436
7.43717,-0.2163462,0.85047984,0.3303349
7.425321,-0.2174651,0.8614471,0.3237467
7.368052,-0.22947961,0.9373064,0.35262644
7.3393946,-0.20948285,0.94359016,0.32324287
7.365569,-0.19531518,0.91205525,0.31246567
7.432995,-0.17889977,0.78639305,0.30591533
7.371917,-0.16681242,0.82093203,0.2964458
7.3387127,-0.14650464,0.8242047,0.2908041
7.354554,-0.14334273,0.84308887,0.28655702
7.335995,-0.1546545,0.853714,0.28444862
7.3952827,-0.14700562,0.79560375,0.26359725
7.3971157,-0.15305746,0.75815487,0.28525123
7.47947,-0.17377168,0.72520065,0.28808296
7.532049,-0.17219889,0.61900806,0.30508626
7.585067,-0.18020445,0.56198156,0.29863477
7.6785774,-0.21178591,0.4973718,0.3329479
7.6151905,-0.22634697,0.57061124,0.35188085
7.573654,-0.23512918,0.60813475,0.3547033
7.552411,-0.22679436,0.6530688,0.35764462
7.605689,-0.2670616,0.68349767,0.37919176
7.637014,-0.28499395,0.6881447,0.3966421
7.5920095,-0.29422086,0.7537148,0.39333498
7.681665,-0.28962326,0.6412126,0.3856768
7.708626,-0.29489005,0.57889485,0.3910622
7.6956367,-0.2900434,0.5659485,0.40061134
7.639908,-0.32467216,0.72186124,0.4119352
7.577767,-0.31426245,0.82620907,0.40346956
7.5347366,-0.29505372,0.89183426,0.3952583
7.533105,-0.28206366,0.8162708,0.38704342
7.657259,-0.2957793,0.69490933,0.39256704
7.6792665,-0.2899654,0.602499,0.39955345
7.6896057,-0.28567368,0.55438733,0.40525284
7.8590455,-0.32388592,0.3925811,0.41573638
7.830612,-0.32315534,0.4445697,0.4363648
7.7757854,-0.3375054,0.55797434,0.43664086
7.7021275,-0.35140097,0.6577809,0.464055
7.6758184,-0.36022335,0.77157474,0.45136827
7.729744,-0.3628124,0.7162831,0.4600525
7.6741486,-0.34187973,0.7200234,0.44288778
7.6896133,-0.31683832,0.6869395,0.42527497
7.677074,-0.2933275,0.58391047,0.4093701
7.65736,-0.28978372,0.63313794,0.3993144
7.69909,-0.28737742,0.61222386,0.39320168
7.6863117,-0.28928763,0.57401896,0.37808454
7.7034583,-0.29343826,0.5553962,0.41110718
7.7025166,-0.292476,0.51492715,0.4047255
7.7413697,-0.30494767,0.5339503,0.4036265
7.709936,-0.3256784,0.6549448,0.41481608
7.6717706,-0.29860955,0.5691531,0.41428638
7.6244783,-0.26882786,0.63945484,0.38939244
7.6559367,-0.2751965,0.63170457,0.38413006
7.620043,-0.26834053,0.63366175,0.3808222
7.67022,-0.31442344,0.6547997,0.4272762
7.5874553,-0.3206427,0.8061484,0.4201783
7.67117,-0.3202244,0.7527187,0.41947794
7.6140146,-0.31262875,0.74954605,0.4128282
7.568559,-0.31159204,0.77392745,0.4097587
7.6215425,-0.29343003,0.73025537,0.40620112
7.625624,-0.28483397,0.70771563,0.3765133
7.5914893,-0.28984785,0.7617446,0.38876754
7.590614,-0.23447978,0.601187,0.36093014
7.6131763,-0.23040825,0.56786156,0.3604914
7.58288,-0.22586358,0.6724448,0.34353435
7.6384683,-0.23281813,0.52830374,0.36283928
7.6693463,-0.24308938,0.49611056,0.35108596
7.666013,-0.23097765,0.48923135,0.34257516
7.685334,-0.22831458,0.4400866,0.32920426
7.6142535,-0.21247905,0.5248451,0.34328917
7.6573777,-0.22124833,0.506649,0.3323549
7.6541862,-0.22431952,0.5014174,0.35010234
7.6178484,-0.23418528,0.61870766,0.34157884
7.6365495,-0.22362465,0.53432477,0.3403625
7.609165,-0.22390372,0.56867695,0.3503843
7.5290604,-0.23518276,0.73208666,0.34883624
7.4683886,-0.23133785,0.8470031,0.33588302
7.4549294,-0.19799572,0.7657937,0.33235133
7.418418,-0.17986101,0.7782061,0.30104998
7.3777113,-0.18662274,0.82431805,0.3058085
7.385996,-0.15494299,0.80106187,0.2895134
7.396948,-0.18073684,0.82378876,0.30153492
7.4209957,-0.16527271,0.7470391,0.30250013
7.4978952,-0.19941777,0.74105227,0.3033
7.4540477,-0.16489905,0.7398796,0.29332498
7.45432,-0.15912843,0.7332871,0.28808504
7.4037485,-0.16722488,0.8444226,0.29909256
7.319295,-0.15237558,0.8455305,0.29194048
7.27664,-0.107874215,0.88248086,0.25681025
7.2709217,-0.12833518,0.8631363,0.2869762
7.3817897,-0.12817645,0.79747236,0.27171308
7.4550114,-0.13408053,0.6919091,0.2735687
7.4367967,-0.14304656,0.6856203,0.28998914
7.4287796,-0.16647422,0.80327654,0.2782167
7.3834634,-0.11491954,0.7369995,0.27463147
7.373503,-0.1232031,0.7983587,0.26828763
7.504102,-0.10957885,0.5597249,0.261884
7.460217,-0.1134752,0.61434484,0.24862106
7.4717298,-0.09298903,0.5479425,0.24636245
7.4355726,-0.10002959,0.63162994,0.24847408
7.4067693,-0.09951782,0.6604793,0.2500394
7.3873425,-0.12972611,0.7218096,0.27113342
7.4228907,-0.13608128,0.7024951,0.27451417
7.4057055,-0.15108162,0.7745849,0.29097134
7.425462,-0.13357621,0.71677506,0.27826822
7.416922,-0.14608163,0.76551604,0.28848994
7.426252,-0.14172512,0.74183893,0.27622622
7.4663,-0.15631866,0.6494005,0.3011113
7.4479423,-0.13327563,0.62626445,0.28844455
7.4521666,-0.13719362,0.6854477,0.27271506
7.4476247,-0.1430111,0.6932875,0.27664217
7.4153275,-0.17763978,0.73653984,0.3182329
7.3909197,-0.16517031,0.76783323,0.29340357
7.429441,-0.17146581,0.7761121,0.2955072
7.403679,-0.14882773,0.72393346,0.28904247
7.4436207,-0.16374671,0.7241833,0.28595054
7.418159,-0.13688594,0.73158264,0.27962986
7.435826,-0.14445704,0.742079,0.28183186
7.404663,-0.13206202,0.6820519,0.28471702
7.3997264,-0.13903904,0.8251499,0.28117776
7.4061685,-0.13207072,0.72534585,0.28219128
7.4387674,-0.14192706,0.6558646,0.2773279
7.46239,-0.12938392,0.6079296,0.26429302
7.510724,-0.12558329,0.6097721,0.2721697
7.473897,-0.12657583,0.65189886,0.2612829
7.36674,-0.14867765,0.82669914,0.27286825
7.4077444,-0.1510424,0.77851677,0.2669509
7.3836575,-0.11239171,0.70740414,0.25188658
7.373558,-0.09684652,0.6996782,0.260476
7.3911104,-0.12453991,0.6812384,0.2693774
7.401043,-0.13141966,0.77302194,0.26669514
7.3225245,-0.1508413,0.8660588,0.27709833
7.275728,-0.15567243,0.96444666,0.28473935
7.3038683,-0.15664256,0.89954567,0.28488526
7.368001,-0.15951437,0.83897305,0.2941927
7.3484097,-0.14855069,0.80367327,0.27403325
7.3708835,-0.15365994,0.8027775,0.2669428
7.3822174,-0.15959245,0.80261576,0.29888618
7.493927,-0.18577188,0.6600785,0.31288642
7.4444675,-0.19216084,0.7763598,0.31625086
7.4728947,-0.19222426,0.7256042,0.32866013
7.506274,-0.22902757,0.79657245,0.3561063
7.5173416,-0.25335854,0.77539206,0.36759526
7.5031056,-0.23403108,0.8235533,0.34211487
7.5461755,-0.2510028,0.7374935,0.34241533
7.530931,-0.22388285,0.6797497,0.3518154
7.5476108,-0.2282567,0.70889544,0.329261
7.519038,-0.21736825,0.6844256,0.34069103
7.5863914,-0.211124,0.6600592,0.32146233
7.5502577,-0.20047343,0.65801966,0.31805396
7.567332,-0.2244919,0.70939505,0.34584126
7.5806746,-0.25694114,0.69537604,0.37385264
7.567396,-0.23310018,0.56668186,0.3568002
7.58356,-0.22335106,0.5682157,0.3467667
7.4958982,-0.22332036,0.6852524,0.35342848
7.4747043,-0.22529042,0.82389593,0.33373183
7.4756775,-0.23413724,0.8172041,0.33258235
7.5027285,-0.2133767,0.7643454,0.32876813
7.511946,-0.2303009,0.723752,0.34760368
7.5922823,-0.2156893,0.59392,0.33166516
7.590099,-0.24105161,0.65436697,0.34935313
7.577449,-0.2080552,0.60623527,0.3290012
7.6422653,-0.2342667,0.5683423,0.35521477
7.495105,-0.18578768,0.73988783,0.2999068
7.460395,-0.19062448,0.7991533,0.29584992
7.5115213,-0.17529559,0.66845036,0.30453867
7.4560065,-0.17123932,0.7445946,0.29754093
7.4026527,-0.20675153,0.83068323,0.3377465
7.471721,-0.21477884,0.82585573,0.3347041
7.448616,-0.16806132,0.73735476,0.29596537
7.4062686,-0.14602679,0.7699686,0.2874989
7.3178697,-0.12544334,0.81000805,0.28027713
7.2798543,-0.12112063,0.86478686,0.26141042
7.3311324,-0.111887634,0.7673366,0.26900473
7.3063526,-0.14980185,0.9077041,0.27579427
7.2969728,-0.14812833,0.90322495,0.29231143
7.30777,-0.16480953,0.90225375,0.30035856
7.332655,-0.19267929,0.9370985,0.3114152
7.3773336,-0.1851111,0.87069106,0.3040142
7.414555,-0.19157374,0.8428832,0.31063873
7.412903,-0.1988821,0.8215215,0.3159407
7.488204,-0.21649611,0.79181755,0.31804648
7.46586,-0.21443236,0.8068843,0.31038308
7.436715,-0.18618345,0.80099285,0.3266257
7.399291,-0.22531521,0.9291537,0.3421534
7.386539,-0.21906269,0.907341,0.3211105
7.5022793,-0.24351346,0.77698565,0.3520397
7.4956455,-0.2452693,0.84485734,0.3508674
7.4491205,-0.21442515,0.84772587,0.3235654
7.461655,-0.21163827,0.8062186,0.33183083
7.3787675,-0.20349878,0.91048694,0.3173713
7.3400393,-0.20989406,0.99542904,0.33284253
7.391593,-0.18866003,0.88167226,0.2923364
7.456933,-0.18052244,0.69916344,0.31123048
7.519519,-0.1727683,0.6771792,0.30031985
7.4858217,-0.15613353,0.6383766,0.29199132
7.503291,-0.18055189,0.6956737,0.294669
7.553975,-0.20520347,0.66377854,0.3266061
7.6380043,-0.18805414,0.52639914,0.31324917
7.5363717,-0.19396544,0.6377597,0.31877285
7.5404615,-0.21344388,0.6137221,0.32743385
7.543597,-0.21036595,0.6236856,0.32831687
7.487586,-0.19075745,0.69778574,0.30403677
7.506329,-0.20402753,0.7086258,0.32963967
7.5278106,-0.1734184,0.6028148,0.3004124
7.5616317,-0.17596477,0.5847392,0.308778
7.448213,-0.14655817,0.6699172,0.29204348
7.3500032,-0.17091817,0.92005277,0.28981504
7.317889,-0.17729706,0.9607296,0.31033364
7.266786,-0.16703779,0.9658637,0.2884705
7.288706,-0.14152813,0.91165686,0.28401828
7.3447647,-0.1485194,0.84100854,0.2813139
7.3787193,-0.13614684,0.80471444,0.27229697
7.4704165,-0.15731305,0.6874466,0.2922702
7.454424,-0.1626814,0.7103492,0.28756586
7.5126038,-0.19084507,0.69199,0.3133505
7.453262,-0.19046122,0.7043054,0.32921398
7.457855,-0.1319161,0.6599765,0.27887467
7.4688063,-0.13040376,0.65173006,0.26280788
7.421176,-0.10315895,0.6682464,0.26009023
7.4396005,-0.10737944,0.6250777,0.25876394
7.4426193,-0.12396824,0.70723367,0.2736973
7.383728,-0.08512926,0.67923975,0.22639424
7.3798,-0.099748135,0.7408227,0.24723274
7.3446875,-0.13070732,0.8450047,0.26357138
7.27839,-0.12390816,0.88589096,0.26399463
7.281622,-0.12594455,0.8986709,0.26817694
7.329526,-0.14051986,0.8177992,0.2794144
7.3688,-0.15183783,0.8084984,0.2838009
7.308958,-0.13209212,0.8401524,0.2660901
7.3498206,-0.12027526,0.8279644,0.25895497
7.3120613,-0.14402974,0.84548783,0.2850695
7.383457,-0.11572319,0.7179954,0.25003484
7.3850718,-0.1286509,0.8015715,0.26113418
7.3466196,-0.13138819,0.7860658,0.25651678
7.3795514,-0.14433068,0.7754953,0.28884572
7.422324,-0.1536302,0.7367408,0.2949834
7.4240236,-0.16676986,0.700192,0.3095947
7.468165,-0.19464058,0.7484734,0.31493944
7.5183544,-0.1811946,0.6518488,0.32485217
7.548276,-0.20850027,0.619786,0.34337944
7.5347724,-0.21740037,0.75982404,0.3203131
7.496607,-0.22240096,0.72621655,0.33571327
7.52787,-0.2513215,0.7243154,0.3701089
7.4908442,-0.253366,0.8508351,0.35323018
7.455282,-0.2605443,0.937263,0.3626226
7.536337,-0.28335416,0.8100693,0.370165
7.655907,-0.28907466,0.63934207,0.38197464
7.7173862,-0.2902764,0.5997269,0.39446396
7.716203,-0.32918322,0.6338408,0.418535
7.6464715,-0.33375746,0.7358513,0.42053437
7.7104836,-0.34965062,0.7214961,0.44979838
7.6332583,-0.3455134,0.7965703,0.45746493
7.6002245,-0.33853257,0.86964583,0.44880313
7.6655555,-0.3354379,0.7418289,0.4344505
7.65405,-0.34520906,0.7424871,0.44309908
7.7496114,-0.35768986,0.65955186,0.44382027
7.808718,-0.361735,0.4813652,0.4788049
7.823925,-0.37056667,0.48042727,0.48380238
7.7778535,-0.3389095,0.6235037,0.44113433
7.766557,-0.36747628,0.67330265,0.4673103
7.7470217,-0.34123868,0.6231892,0.44901538
7.7543945,-0.29276103,0.505932,0.40563428
7.6986046,-0.2783208,0.47299135,0.40972787
7.718375,-0.3159101,0.56028557,0.42318717
7.7035275,-0.32327765,0.7045994,0.409854
7.669429,-0.30398184,0.6840162,0.4006559
7.714116,-0.3358521,0.62880135,0.42637837
7.6892185,-0.32078516,0.5862323,0.44404864
7.6763806,-0.30453163,0.6562536,0.40484017
7.6643295,-0.27996916,0.609257,0.38514423
7.650662,-0.2741326,0.66208553,0.38039273
7.6571436,-0.29895782,0.6962707,0.39039156
7.6963,-0.31741685,0.6798475,0.40991753
7.719946,-0.2903477,0.47552824,0.3928607
7.732733,-0.28390515,0.4661144,0.39114124
7.7377195,-0.3335607,0.60314167,0.4120715
7.730505,-0.32109302,0.55943704,0.41617662
7.725314,-0.31639385,0.58054304,0.40220004
7.7190166,-0.30638915,0.61580586,0.40493333
7.7300053,-0.31854594,0.64637685,0.42546016
7.7414083,-0.33256394,0.5907378,0.42195553
7.706709,-0.3597334,0.7206639,0.4653259
7.8511324,-0.3475529,0.4607768,0.44787616
7.779636,-0.33438385,0.5280757,0.44551435
7.787332,-0.35228127,0.5620575,0.44659412
7.894124,-0.3631264,0.34469903,0.46877277
7.898801,-0.34377217,0.3284272,0.46876824
7.953473,-0.39056963,0.32001388,0.5074503
7.907404,-0.37861383,0.33501303,0.50649875
7.8976164,-0.42329735,0.44915175,0.52802557
7.8626547,-0.4318344,0.5888144,0.55106837
7.873053,-0.413504,0.6287935,0.50862306
7.7964573,-0.40344918,0.6371399,0.49668485
7.8401093,-0.38835162,0.54131126,0.506555
7.915532,-0.43371308,0.5236802,0.5619687
7.980177,-0.42341173,0.40151978,0.55283564
7.9929585,-0.43985575,0.39502156,0.54009193
7.982722,-0.39866626,0.25369167,0.49651992
7.94786,-0.4076174,0.40478253,0.51232594
7.826943,-0.42289257,0.6153718,0.5232691
7.89839,-0.43972725,0.67173505,0.5333569
7.8949375,-0.42559993,0.51396966,0.53998435
7.8685083,-0.41136998,0.5267978,0.5235764
