-0.032516137,0.4046269,-0.146648,-5.9025235,-1.3925381,-1.3422941
-0.17418464,0.11859818,0.21306112,-0.65634567,-4.9260974,-4.2557487
-0.103142306,-0.12046758,-0.4257153,-3.5664003,-8.40174,1.16627
-0.8954124,-0.56140345,-0.2921636,-3.9657495,-6.157047,-2.5005853
-0.015966322,0.1639958,-0.10643892,-2.2048657,-1.1083446,-4.2565546
-0.028324874,0.21653308,-0.09564498,4.239406,5.20347,-0.89130324
-0.18181321,-0.38722622,0.006252117,-6.5548544,-6.5843606,10.864187
0.025967019,0.114746034,0.19131756,-1.1550233,-1.3469075,-3.4054894
0.05275732,0.10086342,0.048679765,1.5569476,-3.5518231,0.88114667
-0.2809105,0.2497612,0.025299605,1.3896769,-1.4347693,2.7023277
0.13643707,0.21461129,0.10654015,-2.866631,0.039821073,4.701089
0.19148979,-0.15761314,0.10750411,6.326863,-1.1361125,3.241416
0.024400933,0.23779142,-0.051868897,1.2443537,-4.783421,-1.3035971
-0.031221101,-0.07449879,-0.108374335,-7.8344984,-6.704067,0.5202955
-0.0997413,-0.04933108,-0.0006971609,2.9950979,-0.9926492,-5.0368323
-0.26592705,-0.10430302,-0.079285234,-2.5877378,6.9936404,-5.25379
0.11621721,-0.15334979,-0.10073259,-5.1202807,1.162713,-0.45804256
0.2006714,-0.090171285,-0.14013314,5.7987366,-3.5509846,-0.78368133
-0.31671658,-0.0050214003,0.03317723,0.67897004,6.966242,3.3797927
-0.70443624,0.034474786,-0.34206882,-2.41572,-1.9957904,-5.8605404
-0.20816547,0.33825237,-0.23299922,6.5846334,1.5958812,4.1224394
-0.049841464,-0.04952947,-0.06706266,-0.4408798,5.6842103,3.230232
0.0065635704,0.08007695,-0.069489226,7.018837,-1.7446635,0.48445043
-0.5883357,-1.9847964,1.4077632,2.6941206,10.553736,-2.585165
0.26168272,0.031902805,0.33629513,3.9855094,-3.7113597,-1.2352422
-1.4708592,0.86301255,0.6876811,8.308736,-6.31176,-5.808853
0.094185546,-0.045517873,-0.02993463,-0.39191297,-0.12549414,8.701097
0.091502294,-0.10123265,0.05992193,-1.1619325,-4.936117,-3.9614353
0.2126685,-0.1989971,-0.124748394,-2.8496294,3.5522835,8.873711
-0.3361147,-0.29589507,0.09509205,4.1765633,-1.9052632,-2.1485844
-0.04161156,-0.05956892,0.044715818,-2.6969917,-7.361077,0.48311085
-0.009676215,-0.004742417,-0.034025475,-8.063372,7.9707294,1.8747815
0.46366116,0.39024296,0.2296804,0.65196806,12.421113,-4.479806
0.09354891,0.03014391,0.24522541,1.6464664,0.012680955,-0.843569
-0.06745928,0.02649695,-0.11051844,1.681709,0.31376377,-3.8039029
0.04369808,-0.009691349,-0.18520445,0.75745374,8.873712,1.8949199
-0.06363733,-0.124323525,0.13397922,3.4458098,-4.379691,-5.1205864
0.12772611,0.09107977,0.32837254,-4.2730374,6.185316,2.4538746
0.059662577,-0.34066644,-0.21062973,7.6788807,-1.0360163,3.5960956
0.07658919,-0.30844185,-0.10105325,-4.4308095,0.13366196,-0.07177058
0.057178725,0.2091968,0.06881375,5.5081687,4.5620446,-1.7415409
0.29347625,-0.37944874,0.04743178,3.5288262,1.6329657,1.3920003
-0.10784999,-0.25108197,-0.19729078,-1.4820392,-5.792512,-0.7812594
-0.12884955,-0.04744046,0.19712171,-0.8230821,-2.9227178,1.52754
0.36683366,0.5586657,-0.035044346,0.9868118,-4.0930815,0.10440978
-0.2505738,-0.091862135,-0.11000796,-3.5495138,2.5523467,2.595058
0.30532825,0.1240046,0.36289722,2.0517774,7.2171154,-7.462445
0.03637424,-0.33700952,0.19135565,0.8935713,-5.660077,-0.61980486
0.0027153427,0.08436846,0.046000373,3.16935,0.1185584,-7.695116
0.3248164,-0.14022891,0.5609984,-4.9968214,4.3305254,3.1543345
0.14064881,-0.109621465,-0.059049673,-4.4519567,7.17329,-3.4676316
0.045718156,-0.2413947,-0.09136958,2.4122217,-0.9088986,7.1415744
-0.10887646,-0.020165741,0.16130492,6.529542,-2.3644233,-6.6578064
-0.11476077,0.0056829466,0.026868299,-1.2350522,-0.8063782,-2.5016668
0.36654904,-0.23508261,-0.45931172,-3.2858562,2.362249,-0.59118867
0.08380986,0.1315655,-0.22197862,2.7561333,0.5416823,-3.377596
0.12831956,-0.2504173,0.33589152,10.777871,0.4049304,-0.88845414
-0.07152324,-0.04025341,-0.14615811,0.4403718,-0.57552844,-4.110308
0.0066193454,0.02435091,-0.2781348,-2.6426492,5.201688,-3.3634655
-0.09020873,0.21117358,-0.22161457,-3.3492465,-1.6651888,-1.4306135
0.053992253,0.049659044,-0.08770711,-0.454244,-1.0364655,-2.2765305
0.41974008,0.28973204,0.008723474,-4.0359187,4.6488676,-0.056458663
-0.1660991,-0.015468137,-0.07316617,-1.9240069,-7.2314305,-5.810404
0.11485878,-0.004384246,-0.081137806,-2.9374075,8.784819,-3.5910702
0.16571799,-0.047709808,-0.003878935,-3.005164,0.33043694,6.125621
0.12032944,0.36920115,0.21758921,-4.0661626,-4.9314747,1.5336281
-0.25138327,0.102363825,0.4007267,-7.8574877,2.7394257,-4.640572
0.081485085,-0.13139358,-0.053773955,-0.26606998,5.2804794,0.028487895
-0.20446491,0.028238783,0.15467536,6.399301,1.3151287,2.644221
-0.07626606,0.022751924,-0.084378295,-8.579218,1.8920709,-1.8414158
0.11472732,0.15547127,-0.019579025,-4.880862,2.1625524,5.104528
0.074573025,-0.036924798,-0.042583883,5.3164988,8.01079,-7.1516504
-0.020641597,0.15904199,0.24116641,-5.6350627,3.9590962,-1.1325635
-0.017248597,0.005696178,0.054667193,3.545585,2.7146904,-5.2331166
-0.26597762,-0.15213086,0.021350352,-1.2017008,-1.5875261,-0.77173996
0.10586434,0.079795524,-0.10037335,0.91743374,-9.508359,2.355363
-0.061240904,-0.01684397,0.09429153,-0.13953598,1.8461993,-4.156902
-0.23716393,0.051269304,-0.12583922,-2.944407,-1.0511299,6.1197724
0.1442974,-0.18462022,-0.080599286,-5.781124,0.33821496,5.904065
1.3017651,0.1276438,-3.6083674,2.935645,11.168704,-2.828781
0.0068662493,0.042711485,-0.008742397,-0.4176506,3.0282125,-6.827685
0.21071167,-0.039001912,-0.018128457,1.3369159,-5.1835775,-2.8943098
-0.42899764,-0.2598004,0.13341834,-10.588105,2.4093132,-3.0158777
0.049634364,0.1580372,0.13425368,-4.2690215,1.4239091,3.4423192
-0.14611335,-0.014693907,0.016689071,-2.0287108,-4.0349793,3.801999
-0.09509738,-0.22130524,0.036417414,-1.4775856,-1.9649109,-3.2279224
-0.13839658,0.20168795,-0.072992235,-4.665,-2.6030383,-1.8569331
-0.5796348,-0.52127105,-0.2950966,-3.0440135,-1.0671313,2.0105834
0.14389619,0.07129412,-0.33602512,-2.0431674,-0.7479541,-1.4233665
-0.15712419,0.17149395,-0.1969588,-2.7090092,7.203313,-2.5353541
-0.15849885,-0.114329025,0.09088921,-3.0944464,-4.836425,-10.585767
-0.085009836,0.057056207,-0.049792174,0.7877819,8.387142,-4.490864
0.112157136,-0.6352063,0.14112864,-6.4669824,-5.563289,0.37488022
-0.14067158,-0.103517495,0.035822358,-2.624894,-0.961743,0.07463666
0.059583664,-0.041297838,-0.10111699,-0.34664023,6.535068,0.885621
-0.045581732,0.01974483,-0.34673846,-3.0292046,4.2522445,1.3993379
0.033605006,0.016578922,0.053689767,-7.2589474,4.278547,3.073378
0.04659201,-0.0064062076,-0.063292645,-0.15420486,0.55753917,-2.4029925
0.014073269,0.2633938,0.26546535,4.765602,5.1342998,2.5986767
0.04243864,-0.04301954,0.12534015,-3.5084507,-7.1406326,-0.8734972
