7.448169,-0.22424209,-0.5813688,0.35244042
7.701848,-0.2574966,-0.9657332,0.36404222
7.517455,-0.16361392,-0.76379967,0.3095184
7.5706954,-0.2523839,-0.7300842,0.34993118
7.7557983,-0.41270924,-0.89667606,0.5074126
7.482282,-0.34437448,-0.42429078,0.4249298
7.4687185,-0.3041088,-0.4632219,0.41661984
7.477832,-0.13376266,-0.6139085,0.28101963
7.448014,-0.17909235,-0.59065473,0.34489328
7.339754,-0.15461236,-0.35224766,0.28402907
7.5959263,-0.20423591,-0.91334176,0.40159422
7.670041,-0.26006222,-0.9857151,0.38657624
7.5329885,-0.26291424,-0.5697642,0.3896193
7.5780907,-0.19866025,-0.5501687,0.30608112
7.645172,-0.30305058,-0.7950115,0.40291113
7.495411,-0.24771607,-0.82805693,0.42508143
7.446675,-0.17992711,-0.5521064,0.31331724
7.284384,-0.18063599,-0.22622561,0.2742791
7.2104955,-0.13327986,-0.27581847,0.3023272
7.2673793,-0.13220292,-0.38127244,0.2836856
7.079996,0.017759562,-0.23276913,0.21194966
6.967354,-0.016710937,-0.05298233,0.2281746
7.0859404,-0.038026035,-0.1329239,0.20792457
6.995217,-0.08868432,0.09220064,0.22832765
7.0404024,-0.08339685,-0.11160505,0.22364812
7.256773,-0.12635744,-0.2565719,0.26619607
7.2655935,-0.18614876,-0.21154547,0.30426186
7.433185,-0.10918045,-0.4865604,0.27203593
7.5082273,-0.22787929,-0.7051129,0.3456251
7.399605,-0.20743436,-0.46788532,0.31340298
7.712034,-0.29109478,-0.99952424,0.36662126
7.682249,-0.2639482,-0.98962367,0.35971043
7.6236486,-0.27633476,-0.6524443,0.34619826
7.5656524,-0.26143706,-0.8447465,0.40861356
7.652746,-0.26745498,-0.7807417,0.3442396
7.451754,-0.17814165,-0.54810995,0.3418608
7.294549,-0.21708828,-0.5094093,0.35163724
7.5155067,-0.24482322,-0.56657565,0.35870963
7.4914093,-0.22118437,-0.6511797,0.33336633
7.4375134,-0.102125466,-0.47997493,0.28262332
7.4655266,-0.20868266,-0.60488164,0.3551524
7.3960257,-0.23088717,-0.38978374,0.3462329
7.4936967,-0.24422967,-0.6470444,0.38099676
7.285443,-0.19898117,-0.3796472,0.35088506
7.2673965,-0.18152404,-0.26135057,0.3251347
7.400023,-0.167247,-0.47965556,0.28562105
7.5102406,-0.2722944,-0.54302365,0.3557796
7.5994306,-0.22895938,-0.7607345,0.3703357
7.2877483,-0.17822212,-0.30956697,0.304936
7.447892,-0.26269162,-0.62161505,0.41624755
7.5268097,-0.19665688,-0.78269523,0.34477586
7.3868427,-0.19944507,-0.5260364,0.36715978
7.248678,-0.13446367,-0.32951754,0.31394506
7.2211094,-0.048146904,-0.34269977,0.20316751
7.3108788,-0.17562014,-0.579491,0.34767425
7.556039,-0.18257558,-0.73223215,0.34202826
7.489669,-0.28549135,-0.5997646,0.38455886
7.425541,-0.26781017,-0.49032164,0.39533222
7.556203,-0.2770322,-0.7544066,0.41558886
7.6917,-0.35752422,-0.9392459,0.4640699
7.6154118,-0.3406512,-0.75904584,0.4208622
7.701586,-0.36078924,-0.9915816,0.517835
7.783672,-0.39726102,-0.94195634,0.4266259
7.7681885,-0.3589667,-0.99945945,0.46062714
7.7681847,-0.3349545,-0.9407792,0.43169898
7.609184,-0.29440135,-0.8483299,0.4041493
7.7378025,-0.3774712,-0.8658092,0.46503186
7.6085296,-0.31595773,-0.68159384,0.40469128
7.645368,-0.25170314,-0.8804093,0.37064385
7.769266,-0.32256395,-0.97168833,0.41230786
7.6665144,-0.3740893,-0.8357373,0.46652263
7.596818,-0.29198545,-0.74217784,0.41601646
7.6726255,-0.29637432,-0.9188453,0.3946386
7.700457,-0.3144887,-0.937938,0.43208984
7.484449,-0.2372129,-0.60646623,0.32352814
7.5254917,-0.1920284,-0.5702983,0.2946448
7.3992996,-0.22545016,-0.46015692,0.32682312
7.498863,-0.32874984,-0.6063058,0.46162027
7.5014877,-0.26101774,-0.60215044,0.37560612
7.4269977,-0.2002986,-0.47220838,0.33135742
7.2191615,-0.075882554,-0.39820516,0.26057756
7.195962,-0.13415343,-0.14700353,0.2725605
7.2547545,-0.12301415,-0.2712636,0.28357288
7.1903896,-0.12639451,-0.35666418,0.30250946
7.0544233,-0.0723052,-0.062120378,0.21780534
7.1395955,-0.11528492,-0.1723218,0.27466738
6.8189635,-0.048207164,0.14648843,0.22928937
6.9952865,-0.09836316,-0.045504093,0.2751472
7.0292206,-0.094295144,0.014828086,0.24977362
7.177141,-0.022409916,-0.24758905,0.2202534
7.1021376,-0.04032892,-0.215478,0.2358233
7.20844,-0.07615137,-0.27251422,0.22849849
7.04889,-0.08152068,0.0041675568,0.22772957
7.0948696,-0.028369188,-0.19595325,0.20911506
7.095829,-0.0699026,-0.16133654,0.23154953
6.99539,-0.033927858,0.039957047,0.2143071
7.1648235,-0.056729376,-0.20132232,0.21671431
7.1739182,-0.016257286,-0.2710116,0.20355447
7.1589704,0.0041389465,-0.33708638,0.23353921
7.2940845,-0.086090446,-0.46963573,0.26296493
7.25334,-0.19773555,-0.13234818,0.30455008
7.355586,-0.09090638,-0.23429263,0.20463906
7.338951,-0.14163291,-0.36391723,0.2744141
7.2735915,-0.025881827,-0.6067277,0.2767843
7.348542,-0.21174985,-0.45494235,0.3199305
7.194973,-0.09088445,-0.20683658,0.23935516
7.143445,-0.035667777,-0.22480243,0.23347683
7.122426,-0.09655166,-0.12701559,0.25896952
7.319107,-0.12811852,-0.48036093,0.27549136
7.1982327,-0.070557356,-0.2745099,0.22664176
7.2667522,-0.1911397,-0.3536924,0.3727492
7.238273,-0.15983427,-0.37164086,0.30244678
7.4274354,-0.10974401,-0.5636358,0.2425138
7.627181,-0.18600005,-0.8311377,0.30242473
7.287652,-0.19406402,-0.35811543,0.29551017
7.194637,-0.20175433,-0.18921387,0.30161327
7.3330345,-0.18373173,-0.34460163,0.31596348
7.6227407,-0.28474176,-0.90466243,0.3996796
7.4888897,-0.30138284,-0.53029084,0.36613905
7.148205,-0.16279191,-0.21990293,0.3365895
7.7079573,-0.25924236,-0.87471545,0.35362202
7.6298943,-0.15873969,-0.85449374,0.357655
7.371126,-0.18718517,-0.5389592,0.30219734
7.401988,-0.14966923,-0.55200267,0.28679758
7.448489,-0.2479018,-0.62806517,0.36105227
6.93211,-0.06173688,0.1804161,0.21489117
7.1993318,-0.1628334,-0.21786952,0.2718615
7.3432965,-0.08497989,-0.46013868,0.25010133
7.2329607,-0.093201935,-0.42384303,0.29619104
7.298937,-0.20798242,-0.3491662,0.32430184
7.1787624,-0.16829288,-0.24599826,0.30594862
7.158292,-0.08117139,-0.056818545,0.25774786
7.09925,-0.1948809,0.08919525,0.32350814
7.0669694,-0.1359173,0.060275555,0.255745
7.0957475,-0.042334914,-0.17347145,0.22185409
7.166568,-0.08387995,-0.22448242,0.24926111
7.1267233,-0.08150518,-0.089803696,0.21705821
7.2689896,-0.12815863,-0.31021768,0.24675338
7.2700024,-0.16558027,-0.30613452,0.31257993
7.275648,-0.13173634,-0.29763383,0.2779324
7.1701355,-0.10449207,-0.18181992,0.24450329
7.2028174,-0.112283826,-0.23433697,0.2672358
7.132497,-0.074771404,-0.16763008,0.22817981
7.137789,-0.088836014,-0.108097374,0.24059582
7.38525,-0.2852893,-0.35484016,0.3729258
7.5993543,-0.27907163,-0.8538629,0.36411226
7.6908503,-0.3273009,-0.72225726,0.4024579
7.6768537,-0.27482367,-0.8214284,0.35736924
7.6205826,-0.26786375,-0.7258527,0.34836924
7.65845,-0.24266452,-0.91103494,0.35898268
7.7473555,-0.26002276,-0.98096246,0.3883592
7.634226,-0.26961505,-0.8894583,0.40505892
7.5574255,-0.27127224,-0.7072922,0.35613316
7.5612574,-0.31273752,-0.6918035,0.46571934
7.696616,-0.34053916,-0.8664472,0.4572245
7.7381606,-0.40594077,-0.83308554,0.5011067
7.722224,-0.2900414,-0.8701624,0.40183526
7.565118,-0.2775252,-0.65515053,0.40788442
7.731263,-0.29204255,-0.91181576,0.42144865
7.745718,-0.35963434,-0.93740106,0.44897735
7.6497326,-0.250861,-0.9066417,0.41049904
7.741908,-0.3647843,-0.8595335,0.44512194
7.6494126,-0.17167723,-0.83366466,0.31059188
7.6894875,-0.2582233,-0.8928596,0.3553083
7.7655888,-0.29655963,-0.8947375,0.37401468
7.668664,-0.3797987,-0.8644159,0.45018333
7.558565,-0.2594716,-0.8421879,0.39174813
7.7383776,-0.27297288,-0.9872179,0.36720526
7.553814,-0.2010355,-0.6289029,0.2934463
7.4725165,-0.037669063,-0.683103,0.21396346
7.331996,-0.049610198,-0.5503276,0.22380121
7.258053,-0.08818072,-0.43621647,0.26647255
7.2690578,-0.1462307,-0.20300043,0.27892712
7.304289,-0.11164373,-0.42305845,0.26747343
7.257743,-0.091787815,-0.31777,0.2402758
7.1679854,-0.09180039,-0.3624016,0.2819478
7.1561565,0.006925583,-0.30283564,0.20151486
7.205894,-0.13288397,-0.24629903,0.2903462
7.279408,-0.18627077,-0.27610618,0.28724137
7.3245006,-0.17021352,-0.49949133,0.33519542
7.1881714,-0.057282507,-0.24155438,0.23708706
7.282174,-0.08260608,-0.32832325,0.23142801
7.0265975,-0.10242498,0.0003566742,0.23669353
7.168545,-0.13026983,-0.30951387,0.3112607
7.1922092,-0.1933952,-0.17905545,0.30666214
7.4947386,-0.23853046,-0.6548201,0.36890203
7.3770113,-0.16964763,-0.45275807,0.32719257
7.2609744,-0.119615674,-0.22137618,0.25303936
7.270818,-0.083043516,-0.37863755,0.2687587
7.237873,-0.08199763,-0.33327097,0.2639385
7.1275363,-0.017637074,-0.24305397,0.23088461
7.135947,-0.06289631,-0.2076,0.24013364
7.1434755,-0.16423398,-0.13914233,0.27660483
7.346569,-0.15519112,-0.49811423,0.3315132
7.369311,-0.17579079,-0.539418,0.34705323
7.5213223,-0.18921548,-0.635438,0.32166383
7.6346684,-0.18658507,-0.8344214,0.3439721
7.5618324,-0.22072464,-0.89320403,0.4002009
7.562857,-0.37762737,-0.6083412,0.47403306
7.332629,-0.16955668,-0.3971699,0.26045382
7.1626444,-0.07826805,-0.18968904,0.27365318
7.275604,-0.20736963,-0.28491586,0.32618922
7.496132,-0.20158964,-0.57813674,0.31968117
7.3161325,-0.17105842,-0.40423918,0.24445358
7.584856,-0.2583995,-0.7099126,0.3567173
7.686754,-0.286431,-0.95578,0.39132524
7.6261077,-0.3325383,-0.79380083,0.4661271
7.7022142,-0.33253914,-0.97705257,0.43934405
7.7781534,-0.3721606,-0.9219845,0.4821676
7.8022137,-0.32352751,-0.9267403,0.38670117
7.6952877,-0.26108408,-0.9874661,0.37029576
7.7030935,-0.24626708,-0.84969324,0.33108145
7.530386,-0.29464287,-0.52146447,0.34891397
7.6039786,-0.32767528,-0.74044853,0.45386273
7.699416,-0.4026395,-0.73148525,0.5291016
7.7062125,-0.31419122,-0.96539456,0.44677222
7.6526084,-0.36864662,-0.87160254,0.45749575
7.498667,-0.28873587,-0.48007464,0.384645
7.6123695,-0.24924004,-0.9259232,0.3971657
7.477561,-0.21479124,-0.65907335,0.36648977
7.5873003,-0.19858336,-0.83660185,0.3427245
7.645505,-0.20848817,-0.83109,0.31791738
7.3948174,-0.2303049,-0.44322002,0.33052552
7.3830285,-0.17670828,-0.58070445,0.30461192
7.4985876,-0.22954482,-0.5326907,0.32687682
7.4914203,-0.23879546,-0.46119118,0.31365657
7.5259967,-0.25004816,-0.6028702,0.38593197
7.5042343,-0.3307857,-0.5706091,0.4562114
7.6002817,-0.20903242,-0.8582263,0.3476733
7.496601,-0.25455165,-0.5599882,0.3498003
7.2170973,-0.13042212,-0.31014675,0.22952464
7.6373878,-0.19980031,-0.90038276,0.32598338
7.450695,-0.25521374,-0.60193306,0.4153357
7.663529,-0.1619457,-0.845915,0.27245545
7.445534,-0.21263927,-0.68177813,0.33232737
7.445773,-0.26201582,-0.36425382,0.36900586
7.570795,-0.29037744,-0.7383121,0.41221267
7.6581683,-0.25662327,-0.992484,0.3970953
7.6373262,-0.30909538,-0.71568525,0.42609206
7.7605057,-0.2932238,-0.9566793,0.36629713
7.675347,-0.3328035,-0.86970377,0.45172942
7.547599,-0.2902872,-0.7867607,0.4220599
7.7171745,-0.3153954,-0.8943699,0.4245252
7.7829504,-0.38569123,-0.9570327,0.47206032
7.7100077,-0.26422673,-0.97600526,0.35805395
7.6694164,-0.35969114,-0.8105996,0.5167715
7.5419326,-0.24281073,-0.7565449,0.36501944
7.546463,-0.3474241,-0.65121216,0.48743755
7.5934677,-0.28558266,-0.94263226,0.4162468
7.5366955,-0.31439757,-0.7453927,0.3814593
7.3941836,-0.1668719,-0.5313761,0.29530153
7.229978,-0.111973524,-0.313398,0.28826222
7.207988,-0.11714047,-0.26466012,0.28361225
7.386843,-0.15672028,-0.43318236,0.2474153
7.4590473,-0.17839074,-0.7194469,0.34165663
7.636402,-0.2944159,-0.9999651,0.41227463
7.721259,-0.32372874,-0.8849065,0.3702551
7.456833,-0.2657646,-0.6546725,0.40631214
7.5022793,-0.15635544,-0.8654593,0.34829372
7.4795027,-0.19518894,-0.63724744,0.3116343
7.6316185,-0.25800776,-0.8083577,0.3503837
7.354002,-0.23541838,-0.41780853,0.35693207
7.318678,-0.19079053,-0.4480365,0.31846467
7.581184,-0.24392128,-0.48552018,0.3503489
7.4577484,-0.24145514,-0.61493146,0.39864612
7.2659216,-0.17164695,-0.2561221,0.29317948
7.360136,-0.11046356,-0.47245353,0.2812838
7.4727683,-0.21113944,-0.44292623,0.3208008
7.355957,-0.28471297,-0.42263222,0.36697748
7.59829,-0.28643447,-0.7282435,0.42074633
7.641706,-0.19985378,-0.897224,0.3035463
7.5861335,-0.3270645,-0.88087916,0.49836195
7.5967026,-0.3212359,-0.8243182,0.40057662
7.6397085,-0.29474682,-0.97209674,0.41723973
7.709003,-0.3320865,-0.98703045,0.46226013
7.5876455,-0.26893818,-0.7839515,0.39954793
7.6883755,-0.33579415,-0.80984557,0.41525412
7.6067696,-0.37703478,-0.6467327,0.4675246
7.3520737,-0.13272268,-0.47946388,0.25765252
7.2560306,-0.14115131,-0.2526332,0.26684552
7.3197966,-0.06115496,-0.46506345,0.2464379
7.2647524,-0.18380594,-0.37649596,0.32427484
7.5155945,-0.17664254,-0.91163534,0.3394907
7.4540052,-0.31336856,-0.3659426,0.37613195
7.399514,-0.08643466,-0.71982366,0.299269
7.671892,-0.21228182,-0.8575895,0.3416412
7.709226,-0.33668226,-0.989166,0.40340304
7.7209573,-0.29962426,-0.8563254,0.38224378
7.6050215,-0.2691728,-0.8865479,0.42204237
7.534527,-0.29717118,-0.58677435,0.38725024
7.3715525,-0.27084357,-0.40441394,0.4100412
7.5750146,-0.21605188,-0.7287837,0.32723287
7.726074,-0.32837445,-0.9277629,0.43255797
7.6060104,-0.21791333,-0.6302806,0.28731203
7.4088144,-0.20372373,-0.5524572,0.31281948
7.4910927,-0.16536558,-0.46649873,0.3062808
7.4638567,-0.27076262,-0.5609795,0.37641037
7.5328417,-0.16479325,-0.6623739,0.26851973
7.6139703,-0.29271173,-0.6451355,0.41411057
7.6545286,-0.3042556,-0.9037864,0.42287588
7.6131287,-0.31844378,-0.79152787,0.42614347
7.7087326,-0.32474852,-0.9380566,0.4077829
7.57915,-0.258686,-0.7718254,0.3698691
7.28249,-0.06593096,-0.47375453,0.2658537
7.351939,-0.17295617,-0.42502892,0.3092965
7.3280935,-0.2001409,-0.4333403,0.26029077
7.212835,-0.1451438,-0.2411809,0.27463776
7.430067,-0.22069353,-0.48669738,0.35825157
7.40356,-0.18964237,-0.4850477,0.30553627
7.411859,-0.195822,-0.5250052,0.35259986
7.4787655,-0.1990447,-0.5548389,0.2997866
7.4214344,-0.14989203,-0.41454005,0.23998085
7.489056,-0.10123044,-0.58043116,0.26582733
7.3991585,-0.2561823,-0.5843461,0.3909075
7.353077,-0.20045573,-0.3593657,0.33834136
7.4088926,-0.20073467,-0.67752635,0.39781773
7.4675,-0.20864964,-0.6695413,0.33227724
7.5017314,-0.21350437,-0.6273886,0.3055234
7.2079306,-0.13979334,-0.24748206,0.29282978
7.2922297,-0.0890035,-0.39128578,0.23538004
7.472308,-0.2058568,-0.569115,0.33635968
7.2256365,-0.2457676,-0.13478601,0.36375153
7.294201,-0.21493083,-0.35096437,0.33044255
7.394113,-0.19285846,-0.50404394,0.33061302
7.3653383,-0.18465889,-0.49674904,0.34530404
7.669911,-0.19896454,-0.9736817,0.31344146
7.5675163,-0.33515495,-0.5604968,0.44731238
7.755305,-0.37974918,-0.88543147,0.42253083
7.6256285,-0.43638515,-0.5680454,0.4903546
7.711937,-0.28996295,-0.9194759,0.37990144
7.5142493,-0.27668244,-0.71126604,0.3741737
7.502483,-0.21843833,-0.5952617,0.34324548
7.4054413,-0.10813099,-0.55893624,0.25779772
7.494095,-0.1678955,-0.6983273,0.30069175
7.135565,-0.16471148,-0.12868178,0.31482193
7.0654125,-0.003939986,-0.2642539,0.21841486
7.2632985,-0.10221952,-0.34791076,0.2535934
7.152062,-0.08368564,-0.15189642,0.2668942
7.1482573,-0.047319055,-0.25107777,0.24087806
7.1926956,-0.19644648,-0.04639584,0.2982292
7.1472807,-0.10051638,-0.23777461,0.27710944
7.2884674,-0.14936376,-0.321303,0.2842311
7.4907184,-0.24153537,-0.58411074,0.36408174
7.1735454,-0.09404904,-0.3248927,0.30873677
7.0759645,-0.050073147,-0.019319057,0.20681737
7.1018095,-0.13625062,-0.06636721,0.28035152
7.138541,-0.10906941,-0.11068714,0.2411523
7.272707,-0.25903946,-0.19930017,0.3670271
7.2554398,-0.20181447,-0.17198116,0.31925976
7.3635874,-0.1753174,-0.5934324,0.32120615
7.290963,-0.08456892,-0.4165761,0.2557888
7.0920734,-0.06570804,-0.12503111,0.20096399
7.2587175,-0.07325739,-0.393099,0.24417703
7.3589516,-0.21532512,-0.3582409,0.34405583
7.515661,-0.23205715,-0.69304466,0.34320948
7.4951825,-0.2505591,-0.6810692,0.3546476
7.575524,-0.26444805,-0.8463986,0.41774422
7.6227665,-0.29988062,-0.7576455,0.4064582
7.7230754,-0.34046805,-0.9625197,0.4789062
7.8007717,-0.38362813,-0.9677378,0.46394283
7.6539607,-0.34274155,-0.931776,0.43347055
7.783375,-0.43576103,-0.92617476,0.47094893
7.6629114,-0.35783452,-0.96310157,0.5066063
7.680974,-0.3107596,-0.99763477,0.42041266
7.6848474,-0.33329827,-0.84365046,0.41914836
7.6433115,-0.2727247,-0.96603185,0.429001
7.687607,-0.36168647,-0.92440844,0.49739665
7.775916,-0.36467332,-0.96903616,0.4211625
7.7841344,-0.28411376,-0.99180037,0.34480417
7.5727925,-0.28789842,-0.6561824,0.385081
7.4776,-0.29496986,-0.65164644,0.41829848
7.715545,-0.26337737,-0.93356127,0.365066
7.7314243,-0.35187,-0.88316447,0.42117852
7.5853343,-0.25193167,-0.7790319,0.39690918
7.386508,-0.21294421,-0.5867,0.39177263
7.5424504,-0.24925596,-0.5825772,0.30876106
7.5340796,-0.34369826,-0.5593117,0.39746344
7.822583,-0.38073635,-0.9446722,0.44902265
7.6530313,-0.3439715,-0.76076174,0.4153015
7.5079107,-0.17361814,-0.66311824,0.31075606
7.4298706,-0.23006678,-0.51950914,0.3278675
7.489496,-0.17388695,-0.6301125,0.28869173
7.672004,-0.17848057,-0.9132446,0.29700482
7.5794888,-0.25128216,-0.6673089,0.3211638
7.757535,-0.19639432,-0.9887505,0.28612033
7.645553,-0.21071076,-0.9101546,0.3370769
7.7331324,-0.3016768,-0.8422857,0.41866758
7.5716023,-0.23534155,-0.7811397,0.3295067
7.592753,-0.23171574,-0.7587369,0.35271275
7.6128263,-0.18511611,-0.789675,0.32567498
7.5010242,-0.2989022,-0.50918776,0.3557961
7.426325,-0.105119705,-0.52029335,0.25958335
7.292762,-0.08094585,-0.4471979,0.24506882
7.045928,-0.14174867,-0.061763167,0.26380596
6.9709673,-0.016106308,-0.014791608,0.22702783
7.012544,-0.04393649,0.001816392,0.21157771
7.094867,-0.0856511,-0.16129148,0.2583959
7.2597904,-0.15500575,-0.2927547,0.31820822
7.257654,-0.1472767,-0.24858844,0.25047347
7.4990067,-0.11469501,-0.7628187,0.2939834
7.3708353,-0.21901476,-0.2616874,0.32083943
7.339674,-0.19430077,-0.31065804,0.3068396
7.544135,-0.16955781,-0.6882863,0.30688915
7.5906267,-0.25267696,-0.7637113,0.34062308
7.562695,-0.1926719,-0.6455517,0.28511232
7.527996,-0.27807653,-0.78242254,0.39877856
7.6068587,-0.29203886,-0.8652196,0.42126346
7.614585,-0.32511562,-0.74376225,0.41622233
7.497139,-0.185669,-0.73771346,0.33886948
7.3652368,-0.12827307,-0.43374646,0.2862823
7.5075855,-0.24688482,-0.5815648,0.35156673
7.414273,-0.19379467,-0.66724133,0.30393952
7.43285,-0.19003564,-0.6132096,0.32318902
7.45927,-0.1744371,-0.65974575,0.31836239
7.29323,-0.26474565,-0.40711653,0.38030273
7.3606167,-0.12754864,-0.47726834,0.28649318
7.345293,-0.17894185,-0.42790955,0.32461727
7.345761,-0.2525983,-0.49484956,0.35229117
7.478014,-0.09003192,-0.62413305,0.24531907
7.7268543,-0.15788478,-0.99902904,0.32074866
7.7991037,-0.34692383,-0.9370256,0.41768456
7.700745,-0.38571453,-0.87253714,0.44630206
7.7496266,-0.39369315,-0.94454885,0.48844278
7.5689015,-0.2747296,-0.66307044,0.3973389
7.4564443,-0.26168233,-0.5196234,0.34623182
7.5097275,-0.21347511,-0.7433721,0.3499331
7.6206493,-0.19563878,-0.96748054,0.34253448
7.480107,-0.2068485,-0.55932814,0.32737598
7.694762,-0.19060504,-0.96184736,0.32307917
7.3120804,-0.16098207,-0.43136513,0.29777837
7.7693553,-0.27665138,-0.94152987,0.3631459
7.571882,-0.26431167,-0.74519956,0.37418073
7.6140127,-0.26923442,-0.835554,0.38603354
7.500975,-0.31112474,-0.56066513,0.4411967
7.6305504,-0.27003443,-0.8809827,0.36997992
7.62134,-0.1979692,-0.9721576,0.34980327
7.6391726,-0.33508122,-0.7920613,0.44915846
7.651024,-0.29982632,-0.8381387,0.38106114
7.6835933,-0.2775191,-0.8811679,0.39481276
7.607537,-0.25921094,-0.6152416,0.36228627
7.7048845,-0.3117339,-0.8014669,0.42672735
7.603345,-0.29342622,-0.7312455,0.4073328
7.606407,-0.27240223,-0.7669515,0.3639356
7.4228354,-0.22611141,-0.61662215,0.31967926
7.5437355,-0.17101246,-0.7628531,0.2999343
7.355816,-0.22649741,-0.49286765,0.37669227
7.4182167,-0.24412596,-0.3540895,0.36052954
7.725689,-0.30333996,-0.9120942,0.4145888
7.5633507,-0.24262702,-0.69573295,0.32688293
7.605754,-0.1950903,-0.69214,0.3253789
7.394314,-0.23545402,-0.5183768,0.38135946
7.5579195,-0.16142154,-0.7707429,0.34417862
7.4162097,-0.081115246,-0.63722384,0.26840675
7.262473,-0.12288302,-0.3511935,0.25022635
7.0539384,-0.029695272,-0.054065466,0.21597144
7.184037,-0.12400544,-0.26597875,0.32300118
7.545841,-0.29026836,-0.65776455,0.37883317
7.6534224,-0.28907615,-0.89694047,0.37305662
7.4381447,-0.17391032,-0.58303726,0.34443521
7.4014063,-0.23097163,-0.53964305,0.33349884
7.745407,-0.34333795,-0.881019,0.4717456
7.559586,-0.32754964,-0.7223798,0.44052708
7.5293784,-0.2835673,-0.6640963,0.40685445
7.490649,-0.2516296,-0.5386816,0.3550548
7.4305015,-0.22612995,-0.5091456,0.3943286
7.269885,-0.020670414,-0.40966594,0.2168011
7.1008854,-0.06615102,-0.15566361,0.2357615
6.9163766,0.013109922,0.093847394,0.20024548
6.835861,-0.0852173,0.19093752,0.26700816
6.995402,-0.07963574,0.17933631,0.24151114
6.9200087,-0.01272887,0.13272929,0.20129158
7.0470915,-0.07808846,-0.070176005,0.22554575
7.1823845,-0.13721979,-0.27333862,0.30179465
7.056672,-0.13698322,-0.24782813,0.30080903
7.2096443,-0.054110527,-0.3127994,0.23478131
7.1363163,-0.037692785,-0.07836354,0.2186921
7.156591,-0.046377003,-0.2262941,0.21452072
7.219285,-0.08085048,-0.2562387,0.24056515
7.2575245,-0.09071171,-0.32104897,0.2561087
7.096875,-0.061798394,-0.23978025,0.24726957
7.392666,-0.15374029,-0.30867922,0.2872582
7.4656553,-0.22247857,-0.63146245,0.33074543
7.3151717,-0.10438967,-0.39195383,0.29169506
6.988077,-0.012605011,-0.11982143,0.20038137
7.3084197,-0.09281051,-0.39319193,0.22479083
7.3187475,-0.10941291,-0.3313905,0.25157034
7.419857,-0.1643982,-0.57639027,0.28205103
7.5246387,-0.18246526,-0.73648864,0.31791103
7.507909,-0.28254348,-0.5533776,0.3498806
7.292282,-0.20770884,-0.39097214,0.34158885
7.222206,-0.18632501,-0.29470873,0.32593757
7.070545,-0.14909309,-0.019233942,0.2856013
7.132653,-0.05359471,-0.1719513,0.21942577
7.389832,-0.049213886,-0.6073941,0.22400995
7.2326946,-0.19119257,-0.2738214,0.33208108
7.3378334,-0.1696747,-0.43960112,0.3069713
7.5427623,-0.1438976,-0.7548007,0.31736887
7.216387,0.006471634,-0.40110052,0.2171443
7.187219,-0.13928384,-0.28048486,0.24840349
7.5221443,-0.22951841,-0.56417626,0.35640717
7.1431026,0.0041474104,-0.23690164,0.21242401
7.040306,-0.055970132,-0.07349229,0.22201581
7.1547537,-0.07808745,-0.16165,0.2529047
7.2854805,-0.11794287,-0.39170176,0.2846846
7.0904174,-0.01109159,-0.30392373,0.22286806
7.022378,-0.03745252,-0.13120222,0.22988401
7.078206,-0.03147936,-0.19160986,0.20271459
7.0077934,-0.077887535,-0.082825065,0.26078984
6.983216,-0.06851798,0.011695385,0.22512026
7.181511,-0.15032089,-0.13388431,0.29857367
7.404917,-0.23594785,-0.27113485,0.29878223
7.3511047,-0.20292145,-0.36941683,0.27947706
7.557704,-0.28703165,-0.64310634,0.40144557
7.4518027,-0.15491521,-0.6410489,0.3050937
7.4874153,-0.17374736,-0.6435727,0.29927033
7.572794,-0.22696269,-0.6855094,0.31657457
7.7022896,-0.20381331,-0.9708804,0.3336845
7.568782,-0.28646243,-0.7531799,0.39776865
7.6133213,-0.23031056,-0.78801143,0.33711654
7.657286,-0.29884005,-0.679071,0.36878133
7.4746532,-0.24812603,-0.51203644,0.3953247
7.5529423,-0.25279725,-0.8963673,0.37857744
7.5053606,-0.12609369,-0.628073,0.27346706
7.4299154,-0.154239,-0.54541636,0.31738442
7.455385,-0.2721334,-0.5020695,0.36623168
7.7131643,-0.313572,-0.95658165,0.42820793
7.66646,-0.33877587,-0.7584998,0.45666713
7.7325554,-0.3212449,-0.9677464,0.43719828
7.6293435,-0.3057928,-0.92919475,0.42055923
7.7814093,-0.380804,-0.93530023,0.45823365
7.772702,-0.24107343,-0.9408088,0.31633148
7.6465006,-0.35242045,-0.80003667,0.44094938
7.6680164,-0.36143094,-0.9455642,0.47155982
7.529837,-0.31684446,-0.55000216,0.4109093
7.61312,-0.22760946,-0.8240348,0.32825875
7.488832,-0.2772557,-0.6087838,0.39005604
7.325392,-0.18620223,-0.39289826,0.31121153
7.332245,-0.20382166,-0.41931427,0.3323443
7.538408,-0.18297744,-0.6594064,0.28371578
7.369406,-0.17062664,-0.50888765,0.29270262
7.3088026,-0.17500818,-0.3791831,0.27765018
7.4676757,-0.19798094,-0.6451256,0.32147768
7.5042048,-0.24851632,-0.587825,0.36398005
7.426562,-0.2758544,-0.63112247,0.40511745
7.6231327,-0.33808386,-0.56263,0.37107536
7.7034388,-0.33693784,-0.9350787,0.4451764
7.6824236,-0.36340022,-0.95407754,0.5212142
7.6300573,-0.31115282,-0.7220744,0.36684266
7.6061034,-0.29977602,-0.74610245,0.384318
7.807082,-0.36260337,-0.97483695,0.44018883
7.707225,-0.29054332,-0.9237741,0.43144715
7.758201,-0.36120737,-0.7935518,0.42250207
7.6523333,-0.31390893,-0.8174789,0.38090703
7.5821395,-0.24161702,-0.9427246,0.38345844
7.728596,-0.13936216,-0.9227,0.28442204
7.5657473,-0.13213903,-0.7233838,0.25000918
7.4315586,-0.13951606,-0.43319023,0.2456643
7.473372,-0.24647522,-0.5912976,0.33605772
7.5212383,-0.29038823,-0.48015487,0.34727043
7.6123314,-0.2558493,-0.7930788,0.36470956
7.5665007,-0.26224083,-0.77299345,0.39500648
7.630224,-0.2961133,-0.7252759,0.40517277
7.7634554,-0.37347054,-0.94528306,0.44018787
7.5856524,-0.17640585,-0.79679346,0.27796203
7.5778933,-0.29271758,-0.7653402,0.41873398
7.5754604,-0.3561986,-0.7216361,0.43701047
7.7412024,-0.30627108,-0.9109194,0.43125033
7.676732,-0.32940012,-0.8580737,0.38858178
7.7083373,-0.44545478,-0.91697025,0.56429124
7.554548,-0.37176317,-0.5990633,0.46172482
7.432646,-0.21645916,-0.64966565,0.35836357
7.291376,-0.15297192,-0.3271597,0.26546612
7.180924,-0.10724133,-0.24849916,0.29907393
7.041294,-0.10525304,-0.12071872,0.2907906
7.1603465,-0.023256421,-0.33478808,0.2222614
7.119768,-0.045021832,-0.2033605,0.22947012
7.0343657,-0.07050365,0.044449925,0.2191714
7.021313,-0.05885756,0.042526722,0.2613588
7.1622844,-0.06610584,-0.23704672,0.24258053
7.193322,-0.11479682,-0.11447072,0.2338626
7.047784,-0.056331754,-0.065928936,0.22565448
6.903804,0.010541797,-0.017583847,0.21299468
6.923155,-0.01134479,-0.017417312,0.2085629
7.0274863,-0.024484217,-0.059897006,0.21842572
6.9650803,-0.04128474,0.079628944,0.2012455
6.989182,-0.03388673,0.022504449,0.2301622
6.98542,-0.042895675,-0.004570961,0.2269415
7.1574726,-0.06982106,-0.21045655,0.20633523
7.3836265,-0.14989543,-0.74229527,0.28803343
7.603466,-0.2622909,-0.7846838,0.39454067
7.614389,-0.3119899,-0.8438437,0.45143884
7.6406517,-0.331738,-0.7816338,0.40972805
7.556744,-0.29723048,-0.75550467,0.44423622
7.5808067,-0.22088468,-0.75719666,0.37368557
7.5819883,-0.28184325,-0.6474037,0.38099405
7.55497,-0.24098259,-0.7380611,0.3934496
7.48513,-0.14467466,-0.7343035,0.29559964
7.4917393,-0.18405241,-0.7081046,0.31732595
7.4664574,-0.25524527,-0.58463764,0.3847381
7.527979,-0.26038748,-0.7629043,0.4317643
7.4314737,-0.3059898,-0.43814933,0.38521928
7.426162,-0.24924022,-0.5324458,0.38469124
7.440727,-0.24023288,-0.60754585,0.3892422
7.4369917,-0.16179371,-0.5673118,0.28407267
7.2731514,-0.25850117,-0.070180416,0.37043396
7.443799,-0.20019901,-0.5603914,0.32382664
7.162083,-0.10255349,-0.18141711,0.27339697
7.185409,-0.08120382,-0.30696,0.24430811
7.3708525,-0.10973996,-0.5890176,0.28060406
7.6162634,-0.28822118,-0.7733568,0.36811507
7.5930543,-0.31110913,-0.8488151,0.46056634
7.559533,-0.32147092,-0.6126085,0.40928072
7.785492,-0.35706967,-0.99982065,0.49427122
7.708252,-0.40916198,-0.9232009,0.5212761
7.803854,-0.472488,-0.9446934,0.59082663
7.7185783,-0.42784792,-0.7998849,0.5133217
7.7881365,-0.3272305,-0.9885068,0.42920357
7.7144465,-0.27353406,-0.8920283,0.36013258
7.6989427,-0.35476363,-0.847097,0.44572306
7.6789007,-0.36454403,-0.7693424,0.4109936
7.617874,-0.30978107,-0.9491575,0.43954116
7.691119,-0.34193605,-0.9002545,0.4829116
7.7223816,-0.36606568,-0.9131787,0.4690423
7.708839,-0.3320979,-0.8913244,0.42732468
7.686018,-0.35881144,-0.90231866,0.4530688
7.6545863,-0.26789778,-0.8410435,0.39362806
7.4161615,-0.12958717,-0.65928674,0.296731
7.320757,-0.12753499,-0.35913962,0.26541874
7.1489267,-0.1403051,-0.0989328,0.29894143
7.365504,-0.113847494,-0.5864172,0.27754894
7.72036,-0.1866259,-0.8181102,0.31944102
7.8297157,-0.21209687,-0.99549085,0.33286297
7.5178695,-0.22552937,-0.5612682,0.34760106
7.3783607,-0.20295209,-0.4140383,0.3590768
7.425811,-0.20768142,-0.6750435,0.35788378
7.459797,-0.2548669,-0.70949745,0.41110197
7.493393,-0.2582866,-0.66038835,0.36833656
7.36709,-0.09424257,-0.62548125,0.2781397
7.45426,-0.19808888,-0.5354827,0.33385274
7.5107217,-0.26127166,-0.9372331,0.40312076
7.580443,-0.31416726,-0.5981889,0.40400147
7.4099746,-0.2106362,-0.33654374,0.31875795
7.427265,-0.20617014,-0.50405574,0.30721343
7.4396114,-0.2473408,-0.5594915,0.3606537
7.612869,-0.30586284,-0.7454606,0.38753167
7.7501373,-0.3680477,-0.97557914,0.4630339
7.7722125,-0.35637832,-0.8976406,0.42793632
7.4697714,-0.2966069,-0.51157933,0.40569353
7.629588,-0.32391822,-0.62044656,0.38100994
7.4240975,-0.16007751,-0.51078343,0.3108181
7.2788754,-0.22395086,-0.33436495,0.37175363
7.3622255,-0.2109186,-0.52954996,0.33598495
7.3680396,-0.22186023,-0.3849814,0.33356452
7.2819653,-0.15791947,-0.3795544,0.31533876
7.467575,-0.22239542,-0.5184082,0.33991864
7.48551,-0.2123872,-0.5793389,0.3269412
7.4341183,-0.22417927,-0.57052135,0.38182318
7.2761455,-0.18727285,-0.2103281,0.30567676
7.47826,-0.23004574,-0.46801198,0.32593745
7.325532,-0.15504831,-0.38715804,0.30622435
7.558402,-0.20816964,-0.8181538,0.34805578
7.427844,-0.20058405,-0.46511674,0.30654427
7.564243,-0.15290976,-0.7653337,0.2729841
7.6055636,-0.25638783,-0.83265156,0.36657828
7.6723366,-0.30840486,-0.7812369,0.3721866
7.7629647,-0.34848547,-0.88576436,0.47104996
7.731673,-0.3850311,-0.84826237,0.47923434
7.73511,-0.3559957,-0.89476866,0.46674162
7.5885196,-0.34508663,-0.82473814,0.47206527
7.7377167,-0.37672728,-0.87159514,0.4641477
7.758004,-0.40495557,-0.82749444,0.48261064
7.741595,-0.35868585,-0.91075623,0.45073736
7.6499343,-0.22177571,-0.8627845,0.38699478
7.428462,-0.28753948,-0.44481587,0.39091462
7.5187488,-0.26263922,-0.72174615,0.39049536
7.5043,-0.2433821,-0.71111727,0.36619532
7.4641104,-0.24656802,-0.6093348,0.36301833
7.5656433,-0.15492517,-0.77831924,0.29519606
7.6271863,-0.14747196,-0.8340459,0.2829915
7.6490245,-0.22669715,-0.7605467,0.33975443
7.547098,-0.16789216,-0.84016454,0.35223395
7.67552,-0.23531854,-0.8551915,0.3337888
7.609498,-0.21713799,-0.716046,0.38274792
7.5718336,-0.3073879,-0.7230117,0.39335662
7.6262836,-0.20506239,-0.92085195,0.33351827
7.673497,-0.21954274,-0.9993162,0.3318656
7.5980234,-0.17613202,-0.7477958,0.31163442
7.3979726,-0.14558864,-0.5469754,0.3209301
7.2517333,-0.26334077,-0.05809474,0.3437845
7.1809964,-0.110556245,-0.27792734,0.2679289
7.3044863,-0.18589532,-0.4135419,0.32086286
7.2768917,-0.06865376,-0.32231945,0.23668776
7.272427,-0.13993824,-0.35169464,0.31873825
7.2789917,-0.09488106,-0.34503025,0.2383109
7.199162,-0.05109501,-0.17645216,0.23258935
7.1024127,-0.069177926,-0.05716443,0.23962913
7.1391373,-0.06848806,-0.2348808,0.22881043
7.069828,-0.04123777,-0.06307489,0.21133493
7.1112785,-0.0494141,-0.1928016,0.20894626
7.1259813,-0.072342575,-0.290591,0.26900268
7.0802507,-0.010052264,-0.10990822,0.22972646
7.1258583,-0.04938501,-0.045775414,0.202124
7.1216516,-0.089405715,-0.078112006,0.23932883
7.1518774,-0.021820366,-0.33483732,0.2391476
7.1647725,-0.097773254,-0.2281524,0.23637603
7.3833103,-0.1652,-0.44766963,0.29163525
7.2907877,-0.17110455,-0.436252,0.3187334
7.3122,-0.14746547,-0.48299474,0.3035858
7.6608634,-0.35154825,-0.76936996,0.42674077
7.686141,-0.26106232,-0.8561045,0.36247307
7.594778,-0.26595086,-0.77002656,0.35087305
7.4578047,-0.2625785,-0.5089181,0.36325336
7.665626,-0.23071647,-0.8353449,0.33030283
7.365027,-0.24628407,-0.35022777,0.32147422
7.518226,-0.17625141,-0.74096775,0.3389042
7.303875,-0.10830009,-0.41949224,0.27273017
7.336179,-0.18362224,-0.19442523,0.28573188
7.1920347,-0.11840695,-0.23890245,0.3058055
7.373436,-0.21409446,-0.330419,0.28638965
7.184686,-0.19330227,-0.079133034,0.32525045
7.2122107,-0.073687196,-0.3294171,0.24488899
7.0735803,-0.0030738115,-0.122998595,0.20546721
7.3393393,-0.15210861,-0.38036823,0.2572646
7.2954044,-0.09179205,-0.36990142,0.22760537
7.2043905,-0.11302763,-0.34879297,0.27443916
7.2530193,-0.076284945,-0.3105657,0.21518639
7.2074385,-0.12768859,-0.21153337,0.26769117
7.0802364,-0.042257607,-0.10627842,0.2216031
6.9888306,-0.056490123,8.440018e-05,0.24570976
7.0469584,-0.09367365,-0.0121946335,0.25500593
7.1676903,-0.0798763,-0.22200167,0.23094909
6.956606,-0.037456512,-0.055562854,0.23703037
7.0017233,-0.06563252,0.053517103,0.25292006
7.1292973,-0.09780949,-0.13118386,0.23622622
7.2990384,-0.12465298,-0.48808062,0.31717253
7.362342,-0.25801897,-0.402766,0.3877508
7.438836,-0.20298111,-0.56335413,0.34689024
7.5266027,-0.3322296,-0.5722189,0.39246163
7.5650454,-0.30579442,-0.8115627,0.41851473
7.5311136,-0.28989506,-0.68892765,0.41894093
7.5512466,-0.2953815,-0.67482597,0.43324673
7.522575,-0.18421,-0.7143468,0.31850532
7.4827957,-0.24794877,-0.59725314,0.37716544
7.612028,-0.33562624,-0.5751647,0.41144395
7.6083403,-0.30617988,-0.63077545,0.37724352
7.634904,-0.30630195,-0.8409668,0.4106475
7.6402836,-0.32529235,-0.73987585,0.40705258
7.5953417,-0.3562808,-0.6791537,0.44078124
7.658373,-0.27760273,-0.87100273,0.38065696
7.543021,-0.31264424,-0.62828416,0.41489655
7.759178,-0.40180182,-0.99348956,0.51695615
7.6394434,-0.3584432,-0.7786201,0.4248975
7.784542,-0.3944946,-0.89143664,0.4348492
7.4137564,-0.26269472,-0.52288795,0.43976295
7.6322374,-0.23243767,-0.91806334,0.36623093
7.7762957,-0.31172287,-0.9090934,0.40463978
7.564623,-0.26223487,-0.7654249,0.41294813
7.6088223,-0.1794908,-0.78301066,0.28187293
7.6424932,-0.2911027,-0.9239132,0.42581862
7.729521,-0.3683089,-0.76232624,0.40697098
7.3580956,-0.18265891,-0.41043246,0.31629926
7.5483885,-0.25400037,-0.75454116,0.37945065
7.5219364,-0.31781662,-0.6032232,0.41099453
7.563281,-0.23376095,-0.64880204,0.34988096
7.5536957,-0.1761511,-0.87875116,0.33430114
7.5827885,-0.25595254,-0.62518865,0.35330176
7.6701508,-0.2919368,-0.95451117,0.3754514
7.5740833,-0.3642468,-0.6554566,0.48475808
7.6825585,-0.34608394,-0.8509272,0.40576696
7.5928655,-0.30337685,-0.7566885,0.3815965
7.679264,-0.18065059,-0.9601163,0.3101989
7.54511,-0.3285299,-0.8853388,0.45193094
7.518626,-0.27154124,-0.57042134,0.36831057
7.50928,-0.20513707,-0.6484309,0.3175928
7.3372746,-0.20496416,-0.4033631,0.32655084
7.2692313,-0.23702264,-0.27569854,0.36049324
7.650414,-0.23503071,-0.92247814,0.348895
7.5261674,-0.17882425,-0.75353575,0.287277
7.2660155,-0.13520288,-0.4542396,0.27175567
7.2680073,-0.10642594,-0.38477474,0.26012158
7.133351,-0.12045449,-0.17064309,0.26745805
7.03442,-0.12558848,-0.02796799,0.25907564
7.1774406,-0.10814041,-0.2637589,0.28441596
7.340638,-0.18810165,-0.43888915,0.31951264
7.3711405,-0.22291625,-0.37585044,0.31942385
7.5674987,-0.30083752,-0.78344715,0.39339298
7.7232623,-0.21377319,-0.95858157,0.36126858
7.7921286,-0.33523196,-0.9680731,0.40786445
7.6370277,-0.31741208,-0.8252406,0.43114462
7.657841,-0.28243303,-0.861896,0.33553112
7.602153,-0.23775077,-0.7587653,0.31859678
7.5352936,-0.24916035,-0.5895641,0.33972454
7.333373,-0.18352556,-0.3521914,0.33517975
7.4173865,-0.23918486,-0.57931006,0.40166163
7.74473,-0.20394236,-0.9184763,0.29681745
7.7748523,-0.33833468,-0.9448553,0.43434733
7.647736,-0.27461803,-0.9061499,0.42678702
7.601341,-0.2630663,-0.8222096,0.3887994
7.521862,-0.2068944,-0.73656654,0.3632921
7.581914,-0.06364906,-0.8080337,0.23230547
7.499695,-0.12304515,-0.65428567,0.24289231
7.6508336,-0.21895933,-0.95297134,0.33057854
7.446922,-0.2111957,-0.50167316,0.332556
7.3216233,-0.25352943,-0.34446734,0.365853
7.4065785,-0.14076453,-0.5761421,0.3054547
7.36086,-0.24818629,-0.3591647,0.3314556
7.6286316,-0.2685427,-0.78521603,0.3917829
7.696411,-0.22789252,-0.93932086,0.3721234
7.62729,-0.11656886,-0.8885752,0.24624757
7.423344,-0.044389963,-0.56489354,0.21903788
7.505254,-0.080626965,-0.6197844,0.22482643
7.332087,-0.1183939,-0.5981076,0.3086887
7.3052807,-0.16388929,-0.36632878,0.29294497
7.1543384,-0.12115544,-0.17391592,0.2726615
7.0559974,-0.021287084,-0.13776386,0.21190827
6.9705243,-0.04210919,-0.091573894,0.2124514
6.9861507,-0.02168727,0.004604459,0.22817089
7.013584,-0.006063819,-0.08312172,0.20457065
7.0994134,-0.039580345,-0.17505193,0.22575222
7.0969677,-0.041845202,-0.10475433,0.21101484
6.9532,-0.048345625,-0.0236758,0.22284284
6.9839296,-0.033137977,-0.05319512,0.21744515
7.189556,-0.032686412,-0.21353626,0.20376903
6.9689302,-0.032599032,0.018866539,0.20029874
7.0929956,-0.11320895,-0.105671585,0.26658902
7.274756,-0.103590906,-0.34794647,0.2571066
7.3764324,0.025248766,-0.5802319,0.21371967
7.326434,-0.08782214,-0.57483625,0.27088836
7.2228866,-0.086105466,-0.32674086,0.25603747
7.043848,-0.103869915,-0.12460691,0.24906713
7.2499933,-0.16522127,-0.30146503,0.29069808
7.418083,-0.21366906,-0.49719977,0.33410507
7.1502857,-0.14768392,-0.20733267,0.2986738
7.121158,-0.10873693,-0.19251364,0.27272743
6.94847,-0.08593285,0.011671901,0.2521059
7.000906,-0.07444298,0.10633993,0.2129696
6.914217,-0.01057899,0.12380862,0.20076336
7.163191,-0.047989428,-0.18704045,0.21719122
7.181735,-0.10535401,-0.33454174,0.26589066
7.1001515,-0.09961653,0.062339306,0.2195556
7.189429,-0.14672506,-0.22521937,0.27271554
7.4377346,-0.16871518,-0.6426681,0.34165415
7.063932,-0.078122854,-0.12447816,0.24190147
7.0878983,-0.09963238,-0.04226935,0.24868454
6.96964,-0.0062810183,0.04536581,0.2141451
7.361327,-0.21165901,-0.3505386,0.28669325
7.5300674,-0.22240275,-0.7142608,0.33995062
7.4357367,-0.3180564,-0.45832145,0.3987999
7.523383,-0.113565624,-0.8168551,0.26860175
7.3008566,-0.09480047,-0.57218164,0.2930145
7.139273,-0.019028425,-0.30607224,0.21045156
7.053531,-0.049556255,-0.08796543,0.22534126
7.2559547,-0.16590935,-0.36659896,0.28080738
7.219696,-0.07703996,-0.38151193,0.2498216
7.1089926,-0.087778986,-0.21816587,0.25821397
7.1496296,-0.009103954,-0.37354666,0.21610714
7.160262,-0.037593365,-0.18276131,0.20136091
7.1830187,-0.064026475,-0.26228917,0.26376984
7.1040897,-0.121729374,-0.024363756,0.26244375
7.5594816,-0.1684624,-0.6544192,0.32231414
7.4419727,-0.27871227,-0.54027617,0.38432133
7.636754,-0.25151718,-0.879948,0.33551008
7.598728,-0.28233445,-0.7042066,0.3569112
7.573325,-0.28878826,-0.6370836,0.34318033
7.5247526,-0.22127557,-0.64329475,0.3770489
7.557392,-0.120213926,-0.87306094,0.321899
7.328533,-0.11480391,-0.48923308,0.2774399
7.5343738,-0.29101568,-0.57317656,0.38205546
7.5534067,-0.31688815,-0.5667699,0.41940442
7.6010904,-0.23417735,-0.9321687,0.3773236
7.5373955,-0.2408545,-0.7645656,0.37087256
7.6947784,-0.27485925,-0.9206903,0.41756612
7.4856586,-0.18105441,-0.6455945,0.2964545
7.351323,-0.14378697,-0.47286886,0.30381373
7.7011733,-0.26577646,-0.8611593,0.34278005
7.412534,-0.17933744,-0.698079,0.32774645
7.2995787,-0.13050598,-0.40535545,0.27587926
7.452976,-0.15349233,-0.5206899,0.2442505
7.552911,-0.23255217,-0.63274133,0.35632113
7.3421087,-0.14096415,-0.4154899,0.29449067
7.2746143,-0.18703693,-0.36802125,0.31468362
7.3479424,-0.09783971,-0.4683653,0.2996817
7.638167,-0.16570526,-0.9459661,0.3196146
7.449179,-0.19591445,-0.5331744,0.28922153
7.373027,-0.1437546,-0.51932013,0.2562765
6.854705,-0.05815822,0.14287233,0.24380997
6.8103495,-0.008411467,0.20579958,0.20420235
6.9664125,-0.013156116,0.012829661,0.20909102
7.1827154,-0.08602011,-0.1399641,0.25285554
7.0328035,-0.05911845,-0.12742054,0.2373899
6.9657993,-0.10695517,0.12505138,0.23985174
7.0285263,-0.030260265,-0.032886803,0.22529255
7.0031786,-0.043510854,-0.06288928,0.2069323
7.0480666,-0.04066193,-0.019672394,0.2027052
7.1157837,-0.039917827,-0.20572084,0.20759761
7.121438,-0.112366796,-0.066747546,0.24799906
7.139511,-0.057931304,-0.19477081,0.22155142
7.1312757,-0.0630945,-0.24006939,0.2439237
7.296093,-0.18631601,-0.30711937,0.32767814
7.5516744,-0.26753592,-0.65392596,0.3825131
7.158238,-0.20795745,-0.27449918,0.3379491
7.038615,-0.106414795,-0.01671815,0.28830954
7.177022,-0.07216275,-0.21059847,0.21391064
7.182645,-0.06643546,-0.13552189,0.20412679
7.1683917,-0.04960215,-0.27639884,0.21962857
7.1697783,0.010120511,-0.33844507,0.22439314
7.5720024,-0.23698795,-0.769652,0.34885746
7.745095,-0.37255913,-0.8965952,0.4870693
7.6474304,-0.3689546,-0.722329,0.4231478
7.690555,-0.28865224,-0.8877267,0.4158218
7.5730553,-0.262864,-0.6701093,0.3424974
7.498128,-0.36657304,-0.3912694,0.46943766
7.7321396,-0.4181708,-0.9629784,0.50351006
7.7038116,-0.39741564,-0.9192982,0.51703465
7.751932,-0.40663898,-0.9823368,0.52783465
7.7593303,-0.3895473,-0.94866574,0.48304683
7.6420527,-0.3587097,-0.8446172,0.4169171
7.6561794,-0.28104758,-0.8572125,0.36847425
7.5861707,-0.28696573,-0.73626125,0.40733868
7.6120787,-0.25877124,-0.7942165,0.34116673
7.667314,-0.3338529,-0.97018975,0.4500618
7.563327,-0.27165067,-0.82639694,0.40606993
7.4899416,-0.18394482,-0.7241285,0.29999378
7.41183,-0.21717042,-0.45675707,0.33460164
7.3773303,-0.14001906,-0.50706136,0.30807093
7.608996,-0.14706999,-0.8761269,0.27566245
7.3846054,-0.1597271,-0.49360406,0.2845552
7.409607,-0.12144321,-0.59931123,0.27277786
7.0737495,-0.10106701,0.02182448,0.25043207
7.0914187,-0.12487024,-0.08714324,0.2348518
6.924427,-0.039925277,0.10237241,0.23261335
7.03734,-0.02637732,-0.035413384,0.2018488
7.326552,-0.1495353,-0.4353103,0.31137866
7.347846,-0.112662554,-0.48425448,0.26312625
7.0997257,-0.034741342,-0.14977157,0.24021098
7.067123,-0.08872008,-0.014406323,0.24282946
7.0933456,-0.06890738,-0.25132906,0.26811403
7.213582,-0.14869976,-0.32243955,0.28320503
7.222931,-0.15987879,-0.18068027,0.2691271
7.4439154,-0.2672004,-0.6018244,0.37903857
7.3740835,-0.13884526,-0.58120584,0.29505682
7.334251,-0.13263023,-0.5386019,0.3181637
6.980373,-0.06373376,-0.030773222,0.23376933
7.1473093,-0.065286934,-0.08651203,0.23685314
7.005097,-0.039539993,0.041537285,0.20265523
7.0472894,-0.046008885,-0.02340895,0.21149373
6.903796,-0.027404249,0.12509084,0.20632707
7.123416,-0.05523318,-0.06440699,0.20445505
7.2288465,-0.020452857,-0.45325226,0.2528339
7.472088,-0.17592007,-0.6563871,0.27803618
7.303348,-0.24288249,-0.33360338,0.37905866
7.5658703,-0.303787,-0.62254834,0.41355923
7.562353,-0.13874984,-0.9181764,0.32262522
7.6563816,-0.29877007,-0.80423236,0.36137006
7.5660787,-0.18572587,-0.8057585,0.33385867
7.571427,-0.34074026,-0.78150463,0.47928566
7.795843,-0.39648694,-0.9972666,0.48545605
7.55337,-0.30603784,-0.7440579,0.4194123
7.6324177,-0.2569567,-0.8340163,0.3978684
7.644782,-0.30941576,-0.8472447,0.388372
7.7516994,-0.40061378,-0.79248166,0.4739864
7.76062,-0.35970712,-0.91489434,0.4614582
7.7637663,-0.3751557,-0.8112495,0.48230153
7.7310567,-0.36736822,-0.94884986,0.43145555
7.6605554,-0.29484922,-0.800814,0.4030711
7.605065,-0.3347854,-0.7844562,0.4121862
7.397303,-0.19557536,-0.5747811,0.35105732
7.2729263,-0.25041258,-0.2852136,0.3628626
7.2413816,-0.13891542,-0.29407853,0.23995128
7.0161233,0.02249968,-0.15341592,0.20489419
6.973954,0.012038708,-0.10650635,0.20337614
7.066118,-0.0088454485,-0.1502288,0.21343414
6.984134,-0.041186154,-0.036462545,0.24662113
7.1488304,-0.11907804,-0.06338346,0.22004509
6.846034,-0.0021978617,0.13961291,0.23849368
7.1063347,-0.040225387,-0.27807176,0.22847152
7.0913353,-0.027549565,-0.16796231,0.21617454
7.01692,-0.021250427,-0.07545459,0.22483148
7.106136,-0.07249963,-0.20317203,0.24604745
7.1032248,-0.109066844,-0.051592946,0.26080793
7.442265,-0.17517936,-0.46353084,0.28281987
7.2326145,-0.06519967,-0.31952345,0.25928396
7.4214673,-0.18065315,-0.519226,0.27688277
7.3595243,-0.14454156,-0.5101447,0.2952516
7.2761846,-0.06627667,-0.45842004,0.22963357
7.2204304,-0.06774056,-0.33507872,0.23819026
6.9869103,0.02143228,-0.025621057,0.21091421
7.031002,-0.022360682,-0.11578894,0.23811129
7.198786,-0.028784335,-0.28377587,0.21396746
7.137019,-0.012788415,-0.3314016,0.21891955
6.943654,-0.016157806,-0.029598117,0.20872481
7.090721,0.017351031,-0.21891588,0.20331788
7.3302555,-0.14313751,-0.4520085,0.30615437
7.1212916,-0.12649512,-0.1284461,0.29276282
7.097676,-0.10316044,-0.088154435,0.26651573
7.038327,-0.050656557,-0.114946604,0.25771204
7.1896696,-0.18372989,-0.19594014,0.33299714
7.4716487,-0.15939504,-0.6044599,0.29372996
7.569563,-0.061528444,-0.7580544,0.2355169
7.6524534,-0.19417149,-0.8870618,0.3046871
