7.820424,-0.5818318,1.0290387,0.52497834
7.8256316,-0.57809365,1.0226319,0.5239998
7.8166213,-0.6055388,1.0175331,0.5192341
7.804436,-0.62101054,0.9896004,0.5062309
7.8113236,-0.6351993,0.95205927,0.505875
7.7702904,-0.56514317,0.98542,0.49591285
7.7763147,-0.5722791,0.97462976,0.4958532
7.7868023,-0.5568225,0.98973536,0.4983887
7.76861,-0.60297596,0.997553,0.5050697
7.7516823,-0.60903406,0.9933536,0.5048557
7.775422,-0.5604338,0.9905571,0.4996978
7.7959976,-0.5672535,1.0195565,0.5130806
7.7962894,-0.5685977,1.0267224,0.5348018
7.7959666,-0.5811505,1.0384214,0.5289493
7.777013,-0.522736,1.024086,0.5183211
7.8113503,-0.59808034,1.0078285,0.5152983
7.8234043,-0.5929072,0.9600532,0.5089482
7.774564,-0.6397615,0.9623709,0.49842113
7.782037,-0.5801813,0.98004365,0.4967621
7.7789307,-0.5516683,1.0198293,0.51383257
7.7818666,-0.5628981,1.0188704,0.5155364
7.7686987,-0.5268303,1.011982,0.5325017
7.7897854,-0.5407849,1.034153,0.5272016
7.813349,-0.578359,1.0527098,0.5314813
7.8105917,-0.5769252,1.062619,0.5390313
7.821446,-0.5649059,1.0545278,0.5354197
7.815144,-0.54039204,1.067431,0.53349864
7.796265,-0.5264331,0.9790716,0.51907253
7.7755146,-0.51185167,1.0306442,0.52693295
7.82835,-0.5520934,1.0380507,0.5306584
7.7933526,-0.58459634,1.0373831,0.5278575
7.807829,-0.58562934,1.0207455,0.51928633
7.8214025,-0.5781702,1.0224965,0.52310437
7.7718105,-0.5274011,1.0324683,0.5150104
7.7962017,-0.5179148,1.0267084,0.51807183
7.8028717,-0.58482504,1.020369,0.52121264
7.8155327,-0.58957136,1.0337682,0.5225299
7.804542,-0.5650577,1.039505,0.5244334
7.82166,-0.598351,1.0434813,0.52451575
7.8114877,-0.5656682,1.0325232,0.5280003
7.7827616,-0.56367207,1.0465965,0.524794
7.821703,-0.5727898,1.0036318,0.52153766
7.8213625,-0.60301006,1.0087686,0.5242328
7.8112774,-0.5700753,1.010602,0.52471745
7.7827415,-0.5774311,1.0023267,0.5191064
7.782258,-0.5747644,0.9972024,0.5005235
7.78316,-0.5461831,0.9936863,0.5035381
7.7882214,-0.5769872,0.98723257,0.4938557
7.784545,-0.5735308,0.95112073,0.49286062
7.7996063,-0.6123487,0.9723245,0.4911273
7.7640586,-0.6101459,0.9262364,0.49589473
7.7852697,-0.5748476,0.9373362,0.51059276
7.779207,-0.5750591,0.9440683,0.5107961
7.818451,-0.6418797,0.8804712,0.5102569
7.7568665,-0.64592814,0.8698276,0.5052552
7.741097,-0.64842796,0.9125656,0.50434315
7.74593,-0.65904784,0.8990221,0.49932057
7.8137627,-0.58255976,0.9007828,0.5040878
7.795811,-0.58556217,0.86392546,0.49889225
7.7584267,-0.62674797,0.87476826,0.50541365
7.7534437,-0.61483145,0.8933513,0.50739974
7.7889776,-0.55398846,0.9052956,0.5098195
7.7886443,-0.5370469,0.9025583,0.51182216
7.764343,-0.5575397,0.884217,0.5119797
7.768168,-0.5381073,0.8749517,0.5151101
7.7618904,-0.635828,0.9092655,0.51274663
7.792117,-0.6282928,0.9249495,0.5135057
7.7612257,-0.56578445,0.9308312,0.51278585
7.7720413,-0.54493195,0.913936,0.51630294
7.779012,-0.53654015,0.89250684,0.5132038
7.7780685,-0.54219353,0.864095,0.5095172
7.7791185,-0.552138,0.87774634,0.50977385
7.7965803,-0.53515136,0.8712714,0.5077602
7.783594,-0.54602814,0.8653326,0.50719494
7.7834744,-0.5446578,0.8774569,0.5107399
7.7940283,-0.585248,0.910939,0.50726324
7.7725153,-0.5799016,0.8949654,0.50464964
7.810233,-0.6161883,0.9224497,0.5075706
7.808515,-0.59914994,0.908432,0.5067319
7.743682,-0.5960001,0.8889189,0.5150886
7.763543,-0.6049627,0.8977785,0.5248356
7.7560744,-0.60481834,0.9047036,0.4821462
7.768566,-0.6100254,0.8841493,0.48466235
7.7716165,-0.60496473,0.89938474,0.48448747
7.770268,-0.6016363,0.8847085,0.4721403
7.7608047,-0.62183195,0.8860488,0.47447926
7.7637763,-0.59400046,0.8857206,0.47395128
7.7652354,-0.619935,0.863106,0.4778365
7.7698593,-0.62257886,0.8618207,0.47235382
7.7698193,-0.61666876,0.88905406,0.4805637
7.768694,-0.5755192,0.91604733,0.4907902
7.799185,-0.5880436,0.99883044,0.5062534
7.7984357,-0.55983007,1.0120494,0.5236817
7.8031416,-0.57600915,1.0532365,0.53417367
7.787037,-0.53215194,1.0024583,0.524434
7.7912254,-0.54219556,1.0615783,0.52893883
7.804821,-0.5611011,1.0325189,0.5307137
7.801276,-0.5857444,0.99654293,0.52191573
7.8175774,-0.54129183,0.998716,0.5210888
7.7982073,-0.5769553,1.0217748,0.51888555
7.7874327,-0.5544139,1.0187864,0.5227081
7.7844267,-0.5939883,1.0020573,0.5076101
7.7886953,-0.5290336,1.0433373,0.52722055
7.7799087,-0.5233088,1.0334551,0.51425934
7.8504505,-0.5679303,1.0309134,0.5268219
7.8287697,-0.57396513,1.0308118,0.52626044
7.835127,-0.6174872,1.0084498,0.52180076
7.8071456,-0.5731083,1.0213952,0.5253966
7.787446,-0.5637053,1.0501819,0.52582425
7.7969995,-0.61620814,1.0326717,0.53068644
7.788771,-0.58766013,1.0492606,0.5302028
7.786888,-0.57321656,1.0585365,0.53437454
7.7981844,-0.546444,1.0515287,0.5256426
7.8000717,-0.56762946,1.0599475,0.5333262
7.812257,-0.5513841,1.052902,0.53627324
7.7956514,-0.55905706,1.0640137,0.5320384
7.8092694,-0.5501104,1.0400937,0.5284212
7.819559,-0.5888778,1.0139751,0.523192
7.809193,-0.5451243,1.0283349,0.5271018
7.7998247,-0.54826856,1.0133052,0.52607083
7.799858,-0.5683134,1.0434568,0.528425
7.8047705,-0.5404066,1.0405893,0.5314589
7.8088865,-0.57547814,1.0405576,0.52501017
7.7999163,-0.57315916,1.014221,0.5263404
7.8275747,-0.58116925,1.0122967,0.5218747
7.76777,-0.5296817,1.0307543,0.5143144
7.780385,-0.542365,1.0357699,0.5197132
7.7935405,-0.56424665,1.0390527,0.52209824
7.7964673,-0.5656574,1.0037837,0.5106866
7.7831492,-0.5748354,1.0155582,0.5206321
7.792225,-0.5927998,1.0038123,0.5091388
7.7756853,-0.59574986,1.0005724,0.5092105
7.7625446,-0.6297048,1.0003877,0.510093
7.7722363,-0.51821935,1.0069623,0.51457244
7.7787924,-0.5361693,1.0045493,0.5092149
7.810475,-0.5930378,0.9995136,0.51506203
7.813001,-0.5465413,1.0268936,0.5261196
7.8111672,-0.5883364,1.0307791,0.5270731
7.7873917,-0.5258773,1.0522385,0.5335333
7.8025646,-0.55845445,1.0372751,0.5266412
7.799468,-0.5620805,1.0173779,0.5260204
7.8117485,-0.56940633,1.0461686,0.5282963
7.791448,-0.54343414,0.9906745,0.51099914
7.768785,-0.5576447,1.0127232,0.51475066
7.796383,-0.5886493,0.99596906,0.49651062
7.7791524,-0.59745646,0.99991965,0.5098971
7.8003054,-0.5600518,0.99557495,0.5135045
7.771559,-0.573588,0.99819064,0.5014044
7.7862997,-0.57041615,0.9951854,0.49989158
7.7727194,-0.54600596,1.0130122,0.5126371
7.789308,-0.562474,1.0237911,0.5197303
7.788291,-0.5464708,1.050252,0.52397174
7.7809324,-0.5437676,1.035893,0.5181257
7.803744,-0.58237696,1.0441506,0.5258609
7.7838173,-0.55958635,1.0268941,0.5232178
7.80637,-0.58339375,1.0596824,0.5365488
7.8200874,-0.5635706,1.021214,0.5245332
7.8254366,-0.5836195,1.0297475,0.526681
7.8278046,-0.6238403,0.9948759,0.52412254
7.797286,-0.5656897,1.020777,0.51689076
7.7974644,-0.57950616,1.0086956,0.51532906
7.793295,-0.5519397,1.0444794,0.519789
7.779622,-0.53291065,1.0406818,0.5243544
7.8131976,-0.59482884,1.023521,0.5280928
7.805281,-0.5486112,1.0564485,0.53708076
7.8035784,-0.55715597,1.0504928,0.529724
7.803581,-0.55853903,1.0593588,0.5238658
7.772345,-0.6178241,1.0108812,0.5197188
7.791854,-0.57455474,0.99114287,0.5228748
7.7830224,-0.55811095,0.99045086,0.49857104
7.79284,-0.5895206,1.0035009,0.51586515
7.7856,-0.575084,0.9982078,0.50659585
7.7819996,-0.5936198,0.986454,0.50110006
7.787751,-0.5784306,0.99269783,0.50229186
7.8183765,-0.583744,1.0327291,0.5220509
7.806807,-0.5685804,1.045263,0.5252374
7.808669,-0.55861783,0.9948007,0.5210876
7.8007774,-0.55040514,0.99408007,0.520867
7.8169003,-0.5727603,1.0218153,0.52526516
7.7771482,-0.5531121,1.0570903,0.53842527
7.8124075,-0.55129564,1.0656385,0.53367877
7.813656,-0.5881642,1.0386629,0.5336135
7.8023815,-0.546769,1.0216153,0.5253279
7.801425,-0.5990946,1.0025647,0.5166071
7.785827,-0.57421505,1.0025249,0.5164954
7.8108597,-0.5823802,1.0357642,0.5280932
7.821793,-0.5740086,1.0266387,0.52651936
7.7884336,-0.5680269,1.0413079,0.52188843
7.8015304,-0.55310774,1.0045068,0.52253133
7.7964025,-0.588539,1.000495,0.5005805
7.7888403,-0.57517695,0.9996364,0.5131891
7.8037443,-0.5813687,0.9986434,0.5157127
7.802039,-0.5591589,1.0241559,0.52606416
7.80576,-0.55547357,1.0031929,0.52352226
7.795931,-0.5580349,1.0415769,0.5239013
7.809557,-0.562865,1.0251677,0.52361107
7.820421,-0.5588419,1.0224311,0.5245193
7.818822,-0.56169987,1.006696,0.52213544
7.8284645,-0.5969815,1.0104327,0.52284247
7.8018937,-0.5861809,1.0119054,0.5160764
7.797439,-0.58409107,1.0005519,0.50975215
7.804927,-0.57701755,0.9969511,0.5214332
7.799486,-0.555588,1.0337873,0.52042043
7.791153,-0.5904814,1.0021262,0.51707757
7.784486,-0.5529001,0.99854076,0.5086638
7.797389,-0.5744856,1.0459983,0.5265094
7.7981515,-0.56334835,1.0066993,0.51359844
7.7968245,-0.56423515,1.0037012,0.52373374
7.8288355,-0.579904,1.0092449,0.52056235
7.820763,-0.5880146,1.0228865,0.52394927
7.8090954,-0.5566089,1.0338516,0.52691287
7.7991524,-0.5451921,0.9991652,0.5236725
7.7681265,-0.5337335,1.0285273,0.51650894
7.7836337,-0.54931986,1.0101523,0.50830805
7.801303,-0.5515966,1.0163584,0.5101002
7.7796993,-0.5630734,1.0036442,0.51131696
7.8129063,-0.60081834,1.0044355,0.54733306
7.807773,-0.5998399,1.0245359,0.5485916
7.809544,-0.63635397,0.9991753,0.5562345
7.807273,-0.62956,0.96287394,0.55766684
7.849515,-0.6179672,0.97637105,0.55992156
7.8692465,-0.6517744,0.98854494,0.5656971
7.8689556,-0.63513154,1.0007927,0.5620582
7.7713466,-0.5893451,1.0413308,0.5371796
7.9085846,-0.58041793,1.0542524,0.53192335
7.9064465,-0.58969617,1.048672,0.5294627
7.896798,-0.60443604,1.0492954,0.52653813
7.8949504,-0.5969715,1.0510998,0.52829146
7.899336,-0.59908473,1.0528154,0.528389
7.8718286,-0.579068,1.0455203,0.5278795
7.8939557,-0.6131549,1.0437348,0.5270561
7.9136353,-0.57562923,1.059911,0.53318894
7.908325,-0.55520844,1.0415857,0.53116906
7.9195914,-0.58231944,1.0585845,0.5287634
7.9061704,-0.57231516,1.0641632,0.5335429
7.914899,-0.5700308,1.0542483,0.5319239
7.9150076,-0.5669148,1.0469868,0.52798784
7.915703,-0.5748879,1.0670688,0.52836716
7.957714,-0.53599155,1.0539649,0.5284559
7.9464216,-0.53480667,1.0804226,0.53018975
7.929948,-0.58562535,1.0886719,0.53447306
7.9273295,-0.57189256,1.0949378,0.5347603
7.9391556,-0.54135406,1.1030056,0.53422683
7.943575,-0.5754401,1.0878055,0.53370893
7.949606,-0.50595623,1.1041667,0.53234506
7.9478416,-0.52765954,1.1105499,0.5339675
7.9363847,-0.5717567,1.1033363,0.534319
7.9452167,-0.56960523,1.1064732,0.53491575
7.9234614,-0.5506069,1.1364238,0.53753966
7.8993273,-0.55857515,1.1096115,0.5413572
7.393139,-0.94334465,0.09284425,0.2052641
7.376903,-0.94256914,0.082332134,0.20082687
7.3809423,-0.9377818,0.0798887,0.20176604
7.383282,-0.93610495,0.05957365,0.20913288
7.3872423,-0.93800414,0.049143314,0.21127422
7.379204,-0.93680316,0.06952286,0.20949736
7.383506,-0.9423124,0.08930659,0.20346515
7.3447556,-0.92276436,-0.06626421,0.20182058
7.2956944,-0.9421833,0.026205063,0.2013159
7.365789,-0.9285022,-0.024250388,0.20224504
7.2887077,-0.9189397,-0.0072442293,0.20509547
7.265888,-0.93310565,-0.015011847,0.2053943
7.2944655,-0.9163612,-0.016645312,0.20359454
7.3536215,-0.93269396,-0.016132712,0.20327944
7.325488,-0.9313805,-0.025644124,0.20097579
7.265378,-0.930751,0.074424624,0.20063178
7.2916813,-0.9093225,-0.057091057,0.20263724
7.308031,-0.92444193,-0.029476404,0.20124102
7.284387,-0.92672086,-0.04466492,0.20039709
7.2634354,-0.9287646,-0.057129383,0.20481125
7.2997284,-0.9186735,-0.040283084,0.20121777
7.281094,-0.88916355,-0.06439412,0.20071614
7.305687,-0.88978094,-0.093973994,0.20041524
7.297147,-0.92148095,-0.037605166,0.20087774
7.3114467,-0.9083662,-0.07290995,0.201889
7.2959023,-0.9304335,-0.01597321,0.20038016
7.359729,-0.9297439,0.052312374,0.20136331
7.338418,-0.9297689,-0.013763785,0.2022465
7.32805,-0.9300546,-0.020082831,0.20070784
7.3576474,-0.9338728,-0.04272765,0.2022197
7.2956905,-0.92337394,-0.051982403,0.20046939
7.3136063,-0.9382171,0.016498208,0.20436028
7.315429,-0.9332717,0.0024260283,0.20304683
7.3427763,-0.9309516,0.043444157,0.20477991
7.3396873,-0.9309233,-0.005865574,0.20397429
7.4151993,-0.95203584,0.031206608,0.20336789
7.341441,-0.9265879,-0.013581693,0.20093597
7.352887,-0.92576844,0.040299654,0.20284152
7.3253984,-0.93318206,-0.016496062,0.20312616
7.271449,-0.9254231,-0.029651284,0.2156585
7.2733774,-0.9219344,-0.04999745,0.2025617
7.336808,-0.94309735,-0.0059012175,0.20103852
7.349057,-0.93342435,-0.013618469,0.20163016
7.36753,-0.9393207,0.07835722,0.20173162
7.383553,-0.9465676,0.07935047,0.20895717
7.38135,-0.94308424,0.07859254,0.20538983
7.275612,-0.92538136,-0.033068657,0.20023139
7.334713,-0.9337085,-0.016110778,0.20410335
7.289601,-0.9263414,-0.04513836,0.2012933
7.365156,-0.92917925,-0.014714599,0.20765764
7.3456635,-0.9301112,0.06138432,0.20097806
7.366074,-0.9353001,-0.035978436,0.20367837
7.3242464,-0.9281495,-0.03817439,0.20663278
7.2739887,-0.9245873,-0.027656853,0.20476039
7.329701,-0.9295138,-0.035037518,0.20019265
7.3083467,-0.93290514,0.008543253,0.20789613
7.31684,-0.9212926,-0.018756628,0.20219254
7.329407,-0.9216252,-0.064465284,0.2020499
7.287886,-0.92009616,-0.07330948,0.2021141
7.273862,-0.9196199,0.056097507,0.20527364
7.33744,-0.91644,-0.06797159,0.20204234
7.3442717,-0.9298817,-0.005134225,0.2036937
7.273844,-0.9351108,-0.02547574,0.20446281
7.3598256,-0.9317217,-0.029909909,0.2038291
7.295704,-0.9110974,-0.07376331,0.20291275
7.342247,-0.92513764,-0.013112843,0.20850861
7.336956,-0.9353037,-0.005358696,0.2013015
7.2970533,-0.9214133,-0.026489854,0.20189051
7.2951303,-0.92311436,0.008159876,0.21108839
7.2928243,-0.9279504,-0.025401592,0.20009933
7.290799,-0.9113418,-0.072362304,0.20027836
7.2754116,-0.9273367,0.006854534,0.21053845
7.259166,-0.9265953,0.0056511164,0.20138918
7.375159,-0.9360542,0.066783786,0.20051916
7.372779,-0.94413847,0.08105123,0.20321745
7.3761163,-0.9441549,0.10537362,0.20335458
7.380961,-0.94076145,0.073547006,0.20270741
7.3895826,-0.94029284,-0.019851089,0.20648722
7.4300265,-0.94754374,0.008423924,0.20753141
7.4177866,-0.9550253,0.045301914,0.20555688
7.360915,-0.9373202,-0.011943102,0.20539358
7.3812265,-0.93799186,0.059877157,0.20768282
7.3780127,-0.947877,0.102139235,0.20619881
7.385668,-0.94138795,0.06900418,0.20964919
7.3863974,-0.94966376,0.10682082,0.21179576
7.411233,-0.95175433,0.12040639,0.21384762
7.407608,-0.95041627,0.11010718,0.22184215
7.401387,-0.95286465,0.13619387,0.21766023
7.4118814,-0.9432304,0.097574234,0.21951798
7.4007397,-0.955347,0.14428341,0.20666115
7.36714,-0.957056,0.10638106,0.20469612
7.3679895,-0.9721814,0.15382314,0.2064843
7.4259596,-0.97260135,0.1256789,0.20879477
7.4314785,-0.9616463,0.06451535,0.20392627
7.4420967,-0.9614117,0.01168108,0.22227532
7.4625106,-0.96379596,0.010501385,0.22067471
7.4377146,-0.96688837,0.11026275,0.2156354
7.427774,-0.95878637,0.12099123,0.21957695
7.3821096,-0.9571988,0.1413989,0.20125832
7.3922577,-0.95767957,0.12414122,0.20060278
7.3591213,-0.9521881,0.12680268,0.20192079
7.360676,-0.9521625,0.12193549,0.20294027
7.3639183,-0.94684684,0.10490394,0.20130073
7.386503,-0.9472538,0.079672575,0.21806817
7.397827,-0.93938875,0.08266783,0.21952768
7.3951707,-0.9446851,0.119677424,0.21381736
7.3767223,-0.94364,0.09845638,0.20747462
7.2866235,-0.8986704,-0.033530176,0.20297314
7.3565426,-0.9263816,-0.0670315,0.20013222
7.3588724,-0.9296088,0.0067977905,0.20781001
7.3725395,-0.9319298,0.08158803,0.21267624
7.370642,-0.9431019,-0.020853698,0.20074794
7.336536,-0.9304499,-0.0171687,0.20574565
7.3876214,-0.94775647,0.083051324,0.21176867
7.3902884,-0.95367676,0.1352843,0.21304397
7.402106,-0.9502126,0.12113762,0.20806925
7.3832326,-0.94060516,0.085974574,0.20492014
7.386352,-0.9467623,0.0041470528,0.2064966
7.432111,-0.95568573,0.0073937178,0.20674546
7.4279017,-0.9521444,0.021369696,0.20499359
7.4490905,-0.9583823,0.02666223,0.21315958
7.472967,-0.96857285,0.035359383,0.22167613
7.461068,-0.96768916,0.042532325,0.21602488
7.4643064,-0.9687569,0.039502025,0.21706866
7.4637394,-0.9648522,0.032193303,0.21352911
7.458886,-0.9649083,0.0013421774,0.2114232
7.465149,-0.9713372,0.059213996,0.2194318
7.4593062,-0.97589713,0.08091211,0.21408293
7.445694,-0.9720333,0.11072552,0.21150981
7.4608316,-0.98075175,0.06864655,0.21289241
7.4609957,-0.9790427,0.062099457,0.21275942
7.471946,-0.9789344,0.06612694,0.21854864
7.460666,-0.9659703,0.026018262,0.21685687
7.4751434,-0.9635315,0.020293951,0.22183704
7.438612,-0.95738935,0.023963928,0.21254551
7.4332366,-0.9491729,-0.037030995,0.21050446
7.28349,-0.9255569,0.008082986,0.20395008
7.330838,-0.9320558,-0.03175664,0.20083708
7.3418474,-0.93772256,0.011950493,0.20294987
7.3585424,-0.9300781,0.07193458,0.20349172
7.306949,-0.92159486,-0.03003037,0.2019229
7.3582067,-0.93082845,-0.04500246,0.20888111
7.3715296,-0.9392378,0.0002090931,0.20318846
7.2771897,-0.9175084,0.03129816,0.20867099
7.319197,-0.9314751,-0.02640593,0.20341948
7.3764834,-0.93080455,0.056209564,0.21330667
7.4185457,-0.9519238,0.10589898,0.21801691
7.406147,-0.9492672,0.102509975,0.22279887
7.3926477,-0.9472946,0.10957408,0.2114032
7.2833033,-0.93667686,-0.023484766,0.2000441
7.3420224,-0.93901306,-0.01314342,0.2032651
7.366489,-0.9324232,0.055318236,0.20761341
7.4118905,-0.9495917,0.02675867,0.20097928
7.4402056,-0.95585734,0.02165854,0.21227731
7.451193,-0.95996356,0.029423475,0.22006333
7.407115,-0.94944024,-0.02095759,0.20302457
7.2930503,-0.9254345,-0.05293989,0.20396666
7.2916107,-0.921384,-0.017377615,0.20514682
7.2825212,-0.910396,-0.0049003363,0.20595433
7.3675213,-0.9281289,0.04945278,0.20542698
7.3004503,-0.91051185,-0.05135572,0.20485626
7.273174,-0.91098803,-0.01544857,0.2049753
7.3126225,-0.9192282,-0.045979142,0.20000431
7.301828,-0.91109353,-0.036121607,0.20228921
7.3446283,-0.9409374,0.026575565,0.20263173
7.2812576,-0.90792,-0.040771067,0.20019773
7.321458,-0.92870224,-0.03832996,0.20547593
7.2967043,-0.9337816,-0.0057650805,0.20396826
7.316296,-0.92873764,-0.02578187,0.20656462
7.257439,-0.94153273,-0.0075831413,0.20004815
7.3760257,-0.9302207,-0.016409159,0.20604001
7.3761435,-0.9443127,-0.014022708,0.20007576
7.39225,-0.9476751,-0.014759302,0.20642744
7.395895,-0.9452492,-0.024114728,0.20636296
7.36041,-0.93884456,-0.013117194,0.20281802
7.31954,-0.9307907,-0.014294267,0.2007024
7.3548427,-0.93444383,-0.032673657,0.20135199
7.3893604,-0.9429152,0.114678025,0.20826714
7.413142,-0.94443893,0.0999248,0.21685712
7.4417067,-0.95706743,-0.0031710863,0.2128487
7.4230585,-0.9567921,0.03630638,0.21001443
7.3751507,-0.94117033,0.011009812,0.20750855
7.3867564,-0.94463396,0.06947267,0.20656389
7.387087,-0.9433115,0.08206868,0.21125765
7.399302,-0.9461817,0.1021533,0.20822619
7.4004717,-0.9475994,-0.026713073,0.20515507
7.4183292,-0.9506964,-0.010229945,0.21814214
7.4100904,-0.9440339,-0.016342402,0.21439546
7.3994055,-0.9467011,-0.03037715,0.21034503
7.3727393,-0.95611346,0.1259191,0.2089894
7.381859,-0.9465768,0.11334753,0.20247994
7.3910203,-0.9436363,-0.027876437,0.20622098
7.4020834,-0.94545877,-0.02212143,0.21188419
7.3204365,-0.9456918,-0.038603067,0.2046724
7.3307133,-0.9322337,0.04599428,0.20386012
7.3504214,-0.9344421,-0.011752725,0.2094673
7.309939,-0.9264047,-0.03085196,0.20339644
7.329959,-0.9373725,0.02334261,0.2015147
7.3359356,-0.9445234,0.011003494,0.20187098
7.333104,-0.93349236,-0.005149901,0.20295866
7.312335,-0.93109006,0.01228261,0.20602688
7.280758,-0.9047965,-0.03262937,0.20381123
7.3782015,-0.9421923,0.008568406,0.20622717
7.3882227,-0.9430622,0.086394906,0.20792493
7.380754,-0.94872427,0.092757225,0.20534752
7.3678274,-0.9381093,0.045660734,0.20189472
7.446686,-0.93335557,-0.08717471,0.20242417
7.426978,-0.92108524,-0.09319687,0.20160724
7.438405,-0.9006297,-0.07296884,0.20284867
7.319239,-0.92214036,-0.05920589,0.2005481
7.2631297,-0.93242794,-0.026434422,0.20056222
7.3460636,-0.9394123,0.006772399,0.2042124
7.368765,-0.9427115,0.07463193,0.20088641
7.3159328,-0.93426824,0.008445144,0.20070668
7.38478,-0.9381325,-0.0033639073,0.20682122
7.416359,-0.9477274,-0.020030797,0.21780619
7.4178343,-0.9506819,-0.018532693,0.21266435
7.314058,-0.9198961,-0.02798307,0.20004123
7.339565,-0.9300458,-0.008935034,0.20097849
7.353886,-0.9339232,0.060313344,0.20422968
7.366602,-0.94088376,-0.027108967,0.20130311
7.2854433,-0.9179872,-0.023154974,0.20068392
7.3155274,-0.9133215,-0.0612188,0.20100896
7.287264,-0.93327993,0.0046886206,0.2040844
7.3611736,-0.9372303,-0.013352513,0.20993602
7.3816013,-0.9465407,-0.010966361,0.20009306
7.426127,-0.94775456,0.0030983686,0.2001053
7.3308344,-0.9305208,-0.025332332,0.20318182
7.3252416,-0.933161,0.017578363,0.20256424
7.3027716,-0.9130111,-0.02588439,0.20061037
7.2701015,-0.942863,-0.0018779635,0.2015652
7.36172,-0.926615,0.039031625,0.20389389
7.3091636,-0.92948365,-0.029306054,0.20561911
7.424294,-0.95196134,-0.026593983,0.20890202
7.4316945,-0.932209,-0.029902816,0.20268084
7.3423033,-0.9376655,-0.010737479,0.2027047
7.2914686,-0.93712574,0.011988878,0.20160432
7.3177814,-0.9389579,-0.042536497,0.20409139
7.440853,-0.93089205,0.0008337498,0.20678169
7.3833933,-0.94609046,0.08140385,0.20670307
7.3880024,-0.94939893,0.12226844,0.20682923
7.380127,-0.949086,0.13525724,0.20688842
7.372817,-0.94994026,0.102888346,0.20825805
7.3828316,-0.94906056,0.08481169,0.21624084
7.4003916,-0.9485526,0.12719202,0.21306226
7.3923097,-0.9502399,0.014551401,0.20265594
7.336047,-0.92963517,-0.021456718,0.20389909
7.3354626,-0.9281299,-0.0054974556,0.20702492
7.2724404,-0.9110424,0.040886164,0.20681354
7.371342,-0.9317926,-0.04362881,0.20368718
7.8228426,-0.7230948,-0.23585492,0.2792305
7.8082495,-0.7162432,-0.23197246,0.27588865
7.807339,-0.7282035,-0.20729691,0.27883503
7.814511,-0.7076813,-0.16662717,0.27094144
7.799637,-0.6530403,-0.17170846,0.27435628
7.815827,-0.67007667,-0.13491976,0.2739166
7.835219,-0.6849114,-0.13310933,0.2704016
7.834819,-0.721973,-0.14295816,0.27478912
7.8053355,-0.721226,-0.18280101,0.27813387
7.772282,-0.7171081,-0.21390498,0.2791667
7.7736883,-0.700441,-0.20958078,0.2805288
7.768304,-0.70059884,-0.19542009,0.28082538
7.7474833,-0.6909846,-0.21127188,0.28798944
7.786577,-0.6893556,-0.21191859,0.27374116
7.7691956,-0.7200536,-0.2059145,0.2806768
7.809865,-0.71007895,-0.21815932,0.28471774
7.819928,-0.72257864,-0.18309271,0.27978536
7.8174987,-0.7243007,-0.23309875,0.28018683
7.804681,-0.71978045,-0.18354571,0.27764252
7.8054895,-0.71886337,-0.21865338,0.27499703
7.801567,-0.7273433,-0.23143518,0.27541947
7.805041,-0.7271386,-0.18918896,0.2760043
7.795742,-0.7251664,-0.2038517,0.2781561
7.801078,-0.72200114,-0.20036143,0.28166264
7.8044624,-0.7333107,-0.26094824,0.27558613
7.7775526,-0.7115991,-0.31527722,0.2685088
7.785619,-0.69543016,-0.32929778,0.26464248
7.682761,-0.6620882,-0.39872968,0.2514382
7.690014,-0.6717293,-0.3550127,0.25605163
7.752393,-0.69072104,-0.33275425,0.26058024
7.725276,-0.69723916,-0.29945832,0.259609
7.6659355,-0.6672337,-0.36983263,0.256021
7.710393,-0.678563,-0.35644192,0.2518713
7.6679688,-0.6679685,-0.3599673,0.25546443
7.702999,-0.6818898,-0.37079608,0.249345
7.668499,-0.69274974,-0.3449446,0.25568387
7.662068,-0.65947413,-0.3876344,0.24702236
7.6805515,-0.67059934,-0.38978583,0.24913901
7.677971,-0.6628562,-0.40074426,0.24440071
7.729807,-0.6889009,-0.35521722,0.25640243
7.717795,-0.69272417,-0.30386996,0.25786608
7.7189713,-0.689705,-0.32995307,0.25487348
7.6944475,-0.6790689,-0.3068397,0.25511974
7.673069,-0.67465806,-0.36693186,0.25512585
7.6792383,-0.69830024,-0.31571382,0.25569254
7.7529755,-0.69478166,-0.29723346,0.25908336
7.6661654,-0.6749366,-0.3892715,0.25587866
7.6602526,-0.6640954,-0.3757363,0.24911791
7.6738615,-0.6608727,-0.4046085,0.2477281
7.6790314,-0.6688441,-0.37506658,0.25104606
7.669625,-0.6622497,-0.40040368,0.24850589
7.6739264,-0.66511095,-0.3652768,0.2477065
7.6649084,-0.6788739,-0.37524617,0.26260296
7.667772,-0.6558137,-0.39788818,0.2469297
7.6634817,-0.66782945,-0.39668763,0.25313494
7.690643,-0.6911181,-0.31130284,0.25597706
7.683235,-0.65950847,-0.39337647,0.25068468
7.7378354,-0.6883514,-0.34163678,0.25554532
7.7367363,-0.7061755,-0.34008813,0.26299447
7.7434,-0.6944338,-0.33679342,0.25568008
7.668749,-0.6741553,-0.32128125,0.25501224
7.6833606,-0.6796839,-0.370341,0.25416547
7.7189846,-0.6928313,-0.3041389,0.25177258
7.6896343,-0.70060873,-0.33136833,0.26149178
7.6600595,-0.674034,-0.3789451,0.2588928
7.669424,-0.6923405,-0.35503137,0.2503373
7.6779556,-0.6897348,-0.28972477,0.2533635
7.675238,-0.69646657,-0.33351493,0.24938911
7.6752343,-0.6620653,-0.37101042,0.2516659
7.70228,-0.6698077,-0.37940168,0.25072712
7.7207303,-0.6854676,-0.34486276,0.25203052
7.7124166,-0.6905825,-0.33888817,0.25622743
7.7078557,-0.6829254,-0.3303584,0.25695807
7.699087,-0.67188877,-0.37741655,0.2521725
7.664934,-0.67189765,-0.39499384,0.24456418
7.708337,-0.67971075,-0.35467583,0.25588167
7.685194,-0.67270446,-0.37474597,0.25359794
7.7077684,-0.6789535,-0.35901123,0.25718528
7.657096,-0.6758599,-0.3888954,0.2469508
7.657585,-0.6721432,-0.35633355,0.25333747
7.6997614,-0.6734633,-0.3671031,0.24893151
7.65732,-0.668524,-0.32750463,0.25278604
7.665948,-0.66151285,-0.4011401,0.2473298
7.651581,-0.6748398,-0.36300588,0.24526009
7.671215,-0.6598078,-0.3438536,0.2561438
7.684326,-0.66696227,-0.34351206,0.25049448
7.666278,-0.66172767,-0.3877319,0.25073066
7.699994,-0.6758032,-0.35227776,0.255439
7.6847124,-0.6689024,-0.35151434,0.2469834
7.673788,-0.6708795,-0.39225376,0.24446583
7.7028866,-0.6839951,-0.35980552,0.260324
7.6748,-0.6614217,-0.3563069,0.2512152
7.679031,-0.6748013,-0.376534,0.25309655
7.6737924,-0.6735238,-0.3741948,0.25286785
7.691267,-0.66923296,-0.3429783,0.2515887
7.6511984,-0.6655819,-0.36696315,0.2532103
7.664463,-0.6682776,-0.38406706,0.25498724
7.6663027,-0.6764358,-0.38922364,0.25016785
7.664765,-0.6698561,-0.35099494,0.25438
7.6770053,-0.6627654,-0.39003634,0.250661
7.665476,-0.6710165,-0.3920387,0.24879712
7.660128,-0.6717646,-0.36054295,0.258853
7.655142,-0.686695,-0.28567576,0.25752437
7.947996,-0.6931655,-0.27093893,0.258218
7.7234783,-0.6967033,-0.31416404,0.25873592
7.676613,-0.69020975,-0.35166264,0.25674912
7.665801,-0.6630983,-0.40649164,0.2421094
7.6648903,-0.66836274,-0.36849397,0.25163037
7.672616,-0.6639876,-0.39984834,0.24410681
7.678273,-0.6830967,-0.34680784,0.25569227
7.6930456,-0.6625874,-0.40458924,0.2467651
7.67896,-0.66604656,-0.3982345,0.2492712
7.6847544,-0.6646961,-0.39826834,0.25005272
7.69398,-0.6704537,-0.34389085,0.25114423
7.668178,-0.66450346,-0.34754914,0.24803092
7.6765547,-0.681312,-0.37262195,0.2544766
7.6660624,-0.670338,-0.3963272,0.24508433
7.668314,-0.6727288,-0.35583627,0.24453208
7.6972,-0.6873307,-0.36725807,0.25599003
7.6675644,-0.66199124,-0.38302487,0.24986106
7.6634226,-0.6812118,-0.37878478,0.2508997
7.6679287,-0.69229287,-0.37336367,0.24984792
7.724251,-0.68778336,-0.35113662,0.25706577
7.6552835,-0.67346454,-0.3424247,0.2527333
7.6593704,-0.6786177,-0.3754199,0.2501215
7.6754117,-0.6691797,-0.37974542,0.24195546
7.6814146,-0.67353666,-0.37394547,0.25316066
7.662154,-0.6691507,-0.40131098,0.24820907
7.677774,-0.65674853,-0.40151608,0.2526722
7.7124224,-0.69276834,-0.31328964,0.2574949
7.706687,-0.6894252,-0.291371,0.25023806
7.683299,-0.6941619,-0.28770638,0.252434
7.750086,-0.7019574,-0.3018908,0.25945646
7.778748,-0.7096325,-0.32541752,0.26425043
7.7943707,-0.7073276,-0.30985272,0.26405865
7.792649,-0.72143316,-0.28427964,0.2668601
7.811496,-0.7140994,-0.23645139,0.2810129
7.743806,-0.70412886,-0.23863697,0.28929996
7.801473,-0.7319467,-0.27762812,0.26141477
7.759836,-0.6826015,-0.33269835,0.26115108
7.716648,-0.6899931,-0.3403871,0.25592682
7.743499,-0.6913829,-0.32299966,0.25825328
7.6845393,-0.6958916,-0.32696116,0.25788397
7.6623225,-0.6608062,-0.3450982,0.2504872
7.6794147,-0.67333376,-0.38359922,0.25105476
7.6913533,-0.68383884,-0.37762052,0.25393897
7.6652546,-0.6830629,-0.37831992,0.25103968
7.688674,-0.67031145,-0.3839743,0.24451937
7.6694393,-0.6656892,-0.40789568,0.24695684
7.6641006,-0.6678678,-0.3120255,0.25450262
7.6622577,-0.67166734,-0.34518647,0.2515219
7.659105,-0.67366594,-0.37798226,0.24362658
7.6808205,-0.6639247,-0.34675556,0.25369373
7.7095585,-0.67739534,-0.37111342,0.24913372
7.66331,-0.67830855,-0.36816978,0.24856554
7.664979,-0.6848004,-0.35523945,0.24669217
7.6822243,-0.6775004,-0.35054338,0.26003182
7.7175627,-0.6917119,-0.343127,0.2598185
7.9632215,-0.70369804,-0.32305706,0.2539264
7.974641,-0.7056917,-0.35103583,0.24496217
7.983239,-0.71854913,-0.35311574,0.24819417
7.991891,-0.7021835,-0.32931185,0.2509445
7.957642,-0.741225,-0.3546713,0.2443815
7.967108,-0.7496885,-0.3720835,0.25047705
7.938911,-0.73774695,-0.37106216,0.2477619
7.9473705,-0.74172145,-0.3487184,0.24584948
7.938044,-0.7661358,-0.3637613,0.25699422
7.978219,-0.770354,-0.39963287,0.25674498
7.999374,-0.7570081,-0.37980568,0.2521624
7.985401,-0.7658006,-0.39083618,0.25104877
7.9952173,-0.76227355,-0.3927889,0.2562366
7.970899,-0.7736021,-0.42670667,0.25597316
7.968862,-0.764906,-0.39726007,0.25646293
7.9725485,-0.764585,-0.3730545,0.253569
7.979411,-0.7660311,-0.38659227,0.2549541
7.9656644,-0.7685785,-0.37464768,0.25750446
7.932415,-0.7653475,-0.33802527,0.25461528
7.9578347,-0.7587197,-0.35788834,0.25407615
7.950185,-0.76756835,-0.32820684,0.25174835
7.950453,-0.6989909,-0.30564773,0.25120777
7.9859934,-0.6943896,-0.30127633,0.25507978
7.9517303,-0.74262476,-0.32889897,0.24673918
7.975606,-0.7665167,-0.39096332,0.25764862
7.9853315,-0.7599057,-0.41266358,0.25621814
7.977169,-0.7642416,-0.39567292,0.25823152
7.957408,-0.7636409,-0.41228378,0.25963682
7.985611,-0.76423556,-0.40918756,0.25485784
7.963238,-0.76531065,-0.37486082,0.2552844
7.998728,-0.7629728,-0.4249102,0.25345454
7.9782896,-0.76083505,-0.34168315,0.25253478
7.9283547,-0.7345047,-0.36734927,0.24733132
7.97073,-0.7491019,-0.36101192,0.25082055
7.923156,-0.74969864,-0.37688953,0.26580727
7.9833093,-0.76792264,-0.39419246,0.25038993
7.968506,-0.772489,-0.37029684,0.25555593
7.9717855,-0.76062953,-0.36733043,0.25257075
7.947209,-0.76796484,-0.3419149,0.2532202
7.935719,-0.7494086,-0.3824821,0.25737235
7.9932175,-0.771976,-0.41827297,0.25793052
7.975875,-0.7718328,-0.41060662,0.2557556
7.974912,-0.7671925,-0.41012138,0.256387
7.948928,-0.7552891,-0.39945304,0.263106
7.920091,-0.7539013,-0.4061615,0.26159453
7.949951,-0.75793415,-0.3939883,0.263755
7.9253044,-0.75716853,-0.3936935,0.26532453
7.9306726,-0.76129854,-0.40448296,0.26671588
7.922809,-0.7569273,-0.38639808,0.2670682
7.921851,-0.75081366,-0.4089899,0.26798797
7.924669,-0.7482339,-0.3884884,0.2631412
7.9617195,-0.76491296,-0.3886733,0.254247
7.941201,-0.7591575,-0.36450803,0.2535113
7.953287,-0.7701756,-0.37784255,0.2586342
7.9370575,-0.75390273,-0.37698603,0.2621852
7.9867926,-0.74797034,-0.38271916,0.25111824
7.9487224,-0.7434541,-0.31882286,0.24638627
7.9766164,-0.7206979,-0.3357042,0.24927664
7.9708104,-0.77217555,-0.4493587,0.2562483
7.969575,-0.7680821,-0.37041712,0.25756645
7.944149,-0.76043403,-0.3207513,0.25223804
7.9446726,-0.7645511,-0.35346186,0.25513947
7.9293947,-0.7546735,-0.41238368,0.26397258
7.907844,-0.7474477,-0.3793649,0.26561
7.9257603,-0.7504746,-0.3737319,0.26401937
7.9165444,-0.7455389,-0.3804052,0.26085523
7.922787,-0.75086546,-0.38184434,0.26320082
7.896212,-0.7432042,-0.38761008,0.26577234
7.9110975,-0.7532356,-0.39162832,0.26807287
7.9601083,-0.7721112,-0.40577257,0.26448402
7.9527674,-0.76490206,-0.39958405,0.26271236
7.969331,-0.7616435,-0.3929317,0.25509146
7.996608,-0.768751,-0.40672088,0.25479254
7.9875855,-0.7633467,-0.39495313,0.25174066
7.9520316,-0.7661297,-0.40309978,0.2549101
7.9616866,-0.77001834,-0.37620628,0.25296888
7.9486446,-0.7589235,-0.39279056,0.2547782
7.986863,-0.77095056,-0.40273947,0.25642508
7.927422,-0.72494876,-0.37386596,0.24611267
7.897462,-0.75512135,-0.39918298,0.26425782
7.9004254,-0.7556997,-0.38606894,0.2706725
7.9208813,-0.747112,-0.39434063,0.26580393
7.9692016,-0.7718807,-0.37356675,0.25711697
7.9827833,-0.7724649,-0.38871664,0.25494447
7.975392,-0.76226777,-0.35941535,0.25730672
7.9824357,-0.76471865,-0.38149363,0.2535121
7.958009,-0.762235,-0.37609053,0.2549274
7.964663,-0.71118146,-0.33496785,0.24395947
7.9653864,-0.74295247,-0.36205494,0.25036266
7.9693384,-0.71863323,-0.35320807,0.24719968
7.988884,-0.73097813,-0.3453086,0.24615031
7.9815598,-0.7084584,-0.3085984,0.24975765
7.807967,-0.6662654,-0.25659603,0.28462982
7.822754,-0.67267025,-0.27427584,0.28244424
7.824171,-0.6656952,-0.15507895,0.2693121
7.8312135,-0.72551894,-0.24597365,0.27648392
7.8228493,-0.73198235,-0.18462217,0.27812225
7.798271,-0.6757219,-0.26349962,0.27924657
7.8113317,-0.69559765,-0.27477747,0.2841066
7.814418,-0.69533145,-0.25319195,0.28278702
7.8219905,-0.7341126,-0.18303633,0.27639717
7.8311787,-0.73165274,-0.22234988,0.2748433
7.7987623,-0.73036337,-0.2298578,0.27565318
7.7855926,-0.68199015,-0.23053628,0.28178382
7.8056135,-0.70828176,-0.23682916,0.28432962
7.784666,-0.70229626,-0.30605274,0.25796247
7.671625,-0.6642087,-0.3584085,0.25485438
7.6999164,-0.67612314,-0.3597945,0.25703302
7.6646566,-0.67687225,-0.33621985,0.25065583
7.673485,-0.6909434,-0.34878743,0.25756598
7.659258,-0.6781008,-0.33955294,0.25583422
7.7008038,-0.6747873,-0.3552128,0.25141266
7.654291,-0.67480016,-0.36655855,0.2534388
7.6667156,-0.66113317,-0.3797536,0.2499543
7.6882234,-0.67016685,-0.3468207,0.25397086
7.6615047,-0.6677786,-0.38864893,0.24422371
7.6795554,-0.6867876,-0.2944656,0.24808805
7.7155824,-0.68548286,-0.3502354,0.2575845
7.7120876,-0.6945021,-0.3207916,0.25885314
7.677971,-0.6895809,-0.35290903,0.25504142
7.684722,-0.70820475,-0.35292608,0.26280665
7.6820116,-0.703774,-0.33302236,0.25814915
7.7229776,-0.69696534,-0.30143535,0.24834317
7.671231,-0.67471695,-0.34392685,0.25868362
7.692687,-0.6951462,-0.35454643,0.26138115
7.687249,-0.69963646,-0.36016667,0.26438123
7.7382154,-0.6720479,-0.35808003,0.2569
7.770954,-0.66253996,-0.33574957,0.25146335
7.740196,-0.67142403,-0.3597297,0.25065616
7.696731,-0.6655519,-0.3922891,0.25026777
7.665589,-0.6736531,-0.32402456,0.25596914
7.679826,-0.6931118,-0.34908497,0.24475148
7.7013483,-0.6744089,-0.35171562,0.25450945
7.677423,-0.660084,-0.4079634,0.24513075
7.6831245,-0.67116416,-0.39158583,0.25756532
7.6696367,-0.6885322,-0.38017493,0.25298786
7.7268486,-0.6838813,-0.34874666,0.25613528
7.681829,-0.7074982,-0.34862518,0.26235056
7.680713,-0.6805167,-0.35958225,0.254326
7.676301,-0.68183583,-0.37509912,0.25897086
7.675001,-0.69836795,-0.35868895,0.25128818
7.6746387,-0.7088996,-0.34281546,0.25519642
7.6571045,-0.66043115,-0.3814273,0.24695997
7.711861,-0.6761606,-0.34919965,0.2543091
7.6504354,-0.6618574,-0.33032548,0.2550991
7.652582,-0.66214204,-0.38107073,0.24928148
7.736127,-0.6600205,-0.3822801,0.25381517
7.66485,-0.6652983,-0.38583332,0.24963298
7.6999407,-0.6780528,-0.32374412,0.2545421
7.7157393,-0.6849537,-0.3363744,0.2574884
7.687866,-0.6684054,-0.34150833,0.25068933
7.6800222,-0.7016978,-0.35628563,0.25996643
7.683809,-0.67288196,-0.3770224,0.2543586
7.706892,-0.6797797,-0.34943712,0.25370586
7.685855,-0.6756301,-0.34992135,0.2561055
7.6686735,-0.65877855,-0.37719518,0.25411505
7.676115,-0.6845815,-0.35682654,0.25398573
7.7028866,-0.68995,-0.30868638,0.2583026
7.764266,-0.70523536,-0.2880211,0.2577945
7.751387,-0.71750426,-0.31687033,0.26269442
7.7963724,-0.7301452,-0.27949762,0.2665332
7.810388,-0.73176455,-0.24641216,0.2711539
7.8226347,-0.7324891,-0.18706197,0.27464634
7.765563,-0.69810504,-0.20832932,0.2807007
7.7834816,-0.7083616,-0.19307137,0.28218862
7.7750244,-0.70355153,-0.18633914,0.27905715
7.7617593,-0.70247006,-0.22196996,0.28006333
7.7803354,-0.6815788,-0.18515623,0.27509403
7.835615,-0.7289071,-0.19694519,0.27625376
7.822567,-0.7295865,-0.16822469,0.27727383
7.7855773,-0.7085874,-0.19905186,0.27866328
7.751639,-0.6999376,-0.20003259,0.28578192
7.7426887,-0.6879409,-0.21517599,0.28550047
7.7912006,-0.7097139,-0.21473992,0.27781135
7.801733,-0.7275163,-0.20049018,0.2745406
7.8172817,-0.725921,-0.21687853,0.28019604
7.8214808,-0.7425083,-0.22472799,0.2708277
7.8146887,-0.7307092,-0.21170074,0.27735
7.788947,-0.7150616,-0.22168458,0.2818079
7.8016396,-0.7170197,-0.2129525,0.2726521
7.818742,-0.7307917,-0.20231265,0.28052706
7.803923,-0.71036756,-0.23767173,0.28191653
7.8187714,-0.66027904,-0.25920254,0.27930325
7.8214736,-0.71525764,-0.2818135,0.27935565
7.765998,-0.7053743,-0.20220745,0.2864305
7.779183,-0.691506,-0.2150085,0.28066835
7.8109536,-0.7232992,-0.19016063,0.27758384
7.8050904,-0.71629894,-0.22832525,0.27601945
7.8082647,-0.71464777,-0.20901239,0.27334037
7.7876344,-0.70304555,-0.20880365,0.27997804
7.74687,-0.7305433,-0.15482038,0.2831649
7.77433,-0.7052578,-0.21157199,0.28595006
7.8156204,-0.72884774,-0.20271683,0.2743427
7.815371,-0.7119825,-0.20587659,0.2811445
7.800582,-0.7271377,-0.22570401,0.2820999
7.7980356,-0.700011,-0.24985456,0.28089812
7.8329496,-0.69362783,-0.28415835,0.27555522
7.822815,-0.6620581,-0.27694005,0.28246176
7.7644587,-0.729311,-0.31203455,0.27052394
7.7690024,-0.73156494,-0.2592466,0.28685373
7.7363477,-0.70834804,-0.1871413,0.285342
7.799859,-0.7086557,-0.22904909,0.2815198
7.8196983,-0.7239116,-0.23167068,0.27125627
7.7933855,-0.71123683,-0.20491397,0.28972813
7.7763915,-0.74315274,-0.18017799,0.2767651
7.7738695,-0.68360126,-0.19474483,0.28101403
7.7982025,-0.71305025,-0.21574837,0.27455917
7.798816,-0.69981277,-0.17172337,0.27718186
7.8217363,-0.67802644,-0.3054526,0.27302176
7.8211102,-0.6394272,-0.3137952,0.2847534
7.8240843,-0.68003476,-0.27864224,0.27737895
7.8141975,-0.6790324,-0.32026476,0.27733332
7.832629,-0.67695284,-0.30380553,0.28082982
7.8238697,-0.6819372,-0.28256726,0.27205378
7.818739,-0.64561856,-0.333781,0.27367344
7.833103,-0.67776656,-0.30096567,0.2790501
7.8399596,-0.67752945,-0.28127253,0.2813895
7.8229847,-0.66102517,-0.14855647,0.27039087
7.826106,-0.68010545,-0.13759112,0.27192965
7.850403,-0.7105438,-0.044237554,0.27135137
7.8534184,-0.7094413,-0.073684275,0.27208292
7.8528414,-0.73389995,-0.15484577,0.27035016
7.849065,-0.73272634,-0.14835978,0.2697725
7.8419137,-0.7339481,-0.15397775,0.27320787
7.845174,-0.7266609,-0.14288187,0.27118587
7.7301044,-0.69613725,-0.16055208,0.27542585
7.7130623,-0.6998307,-0.16277468,0.2868316
7.728858,-0.70059186,-0.09629154,0.27489898
7.7250905,-0.7030369,-0.07961941,0.27779543
7.7548065,-0.704117,-0.21913904,0.28511703
7.764943,-0.6895242,-0.20498627,0.28713244
7.735562,-0.7173239,-0.18004417,0.28296873
7.818173,-0.7236775,-0.19376785,0.28111348
7.836907,-0.6268696,-0.17839414,0.26981533
7.804397,-0.66657996,-0.14722586,0.2732573
7.8094406,-0.6651101,-0.17887855,0.27217674
7.7804313,-0.69073087,-0.21870744,0.28309456
7.7899857,-0.7035363,-0.21710145,0.2751807
7.762453,-0.727221,-0.22384721,0.28239477
7.8077292,-0.70367223,-0.26288128,0.27944615
7.8147283,-0.7070644,-0.283188,0.28244683
7.764668,-0.707398,-0.21582079,0.28313926
7.7807,-0.70886075,-0.20841312,0.28623188
7.78022,-0.7033123,-0.21558166,0.2818369
7.794459,-0.7077123,-0.20048082,0.2751016
7.7909946,-0.69677174,-0.21651047,0.27217922
7.764368,-0.71153045,-0.21787727,0.28290656
7.786933,-0.7010418,-0.20658845,0.2807325
7.8081913,-0.722123,-0.21221876,0.27373868
7.792906,-0.7285565,-0.22581208,0.28052968
7.73442,-0.7121712,-0.18323314,0.28594157
7.7756977,-0.7054122,-0.26122177,0.28891662
7.7850237,-0.71998006,-0.29504943,0.29019183
7.773435,-0.7066841,-0.210625,0.2890796
7.8031435,-0.7126316,-0.20724213,0.27534866
7.7974443,-0.700315,-0.30255592,0.2669153
7.833234,-0.65268135,-0.2984513,0.2709219
7.82701,-0.6653602,-0.2818299,0.2858715
7.8180294,-0.6729994,-0.28002918,0.27327517
7.83052,-0.68955445,-0.28950644,0.27392578
7.7917967,-0.7212417,-0.2799518,0.2835154
7.749975,-0.7120921,-0.19167137,0.275884
7.8244653,-0.7137738,-0.13182634,0.2733683
7.847188,-0.66473514,-0.29377282,0.2707653
7.8141675,-0.7096791,-0.27713114,0.27554956
7.8435287,-0.6774058,-0.2948467,0.27514696
7.822915,-0.68979466,-0.29602653,0.275825
7.8360596,-0.6644578,-0.27920413,0.27605885
7.8103375,-0.69592446,-0.27888548,0.27673218
7.8316064,-0.6838043,-0.29458183,0.27416027
7.8316126,-0.6837098,-0.2852816,0.27356672
7.807108,-0.7030764,-0.27518797,0.27944928
7.828412,-0.687127,-0.28081733,0.27484798
7.808154,-0.72104293,-0.23244095,0.2749779
7.822727,-0.666149,-0.31266278,0.2717909
7.8345003,-0.66210043,-0.31338048,0.27887303
7.8276167,-0.6764308,-0.29946762,0.27522781
7.8247905,-0.7231462,-0.27253973,0.28060028
7.803631,-0.6933242,-0.27058637,0.2862068
7.801196,-0.7062732,-0.2232306,0.27577838
7.7985754,-0.7231555,-0.21394557,0.28161684
7.7638865,-0.7107999,-0.20008802,0.27796888
7.769784,-0.7424936,-0.15115541,0.27657077
7.7919664,-0.7148752,-0.20093727,0.27916652
7.793978,-0.705147,-0.22469944,0.2757037
7.8006115,-0.70720124,-0.24281096,0.27822876
7.8057785,-0.7209048,-0.19884026,0.28080565
7.824806,-0.72935164,-0.2216301,0.27717945
7.8197765,-0.7284503,-0.19565117,0.28082368
7.798728,-0.7212329,-0.23315084,0.27834007
7.8219924,-0.7177048,-0.2004472,0.27851495
7.7802725,-0.69018745,-0.20145792,0.27840674
7.7621546,-0.7177314,-0.20995712,0.27605382
7.806182,-0.71478724,-0.19117218,0.27802947
7.7715273,-0.70485413,-0.20559597,0.27457416
7.764072,-0.7421656,-0.17967892,0.27784508
7.7655144,-0.7310146,-0.13156992,0.27845582
7.7713413,-0.7135695,-0.2087475,0.28297865
7.7897263,-0.6885365,-0.20884132,0.27312884
7.748202,-0.6890538,-0.21936148,0.287105
7.825776,-0.7223571,-0.17411113,0.27907935
7.8242226,-0.7245718,-0.20902681,0.27809036
7.7837696,-0.7066506,-0.18811977,0.28245735
7.7392755,-0.6848074,-0.20283514,0.28790346
7.7156305,-0.6984999,-0.17380416,0.2828215
7.73472,-0.70013773,-0.20537841,0.2838014
7.741085,-0.70696414,-0.19940048,0.2769553
7.7895885,-0.7203266,-0.20217729,0.28118256
7.7657833,-0.69725275,-0.18442309,0.28049228
7.7739697,-0.74069387,-0.15858793,0.27944806
7.730161,-0.7475455,-0.15978283,0.28528553
7.714702,-0.70172024,-0.16721642,0.28470305
7.742749,-0.69537807,-0.20488226,0.28382954
7.8233013,-0.7208508,-0.20309782,0.27713376
7.760805,-0.7114332,-0.22757328,0.28099748
7.796486,-0.72291386,-0.25638658,0.28347597
7.792516,-0.7011362,-0.21956205,0.27340046
7.780702,-0.7057813,-0.18563461,0.27873814
7.773919,-0.7299831,-0.21420163,0.27595133
7.8097725,-0.7234692,-0.18907845,0.2804321
7.777641,-0.6908494,-0.20267451,0.28127515
7.783957,-0.7155902,-0.19763458,0.28314087
7.7864513,-0.7134794,-0.22745883,0.27896056
7.7842693,-0.71193326,-0.20890868,0.27370834
7.784132,-0.74012995,-0.2596848,0.27667212
7.7941,-0.6841238,-0.238379,0.26409456
7.815878,-0.70892036,-0.27850688,0.27639273
7.8104453,-0.6594899,-0.28800607,0.27681267
7.8224072,-0.71608293,-0.2235722,0.2804551
7.814229,-0.74569964,-0.2503032,0.2658177
7.8339386,-0.7386298,-0.17982072,0.27487543
7.7668214,-0.7039173,-0.1900925,0.27707848
7.785893,-0.6933878,-0.20644581,0.27782628
7.7614164,-0.7035006,-0.23264766,0.2746454
7.781837,-0.7097135,-0.20849717,0.28324538
7.803726,-0.72067547,-0.24059641,0.27205822
7.762913,-0.70561194,-0.22391438,0.28042948
7.797623,-0.7179854,-0.21102858,0.276094
7.786383,-0.72036946,-0.22669101,0.28011483
7.793743,-0.7028303,-0.22723967,0.28381914
7.797077,-0.7242357,-0.24521726,0.28284186
7.8097353,-0.70853096,-0.27693558,0.27364162
6.2796855,-0.6777774,-0.17678976,0.23096336
6.1664925,-0.6814771,-0.1758933,0.23216584
6.174883,-0.6451402,-0.1530385,0.23036243
6.1591277,-0.6570485,-0.18190646,0.22580251
6.1445065,-0.65212524,-0.20681465,0.22366536
6.170438,-0.653671,-0.17624259,0.22717956
6.166559,-0.6571343,-0.21064007,0.2228916
6.1879263,-0.6687131,-0.22367787,0.22466737
6.210188,-0.67498624,-0.21081614,0.21668057
6.2450347,-0.6784464,-0.21383327,0.22795843
6.2154274,-0.6807704,-0.22886145,0.22954589
6.2654247,-0.7055135,-0.20186311,0.23452023
6.39189,-0.75042415,-0.24503219,0.24648704
6.3961215,-0.7168231,-0.23539001,0.24255922
6.3975353,-0.7305132,-0.27476496,0.2467499
6.255975,-0.70265216,-0.16110933,0.24839853
6.2793407,-0.74305487,-0.17796409,0.24315411
6.375971,-0.7137593,-0.17981029,0.2465862
6.4288816,-0.7369624,-0.18184495,0.24587114
6.286284,-0.73538005,-0.21676302,0.2564906
6.323011,-0.73570275,-0.2748084,0.25883386
6.2951856,-0.7702932,-0.29885525,0.26005346
6.364973,-0.76563,-0.24983382,0.2519186
6.370087,-0.75366855,-0.253717,0.25006685
6.39349,-0.75489676,-0.3011152,0.2514392
6.3787208,-0.7771169,-0.31872958,0.2511955
6.3261557,-0.7279289,-0.22837818,0.25948745
6.3728566,-0.7241222,-0.27117318,0.2512547
6.3114896,-0.72574866,-0.22220898,0.25657842
6.3400264,-0.737145,-0.20883,0.24815905
6.2306147,-0.82052535,-0.317914,0.2603552
6.2655177,-0.81632596,-0.31684297,0.22805439
6.2283382,-0.7858598,-0.21834135,0.24732165
6.2535973,-0.7692156,-0.28330266,0.2173873
6.1860337,-0.76078343,-0.24310255,0.25836164
6.138645,-0.7444725,-0.2518013,0.25242144
6.218279,-0.7372608,-0.20453477,0.24862885
6.2194242,-0.78597605,-0.2829857,0.2436201
6.161815,-0.7941799,-0.30645406,0.24822049
6.252404,-0.8117834,-0.2884977,0.24191593
6.248248,-0.7781142,-0.24778819,0.2541349
6.1890583,-0.8051023,-0.27733654,0.25409496
6.1861925,-0.8158133,-0.29887545,0.24133678
6.229567,-0.77127457,-0.2502271,0.25360525
6.229964,-0.79308385,-0.28311938,0.25664532
6.2047176,-0.8087009,-0.28816354,0.24853516
6.3570085,-0.7487869,-0.2973069,0.25322402
6.403346,-0.748754,-0.2952054,0.24790516
6.3809204,-0.7478874,-0.31466103,0.24795577
6.401436,-0.7295636,-0.2880826,0.24610452
6.347641,-0.7762874,-0.26891613,0.24977857
6.251478,-0.7444402,-0.21058238,0.25821185
6.281872,-0.7395929,-0.18424922,0.26465872
6.325444,-0.7621828,-0.27511424,0.25176477
6.3825974,-0.7559779,-0.29750478,0.25310287
6.389845,-0.76254,-0.27154756,0.24998207
6.464487,-0.76414967,-0.22724038,0.24604988
6.4232373,-0.7638693,-0.2450651,0.24668318
6.4292116,-0.72718173,-0.22245622,0.24525265
6.3599043,-0.7206696,-0.21782708,0.2479041
6.154066,-0.72844285,-0.22405982,0.24993841
6.4224396,-0.73760235,-0.20738703,0.24713573
6.4169273,-0.76215553,-0.3095925,0.248992
6.4128895,-0.7392832,-0.27932322,0.24628116
6.4124937,-0.7425897,-0.2825523,0.24465331
6.387026,-0.74069595,-0.28032595,0.24758291
6.400813,-0.75545216,-0.29606593,0.24843097
6.367808,-0.77957296,-0.31038558,0.2542836
6.37432,-0.7584497,-0.28782392,0.25304848
6.384037,-0.7591435,-0.24098372,0.2467572
6.2875924,-0.7288126,-0.18206054,0.24614435
6.2625327,-0.6829686,-0.09144372,0.24356478
6.2508183,-0.6917964,-0.12850952,0.24537496
6.2911243,-0.6906841,-0.13023615,0.24738243
6.319529,-0.6895256,-0.13588256,0.24723908
6.246047,-0.69071317,-0.12368798,0.24621087
6.304185,-0.68548965,-0.10479677,0.2418552
6.2832203,-0.69187516,-0.16796291,0.22687922
6.19042,-0.6626303,-0.18764746,0.23126388
6.184634,-0.6632025,-0.19617361,0.22320844
6.162403,-0.65512407,-0.20440817,0.22616316
6.1734247,-0.65713036,-0.18166071,0.22684674
6.147121,-0.6494688,-0.20132881,0.2274129
6.1696997,-0.6579731,-0.21568155,0.2283256
6.1760044,-0.6580422,-0.19178891,0.22685242
6.153671,-0.6534147,-0.17829728,0.22089657
6.136327,-0.6551775,-0.173814,0.21003939
6.145439,-0.656809,-0.18663645,0.21841441
6.149806,-0.64654016,-0.15580028,0.21533881
6.152135,-0.64669484,-0.14368957,0.21409997
6.148653,-0.6522837,-0.15604413,0.21866634
6.135534,-0.64451396,-0.17206061,0.21966515
6.1177835,-0.6512985,-0.19116318,0.21368974
6.194493,-0.6610526,-0.19495738,0.22660777
6.1899076,-0.67291796,-0.2371583,0.22547206
6.20172,-0.6726681,-0.22848058,0.22383103
6.200363,-0.66153646,-0.19411051,0.228015
6.1648884,-0.6553582,-0.20093143,0.22588469
6.143623,-0.6512279,-0.20302355,0.22389357
6.1602383,-0.6551639,-0.20536828,0.23001923
6.1274576,-0.64808035,-0.18896687,0.2301451
6.175818,-0.6715563,-0.24110949,0.22867444
6.1886406,-0.6836559,-0.23425955,0.23136175
6.168932,-0.66290236,-0.17072731,0.22655487
6.173398,-0.65536296,-0.1901741,0.22677988
6.159482,-0.66051394,-0.19876194,0.21942642
6.1424,-0.6522747,-0.18954748,0.2161371
6.136221,-0.64321893,-0.17642093,0.21973403
6.1424537,-0.64744747,-0.17778695,0.21489511
6.161898,-0.6568501,-0.1998254,0.2233652
6.1634,-0.65769374,-0.18205059,0.2253428
6.146056,-0.6505492,-0.19399786,0.22326462
6.162141,-0.6565925,-0.19675833,0.22181904
6.1854553,-0.6648376,-0.21056473,0.2244646
6.1913786,-0.66216624,-0.18721056,0.22712494
6.1751595,-0.6574154,-0.19250143,0.22253974
6.150527,-0.65333426,-0.20165253,0.22468986
6.1601515,-0.6511208,-0.18993229,0.22576565
6.2125006,-0.6729603,-0.17314422,0.23133524
6.1952057,-0.67022264,-0.23136741,0.22743435
6.181115,-0.66962755,-0.23288798,0.22651671
6.176515,-0.6740258,-0.24336153,0.22772281
6.167804,-0.6716248,-0.24773383,0.22923812
6.1759157,-0.6675892,-0.23336053,0.22988673
6.199592,-0.66887105,-0.22130483,0.22933625
6.168639,-0.66185534,-0.19579506,0.2250479
6.2064834,-0.6685245,-0.22442836,0.22716583
6.1944213,-0.69063973,-0.17721933,0.23078914
6.1698666,-0.65592885,-0.1854505,0.2267475
6.163819,-0.66161805,-0.19614285,0.22327882
6.150627,-0.6559739,-0.19537723,0.22645266
6.170155,-0.66541624,-0.23411822,0.22775294
6.190971,-0.6779944,-0.24708366,0.22505838
6.1663103,-0.66639626,-0.16704655,0.22856915
6.211301,-0.67059696,-0.20457232,0.22359666
6.219687,-0.6705811,-0.2140575,0.22239845
6.238027,-0.67273486,-0.19863266,0.22572434
6.1854935,-0.665901,-0.21035242,0.22923829
6.180874,-0.66351724,-0.22261155,0.22337006
6.211889,-0.6671668,-0.20587349,0.22883151
6.2018313,-0.669624,-0.21120107,0.22289678
6.1638455,-0.6571723,-0.20428157,0.22111252
6.1671553,-0.6582742,-0.20926881,0.2247495
6.1686697,-0.6580762,-0.19914973,0.22586416
6.1751676,-0.6621113,-0.20909977,0.22055255
6.1403975,-0.66945505,-0.16285586,0.20986222
6.1942782,-0.67176247,-0.1964562,0.22211495
6.175079,-0.6664328,-0.21042132,0.21721257
6.1991115,-0.6713656,-0.22545719,0.22895217
6.191701,-0.66761166,-0.21430492,0.22400215
6.2169104,-0.6691052,-0.19764316,0.22689609
6.215468,-0.6748029,-0.21608007,0.22186975
6.2449636,-0.6816764,-0.21103233,0.23331156
6.251466,-0.69573855,-0.20248592,0.23702964
6.253169,-0.7114012,-0.1986916,0.23938933
6.5204887,-0.73766375,-0.19962382,0.24640429
6.512244,-0.7365966,-0.20796025,0.24472767
6.44823,-0.72489876,-0.17834336,0.2442515
6.2366385,-0.7740707,-0.29748845,0.23906857
6.344178,-0.7737366,-0.28749257,0.2553587
6.3025184,-0.7404982,-0.24548423,0.26283187
6.4138117,-0.76132727,-0.2915492,0.250152
6.2455645,-0.8005567,-0.28221035,0.25773954
6.094887,-0.8241055,-0.34456813,0.24655825
6.1407843,-0.81543654,-0.33089197,0.2533551
6.177366,-0.76203597,-0.3012507,0.24033344
6.1777697,-0.7800902,-0.2939688,0.24782133
6.2402096,-0.8980371,-0.32450652,0.23782983
6.3756886,-0.8874508,-0.30417287,0.2506649
6.261416,-0.8111005,-0.35187548,0.25769395
6.3031735,-0.75911516,-0.28047282,0.22662225
6.279843,-0.7886761,-0.26673138,0.25420716
6.3946605,-0.70754874,-0.20478171,0.24468043
6.3929777,-0.7335043,-0.2170769,0.24733502
6.422031,-0.72466445,-0.19064361,0.24630366
6.3768597,-0.7509936,-0.24380302,0.24902403
6.380404,-0.75876987,-0.31656045,0.25245816
6.3635263,-0.7398082,-0.24242496,0.24788284
6.3810244,-0.73567927,-0.2089616,0.24984021
6.3219595,-0.7099923,-0.15866917,0.2596056
6.2683325,-0.6896812,-0.16327131,0.24109389
6.3269258,-0.6839262,-0.13163894,0.24383512
6.275529,-0.68911153,-0.15542299,0.24315143
6.2967434,-0.6833802,-0.1392144,0.24112141
6.27503,-0.6834319,-0.13367099,0.24077943
6.2846684,-0.67704195,-0.13881707,0.23658574
6.3005157,-0.67911106,-0.09759498,0.2375778
6.287643,-0.67601186,-0.17391884,0.23545885
6.246527,-0.6812875,-0.14291465,0.23352005
6.2944818,-0.6887158,-0.15838492,0.2412752
6.1715107,-0.6630087,-0.18257052,0.22223224
6.188065,-0.6627034,-0.22189796,0.2268113
6.149377,-0.6578353,-0.2352016,0.23081455
6.139415,-0.65443003,-0.22831976,0.22794935
6.1301517,-0.6511624,-0.21016133,0.2273236
6.156363,-0.6548735,-0.1994037,0.22694103
6.148158,-0.657723,-0.18913722,0.21798843
6.1571255,-0.6494769,-0.18557745,0.2287628
6.169717,-0.6562662,-0.19795817,0.22839952
6.164979,-0.6597173,-0.1782738,0.22221528
6.1581726,-0.6585831,-0.21833622,0.22651719
6.201711,-0.66649926,-0.19678336,0.22909364
6.1991034,-0.6636264,-0.19738364,0.22522224
6.195399,-0.66614044,-0.21768689,0.22684783
6.18759,-0.6628568,-0.20451349,0.22597684
6.180979,-0.6678555,-0.20366985,0.23216668
6.1885056,-0.6764524,-0.20824641,0.20999071
6.230824,-0.6752021,-0.21246696,0.2288705
6.267303,-0.6832037,-0.20328581,0.23315136
6.265419,-0.6855229,-0.14463729,0.24085687
6.2710433,-0.6770601,-0.119975924,0.2363205
6.25813,-0.69499665,-0.17670882,0.24061778
6.2625,-0.67580235,-0.12859696,0.23734707
6.261852,-0.67130923,-0.16072202,0.23447329
6.3014345,-0.67716503,-0.120315075,0.23993704
6.27709,-0.6755019,-0.13120764,0.23921792
6.2636275,-0.6709494,-0.09032577,0.24144533
6.218346,-0.6760638,-0.123680115,0.2342929
6.2628956,-0.6806478,-0.19169939,0.23053956
6.1808996,-0.654613,-0.18269801,0.22620232
6.211124,-0.6731647,-0.2264415,0.22959426
6.2059417,-0.6666941,-0.19875634,0.22615111
6.2221255,-0.67050064,-0.20957792,0.22875161
6.2229347,-0.66975045,-0.21433043,0.226731
6.2062473,-0.6652949,-0.1871686,0.22849415
6.1990995,-0.6653968,-0.20111,0.22931926
6.2223053,-0.66946995,-0.18787146,0.22752933
6.2614183,-0.67528826,-0.19788933,0.23108126
6.2291327,-0.6774075,-0.1880222,0.22467445
6.213137,-0.66964114,-0.1992408,0.22784124
6.1927114,-0.6708261,-0.21941984,0.22365862
6.1970644,-0.6719221,-0.19632506,0.22218825
6.215893,-0.67296124,-0.19863117,0.2280135
6.2198486,-0.6715032,-0.20974886,0.22954378
6.2415614,-0.67484,-0.20680374,0.23154978
6.2166586,-0.6722908,-0.2153135,0.22991922
6.243944,-0.6772971,-0.21103197,0.22723444
6.21799,-0.6781063,-0.20855111,0.22094676
6.220086,-0.6799014,-0.18370962,0.22891237
6.1905346,-0.66452026,-0.18177831,0.22777484
6.1461782,-0.6518499,-0.19661564,0.22683518
6.137394,-0.64814484,-0.16458881,0.21708213
6.1534843,-0.65881175,-0.20417625,0.22916166
6.1134653,-0.6475949,-0.18678194,0.21496631
6.132682,-0.64836705,-0.20493805,0.22783612
6.1423397,-0.65109044,-0.20020258,0.22687735
6.1341834,-0.65251726,-0.20342267,0.22568323
6.135995,-0.6460248,-0.1851381,0.2270466
6.1508484,-0.65214133,-0.18394417,0.22452822
6.1677446,-0.6533885,-0.19288325,0.24331385
7.780098,-0.60286057,1.2125316,0.46579278
7.785817,-0.6271249,1.2295704,0.46274686
7.787771,-0.6388549,1.2573886,0.4536729
7.7792015,-0.62704957,1.1934748,0.46479696
7.7817,-0.62357116,1.209908,0.46354663
7.7655954,-0.58272135,1.2011533,0.4786501
7.763152,-0.5974316,1.1878405,0.46741974
7.770151,-0.59917647,1.2018235,0.46678954
7.7753754,-0.6071391,1.1910379,0.47290808
7.7628717,-0.579519,1.1946225,0.4789093
7.763643,-0.58635074,1.2037992,0.4566685
7.7550116,-0.59884286,1.1689768,0.48872584
7.7544346,-0.5860801,1.1969538,0.48542225
7.7587137,-0.5822896,1.1845336,0.48680842
7.769381,-0.58992594,1.1945729,0.47847444
7.7713633,-0.5985114,1.2053273,0.47049564
7.740519,-0.6116978,1.14185,0.45987302
7.774578,-0.61157787,1.2638485,0.47417337
7.763714,-0.5933578,1.1826153,0.45785314
7.7561955,-0.5730945,1.1029243,0.44206166
7.760175,-0.60305405,1.1049268,0.43921822
7.766252,-0.55229056,1.1328688,0.4399685
7.7695394,-0.6192478,1.2010648,0.46301168
7.7721863,-0.61270845,1.1717262,0.4643492
7.7304564,-0.60763764,1.1640453,0.47837114
7.7697363,-0.5969224,1.1665359,0.48450398
7.762639,-0.5908797,1.0629625,0.4359848
7.7567105,-0.5280491,1.0030422,0.42920023
7.762047,-0.5279591,1.0081444,0.433504
7.768034,-0.5373495,1.0290666,0.4326328
7.7718105,-0.5331671,0.9808446,0.42556185
7.7620635,-0.60263085,1.0477743,0.45082462
7.763838,-0.61294866,1.152807,0.48670566
7.7475543,-0.6114841,1.1477952,0.4651665
7.7683706,-0.623185,1.1780314,0.45456076
7.7544537,-0.60464996,1.1643794,0.48651904
7.761078,-0.5986885,1.1453476,0.46046633
7.778253,-0.612519,1.2231245,0.4733619
7.74782,-0.6071509,1.1653526,0.48406166
7.756689,-0.6049379,1.1426756,0.45877504
7.758983,-0.5916541,1.2084489,0.48542213
7.769845,-0.5905056,1.2111249,0.4734007
7.745959,-0.6072798,1.1792707,0.48495263
7.77903,-0.61970645,1.147955,0.46475625
7.7804775,-0.6267843,1.2682459,0.46393508
7.780428,-0.6305881,1.2163568,0.4531384
7.783778,-0.6461897,1.2440183,0.45025396
7.7831545,-0.62093854,1.2593174,0.46104544
7.776948,-0.6202913,1.2102413,0.4621321
7.7760825,-0.608479,1.1567924,0.47317445
7.7767963,-0.6106952,1.2398682,0.4713922
7.777615,-0.6218483,1.2506256,0.4665274
7.7814646,-0.6242055,1.2005427,0.45934707
7.7700577,-0.6135917,1.1015735,0.45911378
7.7532034,-0.5817316,1.1836102,0.47295338
7.74988,-0.5852766,1.1822877,0.46200132
7.7553864,-0.6084354,1.1514356,0.46406174
7.778252,-0.617663,1.2216127,0.45865375
7.773781,-0.61819583,1.2104483,0.46242434
7.7420883,-0.6135013,1.1331499,0.46305317
7.7582226,-0.6096058,1.1753006,0.44933152
7.768379,-0.62075126,1.0449452,0.42933828
7.7572412,-0.52285457,1.0247455,0.4303348
7.7675257,-0.5039202,1.0663164,0.43117255
7.754793,-0.55706465,1.0690768,0.44793952
7.7607307,-0.5408493,0.98447025,0.4359035
7.7953815,-0.58294404,0.9852748,0.4928255
7.7937746,-0.5596142,0.98430145,0.4943456
7.8071213,-0.5869524,1.0000422,0.5047617
7.7812686,-0.5931895,0.90029407,0.5059077
7.786544,-0.59444606,0.8801036,0.5037546
7.7643967,-0.6061603,0.9705442,0.5005384
7.7741756,-0.57727337,0.96803653,0.48851925
7.800372,-0.5841817,0.97004724,0.48579615
7.7826915,-0.57038844,0.9641073,0.49103373
7.782543,-0.5829186,0.9595485,0.48826754
7.7803345,-0.5893909,0.97416914,0.49574935
7.769252,-0.6253985,0.9918846,0.50333315
7.7607656,-0.6325307,0.99051917,0.5434587
7.765575,-0.62645495,0.97635174,0.50185114
7.791479,-0.6803929,0.9516599,0.5039968
7.8028173,-0.71245706,0.94030833,0.5039284
7.7840695,-0.5343392,1.0330591,0.52327114
7.8221636,-0.5998497,1.0159595,0.5224848
7.807893,-0.5602734,1.0558221,0.5370824
7.8119507,-0.56271577,1.0402608,0.5256731
7.8223395,-0.5801889,1.045829,0.5299801
7.7917957,-0.5605271,1.0238335,0.51604575
7.785219,-0.5604081,1.0229783,0.51574343
7.8162775,-0.55417585,1.013946,0.5248442
7.809856,-0.5966443,1.0093126,0.5237862
7.805046,-0.55864257,0.9997002,0.5217658
7.8167343,-0.6059962,0.9834788,0.5210123
7.8172054,-0.56653666,1.0330787,0.5246586
7.802305,-0.5706928,1.0368371,0.52145445
7.801564,-0.55161095,1.0007572,0.5231348
7.8166304,-0.5748928,1.0461612,0.53438586
7.80557,-0.55756354,1.0411258,0.5297079
7.798401,-0.53621036,1.0548532,0.5340287
7.7979274,-0.5607864,1.0054703,0.5166289
7.805106,-0.5820599,1.0048449,0.5154286
7.8063445,-0.55630845,1.0400546,0.5107383
7.7831726,-0.51212776,1.0521166,0.5302861
7.798381,-0.55056024,1.031929,0.5266852
7.7900953,-0.53777134,1.0265608,0.5299874
7.808519,-0.57924706,1.0479662,0.52760535
7.8139706,-0.55655444,1.0384927,0.5323691
7.787014,-0.5672819,1.0416279,0.52372015
7.8033323,-0.56595767,1.0215075,0.5260814
7.788352,-0.5705565,1.0064533,0.5158442
7.796327,-0.57223976,1.0118482,0.5160441
7.770552,-0.6827431,1.00249,0.516298
7.7832966,-0.6338763,0.9913417,0.50427806
7.780537,-0.5685122,0.98173094,0.49699384
7.7991037,-0.5718864,0.98265743,0.4929853
7.757772,-0.5543668,0.9723005,0.49312234
7.7819047,-0.5712739,0.974566,0.48955846
7.7753706,-0.5679164,0.9619932,0.49620223
7.78732,-0.6071013,0.97714496,0.49744976
7.8028197,-0.57104087,0.9844768,0.49407166
7.789939,-0.5986134,0.9596517,0.4830588
7.795808,-0.6111737,0.95973897,0.48497134
7.7988567,-0.5911862,0.968873,0.48291487
7.806266,-0.58858955,0.9184085,0.50703436
7.790388,-0.6065464,0.9494462,0.5073772
7.7771444,-0.61054933,0.934,0.5141669
7.7404327,-0.57794046,0.83877444,0.5097069
7.747348,-0.55071115,0.7667341,0.51307744
7.779464,-0.5627469,0.767936,0.51780325
7.7590013,-0.5690199,0.75806713,0.5039922
7.777031,-0.56935626,0.9998236,0.5111635
7.781765,-0.58774304,1.0028894,0.5105407
7.807413,-0.59440875,1.0107284,0.51884025
7.7924395,-0.5261899,1.0376554,0.5325857
7.804779,-0.5394075,1.049222,0.53532135
7.7792974,-0.5441058,0.9974406,0.50660414
7.800725,-0.56529796,0.96359444,0.48985583
7.7917805,-0.61482954,0.96257627,0.50561327
7.8024316,-0.58107626,0.9276589,0.50599563
7.777829,-0.585851,0.8643248,0.50255495
7.7741823,-0.56933135,0.9619241,0.4954443
7.7927437,-0.61232066,0.9720526,0.49762708
7.7843757,-0.61102366,0.9682082,0.49338853
7.7742333,-0.56209576,0.9720112,0.49723488
7.784397,-0.59964585,0.97208524,0.4939251
7.769702,-0.58078194,0.9849616,0.49762064
7.7833853,-0.5857432,1.001178,0.500568
7.7678475,-0.5716588,0.98093677,0.50049734
7.779482,-0.6350106,0.89990425,0.5108215
7.806933,-0.5978991,0.9950092,0.52362746
7.8113337,-0.59001637,0.9883654,0.5107148
7.774559,-0.5636883,0.9952848,0.50459707
7.7832146,-0.5583396,1.0056646,0.5092805
7.789422,-0.5621108,0.88385797,0.50691116
7.783496,-0.5571587,0.8456409,0.504971
7.7799935,-0.55637443,0.8555622,0.5072672
7.7815046,-0.56660044,0.8795121,0.5037375
7.7974024,-0.5571505,0.8950976,0.5068013
7.775263,-0.5354453,0.99927497,0.5095139
7.7633586,-0.626948,0.99842775,0.51071095
7.778925,-0.5677092,1.0042343,0.50691164
7.7849264,-0.58611894,0.998839,0.5036642
7.785407,-0.5790305,0.9834485,0.49791032
7.7584357,-0.5603826,0.99707234,0.51033163
7.7615147,-0.5733626,0.91476655,0.5064371
7.7949066,-0.5701053,0.87600315,0.5022969
7.7978706,-0.5820736,0.87999487,0.5039283
7.8108287,-0.59211785,0.9125277,0.50469166
7.7583847,-0.6014221,0.92427254,0.48597014
7.7754993,-0.55250406,1.0069537,0.50849134
7.779855,-0.60062957,0.9968097,0.50256354
7.820569,-0.58892775,1.0523419,0.5299551
7.8095207,-0.5787345,1.0295162,0.5214473
7.788535,-0.5471078,1.0328493,0.5204374
7.789475,-0.5625901,1.0018682,0.51159596
7.815881,-0.5606654,1.0350981,0.5279533
7.813159,-0.5736,1.0394008,0.5300011
7.8199587,-0.5805789,1.0342519,0.525942
7.792666,-0.5534175,1.0536618,0.53714687
7.7937994,-0.5056842,1.0641742,0.53071856
7.789747,-0.5081772,1.1244917,0.5346398
7.781705,-0.5041009,1.1075191,0.5441304
7.7911463,-0.49947578,1.1286197,0.53794605
7.7911277,-0.5026022,1.1208639,0.5341678
7.7713346,-0.50113,1.1289861,0.55344653
7.7799826,-0.48488754,1.1314871,0.54245013
7.786418,-0.49752808,1.1346829,0.54143244
7.812106,-0.5135621,1.1361945,0.541364
7.8063593,-0.5196234,1.1379242,0.54617304
7.813122,-0.5169793,1.1363935,0.5418475
7.798646,-0.55744135,1.0505471,0.53586906
7.807605,-0.5629103,1.0607798,0.5321453
7.8014584,-0.53871244,1.0121732,0.5263335
7.7983055,-0.5976945,1.034966,0.52749884
7.8053226,-0.57283366,1.0230453,0.5191198
7.7995934,-0.5606982,1.0119534,0.52520055
7.791377,-0.55851823,1.0181608,0.5093799
7.792033,-0.5777894,0.99230874,0.5228862
7.8078313,-0.54619014,1.0048814,0.5222102
7.8112597,-0.55415654,0.9947405,0.52057254
7.8020034,-0.5859941,1.0334153,0.5231986
7.7873526,-0.55416644,1.0416176,0.52794826
7.821373,-0.56728786,1.0365293,0.52953225
7.8117285,-0.59217346,1.0040686,0.52350944
7.801351,-0.56952935,0.99342597,0.5211943
7.7781363,-0.61374444,1.0188711,0.52739304
7.79383,-0.6066549,1.0490675,0.53241116
7.808672,-0.61788136,1.041847,0.53504115
7.7974977,-0.5596678,1.0383992,0.5280606
7.8111525,-0.54747415,1.0624235,0.5319552
7.84052,-0.58297205,1.046691,0.5335827
7.7938356,-0.5716869,0.9952929,0.5228827
7.8064613,-0.57636434,0.98197675,0.5183017
7.7939563,-0.5406281,0.9980874,0.52236503
7.8010325,-0.5743493,1.0287447,0.5222116
7.796915,-0.5243066,0.954142,0.5137031
7.799985,-0.58720046,0.9846785,0.5203101
7.800455,-0.5846622,1.0284412,0.5267125
7.8082476,-0.5715953,1.025981,0.5274522
7.804964,-0.5320184,1.0156686,0.5248792
7.78244,-0.51632965,1.0043268,0.52405417
7.8016357,-0.52884924,1.0457969,0.5321286
7.794486,-0.5298537,1.0686145,0.5373873
7.8397665,-0.58952963,1.0540092,0.5342712
7.820326,-0.5975653,1.0119581,0.5221686
7.793333,-0.5884222,0.9881809,0.5247909
7.8071103,-0.5452812,1.0187757,0.5208921
7.8005047,-0.5627682,1.0192292,0.5150971
7.78703,-0.5511614,1.023705,0.50991887
7.802979,-0.5913579,0.9984577,0.5132599
7.79104,-0.5762707,1.0028281,0.50471246
7.802149,-0.5612619,1.0280552,0.5261998
7.8238,-0.5681432,1.0398283,0.5318776
7.799569,-0.5721123,1.032052,0.52567583
7.7703094,-0.552045,1.0012491,0.50681895
7.7758036,-0.5513722,0.91555524,0.515375
7.7701044,-0.5382949,1.0226011,0.5140818
7.8045926,-0.55398035,1.0022228,0.5226326
7.785201,-0.57084894,1.0132513,0.51800764
7.787414,-0.6052036,0.9356458,0.5114881
7.8082047,-0.634285,0.9324057,0.510917
7.801549,-0.6244118,0.93053365,0.50568515
7.8145456,-0.62525463,0.9853697,0.50701964
7.8259153,-0.6250995,0.9934423,0.5089823
7.7650766,-0.57386714,0.9940883,0.5035128
7.8041983,-0.58466315,1.0033374,0.5145408
7.8190007,-0.6067828,1.0181079,0.5274354
7.8047504,-0.541592,1.0541949,0.5379034
7.810015,-0.5625586,1.0029087,0.52207637
7.79113,-0.5277494,1.0405786,0.52476454
5.7920985,-0.5899477,-0.013802409,0.56444424
5.7335267,-0.5943004,-0.054550886,0.5643833
5.746537,-0.58290064,-0.08757746,0.57459074
5.7253428,-0.551271,-0.099347115,0.5813385
5.7141485,-0.5519217,-0.06395459,0.5821087
5.6954284,-0.5893653,-0.050715923,0.5732694
5.674184,-0.5895896,-0.05098957,0.5753898
5.71149,-0.55973125,-0.13734078,0.578965
5.703196,-0.58121604,-0.07356769,0.5781719
5.717498,-0.5661909,-0.09572077,0.5766823
5.7188187,-0.5734091,-0.06912196,0.57592505
5.7231636,-0.56570756,-0.0779711,0.57538986
5.7204356,-0.59677184,-0.08099711,0.5672517
5.689965,-0.60014784,-0.046507597,0.56008327
5.6727476,-0.6043956,-0.038138032,0.56307894
5.66445,-0.6046808,-0.041386187,0.5538107
5.6800065,-0.60309786,-0.04619813,0.5512836
5.6647716,-0.60518134,-0.043351173,0.5537778
5.657971,-0.6008245,-0.008290887,0.55130196
5.655957,-0.6009193,-0.044098437,0.5555876
5.692369,-0.6026503,-0.054058194,0.56385607
5.8031406,-0.5989598,-0.064320326,0.563103
5.7858906,-0.58960545,-0.057029366,0.56363314
5.728239,-0.59644663,-0.06892502,0.5707281
5.7145996,-0.58501405,-0.06399548,0.5738398
5.71506,-0.5879891,-0.06155145,0.57455915
5.713882,-0.55551946,-0.05343306,0.580461
5.7087007,-0.55669534,-0.054594517,0.5820295
5.698855,-0.54933846,-0.092015505,0.58637303
5.7036347,-0.54163104,-0.08608222,0.5849827
5.682489,-0.5413914,-0.058190763,0.58852834
5.668143,-0.5450655,-0.06352532,0.58830357
5.6529946,-0.5436424,-0.050970614,0.5915813
5.668325,-0.54925,-0.057809472,0.5877257
5.681189,-0.54482245,-0.057620704,0.5878806
5.700157,-0.54185826,-0.077498555,0.5868546
5.658404,-0.5345187,-0.06507647,0.593446
5.6754274,-0.5304529,-0.06671655,0.59036237
5.664943,-0.5386114,-0.055051565,0.59036934
5.6754236,-0.54108334,-0.05161184,0.58860093
5.6697927,-0.54123014,-0.055369616,0.5893851
5.6758475,-0.5399058,-0.061359644,0.5891046
5.6779585,-0.53717756,-0.051162004,0.58837146
5.668319,-0.5323146,-0.05183506,0.5919351
5.666395,-0.5346312,-0.050828815,0.5893878
5.6750736,-0.5333776,-0.062538624,0.590103
5.6930685,-0.530591,-0.07987511,0.5895919
5.6773787,-0.5316226,-0.059096277,0.58962464
5.6702623,-0.53340155,-0.05126071,0.591062
5.68442,-0.53662074,-0.067133784,0.5890405
5.6709895,-0.5400848,-0.05188507,0.58916634
5.664764,-0.5333565,-0.060748875,0.5912549
5.652631,-0.52970105,-0.06005025,0.5955476
5.642114,-0.51909554,-0.07042754,0.59532994
5.640917,-0.52737993,-0.0657388,0.5945322
5.662027,-0.5498493,-0.054597855,0.5889177
5.6621575,-0.55702925,-0.05441171,0.5882277
5.6716394,-0.5688233,-0.04477364,0.5852722
5.669035,-0.5629029,-0.043540478,0.58519787
5.6760674,-0.56430066,-0.03987193,0.5840153
5.6926494,-0.53901947,-0.034825563,0.58402765
5.7041903,-0.5590991,-0.076225996,0.5839035
5.707293,-0.5606927,-0.06431693,0.5818952
5.713358,-0.55822706,-0.058280468,0.58210856
5.707295,-0.5513359,-0.081900716,0.5843989
5.7106314,-0.55331993,-0.058673203,0.5837446
5.692792,-0.54821795,-0.05466491,0.5849318
5.70294,-0.56316423,-0.030157685,0.58169216
5.7063413,-0.56028277,-0.07133901,0.58591217
5.6939473,-0.5485803,-0.05797422,0.58675474
5.6769276,-0.5678566,-0.06474686,0.58655936
5.6711087,-0.5722958,-0.06322825,0.58471376
5.674571,-0.564945,-0.03118682,0.5861134
5.6540885,-0.5646744,-0.044132352,0.5911165
5.6557317,-0.53618634,-0.07997775,0.5946478
5.664414,-0.5279728,-0.068553805,0.5939333
5.660227,-0.5618619,-0.065197706,0.5873853
5.6901107,-0.55076134,-0.048755825,0.58544827
5.6869426,-0.552246,-0.018188298,0.5837753
5.6948657,-0.56589997,-0.037111282,0.5827155
5.6760755,-0.5738351,-0.046115756,0.5823156
5.683515,-0.55928576,-0.058197975,0.5856867
5.682861,-0.54722506,-0.04294479,0.5857314
5.690691,-0.55172443,-0.04744762,0.58371645
5.688186,-0.56245524,-0.039830804,0.581953
5.6854053,-0.5705408,-0.056494474,0.583701
5.6812367,-0.5679367,-0.07830608,0.5847471
5.72535,-0.57692397,-0.10211676,0.5773178
5.7281055,-0.58032024,-0.11347288,0.56977844
5.7285514,-0.57615906,-0.075318694,0.57529664
5.7282476,-0.5671708,-0.06324369,0.5739553
5.744533,-0.57802975,-0.11110914,0.5744729
5.7449155,-0.5835398,-0.050272226,0.56706256
5.752545,-0.5821877,-0.0663116,0.5658142
5.760851,-0.56379306,-0.06961483,0.5663999
5.7406645,-0.59296453,-0.07160425,0.567352
5.7674766,-0.56837684,-0.064674914,0.5668754
5.763567,-0.5723408,-0.074325085,0.56718445
5.7704916,-0.5562583,-0.090013385,0.569717
5.748762,-0.5832962,-0.08168614,0.56890273
5.740361,-0.5909934,-0.07704222,0.5714006
5.733487,-0.58964634,-0.052673936,0.5669926
5.728682,-0.5916134,-0.05750394,0.56913584
5.7379932,-0.5735551,-0.08700526,0.57455695
5.7242537,-0.57490814,-0.1200161,0.57178634
5.724854,-0.5991851,-0.08467239,0.5718791
5.7377386,-0.57470524,-0.10297543,0.5733237
5.6976533,-0.53787637,-0.07154572,0.587745
5.707072,-0.55839664,-0.0915122,0.5843536
5.7048893,-0.5681337,-0.046551764,0.58200985
5.7384105,-0.5956411,-0.08345044,0.57159406
5.713525,-0.6057583,-0.06961906,0.570044
5.7230334,-0.5987592,-0.06727886,0.5678351
5.678906,-0.6002883,-0.048837185,0.5585385
5.671083,-0.6061944,-0.04722786,0.55347186
5.705493,-0.6016803,-0.061193824,0.56165224
5.671716,-0.60579556,-0.09971976,0.5559341
5.7043495,-0.59996426,-0.06614244,0.5604333
5.665168,-0.59761375,-0.04567063,0.5586908
5.7040186,-0.5997098,-0.044885635,0.56250066
5.6847157,-0.60233045,-0.04187894,0.5675797
5.6850486,-0.6035739,-0.0398885,0.56431866
5.6781316,-0.6034131,-0.047258973,0.55651313
5.6614094,-0.60577905,-0.04205239,0.5526939
5.693509,-0.60165817,-0.057198405,0.562523
5.7272687,-0.5923338,-0.06002003,0.57082164
5.7212496,-0.5854782,-0.057981193,0.57193476
5.7296386,-0.5758312,-0.11047137,0.57820654
5.7718716,-0.57168794,-0.11282647,0.57324135
5.748287,-0.58101416,-0.06961858,0.5684411
5.7319965,-0.5594169,-0.057997286,0.5693601
5.7408023,-0.5682807,-0.06909788,0.57102704
5.6978097,-0.60078657,-0.06421852,0.5606214
5.6757708,-0.6004547,-0.04078436,0.56887907
5.6972833,-0.6015346,-0.05575478,0.5648411
5.6891603,-0.6041273,-0.06296581,0.56104827
5.684163,-0.6040689,-0.044461012,0.56294733
5.6830163,-0.6070559,-0.08932942,0.55687493
5.6932497,-0.6006303,-0.063494086,0.56038934
5.7074842,-0.60247606,-0.06999636,0.56255275
5.739506,-0.56501365,-0.10937297,0.57453793
5.752721,-0.57772887,-0.08748299,0.57171917
5.732008,-0.59224695,-0.08222836,0.57323766
5.7425056,-0.56737983,-0.08562088,0.5744807
5.723385,-0.5799415,-0.05451083,0.57207364
5.719629,-0.5909085,-0.078104496,0.5725056
5.73563,-0.5652462,-0.08007008,0.5745076
5.7271113,-0.55745566,-0.08360314,0.577316
5.7283564,-0.5688774,-0.0861516,0.5767624
5.7153687,-0.6023668,-0.07957548,0.57405496
5.7347755,-0.59474933,-0.07623124,0.5712672
5.736567,-0.5585611,-0.07014489,0.5746773
5.7299366,-0.5603819,-0.05349636,0.5737519
5.7258325,-0.55922544,-0.059565425,0.5746257
5.732234,-0.5554435,-0.069556594,0.5713784
5.7476034,-0.5870706,-0.09168947,0.57233655
5.729253,-0.56608075,-0.102696896,0.5756497
5.7451015,-0.5724672,-0.075699866,0.5716235
5.716261,-0.5994907,-0.08859229,0.571698
5.7162423,-0.59780335,-0.068335235,0.5686051
5.715559,-0.59431386,-0.13212997,0.5644792
5.7149134,-0.5932862,-0.13995022,0.5614555
5.700766,-0.5822165,-0.15125597,0.56456107
5.689723,-0.588803,-0.17937732,0.5745371
5.692177,-0.5872129,-0.17921346,0.5795958
5.6744776,-0.5833491,-0.16794515,0.5660753
5.667208,-0.594259,-0.16509557,0.5650547
5.6946535,-0.5823387,-0.16696328,0.5615428
5.6907825,-0.5819683,-0.17591703,0.5665119
5.705526,-0.5754074,-0.17212814,0.5728923
5.698857,-0.58091766,-0.17365777,0.580977
5.687515,-0.58167654,-0.1685158,0.5611699
5.6777816,-0.5945659,-0.15561968,0.5631375
5.665404,-0.6016239,-0.15419221,0.5674732
5.643903,-0.6048048,-0.1481449,0.5638078
5.6625395,-0.60192263,-0.15757895,0.5651399
5.64556,-0.6082604,-0.14847267,0.5740141
5.657028,-0.6055722,-0.15483642,0.56893605
5.667956,-0.6106596,-0.16043055,0.58309895
5.6440344,-0.6119783,-0.13985252,0.5681866
5.6516905,-0.6031437,-0.14434618,0.5687135
5.6446147,-0.6106715,-0.16166234,0.57115036
5.662196,-0.5992876,-0.1680882,0.566007
5.6654825,-0.5969136,-0.1664635,0.5700951
5.660284,-0.59893304,-0.16496742,0.5669263
5.6758237,-0.592553,-0.1551376,0.566382
5.675731,-0.59232616,-0.1617564,0.5676424
5.680633,-0.584332,-0.16887343,0.5679717
5.6761026,-0.6006787,-0.14982969,0.5628998
5.6863465,-0.59823763,-0.15136886,0.5595663
5.6702933,-0.58626705,-0.16858089,0.5635773
5.7040796,-0.5754078,-0.16294324,0.5646141
5.683095,-0.59486634,-0.16559243,0.5731217
5.655696,-0.60382473,-0.15957648,0.56878513
5.663206,-0.6012629,-0.17514116,0.56553704
5.670832,-0.589684,-0.17235309,0.5674841
5.674106,-0.58887887,-0.15915453,0.5636988
5.6534405,-0.6094352,-0.15737277,0.5717129
5.6616178,-0.6026569,-0.16309905,0.5681495
5.658847,-0.597157,-0.14670753,0.56975317
5.6597652,-0.6040429,-0.15383303,0.57469875
5.664016,-0.6037191,-0.16620189,0.5792499
5.666224,-0.60203755,-0.1530065,0.56719404
5.6674337,-0.5996518,-0.14626122,0.56051564
5.6812944,-0.5878849,-0.16576147,0.5647055
5.661774,-0.60037273,-0.16581142,0.5697958
5.6520767,-0.60426944,-0.15014994,0.5674079
5.65607,-0.60605776,-0.1496455,0.5637582
5.6626954,-0.60186297,-0.15257907,0.56941044
5.654885,-0.60497797,-0.15922582,0.56943935
5.646685,-0.6108563,-0.15067905,0.57139516
5.6809053,-0.5989269,-0.16731799,0.57732695
5.6582956,-0.6077355,-0.1590501,0.57722235
5.6407976,-0.6154064,-0.1554116,0.5734191
5.679257,-0.59230536,-0.1584605,0.56736857
5.6670666,-0.6025177,-0.14764464,0.56554115
5.648912,-0.6094209,-0.16197759,0.57457036
5.650281,-0.60283613,-0.15729392,0.5713182
5.6618495,-0.599357,-0.15727443,0.5628974
5.6720285,-0.59695816,-0.15861231,0.5699694
5.6611056,-0.60220104,-0.14885199,0.5650161
5.657812,-0.6029677,-0.15448844,0.56826985
5.660309,-0.61462784,-0.19486678,0.5654382
5.6939473,-0.5812107,-0.16874063,0.57017565
5.689099,-0.5783683,-0.1720221,0.5668929
5.667947,-0.58976686,-0.16990799,0.56544626
5.6921678,-0.5827936,-0.15863752,0.5615787
5.733319,-0.58614004,-0.09884071,0.56943995
5.737881,-0.58711267,-0.07426083,0.56954366
5.7586594,-0.5786011,-0.059283137,0.56589776
5.742934,-0.5827943,-0.061175168,0.57069045
5.7391253,-0.56780183,-0.06567055,0.5699075
5.7356167,-0.5997946,-0.081242025,0.56984633
5.741326,-0.5778903,-0.05510342,0.569179
5.739817,-0.5838784,-0.10960263,0.5765751
5.742628,-0.5817359,-0.082821965,0.57248324
5.7368717,-0.574986,-0.055496454,0.5696101
5.7375813,-0.5783754,-0.09500408,0.57306117
5.7513676,-0.5739259,-0.115881324,0.57261944
5.739062,-0.57872224,-0.11094153,0.5735885
5.751805,-0.5838349,-0.08694899,0.56917316
5.7338924,-0.56946087,-0.117773,0.5682592
5.731206,-0.5754917,-0.11764157,0.5712401
5.7186894,-0.54312706,-0.13683581,0.58131164
5.676931,-0.5553467,-0.05199325,0.587131
5.704954,-0.5523654,-0.080284655,0.58294576
5.6992297,-0.5631797,-0.045466304,0.5830079
5.6980515,-0.5622413,-0.022898555,0.58216983
5.710294,-0.5532064,-0.08163512,0.5857044
5.7072954,-0.56757,-0.07278156,0.5816283
7.882824,0.45003426,1.0707285,0.22090738
7.878595,0.46391058,1.0401964,0.20285088
7.827553,0.45878303,1.0344236,0.20652528
7.911536,0.44163668,1.0292902,0.20866722
7.919684,0.44525778,1.02111,0.20795394
7.863673,0.45051217,1.0253835,0.21952534
7.885236,0.45281827,1.0407181,0.22307454
7.897168,0.48135698,1.081903,0.22116156
7.9258204,0.50512683,1.1120377,0.22667378
7.9232163,0.4875033,1.1003518,0.22587661
7.8919573,0.4709413,1.0819769,0.22265548
7.8904166,0.4768126,1.0951447,0.22213596
7.8870296,0.44240105,1.0513759,0.20613025
7.875119,0.4530548,1.0472202,0.21711072
7.89651,0.4582926,1.0669174,0.21265905
7.883364,0.47188222,1.0629375,0.2128529
7.886487,0.46352994,1.0745611,0.21475816
7.886883,0.48123527,1.1051371,0.21824123
7.8715954,0.44605553,1.019002,0.21881866
7.91591,0.44774592,1.037324,0.20856823
7.914116,0.45687544,1.048265,0.21027705
7.915805,0.4511379,1.0445032,0.20173608
7.896737,0.45061505,1.0588872,0.20839405
7.876865,0.4617015,1.0770323,0.20684914
7.833441,0.46473587,1.0586436,0.2134147
7.860721,0.4341929,1.0393836,0.20885094
7.944783,0.4610883,1.0300417,0.20649675
7.948447,0.46547425,1.0290627,0.2046112
7.9986224,0.45512426,1.0693285,0.20355392
7.994933,0.4613937,1.0435779,0.20312579
7.988637,0.46348393,1.0476437,0.20239721
7.995013,0.45444798,1.0692644,0.20175561
7.999719,0.46214736,1.0637994,0.20101103
7.9917436,0.46501315,1.0440865,0.20246051
7.99181,0.4722017,1.0455675,0.20052333
7.9871407,0.47444284,1.0365129,0.20230235
7.9915566,0.4661032,1.0330997,0.2036664
7.961176,0.45216298,1.0493371,0.20606889
7.900022,0.4332528,1.0421526,0.2202033
7.89231,0.43756652,1.042866,0.21599928
7.8896866,0.44081736,1.0570588,0.2058254
7.888489,0.44581175,1.027962,0.2198881
7.8606377,0.4719119,1.0541193,0.2160187
7.885897,0.4677695,1.0681291,0.22237787
7.8909006,0.4740615,1.0751536,0.22457466
7.891849,0.46330154,1.0733194,0.22550657
7.892291,0.4492935,1.0964491,0.22224979
7.859357,0.46538496,1.0456264,0.21396425
7.888833,0.4286958,1.0347476,0.2036132
7.9048567,0.46652997,1.0578761,0.20866007
7.815199,0.46783113,1.0526593,0.20835854
7.877657,0.4711337,1.0530117,0.2128172
7.8599195,0.46899474,1.0416169,0.21312138
7.8394184,0.46488702,1.0369244,0.21249096
7.8861394,0.48044288,1.028616,0.2019994
7.986931,0.47896504,1.03251,0.20178021
7.8990836,0.47776866,1.0266786,0.20244177
7.9278107,0.47120178,1.031955,0.20374416
7.9055014,0.44391608,1.0506771,0.21029581
7.9036884,0.46071434,1.0618272,0.2146509
7.869605,0.47024834,1.0601444,0.21747148
7.882159,0.47519243,1.0852427,0.22432011
7.8766823,0.4806825,1.0964007,0.22483955
7.8997855,0.4709419,1.0645323,0.22342496
7.903164,0.47247052,1.0814629,0.22440238
7.880288,0.46971273,1.0673814,0.21947362
7.875197,0.45540404,1.0705876,0.20855741
7.872388,0.47910655,1.0680137,0.21968761
7.8982716,0.46091652,1.071939,0.22151487
7.9172487,0.46605837,1.0830305,0.22805369
7.8968077,0.47279048,1.0757928,0.22332823
7.9274735,0.4588877,1.0600147,0.20456794
7.9995966,0.4613222,1.0612803,0.20317325
7.982191,0.46441054,1.0537677,0.20077316
7.9923935,0.48245072,1.0303655,0.20119411
7.9423537,0.48232412,1.0225399,0.2023621
7.987899,0.49351454,1.0156391,0.20055419
7.9342465,0.49809968,1.0021646,0.2006327
7.9925923,0.49658298,1.0050254,0.20268898
7.990413,0.47984326,1.0117145,0.20390896
7.8266783,0.46831107,1.0421114,0.20638447
7.8243127,0.4715588,1.0327349,0.20594533
7.8609843,0.4531567,1.0618825,0.20336747
7.999014,0.45430863,1.0634017,0.2041649
7.961055,0.46029055,1.0456295,0.20444958
7.9316053,0.46326697,1.0326085,0.20551908
7.9173245,0.45583224,1.0371494,0.20623496
7.923169,0.46828187,1.0466113,0.20290446
7.8404284,0.47101283,1.0417852,0.20649135
7.824023,0.47102797,1.0431399,0.20753057
7.889278,0.4642824,1.054817,0.21901381
7.81632,0.46900105,1.042604,0.2057122
7.82489,0.45403528,1.0375123,0.20800608
7.838261,0.45413017,1.0187888,0.20987487
7.903535,0.46477687,1.0585902,0.20547141
7.909408,0.4483912,1.0454993,0.21528786
7.8943825,0.45438755,1.0438316,0.21766658
7.894311,0.44345534,1.0553308,0.21210283
7.9328585,0.45479226,1.031682,0.20833105
7.9246483,0.4572605,1.0112052,0.20807825
7.910293,0.4519508,1.0235734,0.20702583
7.898857,0.4595225,1.0667284,0.21073045
7.881748,0.4575423,1.0555329,0.20107856
7.8816457,0.46198654,1.0422084,0.21724345
7.897856,0.44140458,1.031702,0.21914831
7.9186654,0.4622457,1.0471587,0.2056412
7.9360147,0.4594679,1.0491517,0.20484906
7.8933992,0.4439454,1.064214,0.21230672
7.9066057,0.4621197,1.0468998,0.20464271
7.911463,0.45564556,1.0385158,0.20989136
7.895143,0.45475602,1.0510507,0.20511939
7.894396,0.43935633,1.056313,0.21792021
7.868105,0.46842742,1.0503969,0.21334545
7.8637457,0.47139513,1.0536644,0.21038166
7.821763,0.471887,1.0485501,0.20547251
7.988704,0.4586197,1.061542,0.20315129
7.9160995,0.4655316,1.0460486,0.20324713
7.9068956,0.4494052,1.0304244,0.20949262
7.8563824,0.47241533,1.065795,0.2199691
7.8949323,0.4783454,1.0896215,0.22672325
7.8841596,0.4725579,1.0738626,0.22069556
7.884693,0.47474432,1.09902,0.22336885
7.901868,0.47432208,1.0824225,0.23045012
7.9338007,0.47605228,1.0866907,0.22717199
7.901317,0.46947873,1.0838811,0.22121385
7.881562,0.48363447,1.0916977,0.22602066
7.8806915,0.47172844,1.084018,0.2282434
7.879423,0.47451138,1.0827751,0.22169328
7.8906913,0.4690814,1.0786936,0.22664541
7.867255,0.48305118,1.0710588,0.22066477
7.890622,0.4833132,1.0902867,0.2242637
7.8927183,0.4736761,1.0696621,0.2202714
7.8916216,0.4693297,1.0645654,0.21743569
7.900413,0.45512795,1.0639443,0.21434595
7.864295,0.46517193,1.0401313,0.21283045
7.878013,0.4464085,1.0418594,0.21629561
7.9916916,0.4869498,1.0206738,0.20241624
7.8951516,0.48850214,1.0103812,0.20161025
7.8905907,0.48633635,1.0134797,0.20124234
7.9318886,0.487715,1.0197515,0.20123985
7.992488,0.49560773,1.0211043,0.20111705
7.9982815,0.48728,1.0322115,0.20005317
7.9748664,0.48344028,1.0322356,0.20055525
7.8905134,0.483909,1.0236368,0.20017189
7.933376,0.49109924,1.0101981,0.20129585
7.9296284,0.47948158,1.0223484,0.20207459
7.983702,0.4827459,1.0267482,0.20144956
7.898552,0.48442793,1.0143182,0.20124666
7.9929857,0.4835701,1.0202279,0.20306683
7.8255043,0.46370113,1.0440426,0.20914052
7.8234515,0.46898842,1.0564456,0.20555712
7.935548,0.4588852,1.0508392,0.20112674
7.998991,0.46523118,1.0549006,0.20031367
7.9975157,0.44170678,1.0655906,0.20006111
7.991044,0.46983218,1.0336199,0.2033086
7.9065213,0.4658959,1.0440905,0.20536406
7.8817663,0.45085716,1.0496533,0.20159908
7.891946,0.47045004,1.0616469,0.21511728
7.8722625,0.47251105,1.0480764,0.21339116
7.889986,0.45187342,1.065896,0.21980979
7.9177876,0.44896483,1.0374556,0.21206036
7.9038634,0.4479288,1.0449514,0.20789751
7.9042983,0.44197106,1.0200646,0.21458302
7.9084463,0.46295547,1.0510194,0.20418474
7.8031387,0.47146916,1.0511849,0.20694953
7.897989,0.43974638,1.0498757,0.20338538
7.941572,0.43499875,1.016264,0.20677325
7.845132,0.45552802,1.0233223,0.21228784
7.842016,0.47657704,1.1112535,0.22672985
7.866764,0.4652151,1.1002238,0.2351359
7.813206,0.48311353,1.1703508,0.23639403
7.817144,0.48438084,1.1425498,0.22911716
7.896229,0.4818617,1.131046,0.22722435
7.859296,0.50388765,1.0956097,0.22255298
7.886331,0.507017,1.1120465,0.21936655
7.887438,0.51203847,1.1315453,0.21332799
7.912909,0.5079577,1.113018,0.22303809
7.869712,0.5085877,1.1200695,0.21263826
7.8861237,0.5175042,1.1199393,0.21174009
7.86957,0.52014184,1.1209674,0.2066664
7.8743973,0.5406095,1.1301811,0.2034067
7.8763638,0.5583744,1.1131499,0.20432235
7.9381366,0.600191,1.1162679,0.20076755
7.939768,0.57651865,1.1242359,0.20241088
7.9438677,0.61219287,1.1256924,0.20406668
7.920616,0.6336671,1.096911,0.20059063
7.946386,0.6190927,1.1208646,0.20189677
7.95283,0.6879984,1.0929165,0.20026116
7.9373474,0.58700013,1.1049838,0.200118
7.91161,0.5871072,1.136523,0.20292664
7.9563828,0.62495756,1.098835,0.2036927
7.9514923,0.6447679,1.1040876,0.2010324
7.9361076,0.5806197,1.1173689,0.2024154
7.953345,0.6144389,1.126528,0.2070877
7.936133,0.5965662,1.1129954,0.20175129
7.949523,0.6054754,1.1322632,0.20190775
7.9382334,0.6139728,1.1051412,0.20075963
7.953705,0.6422293,1.1028187,0.20389087
7.9570436,0.6726742,1.1183658,0.2030281
7.942684,0.67798996,1.1090634,0.20073192
7.9574103,0.64713955,1.0985436,0.20352069
7.920719,0.65644956,1.1241016,0.20150732
7.944064,0.58228505,1.1171393,0.20177534
7.942731,0.59161615,1.1331744,0.20478103
7.893368,0.53502035,1.1284189,0.20480017
7.927675,0.5806954,1.1239288,0.20033255
7.9441814,0.6778327,1.1161737,0.2008543
7.9466,0.6879252,1.1139753,0.20068365
7.9596395,0.69949234,1.140543,0.2044935
7.9517756,0.60556066,1.1295986,0.20977154
7.9598804,0.6794121,1.1347957,0.20784345
7.959443,0.6893822,1.1280627,0.20568067
7.944767,0.6878525,1.1321096,0.2022537
7.937764,0.62966394,1.1328824,0.20059828
7.942565,0.61135983,1.1107824,0.20143823
7.924617,0.6543366,1.1046097,0.20174207
7.938835,0.62519157,1.1171734,0.20013914
7.9316363,0.5972842,1.1307139,0.20553456
7.885003,0.5552896,1.1227939,0.20423436
7.879008,0.55952,1.137052,0.20194103
7.939829,0.5831996,1.1233993,0.20435889
7.931122,0.63969123,1.118499,0.20235741
7.9432287,0.61648226,1.0971541,0.20125967
7.93452,0.6177701,1.1105876,0.2012606
7.93256,0.66542137,1.1208518,0.20087239
7.9491715,0.6207112,1.1146083,0.20428735
7.9355493,0.6593814,1.1147957,0.20133257
7.9354873,0.6541811,1.1125054,0.20193394
7.9487944,0.6501099,1.1237555,0.20573272
7.9615345,0.68104434,1.1356769,0.20890374
7.9733934,0.6964042,1.1252456,0.20757696
7.97665,0.6906493,1.1280439,0.20842098
7.966202,0.6558238,1.117912,0.20753881
7.927064,0.6592469,1.1094847,0.20086601
7.9407463,0.6474124,1.1186266,0.20451602
7.9437895,0.60288644,1.1356959,0.20796855
7.928222,0.58823085,1.1365395,0.2036504
7.9296985,0.5543808,1.1381724,0.20320751
7.876292,0.5555606,1.1222241,0.20209181
7.8826094,0.56453145,1.1331797,0.20051262
7.930214,0.5418296,1.1570537,0.20136546
7.931735,0.5330601,1.1667509,0.20249231
7.9347653,0.5333593,1.1622579,0.20036043
7.9387836,0.53175235,1.1722584,0.2009633
7.939724,0.54001963,1.1500695,0.20060949
7.923237,0.5371225,1.1536369,0.20210916
7.9283977,0.54001844,1.1530032,0.20239091
7.877465,0.5400382,1.1262655,0.20365943
7.972025,0.67792034,1.116205,0.20651637
7.969065,0.6619841,1.1273859,0.21160918
