6.3853292,-0.08181977,1.8437507,0.22187941
6.3641787,-0.09579015,1.9246864,0.23138319
6.371209,-0.12247658,1.9779193,0.22591761
6.6012344,-0.16238719,1.880305,0.24700786
6.3764467,-0.10254389,1.8884304,0.24910682
6.680701,-0.22899973,1.9637213,0.3589313
6.7447023,-0.2661901,1.8279061,0.3990484
6.623934,-0.23567897,1.912494,0.28479272
6.4547596,-0.105993986,1.7920597,0.24243066
6.636351,-0.07161647,1.4890819,0.23133099
6.9730444,-0.12080234,1.3994067,0.24745388
7.0352173,-0.1171574,1.2477527,0.27044064
7.269205,-0.12932575,0.84480023,0.20163779
7.307611,-0.16892487,0.7265363,0.33095092
7.4820213,-0.21873891,0.60017943,0.37921333
7.644784,-0.35371512,0.6300845,0.38738728
7.692713,-0.2902714,0.5310496,0.34471405
7.5645905,-0.24793178,0.6629169,0.365763
7.646318,-0.33322603,0.6274655,0.4529367
7.471243,-0.28191727,0.9098104,0.33970726
7.3709946,-0.2611677,0.85527396,0.42210105
7.3417954,-0.20653707,0.8891635,0.3217369
7.2987223,-0.16338283,0.9003633,0.28545758
7.192725,-0.08148354,0.7951212,0.22954476
7.1091223,-0.08743286,0.8773186,0.26236546
6.9996247,-0.08162844,1.1390777,0.22919235
7.1718817,-0.14664543,1.1556697,0.2501927
7.3434143,-0.20328093,0.77627325,0.30773818
7.4196663,-0.28276688,0.99981594,0.34735513
7.3498135,-0.23357123,0.82183456,0.3653416
7.4765916,-0.2766428,0.82537806,0.3437607
7.626494,-0.355439,0.54091644,0.4202025
7.7078314,-0.49159008,1.0357049,0.5154831
7.748728,-0.52695566,0.9561403,0.63942516
7.5905485,-0.43225765,0.863698,0.5616006
7.654881,-0.40078545,0.7158201,0.4906727
7.8013477,-0.34257728,0.408427,0.46844888
7.959217,-0.3270321,0.23796439,0.40851694
7.7827373,-0.45839012,0.61335623,0.65487254
7.8715477,-0.44242656,0.57383275,0.54886943
7.8991117,-0.60941064,0.8280277,0.7869767
7.880904,-0.5455631,0.5512135,0.59766954
7.978125,-0.5174566,0.4545889,0.7357965
7.69275,-0.47901696,0.6955383,0.6030292
7.7899203,-0.48967755,1.0351005,0.5330698
7.6451902,-0.47573912,1.0865993,0.6162427
7.6526823,-0.42498982,0.71251214,0.5188121
7.7718225,-0.3635983,0.27371383,0.5433692
7.7387934,-0.4420917,0.80241513,0.5929143
7.574771,-0.3344214,0.84771407,0.42557794
7.365963,-0.34381336,1.1789031,0.40739763
7.480218,-0.45968968,1.299561,0.52231354
7.9431505,-0.56723017,0.9536214,0.7004123
7.997858,-0.57730746,0.64518166,0.8644747
7.96003,-0.50016725,0.4947716,0.59776384
7.9518743,-0.48729676,0.5982444,0.64744234
7.9970756,-0.5326534,0.6592343,0.64532155
7.973586,-0.47176427,0.20978796,0.66735834
7.931327,-0.26480162,0.21134007,0.33963883
7.6965733,-0.21725798,0.41800034,0.33197242
7.844666,-0.2045837,0.339795,0.2761064
7.731857,-0.31175113,0.57263386,0.4060064
7.9430037,-0.38616222,0.25580192,0.49721754
7.95702,-0.38927168,0.12672687,0.53695494
7.8002424,-0.43255132,0.7050241,0.59953195
7.891465,-0.45925444,0.58390665,0.5260932
7.9357014,-0.4611981,0.5470686,0.49753398
7.8394227,-0.43320972,0.85654664,0.5427318
7.7543516,-0.47484428,0.81277466,0.6143021
7.9551315,-0.402408,0.11324561,0.5793584
7.9713736,-0.46448362,0.23142982,0.5732522
7.818107,-0.42537475,0.6121347,0.6072008
7.748309,-0.38912272,0.52648973,0.5089275
7.792053,-0.37599564,0.4820745,0.47503942
7.736702,-0.39042848,0.6375526,0.52630854
7.654833,-0.33997113,0.7849109,0.4211792
7.7445154,-0.4142264,0.9974141,0.47773832
7.7956934,-0.49131614,0.82231426,0.5606045
7.9867306,-0.45785624,0.37418866,0.57846314
7.917548,-0.4645636,0.29402113,0.53030485
7.981021,-0.43144286,0.31587446,0.5186005
7.9735756,-0.47812265,0.36861765,0.5740112
7.986331,-0.46429133,0.3177111,0.56592506
7.9626703,-0.40859103,0.28172266,0.5182059
7.9548054,-0.39643985,0.47722268,0.46960574
7.761727,-0.47824532,0.7938204,0.52682817
7.8772388,-0.50496185,0.8804414,0.61090136
7.708996,-0.47845465,0.8892138,0.6061589
7.720416,-0.4207254,0.8349832,0.5405115
7.844245,-0.3551538,0.39661002,0.4525773
7.7971854,-0.37529296,0.57727873,0.44340196
7.703061,-0.38227713,0.7578981,0.423674
7.739279,-0.40520394,0.73191476,0.4564032
7.767979,-0.366831,0.62885785,0.4633729
7.6351657,-0.36741668,0.67541003,0.4697876
7.7685275,-0.2814424,0.4573406,0.36831665
7.766094,-0.2680766,0.1818968,0.32768703
7.8607836,-0.26525497,0.0684427,0.39740866
7.882374,-0.33811474,-0.041575372,0.45724124
7.915307,-0.47011262,0.57854486,0.6149415
7.96447,-0.47661215,0.47938645,0.60559964
7.864348,-0.48728317,0.68545294,0.6029185
7.948415,-0.44631135,0.33355272,0.54261374
7.990813,-0.41817743,0.18613243,0.47111493
7.958871,-0.4437974,0.34463477,0.5328056
7.7433586,-0.45598763,0.86196125,0.55148757
7.736568,-0.34919572,0.6626532,0.49335617
7.695523,-0.43030626,0.7623633,0.55672276
7.421302,-0.42446786,1.2639039,0.49323267
7.300651,-0.32431042,1.1042867,0.4495043
7.307499,-0.3007545,1.235451,0.39911008
7.2909837,-0.086324334,0.8170968,0.21166345
7.218123,-0.20474255,0.92552805,0.36310422
7.5681934,-0.29712558,0.80285645,0.35950768
7.491668,-0.17965376,0.59604716,0.30450717
7.3330173,-0.21495348,0.83527017,0.30501676
7.181418,-0.16585708,0.99239886,0.26949188
7.3468103,-0.20326632,0.74873304,0.32164448
7.5852146,-0.24045515,0.49797857,0.35230613
7.356316,-0.2941612,0.9943719,0.4513566
7.2095156,-0.19941127,1.0537276,0.29953519
7.2282553,-0.23063588,1.0312037,0.34913373
7.114931,-0.2038033,1.2278497,0.35671312
7.083951,-0.2537322,1.2949901,0.35913628
7.3350577,-0.2679357,0.9814892,0.34068233
7.3974066,-0.19447213,0.8038993,0.2885037
7.3181143,-0.15808153,0.80504334,0.26941147
7.262372,-0.16638154,0.8312309,0.2957746
7.4111276,-0.2608955,0.78942394,0.3639807
7.4877925,-0.310719,0.95694757,0.3907072
7.384631,-0.35980397,1.1278176,0.4456542
7.5762177,-0.34326625,0.87207055,0.43119425
7.618993,-0.41088748,1.000627,0.4301447
7.4779654,-0.21995777,0.6851845,0.37334752
7.517911,-0.28109384,0.72516537,0.3866932
7.5186014,-0.3019445,0.7552235,0.38994712
7.666548,-0.2918753,0.7005093,0.35771906
7.5410614,-0.20289242,0.52034116,0.3411575
7.6361327,-0.28548765,0.62871003,0.38069785
7.516657,-0.31068796,0.6630883,0.43960232
7.873888,-0.30095226,0.3814931,0.42818284
7.757895,-0.3188917,0.5196526,0.39176995
7.552754,-0.19079554,0.4751265,0.3134132
7.5491567,-0.13314092,0.3371632,0.27714974
7.5615597,-0.18525618,0.5651727,0.3072019
7.640625,-0.27343494,0.661675,0.37365657
7.7156463,-0.2660365,0.19666183,0.40016332
7.9166574,-0.43542802,0.4722327,0.44423062
7.965615,-0.49504298,0.3419094,0.6227606
7.8014903,-0.50769746,0.52057266,0.63732296
7.974446,-0.45629716,0.15023756,0.63831794
7.9822903,-0.5176771,0.7183566,0.5834477
7.613097,-0.3509428,0.8060019,0.4560007
7.676408,-0.33944625,0.7825432,0.42365816
7.4329386,-0.24789906,0.76267767,0.36334458
7.4795237,-0.3388129,0.8665948,0.4731453
7.5478067,-0.27558488,0.8543608,0.35993183
7.297617,-0.2392121,0.9460697,0.33848047
6.8363714,-0.10192037,1.2368944,0.2925822
6.884077,-0.12014037,1.2772052,0.27002528
6.773579,-0.107099175,1.3407865,0.28049025
6.772394,-0.04082644,1.1644528,0.2480391
6.823532,-0.035941064,1.2515175,0.2362781
6.8594904,-0.019097924,1.0898266,0.22332583
7.0674963,-0.098143995,0.95329285,0.23647933
7.137081,-0.15210503,0.9309161,0.279613
7.4061537,-0.21312314,0.876256,0.2862328
7.341349,-0.25847214,0.98193955,0.3227712
7.533931,-0.18313849,0.79113674,0.29476595
7.5292954,-0.1806891,0.6274328,0.2800983
7.7000575,-0.23245114,0.52324224,0.33507004
7.75051,-0.23161572,0.30025554,0.32934994
7.769633,-0.24731869,0.43547225,0.34140736
7.6206803,-0.27526927,0.72472477,0.3650085
7.4728413,-0.28286153,0.8145194,0.34866673
7.3260045,-0.25182694,0.86351395,0.37591463
7.6110935,-0.28548437,0.8875638,0.33721894
7.7917194,-0.28185678,0.25015223,0.39251083
7.7693734,-0.31769598,0.4578216,0.42371303
7.72843,-0.35336643,0.6148317,0.38904428
7.8748894,-0.39168185,0.3747865,0.5425909
7.995511,-0.42584175,0.31770694,0.5493197
7.926154,-0.40995175,0.4585606,0.549666
7.874826,-0.46615154,0.5050616,0.59089833
7.95505,-0.5293125,0.5406594,0.60645247
7.8993454,-0.5602419,0.6309471,0.71608454
7.873883,-0.5416979,0.7467811,0.5976047
7.7224584,-0.4854437,0.95721316,0.65201545
7.8233776,-0.4932683,0.8168404,0.6052366
7.8556557,-0.5707543,0.7531376,0.7059974
7.7219896,-0.5067371,0.8769448,0.63441056
7.7094145,-0.39540076,0.699919,0.4493294
7.6466274,-0.46284908,0.88869214,0.6637477
7.8094664,-0.46893573,0.8611846,0.52665746
7.8547325,-0.47558182,0.78588307,0.6607203
7.9795647,-0.41125876,0.24994898,0.5425433
7.983831,-0.46069437,0.4243071,0.533428
7.989991,-0.44601446,0.38038325,0.49910384
7.7169905,-0.42316794,0.6377554,0.50240284
7.53179,-0.34873718,0.82863307,0.49287564
7.699581,-0.32894427,0.81928635,0.35112113
7.70895,-0.2045371,0.37431502,0.35795313
7.7610683,-0.3158641,0.47056735,0.38254505
7.699948,-0.23104966,0.3692888,0.32799453
7.9055524,-0.23359871,0.19520795,0.34094208
7.92452,-0.32254475,0.2004571,0.41900933
7.95953,-0.4733104,0.31674123,0.5931727
7.7911487,-0.37008905,0.59550905,0.47827458
7.683252,-0.29808617,0.4489441,0.37201917
7.7736387,-0.34807593,0.5089977,0.37100333
7.587373,-0.23215806,0.54485774,0.34433943
7.663598,-0.20490015,0.32803285,0.37038153
7.7445807,-0.2856924,0.47079575,0.38138127
7.6079955,-0.25654572,0.30328345,0.3877293
7.529932,-0.1876933,0.56567025,0.3167711
7.587297,-0.19183505,0.47202396,0.29477537
7.5475106,-0.1900348,0.6026354,0.28248364
7.295371,-0.14206076,0.82294846,0.25824168
7.3310175,-0.2371605,0.8683529,0.31332386
7.3581457,-0.22500968,0.7913712,0.31317365
7.468596,-0.31029493,0.8960618,0.365143
7.408735,-0.31667417,1.0903003,0.35960102
7.468224,-0.32653022,0.9000342,0.44248062
7.1231213,-0.34043652,1.4000597,0.461811
7.4744015,-0.33736807,0.9887345,0.47298712
7.4187293,-0.34694272,1.2454653,0.40765858
7.2206097,-0.30572164,1.4324884,0.42552263
7.204714,-0.29731238,1.2229414,0.39278144
7.151601,-0.2704761,1.2178092,0.4124155
7.290228,-0.22691238,1.044143,0.35345048
7.058455,-0.22706616,1.3149118,0.38028997
6.8403463,-0.2218591,1.5327787,0.31944484
6.9238844,-0.13696867,1.183568,0.26176405
7.1000433,-0.15082598,1.1556947,0.26722983
6.9728823,-0.15572912,1.3398209,0.29199782
6.565301,-0.089117706,1.472945,0.26197374
6.440996,-0.10847396,1.9137764,0.21603365
6.592595,-0.09182459,1.6863394,0.23603177
6.6194067,-0.011864424,1.4617662,0.21454725
6.835255,-0.12369019,1.4642255,0.29014772
6.761236,-0.114794075,1.4902999,0.24915558
6.782398,-0.16518497,1.5206254,0.2563243
6.781062,-0.071428776,1.351418,0.2238823
6.889149,-0.058873773,1.1064265,0.23448262
7.131305,-0.12762088,0.92338514,0.24224466
7.250683,-0.054304063,0.6281514,0.24120732
7.172558,0.038587928,0.57609105,0.21193528
7.352993,-0.047165632,0.5842674,0.20121312
7.0698557,-0.02115488,0.7730305,0.23025851
7.412864,-0.019576967,0.42993093,0.20334871
7.930404,-0.5510308,0.6322658,0.65039843
7.71634,-0.44938064,1.0651081,0.47515708
7.704754,-0.45728838,0.91784096,0.53444475
7.7857494,-0.44537067,0.6621306,0.52583593
7.9562025,-0.41494513,0.1934712,0.60256904
7.628658,-0.36761016,0.67358136,0.43185878
7.6255655,-0.24404585,0.5316045,0.39597172
7.6370864,-0.32979584,0.70185375,0.384157
7.7250032,-0.28504437,0.4454745,0.39764214
7.612105,-0.46778584,0.9494703,0.61536926
7.912775,-0.49720508,0.6508343,0.6176955
7.924363,-0.4547844,0.50593233,0.65045667
7.725667,-0.3049699,0.3088584,0.48746556
7.7228727,-0.34834754,0.66374755,0.39277926
7.790786,-0.3820085,0.60162675,0.4489203
7.788215,-0.43671554,0.5661762,0.47497487
7.859009,-0.43977708,0.5753422,0.5564862
7.812771,-0.46900326,0.8654444,0.54529667
7.9307337,-0.4465109,0.13320279,0.5656606
7.9437847,-0.54112387,0.8847976,0.6143317
7.8599844,-0.517999,0.9095416,0.5762635
7.974556,-0.52561736,0.6411332,0.61041975
7.9790726,-0.46894556,0.21019459,0.60131276
7.7946596,-0.40593702,0.6127362,0.5373997
7.7880483,-0.44255668,0.7910569,0.5073685
7.731291,-0.41104317,0.75261045,0.48455012
7.600324,-0.2686442,0.9003372,0.35135353
7.692265,-0.3460188,0.678923,0.42056158
7.616453,-0.3519271,0.69973123,0.45387447
7.8777704,-0.30394423,0.20210576,0.44341302
7.7596226,-0.30313516,0.5465386,0.39869827
7.653451,-0.3964336,0.90510964,0.4788847
7.564142,-0.30437225,0.7641685,0.37863442
7.5245605,-0.33647424,0.72459483,0.40403917
7.457933,-0.29213303,0.8775288,0.39764208
7.490034,-0.30543107,0.8220146,0.4416191
7.626805,-0.4619546,1.081548,0.50216955
7.4102726,-0.33739787,0.99029064,0.44478315
7.3660145,-0.21684784,0.76041365,0.33712548
7.2147527,-0.17310214,0.91562724,0.28024253
7.1929293,-0.21712124,1.1390951,0.34658754
7.374425,-0.22316682,0.6501119,0.33067584
7.5108085,-0.25365657,0.5403873,0.35995042
7.5826936,-0.2840724,0.7790129,0.4179489
7.6882396,-0.27547848,0.5866194,0.39041126
7.4363866,-0.29578644,0.7875538,0.406649
7.343048,-0.2299518,0.80226207,0.31674582
7.367514,-0.22919333,0.9945791,0.35720035
7.3944693,-0.19381326,0.7420242,0.32124308
7.1719117,-0.13883263,0.9718882,0.2720146
7.0865273,-0.1351772,1.0413151,0.29472417
7.0351496,-0.08895296,1.057138,0.248797
7.0849824,-0.14717263,1.0263863,0.30473155
7.1912856,-0.18522507,1.0421624,0.28588453
7.1833353,-0.15886575,1.0470717,0.24362326
7.1530848,-0.21288139,1.1304033,0.33135158
7.423913,-0.28141475,1.0875068,0.31978825
7.735096,-0.32188755,0.6074772,0.38604936
7.925708,-0.35629565,0.0015598536,0.52596104
7.860914,-0.31553745,0.2563008,0.3800091
7.73689,-0.34108037,0.80449986,0.44700998
7.6517396,-0.33828634,0.85126925,0.41046512
7.6817446,-0.39084733,0.8435563,0.45763034
7.751637,-0.4556108,0.45172012,0.61066264
7.9526157,-0.51879954,0.73895943,0.616683
7.9533167,-0.6042171,0.7317461,0.6383404
7.976859,-0.54130495,0.407238,0.77702934
7.895417,-0.53417844,0.75873303,0.6362383
7.89522,-0.48018456,0.47291636,0.5722211
7.9991074,-0.4739635,0.20726681,0.5644916
7.7539225,-0.42691052,0.3805387,0.48605198
7.8913717,-0.46832144,0.53778744,0.5673541
7.9748793,-0.48703605,0.32516813,0.59459645
7.941163,-0.3949203,0.44552004,0.47734362
7.9433784,-0.4132825,0.17164421,0.5015244
7.8969,-0.4218607,0.45916152,0.50224656
7.7024255,-0.40094972,0.69573545,0.47359657
7.5431995,-0.35128534,0.8360729,0.462395
7.600464,-0.33444047,0.91935253,0.38208738
7.2663217,-0.29786074,1.1016426,0.3603332
7.2068496,-0.29318923,1.2070551,0.37325636
7.110524,-0.24330425,1.399082,0.39885736
7.118271,-0.1918956,1.0866129,0.32132545
7.1786456,-0.17755413,1.1401141,0.3072689
7.2134523,-0.2557739,1.2762733,0.3569491
7.262825,-0.2329303,0.97909284,0.35791367
7.28135,-0.21212995,0.86834145,0.3476572
7.332752,-0.25158507,1.116468,0.35560983
7.3235946,-0.30173302,0.9761641,0.34718263
7.7721663,-0.33046645,0.6446893,0.46419436
7.4655676,-0.30975002,0.8117881,0.44997483
7.360755,-0.32532752,1.0210879,0.44472092
7.2931757,-0.28589207,1.0717263,0.32699424
7.4808993,-0.34985828,0.89481354,0.38748783
7.7721767,-0.36078316,0.5349288,0.43544185
7.8608365,-0.41958004,0.51491046,0.53927755
7.965759,-0.4063564,0.42620742,0.45950127
7.8983445,-0.42370015,0.2903285,0.562536
7.8435946,-0.44737554,0.39170384,0.5857303
7.958035,-0.57221305,0.8445265,0.7081433
7.9981728,-0.59332305,0.6644554,0.8398012
7.899483,-0.5225497,0.49401784,0.63686347
7.991338,-0.5022547,0.5688729,0.6129304
7.9808207,-0.49413317,0.578526,0.5611912
7.810774,-0.48153114,0.8015907,0.55937445
7.9040747,-0.37653458,0.3281666,0.4698645
7.983266,-0.3836822,0.17738378,0.46067834
7.811427,-0.31941324,0.21374524,0.4412325
7.7849045,-0.3704599,0.4502746,0.45818383
7.675811,-0.35971582,0.6090443,0.5019174
7.7001896,-0.41076666,0.88927364,0.45615596
7.615934,-0.3659913,0.75069606,0.4961751
7.449331,-0.3570413,0.97885466,0.4403328
7.135352,-0.28532648,1.2151062,0.3843766
7.078761,-0.2151087,1.2976644,0.32008788
7.0905347,-0.16853708,1.1330893,0.2953732
6.9907475,-0.20331317,1.3163671,0.3068562
7.18519,-0.2327295,1.1758561,0.3739974
6.9900746,-0.21762401,1.2544899,0.3192818
6.9359026,-0.11130446,1.3476715,0.2362304
7.023037,-0.12727457,1.3457191,0.2363463
6.7720575,-0.071742594,1.379699,0.23185143
6.657752,0.0029610395,1.3763895,0.21073033
6.746906,-0.0140147805,1.2514167,0.20462218
6.7825155,-0.073224306,1.250272,0.22337297
6.8461475,-0.15798485,1.3553133,0.33104742
7.0556517,-0.17026776,1.2088766,0.28675696
7.050972,-0.17790037,1.1224236,0.33853203
6.876925,-0.15469861,1.28544,0.25338393
6.9311657,-0.08637732,1.238049,0.23258151
7.0376544,-0.028490424,0.95898426,0.2213931
6.8632755,-0.013169825,1.0525501,0.22705056
7.1422834,-0.18456888,1.0960898,0.24627307
7.136709,-0.09506798,1.0042601,0.22384627
7.0443344,-0.10704148,1.0416098,0.24527687
6.879544,-0.13922131,1.4061656,0.24174128
6.783435,-0.09433043,1.4154711,0.21465078
6.731157,-0.16435629,1.5462592,0.2894806
6.738759,-0.17472345,1.5712461,0.2664146
6.907467,-0.17170125,1.5991445,0.27262914
6.9075985,-0.13559812,1.3493154,0.25412485
6.8583865,-0.13823289,1.2672086,0.26753947
6.900243,-0.072107315,1.2420297,0.23044522
6.905155,-0.099612236,1.2456889,0.25687462
6.9871664,-0.12796307,1.2206776,0.28233403
6.953202,-0.09038359,1.1226578,0.26329795
6.965244,-0.11073691,1.3056064,0.20305425
6.9085436,-0.019618034,0.92661834,0.24018562
6.885653,-0.034910023,1.201241,0.23119509
6.924299,-0.06461179,1.0401659,0.25616753
7.0200977,-0.050577164,0.94914806,0.25798064
7.2217255,-0.0988974,0.8050759,0.28847834
7.066646,-0.08189261,0.97797465,0.21232249
7.1111364,-0.09446335,0.9094641,0.23916215
7.0908527,-0.15597183,1.0214217,0.32668003
7.2799706,-0.2205264,1.0048015,0.30687055
7.2203674,-0.16115832,0.99955213,0.29457754
7.160939,-0.23794365,1.3228948,0.32734412
7.1428757,-0.24654126,1.1421504,0.35994452
7.713395,-0.11265981,0.2380073,0.27533397
7.732739,-0.22928154,0.2767172,0.3633257
7.7049723,-0.29352808,0.32026362,0.40864578
7.829319,-0.32729656,0.4100653,0.4538461
7.9123106,-0.3800513,0.48600554,0.45651585
7.8686805,-0.3894204,0.33886385,0.4981377
7.9210863,-0.42556512,0.28930116,0.49167854
7.891146,-0.44340336,0.40313637,0.53351796
7.915629,-0.46544725,0.41910052,0.5822403
7.880397,-0.38840532,0.53526926,0.44302988
7.808442,-0.33062845,0.5943254,0.38248074
7.7426634,-0.43411356,0.7780094,0.55717087
7.8527317,-0.51716644,0.9857445,0.6666495
7.9875517,-0.4135484,0.30815983,0.59062916
7.799481,-0.40396678,0.5350623,0.52752674
7.864562,-0.39211798,0.30908144,0.43640438
7.915891,-0.37541986,0.3114071,0.483604
7.768233,-0.4686085,0.48689926,0.56794584
7.890995,-0.46015155,0.6232954,0.4973749
7.8570557,-0.37591296,0.54136515,0.44810498
7.7299757,-0.3944584,0.51726913,0.41264147
7.920144,-0.3907022,0.5467577,0.49579638
7.9802084,-0.44973153,0.45574808,0.52839285
7.799198,-0.4502347,0.6737617,0.5954039
7.9890447,-0.44051814,0.49839985,0.5575044
7.9921803,-0.47054273,0.3844453,0.5103214
7.9162087,-0.4061665,0.49827147,0.48054385
7.7311096,-0.33210647,0.6163839,0.45091736
7.5571733,-0.3141613,0.6145936,0.41110498
7.7341237,-0.24472588,0.4676739,0.35867137
7.482794,-0.11057824,0.42125118,0.25610256
7.549202,-0.24969465,0.5091392,0.33622447
7.521059,-0.32200193,0.7997755,0.41459575
7.478242,-0.36062908,1.0978241,0.4377228
7.177371,-0.33327055,1.3887432,0.4086426
7.124032,-0.33838445,1.3999038,0.46006387
7.2251983,-0.29481763,1.2243204,0.4230824
7.520632,-0.41290867,1.3055949,0.41695344
7.605721,-0.4163832,1.0747018,0.4666295
7.365543,-0.2819183,1.1179833,0.3938703
7.12381,-0.21796322,1.2405541,0.3571123
7.3217125,-0.21012151,0.8135364,0.34257454
7.292631,-0.20258021,0.85684943,0.30229202
7.412099,-0.23121703,0.756122,0.35547096
7.2305155,-0.027953982,0.61622596,0.24615239
7.1386356,-0.062571526,0.8018179,0.22154956
7.5093517,-0.095358014,0.34534574,0.2947856
7.4692087,-0.122683465,0.54148245,0.24285379
7.31052,-0.06417394,0.52796364,0.21805328
7.3470798,-0.10377771,0.65727997,0.2626456
7.2588444,-0.14536709,0.76717687,0.2698825
7.3793807,-0.15539098,0.504071,0.29041544
7.491975,-0.25131518,0.7246268,0.37378016
7.4617586,-0.2275896,0.69035935,0.3575258
7.480197,-0.27727515,0.8697332,0.3843233
7.7500396,-0.2782225,0.28653204,0.39007646
7.656004,-0.32425404,0.6244712,0.45177197
7.7533493,-0.3326208,0.6151222,0.4534694
7.765416,-0.32019478,0.6099949,0.4163659
7.6509,-0.3604989,0.70472586,0.43950993
7.62407,-0.28319693,0.5378375,0.3955006
7.8117347,-0.28440887,0.24859738,0.40874803
7.6449194,-0.32540798,0.6391076,0.42237294
7.74923,-0.38620162,0.78001904,0.44682682
7.667481,-0.37854612,0.7543812,0.46124458
7.6672077,-0.43814695,0.8962685,0.45435882
7.8268905,-0.49741465,0.66455424,0.63472074
7.688906,-0.45990646,0.93677235,0.574957
7.7324076,-0.4557082,0.80383086,0.51703006
7.6541767,-0.36895525,0.7789676,0.44352424
7.774804,-0.34091908,0.671008,0.4222043
7.922325,-0.45213163,0.63712597,0.5327275
7.850013,-0.45244634,0.5045035,0.49211383
7.981386,-0.415644,0.30802774,0.4656849
7.9853,-0.4523695,0.5026393,0.5763661
7.9837217,-0.42875916,0.19395506,0.572254
7.9422374,-0.47979683,0.4869418,0.5511281
7.968229,-0.48532563,0.3640132,0.5789347
7.8469687,-0.4646777,0.6076093,0.58118993
7.971432,-0.4403296,0.26634824,0.5373567
7.7448263,-0.37499422,0.47791708,0.47806698
7.9811826,-0.42941195,0.32958245,0.4792711
7.9152637,-0.4204774,0.22964942,0.45117468
7.7837505,-0.45361614,0.58648276,0.51551825
7.940895,-0.39563775,0.3262776,0.45837015
7.751741,-0.30022758,0.41014457,0.45457578
7.852329,-0.3431443,0.42023492,0.46621972
7.8485756,-0.3388965,0.18648982,0.46825272
7.8932276,-0.45388097,0.3776232,0.49730527
7.9666348,-0.45453596,0.15961981,0.6536307
7.807713,-0.4783445,0.39713514,0.6680181
7.137069,-0.14962578,1.1737945,0.27634937
7.1156225,-0.16425937,1.1694789,0.24971099
7.053769,-0.19218713,1.0916944,0.3073382
6.915883,-0.13489991,1.3817656,0.25682658
6.9394016,-0.16393417,1.381315,0.2773018
7.008066,-0.1333586,1.1896906,0.273129
6.9713454,-0.24919975,1.3443091,0.33475626
7.026915,-0.16574007,1.290364,0.28778082
7.0392394,-0.22160375,1.4161258,0.28203395
7.170419,-0.2750271,1.3821299,0.4110849
7.1321306,-0.23034537,1.3031461,0.3103786
6.9260206,-0.12999511,1.2611141,0.27483737
6.6050987,-0.10454774,1.5809884,0.24760967
6.762659,-0.07082206,1.3713391,0.21363007
6.720472,-0.06963295,1.3068702,0.24655049
6.860648,-0.113325775,1.2994866,0.2655657
6.6569004,-0.082343936,1.6186268,0.22659552
6.500987,-0.11195034,1.7349117,0.2679769
6.907555,-0.072018445,1.3332851,0.24150628
7.021338,-0.12454176,1.2059896,0.25805902
6.93042,-0.07780731,1.2029471,0.2523314
7.0462027,-0.090814054,1.0236671,0.2064127
6.936787,-0.07491714,1.2418032,0.24258783
6.8074436,-0.045081437,1.149142,0.25488785
6.883477,-0.022866607,1.0457289,0.20833711
7.134513,-0.12845004,1.0439498,0.25282565
7.2095017,-0.10584581,0.7183622,0.27416226
7.152042,-0.074159086,0.9477439,0.24470715
7.01643,-0.073719025,1.1674695,0.23240474
7.0906467,-0.14130056,1.1037338,0.25737888
6.82612,-0.1105423,1.4228871,0.2411515
6.865967,-0.1538989,1.3324008,0.27976748
6.7660346,-0.080509484,1.5830772,0.20572758
6.329748,-0.07623398,1.8780923,0.20145251
6.267796,-0.11459339,1.8659,0.23019828
6.1964664,-0.055592597,1.972887,0.22983731
6.2393904,-0.07181722,1.9267359,0.24861646
6.1217175,-0.029405892,1.9816327,0.21672304
6.153702,0.010971904,1.7399142,0.21852416
6.383518,-0.03923285,1.6834526,0.21784037
6.3156557,-0.053896844,1.7588756,0.21931897
6.344927,-0.106499076,1.8331265,0.2480525
6.231542,-0.09009278,1.9949217,0.21917066
6.3663483,-0.05365163,1.6772306,0.23053743
6.4377246,-0.021226108,1.6843626,0.2006985
6.3632884,-0.021811664,1.6992793,0.20732227
6.639406,-0.037009716,1.3874986,0.20935315
6.5724916,-0.008118212,1.4362342,0.21171355
6.638234,-0.016441703,1.3593745,0.21662228
6.493652,0.0019962788,1.4415765,0.20612548
6.485763,-0.044162452,1.6543453,0.21434727
6.687805,-0.011081457,1.2747259,0.21112677
6.2977867,-0.032985687,1.7597034,0.23398417
6.42567,-0.04676521,1.6530273,0.23063065
6.5999875,-0.03265649,1.5040798,0.21482053
6.6289067,0.03998077,1.2861052,0.20082733
6.877719,-0.10226929,1.2582028,0.24150248
7.1275387,-0.07604915,1.0755157,0.22149329
6.8845067,-0.13580811,1.375679,0.2636206
6.808237,-0.1455934,1.465136,0.25202912
7.1639633,-0.22435087,1.3327794,0.35666513
7.0709696,-0.26955813,1.3930945,0.40761045
7.224631,-0.33076507,1.5613956,0.37589568
7.526724,-0.27538735,0.65998805,0.42604035
7.607162,-0.23188531,0.59500337,0.28640085
7.658602,-0.30576205,0.66265225,0.40519336
7.358981,-0.20687544,0.8118899,0.28542918
7.46848,-0.22176766,0.7763636,0.29088777
7.4260206,-0.1884672,0.6033418,0.31220102
7.01425,-0.22719646,1.3767371,0.3208042
7.1885395,-0.2481265,1.1864822,0.32381386
7.3345537,-0.19958138,0.9243219,0.3150602
7.425434,-0.17678076,0.6685246,0.29171813
7.551836,-0.20427072,0.3882773,0.38022697
7.7408743,-0.24457824,0.23661971,0.32816988
7.743088,-0.26935267,0.70568645,0.33855754
7.6508827,-0.29917985,0.5973928,0.3535729
7.498632,-0.26132923,0.73868227,0.30528507
7.424273,-0.35974425,1.1174173,0.45724988
7.4442744,-0.33744246,1.0106773,0.38835543
7.513399,-0.3360716,0.8055055,0.42885667
7.4228916,-0.37753212,1.1158748,0.40414894
7.7986016,-0.36313742,0.44605207,0.45864165
7.981948,-0.35056174,0.122240186,0.4702071
7.9938326,-0.32223988,-0.20233226,0.457619
7.9325075,-0.3299693,0.14858365,0.49877697
7.866352,-0.32083786,0.33707774,0.4214713
7.7703,-0.41246718,0.529289,0.465371
7.9786005,-0.34345222,0.3121004,0.42394292
7.7562532,-0.32840616,0.48186874,0.44251707
7.795124,-0.24701911,0.22839475,0.35887372
7.9318295,-0.23306769,-0.087408066,0.35020402
7.8286166,-0.34791481,0.36166024,0.41596678
7.7283673,-0.3395273,0.77469647,0.43112952
7.4780793,-0.30426496,0.81942785,0.41658777
7.2998734,-0.31846225,1.0908287,0.41635647
7.395823,-0.195804,0.65802836,0.3263595
7.543581,-0.2526015,0.54218364,0.32135162
7.8906007,-0.16980511,-0.16871494,0.2799616
7.728112,-0.20135266,0.3132819,0.2901652
7.686657,-0.11475134,0.23970747,0.25832456
7.6763053,-0.10029805,0.23492217,0.2558204
7.427747,-0.08222103,0.3169055,0.2060038
7.1682186,-0.05303979,1.0490632,0.21097736
6.9360123,-0.15502399,1.2874928,0.28064412
7.184086,-0.23989582,1.0112231,0.33170754
7.329873,-0.31552285,1.1871743,0.3419717
7.187786,-0.2870422,1.4299932,0.35254252
7.054163,-0.2759269,1.5466847,0.31398922
6.9686418,-0.2121287,1.2122118,0.36387104
6.9183326,-0.18189067,1.3048577,0.30102244
7.3321033,-0.15844262,0.79778206,0.26550037
7.391859,-0.2849229,1.0830631,0.41512492
7.28074,-0.32199138,1.2332149,0.4632663
7.6710205,-0.3705979,0.77860284,0.4377988
7.8168783,-0.36656225,0.58361745,0.44279617
7.777272,-0.31519783,0.3178935,0.41538757
7.8990088,-0.38692057,0.25490272,0.42977446
7.881484,-0.43136215,0.45843482,0.565906
7.924556,-0.45439315,0.65228546,0.5168192
7.9498754,-0.4993028,0.43558443,0.60476077
7.799211,-0.49411267,0.70939136,0.5602544
7.588413,-0.4557178,1.0685375,0.5379835
7.4397154,-0.36633456,1.0637321,0.44663388
7.4861197,-0.39795446,1.171778,0.46417946
7.80168,-0.39453244,0.48692214,0.48516303
7.6334724,-0.3891394,0.7295096,0.5182424
7.632984,-0.40784365,0.8528707,0.4638645
7.7427177,-0.3804567,0.62600756,0.49431467
7.793391,-0.37327784,0.53070414,0.44018412
7.9090257,-0.38916445,0.3768983,0.443079
7.790207,-0.4062525,0.78874767,0.47326398
7.8951297,-0.4263962,0.6820955,0.48272103
7.9795356,-0.46226257,0.34130108,0.5208731
7.9165764,-0.43648177,0.43289423,0.60025764
7.8906245,-0.3811891,0.4791336,0.46887022
7.910587,-0.34052432,0.24886703,0.4251824
7.8132267,-0.42667216,0.4725585,0.5561163
7.6428747,-0.4391392,0.91998196,0.57394177
7.525692,-0.40062684,0.92752457,0.49012303
7.486906,-0.32621032,0.98221684,0.39329505
7.5109715,-0.29879594,0.7039802,0.37638837
7.6822076,-0.31160384,0.46373522,0.450656
7.7301054,-0.3444785,0.6777413,0.36478537
7.6993036,-0.24168396,0.27602172,0.38968378
7.709935,-0.28656852,0.3913176,0.3747651
7.644192,-0.25431353,0.5835893,0.3702142
7.6741023,-0.30847037,0.49838138,0.39735234
7.502558,-0.37629485,1.1170218,0.47020245
7.478376,-0.39577496,1.1446428,0.4586491
7.6067076,-0.4925657,1.2247691,0.49646991
7.858619,-0.47528774,0.38659656,0.637211
7.8261347,-0.62647206,1.4543834,0.855694
7.9254637,-0.69798875,1.4364395,0.9109231
7.8044953,-0.6691047,1.5677519,0.9295707
7.829972,-0.39399207,0.6948507,0.5046251
7.84199,-0.40456873,0.5536928,0.45321006
7.9520516,-0.47381073,0.5402794,0.50997585
7.931242,-0.35983115,0.4792763,0.41900164
7.9882865,-0.3593266,0.17021704,0.44297773
7.6756325,-0.33873558,0.61094165,0.4541185
7.7066917,-0.34176755,0.44513702,0.43704465
7.8633046,-0.4181155,0.5843791,0.5219292
7.933973,-0.4569369,0.35967982,0.6136421
7.7863364,-0.41951555,0.588346,0.49875146
7.797316,-0.3617708,0.4475863,0.4346313
7.8767977,-0.34865034,0.23709023,0.44889206
7.920347,-0.296979,0.025813103,0.4438479
7.801736,-0.38527036,0.505903,0.45330262
7.73447,-0.45977223,0.70106816,0.48000407
7.8275237,-0.4328916,0.76367044,0.5778604
7.919583,-0.41527653,0.3576486,0.4622422
7.7486258,-0.3527286,0.38034177,0.47770125
7.8462415,-0.38897902,0.5187161,0.47833902
7.750395,-0.40689367,0.76362324,0.47491908
7.970123,-0.41183054,0.6481154,0.47162122
7.6884613,-0.3214978,0.55074024,0.41107345
7.834327,-0.29370135,0.31892598,0.38579762
7.5947466,-0.29468155,0.72083855,0.3932261
7.717931,-0.3222046,0.53347707,0.42619398
7.856595,-0.30510408,0.28027892,0.354818
7.7525983,-0.2781657,0.5000472,0.36142147
7.6184053,-0.29457945,0.7069495,0.412357
7.4349184,-0.23110867,0.7032939,0.36263305
7.361829,-0.16919118,0.8310815,0.26286417
7.2753315,-0.08093619,0.8123026,0.23802121
7.1906548,-0.2047652,1.1940804,0.29730135
7.382462,-0.24398172,0.8915558,0.3327651
7.4940906,-0.25243682,0.92937624,0.29870772
7.228576,-0.24188548,1.0479021,0.3036407
7.248185,-0.27455348,1.0054274,0.37351632
7.2723393,-0.32764053,1.340425,0.4109447
7.2612095,-0.2782992,1.0401967,0.3667009
7.127933,-0.24626559,1.1421158,0.31910136
7.1158075,-0.27848125,1.2455692,0.42150846
7.0664606,-0.23676455,1.2206304,0.36468703
6.975189,-0.17310101,1.3070285,0.29307836
7.014784,-0.17052978,1.1062253,0.24882415
6.902876,-0.087188005,1.1410208,0.25668675
7.059129,-0.13624632,1.1480303,0.2600879
7.1050725,-0.17252403,1.1479943,0.35881802
6.7060633,-0.10611892,1.4115896,0.25013968
6.8255367,-0.17198819,1.5618634,0.25686058
6.8113313,-0.116160095,1.3952653,0.23439583
7.110358,-0.054424345,0.8138106,0.23763815
7.31804,-0.1413942,0.69190776,0.25840005
7.3402796,-0.17243618,0.7258222,0.27551562
7.193215,-0.1550926,0.86106133,0.2676019
7.3325443,-0.18445766,0.97518635,0.2809426
7.2423058,-0.07280594,0.77641416,0.25358635
7.3842926,-0.058488727,0.73161805,0.21835642
7.1595306,-0.025897026,0.9366119,0.2106637
6.965722,-0.077274084,1.0475545,0.24548286
6.981102,-0.075250864,0.9735036,0.2009211
6.8992796,-0.08394748,1.2589939,0.23196092
6.938921,-0.16888016,1.239507,0.36345327
7.0760565,-0.19448495,1.2030897,0.2683134
7.498968,-0.19893849,0.7634468,0.31193894
7.6742587,-0.21368623,0.497653,0.35167724
7.579344,-0.25985008,0.505229,0.42581308
7.847677,-0.11940503,0.1599065,0.24444793
7.867761,-0.1860457,0.16973722,0.2677339
7.816991,-0.25463498,0.14932859,0.37353897
7.7079782,-0.3409921,0.6969285,0.45189625
7.503787,-0.32322478,0.9543638,0.3586499
7.490652,-0.32618016,0.8906772,0.4239235
7.198657,-0.24141443,1.11591,0.3087178
7.21824,-0.23539442,0.9548707,0.33136457
7.371846,-0.32324117,0.9706068,0.3818004
7.6310816,-0.34027123,0.5669708,0.45390457
7.591199,-0.35060424,0.9090215,0.46187323
7.571925,-0.29629493,0.8280711,0.37854588
7.517301,-0.20732623,0.42423332,0.36604935
7.6529818,-0.22409153,0.53807664,0.34235668
7.6736593,-0.19100755,0.4171021,0.31811836
7.4491105,-0.16079384,0.5280347,0.2684397
7.455902,-0.045575917,0.5865717,0.23872082
7.6014786,-0.12237191,0.4340732,0.24070087
7.392792,-0.17713183,0.66852117,0.31592587
7.674907,-0.23252779,0.51841116,0.34754395
7.5693398,-0.23042053,0.52333,0.34794503
7.5747643,-0.25618666,0.8170645,0.29545724
7.44713,-0.26063645,0.9140482,0.3647202
7.6098185,-0.30926228,0.629678,0.38601595
7.753163,-0.3337149,0.5473342,0.3833006
7.7091475,-0.2521814,0.36131215,0.37525475
7.653279,-0.28468555,0.22532582,0.3949116
7.6478558,-0.3007413,0.5861738,0.39218056
7.774127,-0.2331968,0.29605508,0.34487933
7.8696795,-0.27196628,0.073073626,0.3863001
7.636257,-0.122703075,0.2815845,0.30172715
7.80679,-0.16661501,0.23806739,0.2578388
7.8530827,-0.1916371,-0.018630266,0.34123167
7.8483086,-0.26615727,0.21027017,0.38650078
7.94343,-0.30559808,-0.012039542,0.38112444
7.807851,-0.3172158,0.29226744,0.44717568
7.881966,-0.3693741,0.4674865,0.50841504
7.994104,-0.3293426,-0.14397424,0.44600654
7.9575186,-0.42207885,0.33573675,0.48600364
7.812395,-0.43907,0.64611626,0.5240475
7.9205685,-0.39256632,0.39995754,0.4807167
7.933879,-0.45891708,0.42942965,0.54236144
7.9767365,-0.30290025,-0.026519537,0.4171396
7.8006163,-0.32689458,0.26294816,0.4459045
7.7541285,-0.37527877,0.63903403,0.452152
7.725805,-0.3026486,0.6168716,0.38644123
7.8635206,-0.32053435,0.45135665,0.41460985
7.686229,-0.37533128,0.59043515,0.5279145
7.7642937,-0.37886345,0.50668883,0.45096642
7.8856215,-0.33791488,0.38510728,0.39974046
7.9163327,-0.43166065,0.5545018,0.55493957
7.9083424,-0.44364566,0.5384705,0.51773113
7.852486,-0.36770737,0.53119755,0.45894313
7.877383,-0.33552402,0.22460711,0.41456103
7.677553,-0.3231067,0.56766367,0.3973366
7.7384086,-0.38567096,0.6882628,0.4382501
7.648267,-0.349958,0.8094156,0.41201165
7.556144,-0.2758066,0.6104429,0.40388227
7.237163,-0.26453567,1.0199482,0.40350538
7.2145357,-0.2443927,1.0872495,0.37555087
7.3385534,-0.2682963,1.0900707,0.3822164
7.5007763,-0.30909544,0.75059164,0.40189093
7.5954685,-0.33228874,0.7545986,0.3896734
7.732631,-0.3336178,0.2573564,0.48751277
7.7652884,-0.33763313,0.503268,0.4698894
7.9943943,-0.43942958,-0.063714266,0.59226125
7.921343,-0.4642858,0.33894205,0.5981433
7.8128967,-0.3816628,0.60185885,0.46338826
7.8162894,-0.42564672,0.56518817,0.53633064
7.624889,-0.37738425,0.7128799,0.5441108
7.720731,-0.34236544,0.46080768,0.42634046
7.9191027,-0.3676417,0.29013062,0.48222852
7.857391,-0.35649002,0.15833712,0.4070778
7.9181185,-0.398112,0.47775686,0.4916765
7.8636074,-0.36177403,0.4022076,0.41648275
7.8445425,-0.42777604,0.5135629,0.5406305
7.9219513,-0.41826367,0.2171967,0.49868178
7.895382,-0.42755002,0.19859433,0.516272
7.940488,-0.5352249,0.75760984,0.6275667
7.8816957,-0.53839976,0.6902952,0.62407684
7.9622765,-0.55149746,0.64842486,0.70612365
7.92665,-0.54947567,0.46478856,0.7160622
7.8578954,-0.5650271,0.92610526,0.7857352
7.906191,-0.57151467,0.6583222,0.866949
7.9616613,-0.50254655,0.49905074,0.65807575
7.722932,-0.4838611,0.9278965,0.6328338
7.822865,-0.4685793,0.6745775,0.66621494
7.8989706,-0.5140693,0.6843575,0.58973426
7.781925,-0.5032176,0.9810717,0.6218674
7.9256697,-0.4455176,0.3762648,0.50707215
7.8713846,-0.40072912,0.35708666,0.50620496
7.8390055,-0.36097687,0.3129332,0.5048238
7.803887,-0.37430912,0.6259718,0.44295007
7.7099037,-0.35400432,0.30748177,0.47689146
7.7004128,-0.24983364,0.33432508,0.3297866
7.2852592,-0.24753255,1.1209817,0.36530662
7.1147428,-0.2549945,1.2604599,0.3583595
7.0935173,-0.33074534,1.4337425,0.41949195
7.102096,-0.19162428,1.0243728,0.30399847
7.2674456,-0.26777554,1.1326966,0.39467627
7.605069,-0.41460896,1.0830371,0.45486766
7.7877774,-0.45348942,0.67366004,0.5401696
7.8804984,-0.4472888,0.26157284,0.60806626
7.945103,-0.536081,0.66265595,0.7357813
7.8197637,-0.55027974,0.9448283,0.7121159
7.9773483,-0.58855164,0.61132646,0.6979174
7.974399,-0.62141526,0.80433846,0.8105772
7.891143,-0.5710753,1.1233857,0.6752951
7.996503,-0.48952657,0.5662558,0.6464908
7.9561124,-0.5566454,0.4877603,0.73193127
7.924414,-0.5252163,0.91131806,0.62658566
7.9283457,-0.5507407,0.91389275,0.6321763
7.9336963,-0.5101851,0.70521617,0.6346122
7.813429,-0.49741262,0.9210887,0.60294116
7.9336596,-0.5541099,0.6796081,0.71073854
7.973782,-0.60059595,0.94872355,0.8480778
7.9727497,-0.628196,1.1190858,0.728253
7.9727774,-0.5499222,1.0203066,0.69311947
7.9609547,-0.54636276,0.7042868,0.6208879
7.940427,-0.498958,0.537627,0.6111211
7.874421,-0.4563858,0.5721581,0.58653903
7.993399,-0.4057274,0.2330966,0.51485157
7.934426,-0.44588536,0.43115985,0.54263884
7.9436827,-0.49619752,0.69237125,0.5786244
7.8227086,-0.44268537,0.73429894,0.5259606
7.7292905,-0.4613741,0.9810271,0.50950974
7.8045664,-0.4777251,0.72873044,0.5413106
7.754709,-0.44911373,1.0032704,0.5930377
7.9319234,-0.4634182,0.33486068,0.62274283
7.8177257,-0.47785372,0.6552212,0.5940934
7.955291,-0.43199497,0.35341048,0.51178414
7.778551,-0.35954183,0.5303836,0.4875962
7.7461305,-0.402196,0.7038398,0.4830594
7.6829486,-0.36945242,0.6515343,0.40370002
7.72287,-0.29421186,0.34770036,0.38136923
7.4257298,-0.30372548,0.91406536,0.41841877
7.5457277,-0.30442095,0.93828726,0.3994219
7.57598,-0.29674178,0.8305681,0.36664957
7.613227,-0.29849237,0.41985786,0.4093076
7.858057,-0.3875155,0.25400352,0.52582043
7.9279766,-0.37827343,0.08056128,0.48693657
7.99969,-0.47242105,0.2897495,0.5788834
7.9931498,-0.5107306,0.36603975,0.6538444
7.9991407,-0.5043056,0.55783486,0.56318134
7.803073,-0.54371744,0.89597154,0.63526994
7.9875016,-0.583689,0.76450443,0.82197505
7.989006,-0.5387988,0.7018291,0.7422316
7.8960547,-0.4459033,0.8732028,0.47639364
7.919323,-0.42444992,0.41612446,0.51395065
7.665311,-0.37651324,0.5328722,0.45118332
7.698002,-0.28402764,0.47986555,0.37152702
7.7153225,-0.30618542,0.4569099,0.38048673
7.7151256,-0.31793034,0.47884667,0.41725805
7.717374,-0.34953135,0.64705193,0.4093747
7.55254,-0.33198428,0.6592505,0.40743446
7.8111143,-0.37953794,0.59010625,0.42025
7.853494,-0.4868431,0.67229986,0.5253583
7.6924515,-0.53203386,1.3117762,0.62923867
7.7297497,-0.584923,1.3470998,0.7750627
7.929402,-0.648578,1.2068462,0.8374548
7.796204,-0.57155925,1.0579278,0.78232646
7.7548,-0.5380311,1.1459723,0.60009104
7.6607676,-0.43982828,0.88053703,0.57279944
7.9889297,-0.51076424,0.53954315,0.6544767
7.8447533,-0.56643856,0.8312502,0.70601696
7.737548,-0.52611226,1.0639899,0.66102266
7.741414,-0.5249845,0.8889421,0.6371941
7.522218,-0.48467988,1.205184,0.5950822
7.6972556,-0.5232432,1.2212327,0.6693652
7.719559,-0.47763026,1.0664227,0.550452
7.547133,-0.42671102,1.1491234,0.53401446
7.5231314,-0.36829734,0.8496437,0.5337894
7.498368,-0.38986313,1.0807593,0.5072272
7.4356666,-0.28178722,0.84798026,0.40236175
7.2823195,-0.28270513,1.2687831,0.37820625
7.2244196,-0.31923014,1.4867892,0.38049573
7.295907,-0.28708237,1.3409443,0.33494806
7.2406616,-0.31660837,1.2761309,0.42323983
7.216584,-0.2935927,1.2101142,0.36860582
7.3641844,-0.25841075,1.0811992,0.34339142
7.4871616,-0.30485755,0.73727584,0.3811278
7.3964386,-0.3268407,1.142354,0.43242756
7.3957367,-0.28137153,0.8297415,0.36286584
7.319885,-0.23678428,0.92031896,0.346641
7.158019,-0.23352808,1.105578,0.3741021
7.0694995,-0.17359942,1.296135,0.2964378
6.837985,-0.12171984,1.3598192,0.27956343
6.824153,-0.17298764,1.4750872,0.25844392
6.9138017,-0.1772688,1.4316409,0.29001305
6.6780353,-0.10073829,1.5648952,0.26485035
6.884763,-0.15421861,1.3650527,0.29174346
6.905624,-0.16529816,1.2592742,0.25544336
6.8857045,-0.058668792,1.1862316,0.20574585
6.8683276,-0.09454715,1.2505376,0.23118718
6.86614,-0.05581975,1.1574998,0.20563094
6.8723593,-0.050302625,1.0273778,0.24268019
6.9855824,-0.0654313,1.0270915,0.20210962
7.1365056,-0.04114282,0.8922589,0.22053035
7.1934586,-0.18458396,1.2677093,0.29610878
6.622055,-0.07055807,1.576798,0.22870004
6.5451035,-0.060792744,1.5190611,0.20790698
6.8332443,-0.13425815,1.571641,0.23885848
6.7101955,-0.12562048,1.5542991,0.25530624
6.787469,-0.1242125,1.3447952,0.27853146
6.8122554,-0.11923683,1.4414551,0.23202662
7.003833,-0.10726553,1.0946903,0.26530415
7.0728235,-0.14307117,1.1308517,0.27734017
7.2610416,-0.17382956,1.0317025,0.31545258
7.0036526,-0.15404046,1.3276176,0.25517368
6.73901,-0.19192678,1.7002084,0.28680903
6.879258,-0.21248686,1.6189048,0.34420803
6.770652,-0.15378308,1.7147517,0.24068695
6.5956464,-0.08838844,1.6484573,0.2095052
6.655818,-0.17505914,1.7436092,0.30722663
6.6388283,-0.069911,1.6697054,0.22253428
6.834446,-0.17186922,1.4270058,0.28568223
7.0624466,-0.20693666,1.261558,0.3106489
6.966061,-0.14849514,1.1639938,0.26672775
6.964243,-0.15032536,1.2091527,0.27427238
7.0682926,-0.1838808,1.1443634,0.28547427
7.4604506,-0.2412287,0.72939396,0.33604038
7.9564033,-0.21787435,0.06990671,0.29561907
7.873164,-0.18110347,-0.12130958,0.33566612
7.935276,-0.18212938,-0.027881801,0.28008762
7.882702,-0.051781833,-0.024150014,0.20293279
7.9990444,-0.07786149,-0.24850547,0.22665957
7.9715414,-0.036010146,-0.18500918,0.21368521
7.888866,-0.08351672,-0.14475888,0.20958091
7.9100533,-0.09309167,-0.23848635,0.22691621
7.7993174,-0.118706465,-0.026315331,0.22648418
7.8279657,-0.09426439,0.017759442,0.22448592
7.7732434,-0.16106439,0.18605685,0.28963238
7.5118313,-0.073357165,0.5033603,0.20414537
7.429589,-0.07362592,0.53304017,0.21442516
7.3822193,-0.11003643,0.5513835,0.24162307
7.2942905,-0.16393775,0.6481466,0.3077991
7.3459334,-0.23148686,0.814072,0.311801
7.338414,-0.15265477,0.6976583,0.27426603
7.2941656,-0.25614333,1.2525659,0.3254574
6.7688465,-0.18076044,1.5677152,0.2590299
7.047039,-0.176628,1.2627218,0.27008104
7.170617,-0.0866133,0.8393309,0.237379
7.2081227,-0.111610174,0.96238804,0.2769701
7.1286488,-0.122698605,0.9348229,0.27762392
7.307023,-0.11163449,0.6853008,0.25838673
7.388643,-0.14243078,0.5163541,0.27738494
7.6204844,-0.33421475,0.88630986,0.3705322
7.5899506,-0.3209098,0.7466214,0.4149204
7.544285,-0.30352575,0.9473127,0.39557678
7.803904,-0.34911102,0.34860194,0.5002803
7.901078,-0.46348876,0.46262598,0.54912764
7.974944,-0.47800165,0.7578275,0.5961263
7.8616166,-0.45295024,0.3681947,0.6259758
7.9363284,-0.47303683,0.52148664,0.5211578
7.95098,-0.5656644,0.69292426,0.74111474
7.945339,-0.5603548,0.6888864,0.81995
7.8186636,-0.53891873,1.1549444,0.58514005
7.9067154,-0.48910028,0.65505934,0.6152072
7.7530313,-0.46628308,0.9395237,0.54454744
7.7132287,-0.45237577,0.7915225,0.57584256
7.9364657,-0.38949037,0.30868936,0.52873164
7.916623,-0.34881043,0.11822784,0.41222745
7.74479,-0.37032658,0.43057847,0.4916908
7.4756355,-0.37087154,1.1221757,0.47511488
7.592909,-0.32702196,0.67830706,0.48103172
7.761472,-0.37245423,0.6558614,0.4596417
7.9268794,-0.34541744,0.39513552,0.40496564
7.698552,-0.29914737,0.45960903,0.41474217
7.8119164,-0.32732165,0.24411678,0.39626235
7.89864,-0.31363428,0.034042597,0.42673445
7.960271,-0.45306385,0.017888784,0.65195036
7.9552646,-0.44369853,0.25197172,0.5503496
7.9252787,-0.47789872,0.56405234,0.5640947
7.846489,-0.43096882,0.5056789,0.5042754
7.9909735,-0.50371987,0.45292246,0.5724226
7.99821,-0.47555327,0.36142778,0.61166877
7.995908,-0.47539037,0.20934391,0.60280144
7.932251,-0.5909101,0.9503305,0.6969461
7.961275,-0.62938637,0.9243264,0.72294104
7.8419905,-0.6036686,1.0171294,0.7704986
6.56656,-0.1019817,1.7248101,0.24264646
6.6909127,-0.06283063,1.4032269,0.25330576
6.849556,-0.13794082,1.3895545,0.313245
7.0966673,-0.31715387,1.5608339,0.34532487
7.124359,-0.32718158,1.4982815,0.41611007
7.151954,-0.27700317,1.3089662,0.37421042
7.392913,-0.28068626,0.9750632,0.38129848
7.1991043,-0.32737845,1.2610273,0.39994496
7.708208,-0.33126664,0.7662208,0.44642484
7.402429,-0.30948913,1.0492184,0.3607694
7.4739256,-0.19024587,0.7112204,0.2921644
7.4318233,-0.12116104,0.7821001,0.25975043
7.764955,-0.13056922,-0.020864487,0.23693901
7.8165765,-0.22813243,-0.0042172074,0.35261625
7.76572,-0.24772072,0.24152982,0.38588947
7.6104383,-0.19354498,0.2242806,0.3584565
7.7809277,-0.3397208,0.3583238,0.40204898
7.876341,-0.3752697,0.32121158,0.4916504
7.932796,-0.46453357,0.33961523,0.63004893
7.7343903,-0.37766755,0.57071114,0.41547894
7.5206003,-0.35599822,0.8451934,0.46498477
7.487472,-0.3282336,0.92704916,0.44050163
7.5386996,-0.42544615,1.1070652,0.52631485
7.8148327,-0.42493963,0.44514692,0.5501665
7.5581846,-0.2863223,0.5327898,0.43158022
7.870258,-0.268897,0.19855928,0.34873098
7.768102,-0.2787565,0.2877959,0.41848093
7.872016,-0.3805877,0.6416502,0.43015945
7.897496,-0.35166925,-0.002594471,0.4487262
7.917395,-0.39880544,0.30162263,0.5070668
7.9131308,-0.33492517,0.2536161,0.4602207
7.9784927,-0.25129974,-0.09652996,0.37550458
7.8923607,-0.30039346,-0.061323404,0.38289285
7.942566,-0.26766962,-0.05784738,0.38276362
7.9511642,-0.29561943,-0.008949995,0.4126945
7.8943987,-0.21874571,0.022608519,0.30915356
7.761107,-0.16467053,0.18687487,0.30963042
7.7906423,-0.19967169,0.21583712,0.33834147
7.6405616,-0.19529718,0.42726052,0.25372136
7.66024,-0.18993992,0.2623433,0.3537724
7.435091,-0.24137849,0.7717869,0.31797665
7.485917,-0.23440617,0.6993718,0.31474885
7.2561693,-0.19904238,0.89400554,0.31975654
7.2106776,-0.2336784,1.2265561,0.35287517
7.0760813,-0.2920854,1.4916735,0.40777236
7.13565,-0.3181504,1.4964194,0.49893367
7.2300396,-0.3857482,1.5402646,0.44731134
7.104121,-0.3463732,1.4558883,0.44285506
7.339286,-0.42638522,1.2182536,0.5234691
7.4301305,-0.39732134,1.2369342,0.5232335
7.6637435,-0.46196043,1.1903846,0.5537229
7.690226,-0.3535444,0.72289634,0.4281543
7.719945,-0.41987896,0.79968643,0.5129259
7.9078574,-0.46257108,0.59076595,0.57777035
7.9523754,-0.49667406,0.44620895,0.6274856
7.9925117,-0.5157759,0.6696254,0.6396267
7.795129,-0.49422997,0.6248869,0.65617335
7.9852233,-0.6292958,0.8001313,0.87558484
7.9527473,-0.65194136,1.2479749,0.891548
7.98881,-0.7142097,1.191582,0.9072694
7.9761314,-0.63781166,0.8553741,0.8607243
7.8867545,-0.57457405,1.1055751,0.72051626
7.718996,-0.5434886,1.1407487,0.76610816
7.5859723,-0.6135131,1.697886,0.7543006
7.9004726,-0.67806864,1.4427195,0.91978896
7.7944403,-0.6033747,1.2831028,0.6849155
7.647059,-0.5446499,1.3709645,0.7751106
7.787201,-0.53345245,0.8426318,0.79407156
7.771077,-0.50824684,0.8372135,0.7366991
7.577115,-0.497279,1.4611249,0.60695845
7.4784565,-0.45388496,1.2425027,0.531131
7.764647,-0.4662189,0.77052367,0.6176006
7.7396345,-0.30729276,0.38652015,0.46685356
7.8936553,-0.3294478,0.13217139,0.4448735
7.779071,-0.36606944,0.7649119,0.43309158
7.5139804,-0.40581256,1.1429014,0.4854352
7.689759,-0.41263843,0.87023115,0.5078271
7.506074,-0.38129234,0.9200306,0.5225802
7.7298326,-0.42793572,0.73519826,0.6273427
7.9427285,-0.46405894,0.556411,0.59462124
7.98767,-0.5277041,0.49324858,0.71090555
7.9463882,-0.5976543,0.83704185,0.8697005
7.9964194,-0.53335917,0.65722287,0.6471742
7.8588004,-0.57112277,0.8472805,0.7596264
7.7281485,-0.4565292,0.8947177,0.59265745
7.995457,-0.46055794,0.22680867,0.5329563
7.860656,-0.48985672,0.5478338,0.6088402
7.937457,-0.5133437,0.45208478,0.6591036
7.702258,-0.53475046,1.2429223,0.722793
7.810544,-0.43282533,0.69963646,0.47525525
7.7123747,-0.40339893,0.84153366,0.46721488
7.621502,-0.43129045,0.90893006,0.5393037
7.940749,-0.5041182,0.9163518,0.5537767
7.676382,-0.59076536,1.585885,0.74418944
7.968768,-0.6528103,0.8891015,0.9041056
7.982403,-0.6063428,0.729867,0.87545913
7.998778,-0.5108364,0.5256231,0.6235273
7.9860735,-0.567312,0.5363939,0.78271997
7.99251,-0.5679498,0.79233897,0.6818289
7.9562283,-0.5456754,0.43860185,0.71620333
7.915781,-0.36938053,0.32642066,0.4392845
7.986278,-0.4466979,0.1236527,0.5803518
7.999179,-0.39648467,0.1737895,0.5395426
7.988821,-0.4679855,0.21537602,0.5839602
7.9905763,-0.43002188,0.55167913,0.45719546
7.7539454,-0.37849295,0.6484537,0.410618
7.9014034,-0.32294297,0.19293165,0.3675778
7.8700204,-0.42108762,0.5188087,0.5499406
7.790603,-0.40691143,0.698099,0.5039069
7.482606,-0.31204826,0.62464976,0.4730422
7.581503,-0.29870337,0.69893515,0.3845772
7.625502,-0.26599747,0.43177903,0.37777767
7.459177,-0.3062616,0.9417932,0.41719502
7.359824,-0.29966462,1.0777969,0.42214954
7.338431,-0.2791562,1.0028086,0.38981485
7.343005,-0.2694928,1.1218901,0.32401732
7.430051,-0.2794851,0.9704777,0.35751516
7.516288,-0.24720472,0.70911574,0.35692292
7.575669,-0.24401474,0.6158068,0.3621477
7.49152,-0.2554173,0.8172164,0.3262434
7.3077292,-0.24733293,0.8870549,0.36413187
7.389623,-0.093625486,0.6496844,0.24374267
7.4009886,-0.10120332,0.6483226,0.22552507
7.2913036,-0.08410627,0.67727256,0.24419434
7.310856,-0.22434044,1.0633361,0.2999352
6.9888806,-0.2196461,1.2475214,0.33712608
6.931486,-0.120886624,1.2609787,0.24958491
7.004559,-0.2325291,1.3774669,0.3108197
6.698028,-0.09371799,1.4560678,0.2521506
7.232682,-0.1554107,0.8696108,0.2663134
7.167102,-0.20230353,1.1808295,0.29397833
7.1540737,-0.16476631,1.0663173,0.3028825
7.3148108,-0.1459341,0.8670957,0.28778297
7.109727,-0.046848476,0.8753866,0.22210425
7.063475,-0.06395596,0.7834494,0.2304998
6.8385477,-0.085038066,1.2510421,0.21204719
6.6931634,-0.06680775,1.300077,0.20403062
6.622443,-0.12967199,1.5828614,0.24507359
6.7469234,-0.095213175,1.3769569,0.2518188
6.832261,-0.053683877,1.1454251,0.2724611
6.8591566,-0.004119098,1.0349779,0.20902099
7.232191,-0.049075246,0.81941175,0.2210427
7.291152,-0.10990739,0.7700741,0.27087677
7.1931024,-0.110723734,0.7706102,0.28037465
7.304267,-0.1262396,0.7662606,0.23497674
7.417158,-0.23445505,0.7310008,0.33308744
7.554847,-0.26765895,0.6511364,0.33130962
7.568433,-0.30897588,0.7699404,0.4318902
7.454418,-0.32241476,0.7461848,0.43433893
7.258424,-0.31111187,1.1492004,0.36733603
7.3892336,-0.25213975,0.8663862,0.35139263
7.384453,-0.27373987,0.9403553,0.37208605
7.580618,-0.38002688,0.9575131,0.4632125
7.540639,-0.37546176,1.109685,0.5000238
7.940569,-0.45126784,0.114331484,0.6573819
7.8335943,-0.4426645,0.5047538,0.55459285
7.789604,-0.534176,0.70734596,0.78682935
7.903037,-0.5246262,0.89264846,0.6258534
7.936195,-0.574813,0.84466064,0.70865715
7.9224434,-0.54234016,0.849684,0.6226802
7.897237,-0.5218022,0.7847667,0.6605187
7.899699,-0.46338964,0.57340455,0.5484484
7.7189813,-0.44251764,0.9161346,0.49737245
7.7365,-0.4091642,0.7981303,0.46939087
7.734376,-0.38234526,0.6101004,0.45459175
7.990266,-0.42372602,0.2957343,0.5052915
7.9432883,-0.478369,0.42765212,0.5162299
7.957904,-0.46677905,0.6102749,0.52957445
7.9504747,-0.57800317,0.9182837,0.6328633
7.908884,-0.6097113,1.0165951,0.6857139
7.986484,-0.6613723,0.7872746,0.94015664
7.9491506,-0.6191593,1.0828023,0.6445853
7.9792027,-0.6369997,1.2108688,0.7732077
7.8761363,-0.5786587,1.289599,0.65923274
7.7396584,-0.5641147,1.178436,0.7413886
7.9406033,-0.6221292,0.97719395,0.876669
7.969147,-0.5861677,0.8005941,0.8122257
7.9779024,-0.58528316,0.6667522,0.6597565
7.710434,-0.5383451,1.3162856,0.57611394
7.690352,-0.5002363,1.2548878,0.5742593
7.9447966,-0.49334425,0.60152817,0.593274
7.7969737,-0.5138645,0.78842235,0.6358315
7.931836,-0.4617256,0.31418967,0.58501244
7.990102,-0.5014706,0.38489628,0.64655656
7.8311367,-0.47880042,0.85425496,0.6388656
7.850911,-0.51449025,0.6871619,0.6645231
7.9672046,-0.5763694,0.77730215,0.7405466
7.876995,-0.57414436,0.92675424,0.83723104
7.750371,-0.56049407,1.1688066,0.6891645
7.9528313,-0.46657264,0.45581532,0.63112277
7.967722,-0.45271963,0.4712596,0.59526306
7.9985843,-0.4400348,0.29506385,0.56540555
7.9963045,-0.4666261,0.37368572,0.5934428
7.9140964,-0.5610273,0.5457778,0.76714927
7.9998302,-0.5830215,0.8129566,0.76298964
7.9374986,-0.6078941,0.8812381,0.8783445
7.956173,-0.5251187,0.6182858,0.57510716
7.870148,-0.4593569,0.49883604,0.6133718
7.947514,-0.5027138,0.52718437,0.5277142
7.9875298,-0.55675715,0.53275347,0.82173336
7.8128953,-0.37218893,0.19783103,0.5600942
7.985263,-0.38806403,0.15596533,0.47215927
7.7788687,-0.35202682,0.34530437,0.4734059
7.7058353,-0.32212746,0.48717415,0.43309858
7.7274446,-0.40727687,0.80155516,0.4524628
7.7187853,-0.37831008,0.7270384,0.49103713
7.928316,-0.45119125,0.44026756,0.50155085
7.745518,-0.44147742,0.5327256,0.5497594
7.6346817,-0.3703652,0.84928966,0.4843793
7.738976,-0.3672747,0.6396313,0.3922271
7.343576,-0.23260015,0.99919057,0.3285181
7.319565,-0.31985128,1.1804743,0.41018516
7.3660264,-0.31775355,1.1507215,0.39517838
7.219164,-0.26086134,1.2250366,0.37343463
7.258997,-0.32974166,1.1007915,0.42063975
7.3686934,-0.3294624,1.2089586,0.4177809
7.351983,-0.32042843,1.249244,0.36148947
7.423873,-0.3868751,1.1618268,0.49553657
7.4929357,-0.34570587,0.79005194,0.47717857
7.500291,-0.30582982,0.78204656,0.44146466
7.3789206,-0.2679839,1.038542,0.3550405
7.4134693,-0.2511617,0.85472715,0.3185178
7.640748,-0.25599492,0.75333285,0.28905553
7.681054,-0.116990566,0.30485475,0.25827605
7.6421843,-0.10384977,0.55518305,0.24669755
7.60099,-0.13021857,0.43540502,0.28765205
7.469869,-0.240426,0.74166584,0.35153937
7.597336,-0.20981872,0.49361396,0.3278463
7.5690413,-0.16419095,0.4428655,0.29474115
7.574591,-0.12397134,0.45426774,0.24369118
7.5705614,-0.19057345,0.2436328,0.32471648
7.92477,-0.32916278,0.060055256,0.41829768
7.919508,-0.3350562,0.04177308,0.4782294
7.8206825,-0.3985588,0.4786117,0.49153924
7.8526893,-0.44525248,0.42234743,0.55099964
7.9383326,-0.39754635,0.37152696,0.63007665
7.5479536,-0.25954425,0.5891068,0.36611986
7.5751085,-0.37666267,0.68777466,0.48957527
7.485652,-0.3704872,1.0454822,0.4636925
7.596734,-0.34322923,0.74642134,0.4516222
7.811911,-0.37730098,0.1871084,0.48143947
7.911974,-0.4374655,0.546512,0.5212403
7.9720125,-0.44936323,0.59189606,0.53683907
7.997325,-0.46449757,0.44415867,0.46723723
7.9336014,-0.41549653,0.084497094,0.52753067
7.892969,-0.5111253,0.7972717,0.6256138
7.796653,-0.51052433,0.8306452,0.7217666
7.653146,-0.3547461,0.43504357,0.46407133
7.461404,-0.27166456,0.6589694,0.36209214
7.5034676,-0.3402508,0.9486952,0.42225486
6.7172003,-0.013677597,1.3971119,0.21044376
6.7012997,-0.025311947,1.2649429,0.21209134
6.901058,0.011879921,1.05236,0.20353204
6.906687,-0.083286166,1.2152102,0.21167558
6.84101,-0.052413702,1.2984021,0.22689256
6.7826514,-0.1403814,1.5781002,0.23022634
6.7640486,-0.06930536,1.4003587,0.22501884
6.8671837,-0.10482657,1.2905662,0.2605847
6.8047266,-0.20059752,1.5631366,0.36517256
6.8181653,-0.25848222,1.5886068,0.40679246
6.9219227,-0.21826643,1.482372,0.31798396
6.9850664,-0.23327607,1.4078219,0.3080558
7.4357967,-0.22637725,0.95064807,0.35961705
7.0773654,-0.23603243,1.1740193,0.39280722
7.220566,-0.20249122,1.0780659,0.32280886
7.199143,-0.24991387,1.2460871,0.35933805
7.0651665,-0.2128799,1.1220589,0.35213786
7.2159157,-0.18940943,0.83562875,0.2684365
7.3291025,-0.18394691,0.9025364,0.28116694
7.565286,-0.31541198,0.72646236,0.43375984
7.461846,-0.21806848,0.7130308,0.3195392
7.435415,-0.20081532,0.6656318,0.31651753
7.2926607,-0.22189099,0.9762856,0.3595956
7.322529,-0.22456026,1.0906994,0.2715499
7.1664925,-0.24272531,1.0724149,0.37317753
7.2351646,-0.21414119,1.165004,0.32693923
7.289652,-0.16491652,0.9292468,0.30963504
7.145135,-0.21533966,1.1959667,0.27562833
7.1313295,-0.20345134,1.1795247,0.2760499
7.096439,-0.13890171,0.8714943,0.33159652
7.301734,-0.20160198,0.9382311,0.24555591
7.2631574,-0.17593509,0.8905473,0.27656478
7.2767086,-0.14966732,0.7327521,0.27669507
7.5131536,-0.17582154,0.5754119,0.25828972
7.333834,-0.37726152,1.2700126,0.50029474
7.5216355,-0.40170473,1.2344966,0.4803995
7.5832424,-0.3811214,0.80563974,0.4445148
7.5763235,-0.36920828,0.77557695,0.43247628
7.8311577,-0.44318146,0.6295332,0.46762413
7.926035,-0.40492493,0.35677874,0.54261076
7.8241186,-0.37270123,0.21690011,0.5714233
7.921263,-0.3991744,0.365651,0.4477874
7.8732915,-0.48320854,0.7009723,0.5163775
7.7683506,-0.5342962,1.3987489,0.62130296
7.8080263,-0.5425769,1.0179973,0.65097946
7.931759,-0.5731392,0.81745696,0.6653379
7.954675,-0.55443007,0.7294315,0.67591786
7.97713,-0.60855865,0.7541983,0.8140327
7.846524,-0.5110412,0.8569094,0.56346124
7.919277,-0.5283176,0.66844964,0.6376026
7.960839,-0.521855,0.6074846,0.6300659
7.799697,-0.48123437,0.99749565,0.62067926
7.7414484,-0.43646955,0.8125155,0.5192514
7.7160482,-0.4955573,0.8335049,0.5593453
7.9146776,-0.45223123,0.41743577,0.5553166
7.968745,-0.45459044,0.33103526,0.54275113
7.5775805,-0.3843364,0.7723322,0.50057703
7.7116327,-0.3420416,0.6157824,0.42263192
7.8496847,-0.38336855,0.2783234,0.48449022
7.9449844,-0.37647033,0.3760767,0.46703738
7.8385434,-0.3735227,0.23330176,0.50173235
7.8732443,-0.35101646,0.26143134,0.448133
7.77492,-0.34847146,0.5010016,0.4314071
7.9273806,-0.39843595,0.074816585,0.478503
7.9275093,-0.41496438,0.6265683,0.50696653
7.852152,-0.47865695,0.8605801,0.5905482
7.88326,-0.3754288,0.6034465,0.47704852
7.5784006,-0.38161713,0.8302425,0.4576906
7.6811495,-0.3369947,0.76184905,0.39581734
7.4205723,-0.3296733,0.97413015,0.40871435
7.4551153,-0.27259457,0.85958385,0.34473124
7.421294,-0.26141286,0.80029464,0.39021736
7.3901296,-0.26240188,0.82110596,0.34627932
7.490225,-0.2941426,0.85335135,0.4175117
7.529833,-0.2697292,0.5923934,0.39218587
7.597813,-0.32269233,0.82753325,0.39060497
7.5780935,-0.28722292,0.77970934,0.37805402
7.6904645,-0.35441327,0.68429446,0.4171559
7.557697,-0.29576224,0.8149195,0.35907224
7.574903,-0.2642966,0.61737156,0.3444293
7.5566177,-0.2893964,0.7473972,0.38465565
7.794343,-0.3342709,0.37893987,0.47709608
7.9937153,-0.42024428,0.1995287,0.4764899
7.921254,-0.38914412,0.4110706,0.428293
7.952379,-0.3642345,0.04989803,0.5061512
7.9522386,-0.35280347,0.24851835,0.41984966
7.961567,-0.39731717,0.16700852,0.5001344
7.8765616,-0.4118715,0.4806869,0.54548675
7.7017345,-0.44191813,0.80550814,0.48550475
7.875613,-0.45335913,0.5717139,0.5395742
7.878638,-0.53687346,0.8667562,0.5944725
7.9459677,-0.6030303,0.40031195,0.8999175
7.993226,-0.67179173,1.1493087,0.8143884
7.9583673,-0.59131885,0.7940855,0.79473305
7.994714,-0.48462254,0.31614828,0.6694844
7.8160977,-0.41503417,0.53092515,0.5121495
7.877346,-0.49437535,0.7955167,0.6039986
7.837349,-0.5438654,0.99000525,0.6271672
7.86436,-0.54877007,0.69167376,0.67364293
7.7162,-0.4490863,1.0255501,0.5489483
7.959703,-0.38193,-0.054769397,0.51707083
7.8196445,-0.32872784,0.37774563,0.45464575
7.727576,-0.2614075,0.38062263,0.34507468
7.7043533,-0.27013767,0.6896776,0.34920532
7.761919,-0.41925138,0.507287,0.52071905
7.908042,-0.5230732,0.72785354,0.73211265
7.890423,-0.4151917,0.25017142,0.46851575
7.8194704,-0.4177057,0.5411155,0.5717344
7.994139,-0.4850884,0.4175458,0.5798244
7.9724607,-0.558064,0.80039704,0.6823442
7.987599,-0.57581836,0.71377885,0.7701747
7.9724674,-0.54171246,0.70483565,0.7403574
7.9721103,-0.56191325,0.8353596,0.7543487
7.970429,-0.5391826,0.5823457,0.6634211
7.923414,-0.52128005,0.7600734,0.58389604
7.9909472,-0.5497948,0.7739289,0.6793314
7.959446,-0.57218885,0.8343756,0.72743917
7.746913,-0.52937603,1.2550683,0.6123888
7.855382,-0.5016271,0.8044021,0.62494683
7.9482346,-0.5179727,0.5266998,0.6238069
7.9816933,-0.51655793,0.50674605,0.6247882
7.9956446,-0.51638174,0.46991897,0.5965435
7.85425,-0.51171684,0.72468686,0.7266207
7.930974,-0.6167877,1.1212554,0.773628
7.9609485,-0.5079372,0.31603348,0.7385656
7.977466,-0.5615666,0.5438291,0.8138519
7.9761286,-0.50711596,0.36436653,0.65502757
7.875242,-0.3803624,0.19432461,0.5301326
7.944066,-0.37460732,0.3517443,0.42394844
7.8022895,-0.3944363,0.46086907,0.5131126
7.9099054,-0.47936285,0.37044597,0.53147596
7.962949,-0.47878158,0.36168754,0.5885451
7.911982,-0.37037385,0.5952394,0.4167387
7.614653,-0.39372373,0.9139317,0.40582663
7.6591215,-0.40717858,0.89158463,0.4873793
7.855651,-0.44488108,0.6830778,0.51350117
7.6587486,-0.50979304,1.1168518,0.6567238
7.8023295,-0.47472876,0.85194623,0.6454637
7.6426806,-0.5096583,1.2136991,0.68050456
7.472868,-0.39275384,0.9928465,0.45905
7.5402765,-0.37469888,0.953887,0.40633368
7.5177565,-0.35103434,0.950531,0.44258994
7.758007,-0.5101573,0.77675986,0.7226139
7.747695,-0.5281581,1.1843739,0.7405026
7.731167,-0.5180954,0.8397174,0.6736425
7.8763814,-0.45779008,0.7579824,0.55126
7.92704,-0.5373493,0.5845336,0.6712429
7.6485233,-0.36698043,0.59854627,0.54756844
7.491029,-0.39024246,0.95440435,0.49808955
7.508522,-0.4361391,1.0847411,0.5353469
7.9538717,-0.4138192,0.09930003,0.49452823
7.760584,-0.32238352,0.5397701,0.42117196
7.647441,-0.26937765,0.44766653,0.37654588
7.619317,-0.3090272,0.5192847,0.40540984
7.939444,-0.35289836,0.31277883,0.4064046
7.888658,-0.3381073,0.20273876,0.4913916
7.879986,-0.46853673,0.6696749,0.5001695
7.7665644,-0.4145862,0.60243845,0.53231287
7.92416,-0.39443547,0.5167093,0.43768445
7.9199247,-0.40960264,0.27226603,0.5383978
7.824761,-0.4134953,0.44835448,0.5036679
7.832835,-0.3601414,0.3863094,0.5477132
7.6578474,-0.3529728,0.6298988,0.45964992
7.759025,-0.31842065,0.35944033,0.41397983
7.9726562,-0.38707227,0.050176144,0.49398333
7.980689,-0.31952864,0.06347799,0.3625508
7.994387,-0.2691236,-0.17127669,0.36762112
7.955382,-0.3280648,-0.115722775,0.43845755
7.808924,-0.30192387,0.1505599,0.4112978
7.824318,-0.30453396,0.18170786,0.45354134
7.466161,-0.24492031,0.7118548,0.37735552
7.310173,-0.2087521,0.8295338,0.32211313
7.7551966,-0.31621522,0.4554528,0.43404955
7.6523747,-0.2821716,0.548821,0.32412502
7.4113216,-0.27741003,0.8230653,0.35335547
7.570119,-0.38206542,0.7481394,0.44339967
7.187868,-0.23044705,1.1744182,0.27622855
7.0419974,-0.19610411,1.3391676,0.30619192
6.9412546,-0.17003292,1.3409464,0.30721998
7.059601,-0.11128199,1.1022587,0.26763064
6.97243,-0.09008783,1.0471787,0.25802684
6.9712787,-0.053226173,1.1329186,0.21765779
6.9615965,-0.009539127,0.98279214,0.20394054
7.09069,0.00238204,0.6292263,0.23993161
7.180097,-0.07669371,0.813982,0.2500716
7.1752424,-0.11261386,1.0256033,0.24199869
7.214318,-0.16253144,1.0419824,0.27498496
7.072055,-0.15537828,1.0096459,0.310016
7.171192,-0.24138421,1.079052,0.3338107
7.399473,-0.2627707,0.94286346,0.37898076
7.379075,-0.29188555,1.0363669,0.4085112
7.0565844,-0.25164914,1.2823331,0.3698277
7.171303,-0.26293254,1.180228,0.36227405
7.2493067,-0.21551818,1.0428829,0.33868808
7.4540854,-0.25399834,0.76097465,0.31164894
7.2482786,-0.21484733,0.9993032,0.3149326
7.0837126,-0.14904696,1.077934,0.28306234
7.190154,-0.25550658,1.211905,0.32862836
7.321604,-0.2860791,1.0398402,0.3552581
7.411561,-0.21039021,0.9033359,0.2735266
7.294523,-0.09972137,0.64024234,0.2592324
7.460821,-0.11699098,0.4970945,0.26544088
7.189843,-0.11799234,0.8595817,0.24293976
7.229643,-0.051196873,0.782325,0.20023853
7.0135565,0.038155913,0.75343084,0.20194387
7.1465864,-0.018645167,0.8334298,0.24331786
7.257202,-0.109054804,0.7515092,0.257657
7.2818146,-0.11402029,0.79844654,0.26938778
7.3834743,-0.18069851,0.83035064,0.28108907
7.422037,-0.13654345,0.57544637,0.2716293
7.2274957,-0.09441948,0.78072524,0.2790473
7.269162,-0.10722846,0.7932459,0.24023354
7.2348747,-0.13419384,0.81765544,0.28109753
7.150233,-0.08731699,0.87779343,0.24234194
7.301375,-0.088989615,0.7840085,0.24438323
7.2465286,-0.11063957,0.9119315,0.23218891
7.1722765,-0.22131622,1.1817322,0.37759736
7.133893,-0.18396437,1.033782,0.3183366
7.2235475,-0.11952084,0.9348637,0.25232947
7.3324223,-0.12850398,0.8473761,0.25221765
7.2830815,-0.14755714,0.71140563,0.24104726
7.312845,-0.20354205,0.8832605,0.29946452
7.2753305,-0.23081976,1.0780222,0.2671485
7.2818317,-0.1368773,0.85353327,0.27572054
7.323168,-0.11392015,0.5687089,0.2388477
7.515201,-0.067714095,0.49265683,0.20830111
7.324585,-0.022760928,0.53747904,0.22114323
7.509345,-0.06923443,0.47386658,0.21075538
7.4654064,-0.1722992,0.57421315,0.25159472
7.583914,-0.1581893,0.5005268,0.26037157
7.646313,-0.22488129,0.27070606,0.3441881
7.8124604,-0.1348694,0.13225675,0.28430158
7.2284155,-0.060931623,0.46539974,0.24754338
7.4944453,-0.15954411,0.4028566,0.27589658
7.2972155,-0.25236273,0.95915246,0.3441148
7.3934035,-0.17887247,1.0177586,0.27498198
6.8178825,-0.14307362,1.502079,0.29405898
6.748626,-0.11141747,1.4123294,0.25507724
6.592719,-0.08470172,1.5371556,0.22556469
6.6156006,-0.10006964,1.608304,0.20268272
6.654114,-0.056940317,1.3834901,0.20009623
6.7052536,0.0132972,1.2225318,0.2095027
6.568286,-0.05562663,1.5364392,0.22455639
6.5240164,-0.020660102,1.4531584,0.20090736
6.6491876,-0.044637024,1.4021423,0.22195634
6.54489,-0.054867864,1.5230932,0.22726732
6.7128386,-0.08171773,1.3692026,0.26418382
6.6210637,-0.0398224,1.436204,0.22648048
6.816248,-0.02394563,1.0864215,0.21106656
7.0859447,-0.08215648,0.86995983,0.278866
7.725687,-0.17555535,0.44290555,0.3051834
7.6855173,-0.2980063,0.5542489,0.39692038
7.511892,-0.38265544,0.85942364,0.51625365
7.3598022,-0.30325693,1.0597272,0.37043324
7.6334944,-0.33340752,0.6666765,0.3828814
7.585105,-0.41140866,0.97209275,0.4762891
7.5624065,-0.3495773,0.7803438,0.35290042
7.344583,-0.25455266,0.8723867,0.3738184
7.116353,-0.21544278,1.1765594,0.40074328
7.11648,-0.18466216,1.1551211,0.31003958
6.832995,-0.17952931,1.4782748,0.3005734
6.712846,-0.200154,1.6552813,0.29588836
6.5865755,-0.07148242,1.6009398,0.25392145
6.5672297,-0.04380572,1.4753032,0.25931004
6.460615,-0.023014665,1.5697455,0.21803501
6.466464,-0.07467759,1.6265359,0.28242248
6.4346066,0.0018974543,1.6156466,0.20318156
6.542418,-0.0448907,1.5858488,0.21065441
6.5591774,-0.072966635,1.5816898,0.22381218
6.4565783,-0.059874594,1.7353039,0.24157429
6.509512,-0.10484403,1.6744256,0.22344483
6.698052,-0.03621632,1.4442284,0.22244117
6.765605,-0.09559822,1.4532306,0.24220765
6.9706836,-0.071882665,0.95555604,0.27051082
7.0396013,-0.08314121,1.0258331,0.22024506
7.289493,-0.17510235,0.85673904,0.2988379
7.1924877,-0.054109037,0.8345834,0.22682603
7.3332577,-0.14159745,0.78811693,0.25927722
7.2920837,-0.09366554,0.8116975,0.22815403
7.259036,-0.12818336,0.7790803,0.27093506
7.1791306,-0.1820262,0.96738744,0.28846613
7.3524857,-0.26364648,0.8513334,0.341739
7.2767606,-0.25780636,1.1735077,0.36968714
7.2765102,-0.34394437,1.2529678,0.3869017
7.360425,-0.37339312,1.1335399,0.48882252
7.369194,-0.40533364,1.3326614,0.4480913
7.493253,-0.35453606,1.1058478,0.4217378
7.4555683,-0.28066283,0.9789655,0.33952683
7.394199,-0.25025952,0.7882116,0.34280086
7.6619353,-0.28801382,0.6761714,0.30944145
7.612909,-0.21297061,0.38863373,0.37661362
7.7138896,-0.27221018,0.7027738,0.3387959
7.90327,-0.3847276,0.29487717,0.48370993
7.889585,-0.3846991,0.37117088,0.42942345
7.963405,-0.40118325,0.18021274,0.49126822
7.90528,-0.40440243,0.46828985,0.48407644
7.950861,-0.40903568,0.2839929,0.47710246
7.8303576,-0.4324361,0.38964403,0.5122933
7.7281303,-0.45470792,0.91458726,0.56686527
7.8069406,-0.39991307,0.7258463,0.45993626
7.7928286,-0.5184661,0.8480066,0.6535074
7.7346354,-0.4719184,0.9586289,0.51412046
7.8939486,-0.5054414,0.606694,0.58116627
7.9870896,-0.5041968,0.26909876,0.6932408
7.983794,-0.46395582,0.46881318,0.5521739
7.993,-0.48647976,0.5321096,0.61916345
7.9870715,-0.45606828,0.5386102,0.56611484
7.832518,-0.38132703,0.5635737,0.5246909
7.868039,-0.40858322,0.56919885,0.4377988
7.601538,-0.40503,0.95295787,0.55127174
7.5398693,-0.40581852,1.0421634,0.48176467
7.501691,-0.33772737,0.91679204,0.43940806
7.6812644,-0.332821,0.6510638,0.35574055
6.954909,-0.04748988,1.0262208,0.23191872
6.986149,-0.014925003,0.86982393,0.2110717
6.990448,-0.1383053,1.1450431,0.28852683
6.878872,-0.14077932,1.3341498,0.25919792
7.113373,-0.19506979,1.3206248,0.2868226
7.072643,-0.2465092,1.301446,0.3514737
7.1523037,-0.16491199,1.0723879,0.31151733
7.2303705,-0.17640674,1.0312793,0.28003478
7.089104,-0.18334097,1.1847689,0.3327678
7.0936594,-0.30202848,1.4542153,0.479055
7.1745977,-0.27305883,1.2478533,0.38919434
7.3891263,-0.22523147,0.97872746,0.32412368
7.3940287,-0.28831857,0.86214185,0.3779714
7.153019,-0.26507896,1.3857775,0.3229891
7.2415285,-0.26361978,1.1055107,0.37716466
7.0350394,-0.24708998,1.359801,0.3721711
6.872596,-0.18706584,1.4659584,0.28088802
6.857193,-0.1477068,1.2754121,0.34373295
7.0012875,-0.20079583,1.4157615,0.2744853
7.276039,-0.23069322,0.98647165,0.3117245
7.375909,-0.21792692,0.76529586,0.32780898
7.3543296,-0.24795651,0.73821187,0.369057
7.1985836,-0.2800045,1.2268946,0.40922168
7.127233,-0.17395574,1.2234118,0.32219
7.1577234,-0.15274441,1.0233974,0.30242687
6.9353924,-0.13925159,1.320137,0.24995117
7.074139,-0.14976841,0.98860335,0.25748807
7.2252083,-0.12782872,0.8820274,0.30273163
7.264942,-0.17138052,0.9349096,0.2716387
7.058859,-0.16614938,1.199769,0.315318
7.1020956,-0.23180014,1.177912,0.3226233
7.1051264,-0.18852162,1.2189331,0.26775295
7.029303,-0.16697639,1.1544881,0.28111792
6.8019633,-0.2084496,1.4938068,0.36215192
6.998709,-0.31247061,1.5917284,0.39227706
7.0644197,-0.33635044,1.5097959,0.48385346
7.060727,-0.32342732,1.558918,0.4321152
7.100571,-0.3236817,1.5062292,0.3634135
7.1072264,-0.3004579,1.3626466,0.41389507
7.2530804,-0.26600885,1.0476835,0.3757153
7.219882,-0.20448077,0.9118054,0.3356101
7.0146594,-0.15556252,1.2077692,0.29616803
7.149596,-0.20186633,1.1384013,0.31360483
6.991884,-0.16347831,1.1530113,0.2887851
7.0492935,-0.12668258,1.0939798,0.24857548
7.0043263,-0.17521489,1.1843548,0.3100044
7.088601,-0.20578116,1.1433566,0.34784937
7.024869,-0.11865854,1.195065,0.23581904
7.0572515,-0.020003676,0.958936,0.20837916
7.07555,-0.039496243,0.9642198,0.20849425
7.0708604,-0.11125797,1.2676244,0.20349136
7.0752344,-0.12633264,1.1236029,0.27384147
7.2202554,-0.082265615,0.70675373,0.24533536
7.2040277,-0.08406001,0.8248029,0.24448712
6.9041834,-0.08177823,1.1149704,0.22853298
7.151939,-0.087040365,0.76033187,0.23489383
7.3279943,-0.07649124,0.46090865,0.23944622
7.565299,-0.1593126,0.46348226,0.28006
7.613303,-0.13118559,0.19771767,0.30697697
7.6223407,-0.16777676,0.3235433,0.29197806
7.602379,-0.15945536,0.31299615,0.2622806
7.646321,-0.06768769,0.17203903,0.21401548
7.3806334,-0.055176914,0.596817,0.2029539
7.3767157,-0.00829494,0.44927597,0.2044681
7.4031224,-0.086400926,0.46922278,0.22049898
7.3010597,-0.19694638,0.78517866,0.33831564
7.330952,-0.27655095,1.0076151,0.3462159
7.463251,-0.2552232,0.69235563,0.38664478
7.488825,-0.20253122,0.4223354,0.35654533
7.517318,-0.25424933,0.72687197,0.32131416
7.3472157,-0.21633041,0.8953316,0.29045922
7.4191427,-0.21748555,0.70716476,0.34088004
7.2630763,-0.17405921,0.9629818,0.3204294
7.163957,-0.17237943,1.1291547,0.29731858
7.0479364,-0.22651201,1.4200969,0.32835823
7.3876586,-0.2518698,0.94574666,0.3289482
7.2679048,-0.2436232,1.1843553,0.3528682
7.079384,-0.21336287,1.1519141,0.31022736
7.331853,-0.19417238,0.87675834,0.33357424
7.3088408,-0.23650086,1.0262303,0.3133693
7.468202,-0.22733343,0.88544655,0.29759043
7.1353865,-0.1305055,0.97800446,0.26515335
7.237677,-0.1483295,0.84069383,0.2890299
7.432884,-0.2110433,0.9349146,0.32631794
7.486502,-0.21513903,0.76447475,0.34448886
7.5776377,-0.1781919,0.5572531,0.29496896
7.6223283,-0.28164285,0.5073832,0.36029664
7.5295115,-0.21792758,0.58729804,0.35036153
7.6263046,-0.26881397,0.6310451,0.40911525
7.7437954,-0.2717703,0.39475417,0.4011226
7.922182,-0.29129082,0.100269794,0.4000751
7.75698,-0.27372044,0.3437984,0.4219826
7.595333,-0.24555653,0.5014565,0.37880814
7.187333,-0.26407415,1.2743073,0.3859496
7.286725,-0.42300975,1.5158062,0.52001554
7.352294,-0.3373912,1.1388383,0.43537432
7.367654,-0.2546957,1.0659885,0.36929363
7.1276207,-0.24456227,1.3384402,0.31113315
7.445547,-0.32034218,0.81855917,0.41500247
7.63678,-0.25972039,0.5106956,0.34191656
7.4759808,-0.24810481,0.7159262,0.35522902
7.6880713,-0.3876003,0.604583,0.4256963
7.9320564,-0.39570832,0.31944847,0.4511584
7.688709,-0.41675228,0.78305197,0.54981935
7.753346,-0.39668655,0.5745945,0.54340595
7.9161534,-0.48633856,0.55898285,0.58799875
7.958276,-0.5152143,0.55073667,0.6076753
7.9689403,-0.5277187,0.5433699,0.64837784
7.979188,-0.29279017,-0.10667467,0.40987328
7.9487743,-0.45836085,0.40250325,0.49705046
7.898299,-0.46898127,0.6501175,0.53706354
7.7100234,-0.45374697,0.83432317,0.5671294
7.7804623,-0.50433886,0.9339552,0.65982395
7.9019833,-0.5571576,0.8679676,0.677163
7.87208,-0.5573275,0.79482234,0.6561384
7.8678646,-0.4891948,0.7106948,0.54902107
7.8617744,-0.46734267,0.51775944,0.53472096
7.7662425,-0.49938738,0.77718997,0.61141795
7.8294277,-0.47855073,0.5951022,0.6591076
7.81732,-0.5459417,0.9684539,0.7536341
7.9192853,-0.4269216,0.63314307,0.4919533
7.856788,-0.47739065,0.87078905,0.53771603
7.8157144,-0.42609102,0.5385541,0.46482128
7.9240766,-0.38833308,0.2863046,0.5072966
7.3519173,-0.37946028,1.1432071,0.47912544
7.5220327,-0.37488538,1.0544837,0.4643067
7.6189594,-0.4085623,0.8463855,0.47340065
7.6241617,-0.33324546,0.6011095,0.4806735
7.701872,-0.34594637,0.5619608,0.45457155
7.7848253,-0.19967008,0.116527915,0.36085826
7.7783976,-0.24849671,0.15050757,0.37239903
7.826115,-0.2741906,0.09842038,0.35972
7.818704,-0.2594909,0.0903939,0.39259326
7.7283573,-0.2918238,0.41356373,0.40060496
7.894635,-0.23457384,0.10796988,0.35731184
7.8119326,-0.15340716,-0.047621846,0.28735515
7.804137,-0.09926796,-0.0021717548,0.24051294
7.494938,-0.19951636,0.2150855,0.37357628
7.5569363,-0.20959419,0.48300385,0.33457097
7.541936,-0.30604374,0.96849144,0.38211685
7.4913735,-0.29715908,0.829357,0.3865537
7.6825314,-0.3890667,0.64741385,0.5472477
7.411525,-0.28774577,0.84244764,0.43851057
7.3988028,-0.23738033,0.8936291,0.36660442
7.266241,-0.22239017,0.9463464,0.29640067
7.54813,-0.27833056,0.7406404,0.36010924
7.6478395,-0.26084542,0.5725552,0.36273727
7.9644356,-0.27359343,0.15093863,0.34970796
7.744089,-0.2639197,0.16299653,0.3567682
7.515392,-0.21659422,0.55895567,0.35468745
7.446036,-0.24888653,0.66832376,0.326357
7.096799,-0.2708767,1.2718244,0.40698838
7.2856355,-0.22607249,0.9484035,0.3175954
7.2970085,-0.17845511,0.8696306,0.29103833
7.3163805,-0.31928766,1.1561809,0.40483227
7.192563,-0.32270682,1.1839569,0.45491952
7.64393,-0.33196223,0.68190885,0.42342642
7.6342874,-0.30269545,0.41510725,0.39031768
7.6752424,-0.3385617,0.69437826,0.3941136
7.857055,-0.37223673,0.5008652,0.45969093
7.6457214,-0.34047562,0.69321597,0.38964856
7.7985554,-0.36276305,0.15300906,0.47265285
7.826213,-0.4954142,0.8828473,0.51499885
7.848647,-0.5064041,0.62682104,0.659541
7.764838,-0.4902004,1.0508506,0.5872689
7.5769734,-0.40591115,0.9535811,0.46593136
7.6333356,-0.41416025,0.9055526,0.44949841
7.6073723,-0.44099754,0.86407876,0.56863385
7.8161902,-0.4567091,0.7789905,0.533456
7.8507204,-0.5783644,1.1126873,0.71029085
7.7190104,-0.45512247,0.9801651,0.5318218
7.5635304,-0.45324993,1.1601396,0.5813597
7.3965807,-0.25971198,0.8551241,0.35776544
7.359159,-0.2311787,0.9577491,0.31501994
7.7623014,-0.38823462,0.407907,0.5339242
7.8697968,-0.45832205,0.5466938,0.63056314
7.99969,-0.5479846,0.53991795,0.765696
7.9601727,-0.553548,0.8228532,0.6199789
7.851213,-0.5094849,0.7415587,0.6814523
7.9444156,-0.5124552,0.7357615,0.5505134
7.7586718,-0.5469459,1.1022899,0.7222384
7.572174,-0.48407853,1.2148459,0.57795554
7.956355,-0.51991236,0.5255344,0.5117278
7.9178686,-0.5180192,0.54796386,0.5823589
7.824395,-0.43366063,0.5737039,0.48522943
7.860921,-0.42467177,0.6678257,0.45845574
7.7928276,-0.44100827,0.68799543,0.54247755
7.415209,-0.36545956,0.95133686,0.4587248
7.2601914,-0.3487308,1.2446721,0.47240764
7.354595,-0.22382045,1.0267134,0.3267796
7.2926955,-0.1756165,0.8125961,0.32494017
7.3440027,-0.13748133,0.68039894,0.28554645
7.106063,-0.13938528,0.92494416,0.29604286
7.1390104,-0.19873905,1.1391563,0.30076927
7.04618,-0.14632308,1.0159483,0.32299328
7.076686,-0.21108508,1.1818829,0.33010006
7.2124767,-0.23063874,1.0350404,0.38280898
7.363982,-0.25735706,0.83955836,0.36504257
7.193329,-0.26492727,1.2265384,0.38156766
6.8848357,-0.1748147,1.2783403,0.33169568
7.0947266,-0.18235666,1.070272,0.29424527
7.1558733,-0.1780116,1.1893523,0.30567002
7.2146153,-0.18691552,1.0181875,0.32414803
7.329802,-0.16338724,0.8836013,0.29250312
7.248105,-0.18169576,0.9148544,0.29621834
7.385107,-0.21649063,0.90755236,0.2611477
7.186472,-0.20273232,1.0035126,0.3198748
7.035477,-0.21181923,1.2896519,0.31623656
7.057946,-0.2632445,1.4487445,0.31998864
7.501751,-0.27053165,0.66376257,0.36273926
7.6934433,-0.38326883,0.7562257,0.42549837
7.656562,-0.3541416,0.7325082,0.47677273
7.3249736,-0.33853602,1.0244834,0.4404545
7.346677,-0.28217447,1.0481632,0.3410328
7.319623,-0.19619602,0.8363887,0.2835012
7.2712164,-0.18494427,0.9854028,0.28000465
6.761299,-0.1786443,1.6134634,0.271559
6.851218,-0.22690803,1.421628,0.3325519
7.058531,-0.1566264,1.2606437,0.26541686
7.3237967,-0.2080766,0.8580631,0.30629066
7.3094864,-0.22370595,0.9234879,0.3275138
7.411912,-0.21463025,0.70728993,0.34324864
7.3826337,-0.25917077,0.91259027,0.33651298
7.396121,-0.20494598,0.7046232,0.31814745
7.28699,-0.20032227,0.84511983,0.34533867
7.211153,-0.13790214,0.80098176,0.26117793
6.935787,-0.17793947,1.2660067,0.30875778
6.8537936,-0.11096692,1.4255624,0.20537789
6.865158,-0.03504914,1.2004535,0.22231922
6.6635456,0.035892487,1.3419025,0.21587329
6.47307,-0.04424566,1.5071595,0.21187024
6.692336,-0.09600955,1.576374,0.22315818
6.5735245,-0.08108252,1.5472946,0.23833078
6.432489,-0.06144315,1.6913352,0.22392601
6.4564075,-0.11079013,1.8521607,0.2916303
6.5397716,-0.1330148,1.7443373,0.283112
6.5135684,-0.12435269,1.8161435,0.24680607
6.322592,0.020791888,1.6583648,0.20802782
6.263547,-0.021566331,1.7736266,0.20488206
6.3684506,-0.020192266,1.7462435,0.20843764
6.4424505,-0.02081126,1.5467243,0.23378752
6.72443,-0.071819246,1.3254013,0.20828626
6.906661,-0.17639047,1.5070286,0.2738558
7.295792,-0.15926039,0.88701737,0.3009705
7.347344,-0.19182587,0.7496774,0.3329308
7.404185,-0.13631809,0.60634875,0.26501277
7.401658,-0.13450235,0.8200879,0.2406781
7.1681747,-0.07252091,0.869004,0.21223488
6.834263,-0.020197332,1.0792494,0.20960301
6.894311,-0.077317774,1.1794753,0.23139673
6.9407697,-0.07969421,1.1680198,0.21017891
6.943531,-0.12318313,1.2539084,0.281526
6.9152613,-0.08130115,1.1411996,0.20952076
6.7769947,-0.081365526,1.4499238,0.22703694
6.6635036,-0.04354632,1.4547415,0.23178777
6.9927406,-0.11922556,1.2695456,0.24955672
6.8273277,-0.19451034,1.5133274,0.29282933
6.705012,-0.09435171,1.5705864,0.25837553
6.7257075,-0.06920272,1.4276896,0.21508585
6.7160234,-0.0094509125,1.1907165,0.22684342
6.7680054,-0.045743406,1.3663251,0.20565774
6.8911715,-0.07576442,1.109925,0.24135122
6.7517242,-0.026181161,1.2598057,0.23027737
7.062236,-0.043261588,0.9290292,0.20836592
7.0425167,-0.07547897,1.0490382,0.20055711
6.9745846,-0.07819903,1.0979161,0.24207819
6.983289,-0.085327744,1.0328536,0.23986708
6.9197674,-0.10938251,1.3184452,0.25213772
7.233547,-0.19677567,0.77450407,0.2978714
7.3915195,-0.16868806,0.7710161,0.26447856
7.4570956,-0.19401735,0.55179274,0.358589
7.471796,-0.20267421,0.7002773,0.29697388
7.379346,-0.1747855,0.8928832,0.3042249
7.4521537,-0.17585456,0.56613636,0.3089033
7.406708,-0.14531577,0.5298909,0.29192
7.4037194,-0.09867251,0.5267509,0.26087523
7.0488787,-0.016085625,0.8095002,0.20840135
6.8502264,-0.046782136,1.0504456,0.2521739
6.9303856,-0.082907856,1.1084211,0.24693209
6.9518824,-0.094322026,1.1270008,0.20732048
7.045192,-0.06197357,0.87623346,0.23859487
7.234247,-0.06461054,0.69215524,0.21986175
7.028754,-0.019843757,0.90264726,0.20166184
7.0060406,-0.031055331,1.0941818,0.20266244
6.932976,-0.0096514225,1.0127892,0.21264967
6.9091473,0.0013467073,0.9402449,0.20057802
7.032475,-0.04369676,1.0250027,0.20042637
6.9305344,0.0003117323,0.9283962,0.23700133
7.110445,-0.063821316,0.920769,0.21744211
7.208068,-0.088830054,0.87564754,0.21287987
7.27758,-0.2561732,1.1540401,0.3579449
7.1178946,-0.25339717,1.1253848,0.36473337
7.145507,-0.09317851,0.9336307,0.2404835
7.07097,-0.124510825,1.0184445,0.28391612
6.944796,-0.070455015,1.1897373,0.23092623
6.858103,-0.10592145,1.0826895,0.2821332
7.1394844,-0.18656588,1.0604968,0.27250496
7.1546164,-0.253286,1.3011198,0.3248798
7.0051026,-0.27612883,1.461494,0.3376679
7.220461,-0.26947844,1.3660464,0.32857567
6.981801,-0.23259091,1.4511361,0.32576796
6.924285,-0.13601989,1.3781991,0.28682306
7.005758,-0.13123,1.1706834,0.22527532
6.9558325,-0.10391575,1.2903965,0.21435292
6.8449574,-0.079540074,1.2397435,0.2620004
6.9559193,-0.07769108,1.1974108,0.21393265
7.0365543,-0.12539017,1.0700018,0.26108286
7.388981,-0.065033376,0.6095035,0.23275553
7.321453,-0.047000468,0.7231133,0.20159018
6.9781847,-0.0394094,1.0326157,0.25050545
7.0909357,-0.10656792,1.0172439,0.27521247
6.803502,-0.11175853,1.2738075,0.31627274
6.975537,-0.19943339,1.2572224,0.32463002
7.118235,-0.14672923,0.9977207,0.27811855
7.11008,-0.21565074,1.1647131,0.33366567
7.147893,-0.21692145,1.3403792,0.29734352
7.0980206,-0.2125246,1.3248005,0.34504503
6.942706,-0.06945795,1.1205821,0.2195822
6.9375906,-0.026775718,1.1035137,0.22640808
6.94627,-0.013330936,1.1081352,0.2061112
7.23711,-0.12663561,0.93598175,0.2659262
6.90898,-0.08958709,1.177434,0.25095046
6.866748,-0.03519231,1.1400733,0.21018776
7.04637,-0.18632281,1.2530508,0.277855
7.149732,-0.21903974,1.2763538,0.30294323
7.2301283,-0.23716986,1.0859652,0.3089897
7.2662816,-0.20575464,0.9258785,0.2976706
7.249542,-0.19610083,1.033786,0.3379882
6.8564243,-0.08103579,1.3434405,0.22066665
6.89738,-0.12728614,1.3091843,0.2507734
6.9109597,-0.10436857,1.2373207,0.25842845
7.2307563,-0.08199829,0.84889746,0.26097012
7.3127527,-0.09497994,0.5573962,0.25577095
7.499087,-0.1494146,0.6306915,0.26364598
7.6612725,-0.29432142,0.80647874,0.38864502
7.6872883,-0.29986447,0.70175886,0.38727152
7.592155,-0.41256732,1.0184348,0.49311423
7.519582,-0.39146018,1.0738995,0.4308267
7.6988053,-0.4109918,0.84161615,0.48023224
7.6672664,-0.42291182,0.8666934,0.54612494
7.726095,-0.43725342,0.75882494,0.52008265
7.543848,-0.27562177,0.57868814,0.3571759
7.737744,-0.315085,0.5010271,0.39393866
7.6252117,-0.30705523,0.65382814,0.39221573
7.745321,-0.32425296,0.30719602,0.40072575
7.641341,-0.3773988,0.7842723,0.46653974
7.7085285,-0.44043434,0.87289906,0.5617657
7.7410693,-0.50847137,0.8871548,0.6723799
7.7507973,-0.50089574,1.0107255,0.55292386
7.5231023,-0.4600489,1.1100199,0.624153
7.7084136,-0.5293422,1.0050559,0.57767427
7.8783193,-0.53955054,0.70227337,0.6263117
7.7849245,-0.5223018,0.9045334,0.6675541
7.915695,-0.5634975,0.80996644,0.7004248
7.8490963,-0.4733703,0.5461829,0.752691
7.7129297,-0.48803306,0.8284458,0.70241934
7.964158,-0.4964196,0.22630072,0.61902124
7.9979095,-0.5166714,0.68732,0.56063896
7.939273,-0.5155275,0.7124578,0.61903644
7.617943,-0.44557202,0.84944487,0.679828
7.679333,-0.45037085,0.808568,0.67044705
7.737714,-0.46990037,0.91673636,0.5078976
7.677349,-0.48041493,0.9131086,0.6144129
7.440542,-0.37680978,0.9899334,0.4850753
7.505254,-0.47932798,1.1871886,0.6433701
7.613349,-0.36566985,0.7371993,0.44612867
7.752069,-0.27482128,0.356699,0.42923176
7.6112657,-0.2989068,0.51669383,0.4009861
7.4260554,-0.3332895,0.8253434,0.43419206
7.4044676,-0.28242147,0.9058168,0.33660716
7.3266025,-0.28488553,1.1318722,0.3950254
7.131193,-0.29947418,1.3291872,0.4342987
7.419753,-0.25600857,0.8477169,0.38375133
7.6142797,-0.25579536,0.67665637,0.3635988
7.622304,-0.33610588,0.76202655,0.40449095
7.447011,-0.30342412,1.0161686,0.41348702
7.65539,-0.38155943,0.89227796,0.42424634
7.8499813,-0.36193383,0.39989316,0.40666443
7.763215,-0.35649467,0.555542,0.46829927
7.8754635,-0.36796826,0.4030795,0.46701837
7.8683953,-0.4236349,0.45196605,0.49608713
7.982177,-0.4442557,0.36485124,0.46835834
7.9789677,-0.40877408,0.3068409,0.5060838
7.915223,-0.49019367,0.6466422,0.5145778
7.730135,-0.40561175,0.6617408,0.5138763
7.5650063,-0.46002334,1.1177132,0.5489963
7.6406593,-0.49797142,1.1614277,0.6202295
7.6429777,-0.40083605,0.84074116,0.5341751
7.778305,-0.34319842,0.41484618,0.50067234
7.578868,-0.38235956,0.8694687,0.4287086
7.59635,-0.36870712,0.8188088,0.44574085
7.718181,-0.3667119,0.8035121,0.45412523
7.8336062,-0.39985174,0.3747579,0.48384994
7.8953032,-0.44153887,0.5191326,0.5449917
7.748253,-0.48833197,0.9495168,0.51743287
7.8138494,-0.5013617,0.5656487,0.65638894
7.665098,-0.49706972,1.0845795,0.5784471
7.606037,-0.48154896,1.0733373,0.5926321
7.465087,-0.479649,1.5018663,0.5538458
7.8072233,-0.42274815,0.4342271,0.50212616
7.8040676,-0.39019364,0.8672497,0.42668104
7.6933174,-0.21737629,0.46808362,0.3198697
7.6201677,-0.29819655,0.7701589,0.43421763
7.586919,-0.38906443,0.981292,0.4588279
7.2760067,-0.2834295,0.96515834,0.38608047
7.4578366,-0.3062966,1.022726,0.4039625
7.5009556,-0.2915635,0.7774048,0.40610355
7.4236116,-0.21928722,0.62677443,0.35636908
7.5197325,-0.22270972,0.6064453,0.34896106
7.4442835,-0.16247964,0.5419508,0.24838392
7.428087,-0.13514137,0.47864163,0.29804778
7.6624312,-0.0197227,0.07617712,0.21946605
7.873481,-0.009790838,-0.14074135,0.20481554
7.9882097,-0.11165798,-0.29201794,0.22461481
7.8260098,-0.196486,-0.2702111,0.38114107
7.9283314,-0.21247488,-0.0785315,0.32345545
7.852969,-0.20895499,0.09266293,0.361265
7.395096,-0.3072431,1.2713265,0.40563583
7.125701,-0.2179786,1.0385838,0.3519321
7.2587585,-0.25281358,1.1433115,0.33369046
7.2992306,-0.21584892,1.0555902,0.31909114
7.247257,-0.257712,1.0877652,0.37520617
7.200459,-0.20965135,0.98509884,0.3377417
7.0914426,-0.23362917,1.334058,0.32894307
6.888194,-0.19943589,1.4718769,0.35727274
6.8166256,-0.17917973,1.4864628,0.28807658
6.746953,-0.12943232,1.4801955,0.27322337
6.9327383,-0.06224817,1.2040031,0.21386646
6.878153,-0.12255502,1.2465711,0.242573
6.9895186,-0.1708821,1.2218375,0.2868996
6.9629,-0.22425693,1.5560236,0.3169996
7.0171638,-0.21877539,1.3783572,0.35074311
7.166602,-0.20686781,1.310524,0.27878225
6.855814,-0.12645859,1.2531395,0.292684
6.7291927,-0.061823726,1.382777,0.23140182
6.6158147,-0.060544133,1.4522691,0.225634
6.694042,-0.13383192,1.5465627,0.25135106
