7.203621,-0.5531909,-0.42174357,0.9430007
7.198245,-0.5615921,-0.48305142,0.93701273
7.2061977,-0.5629731,-0.46273845,0.88950694
7.168665,-0.56714195,-0.48379648,0.9447607
7.227563,-0.56873095,-0.5248161,0.95084924
7.2602444,-0.5758765,-0.5642879,0.96327555
7.2428184,-0.5774182,-0.58151376,0.9707114
7.2273426,-0.5730187,-0.57713234,0.970333
7.22239,-0.58157706,-0.5460355,0.97560686
7.2062397,-0.5778856,-0.49717605,0.9683779
7.239176,-0.57001626,-0.58130026,0.9682313
7.249835,-0.571298,-0.532708,0.9617551
7.2171226,-0.5615315,-0.5540179,0.9494179
7.2091928,-0.566382,-0.46466422,0.9442749
7.143173,-0.5668899,-0.4482144,0.9292734
7.181921,-0.5701361,-0.466294,0.9408704
7.235675,-0.5769457,-0.51285344,0.94466364
7.2318506,-0.57656217,-0.51383877,0.9529646
7.239592,-0.57058215,-0.5057113,0.9471863
7.1682777,-0.5757456,-0.47213972,0.94648695
7.2333374,-0.5628751,-0.5201715,0.9448374
7.2345486,-0.5629561,-0.48500764,0.93716073
7.232785,-0.5503556,-0.5106533,0.91562706
7.2406645,-0.5548322,-0.45220596,0.93417156
7.206211,-0.55989635,-0.46893764,0.93676865
7.228443,-0.55597067,-0.58300567,0.95968527
7.210706,-0.5825361,-0.62797594,0.98227495
7.2083044,-0.5925403,-0.55838996,0.9691652
7.2184796,-0.58863294,-0.49629188,0.98538715
7.199926,-0.5885489,-0.50035894,0.95891213
7.2277765,-0.56640077,-0.60571796,0.96912783
7.1891394,-0.58698934,-0.57033485,0.9718429
7.1863446,-0.5750798,-0.5435087,0.95866394
7.2524033,-0.58545053,-0.559913,0.9613768
7.2186184,-0.58138204,-0.49533564,0.9573008
7.237845,-0.57707894,-0.5211879,0.9557921
7.2145605,-0.57662296,-0.5067027,0.9573213
7.2163815,-0.563954,-0.493347,0.9413822
7.2117314,-0.56449413,-0.46131974,0.9350878
7.1388235,-0.563184,-0.49801672,0.951511
7.2392225,-0.564615,-0.50685596,0.94528466
7.2645445,-0.56704986,-0.53630745,0.9492997
7.2022705,-0.57801974,-0.49433017,0.95957226
7.2108116,-0.5706044,-0.46777225,0.9399557
7.2364883,-0.5616441,-0.5403098,0.95292866
7.252419,-0.5720171,-0.503435,0.94813764
7.2047043,-0.57563114,-0.4914388,0.9560466
7.2069674,-0.57378566,-0.5332608,0.9623823
7.217886,-0.5659374,-0.55425584,0.9608872
7.2122154,-0.582422,-0.58332217,0.96647125
7.216776,-0.5693891,-0.58237636,0.96860677
7.133382,-0.59166527,-0.59203357,0.96629727
7.205652,-0.5859723,-0.5736127,0.973625
7.171215,-0.60524714,-0.49259692,0.98260254
7.173979,-0.595368,-0.6035006,0.9738311
7.2283373,-0.5802568,-0.52993923,0.95361423
7.2413855,-0.57113695,-0.56050706,0.961562
7.2211185,-0.5644601,-0.53189987,0.95795435
7.217286,-0.5858589,-0.52763844,0.9571568
7.2355404,-0.58962214,-0.5688466,0.96599805
7.244525,-0.5677294,-0.5434929,0.951
7.2126255,-0.5799295,-0.5324552,0.9544752
7.206506,-0.5691745,-0.47900414,0.9500812
7.2193756,-0.57717735,-0.5086864,0.9503089
7.203641,-0.58523864,-0.55294096,0.9585228
7.241397,-0.5781666,-0.5382428,0.963483
7.221425,-0.58961886,-0.5233519,0.9633351
7.232442,-0.57347035,-0.5659612,0.9627465
7.2296424,-0.57375896,-0.5706891,0.9608173
7.1447716,-0.5874312,-0.46325397,0.9619323
7.0871305,-0.5905224,-0.47909325,0.95468444
7.055576,-0.5794474,-0.46761763,0.9489089
7.228875,-0.55444586,-0.5690903,0.9608872
7.229266,-0.56709015,-0.55278325,0.9608575
7.2220793,-0.57418454,-0.5712334,0.96095556
7.2332354,-0.5797564,-0.57597065,0.977546
7.1729064,-0.5908169,-0.60140496,0.9705403
7.2061553,-0.5783601,-0.5365977,0.9614696
7.221589,-0.586116,-0.55670834,0.95930284
7.206828,-0.58776003,-0.61239445,0.9827057
7.206013,-0.5749124,-0.48300987,0.956879
7.233517,-0.5775104,-0.60024583,0.9790805
7.231871,-0.5890083,-0.56601405,0.9634205
7.215391,-0.57358706,-0.5481048,0.96469766
7.2435446,-0.57463837,-0.5803392,0.967435
7.185646,-0.5767387,-0.47383827,0.9590061
7.2377186,-0.5597688,-0.5755689,0.9555305
7.222622,-0.5709226,-0.56312966,0.9609162
7.2349586,-0.5781725,-0.53090835,0.95729333
7.248035,-0.5765176,-0.53501195,0.96287835
7.239251,-0.574453,-0.5693865,0.9649369
7.1960993,-0.5563544,-0.5989769,0.95749867
7.235692,-0.5873997,-0.5581608,0.96153665
7.1968946,-0.5845314,-0.4831497,0.9705619
7.185252,-0.5822164,-0.45483577,0.98083603
7.1794615,-0.5749639,-0.4494388,0.9717673
7.177541,-0.5801612,-0.4542008,0.97890675
7.202736,-0.5741624,-0.4968825,0.958521
7.227544,-0.5734665,-0.48681688,0.9520978
7.215452,-0.5611249,-0.55574185,0.9538258
7.2037764,-0.58203995,-0.5495695,0.96599424
7.1984262,-0.5790696,-0.48520613,0.9579845
7.2061877,-0.566038,-0.51990956,0.95713127
7.189219,-0.57063484,-0.5172165,0.95038337
7.2204895,-0.56725186,-0.53362954,0.9463421
7.2007275,-0.58016527,-0.4790724,0.9605814
7.193184,-0.58340824,-0.6275548,0.9826877
7.2011886,-0.575532,-0.6196904,0.98400944
7.185584,-0.5968884,-0.6360353,0.9805145
7.1683927,-0.60037535,-0.6315901,0.98047173
7.179458,-0.5910964,-0.59948194,0.97284675
7.2093163,-0.58263206,-0.6082838,0.9830543
7.200559,-0.5905966,-0.65110385,0.9827014
7.2030153,-0.5907941,-0.55604196,0.976111
7.1723175,-0.59636223,-0.6531807,0.97765535
7.1855536,-0.6096276,-0.69308513,0.9758442
7.1913404,-0.60882014,-0.7135543,0.9775171
7.2113786,-0.61168516,-0.72659683,0.9817455
7.1727514,-0.59133047,-0.58940417,0.9702395
7.166177,-0.60102403,-0.66758907,0.97550243
7.2066107,-0.59140015,-0.61454046,0.9750011
7.211897,-0.5770532,-0.59202874,0.97383666
7.177123,-0.5958557,-0.5631825,0.9754899
7.1776094,-0.60442567,-0.50241965,0.97334945
7.168357,-0.60096,-0.51573044,0.96711606
7.1812787,-0.60058963,-0.49606675,0.98087513
7.201555,-0.5696342,-0.51071614,0.9539582
7.220137,-0.58763087,-0.5585966,0.96672994
7.197854,-0.57118154,-0.5860256,0.959602
7.2300377,-0.5565292,-0.47704417,0.9070434
7.2281585,-0.55025315,-0.4803807,0.91435486
7.2428207,-0.54156756,-0.44882232,0.89270914
7.221882,-0.5406988,-0.49332643,0.91375005
7.2371054,-0.55296636,-0.4823135,0.9153426
7.1904726,-0.54950494,-0.45278227,0.9260763
7.1827183,-0.55724514,-0.41696262,0.92612106
7.223784,-0.5632516,-0.46148962,0.9444297
7.177477,-0.57108974,-0.4646017,0.9431511
7.1738124,-0.5626759,-0.42133975,0.945907
7.169276,-0.556072,-0.44548434,0.9229216
7.1960664,-0.5589192,-0.45802015,0.91161805
7.1995773,-0.54525954,-0.44015968,0.92300963
7.250152,-0.54703975,-0.50839126,0.9091369
7.2467213,-0.5429059,-0.4664349,0.90521306
7.2285347,-0.54401964,-0.4893962,0.91419804
7.216075,-0.5506909,-0.4751066,0.91148776
7.171647,-0.55650216,-0.4198165,0.92624223
7.220418,-0.56130195,-0.48248684,0.9385674
7.176632,-0.5708406,-0.4396121,0.9465221
7.1860847,-0.5823095,-0.46778524,0.96283305
7.1937475,-0.5848032,-0.47064483,0.96661437
7.201811,-0.5856186,-0.49613714,0.97419244
7.1811533,-0.5976674,-0.5654804,0.97604823
7.1824636,-0.5633832,-0.5868798,0.95747554
7.2330103,-0.58687943,-0.540631,0.96673167
7.2226024,-0.574342,-0.49118972,0.94792265
7.2276773,-0.57325506,-0.50293416,0.9507395
7.2465296,-0.5715854,-0.5069841,0.9491279
7.2592287,-0.5711173,-0.51732695,0.94652224
7.208996,-0.57907987,-0.5546098,0.96543676
7.2170954,-0.570891,-0.5540706,0.95384467
7.1970778,-0.5857614,-0.56270003,0.9744741
7.2020345,-0.5925845,-0.54735017,0.9696381
7.2087364,-0.5941366,-0.7272532,0.9820944
7.1962748,-0.5779967,-0.70369256,0.9894621
7.198327,-0.5870192,-0.6562238,0.9862045
7.2254806,-0.5890142,-0.7678946,0.98481095
7.199479,-0.5930013,-0.6492419,0.9841854
7.1921015,-0.6222829,-0.68435526,0.982113
7.1854544,-0.6121083,-0.71477395,0.97578204
7.185362,-0.6251125,-0.69750595,0.9717179
7.196725,-0.6206679,-0.684151,0.9740659
7.2009335,-0.61268216,-0.70985126,0.9804192
7.2150545,-0.61904883,-0.71268106,0.9777293
7.2008743,-0.5981783,-0.72276264,0.9821367
7.2083955,-0.582496,-0.607702,0.9828296
7.2214847,-0.5862867,-0.56805754,0.9732591
7.211439,-0.58673024,-0.6028701,0.97677016
7.2430773,-0.578422,-0.56381446,0.9673474
7.2250166,-0.58197236,-0.5256014,0.9600525
7.1996946,-0.5973732,-0.55614686,0.97746533
7.1718493,-0.59782207,-0.6033075,0.97908604
7.199051,-0.5978048,-0.5392989,0.97277856
7.155979,-0.59495413,-0.44632924,0.96199954
7.210413,-0.5787723,-0.51280403,0.9585968
7.2222023,-0.5854907,-0.5527231,0.9669921
7.23674,-0.58171874,-0.556766,0.9692768
7.2184887,-0.58234084,-0.5295775,0.9551884
7.21591,-0.58137834,-0.547283,0.96247375
7.2391644,-0.5799468,-0.56070125,0.96788204
7.1974683,-0.5869584,-0.53375065,0.9609588
7.183502,-0.5843502,-0.5050381,0.957219
7.232225,-0.562395,-0.4819132,0.9426314
7.211235,-0.5719653,-0.49489975,0.94955075
7.209117,-0.56214356,-0.53373694,0.94502515
7.2573175,-0.5698212,-0.51726913,0.8669878
7.2368345,-0.565197,-0.5346728,0.8697601
7.186706,-0.5540887,-0.542099,0.8617176
7.2256174,-0.56873596,-0.4866324,0.8756079
7.161073,-0.58372164,-0.4852919,0.8766867
7.1995916,-0.5794933,-0.5009376,0.8757164
7.196271,-0.5904184,-0.5138742,0.9587268
7.2136526,-0.58513564,-0.53987837,0.9610632
7.2189283,-0.58554935,-0.547856,0.96540743
7.228799,-0.5574659,-0.55387306,0.9542578
7.2379503,-0.5736077,-0.51652116,0.9597298
7.206086,-0.5996059,-0.55941546,0.9666243
7.2017636,-0.60640055,-0.60659695,0.98311406
7.172827,-0.59619033,-0.67581844,0.98139596
7.1627355,-0.60255164,-0.6751121,0.98003215
7.1420817,-0.6022748,-0.6108075,0.9732784
7.1428204,-0.6092728,-0.5718598,0.9702452
7.179719,-0.58333516,-0.56239235,0.9660231
7.223051,-0.565869,-0.5613266,0.96145666
7.226391,-0.5609447,-0.53802496,0.96351373
7.2074194,-0.565613,-0.5455685,0.868033
7.24189,-0.5580013,-0.5067391,0.8799072
7.2428174,-0.5679079,-0.501757,0.94652057
7.2230325,-0.5603651,-0.47682577,0.9397737
7.211038,-0.5680399,-0.47880554,0.946587
7.1544285,-0.5633879,-0.40546626,0.93440145
7.180133,-0.560509,-0.44583213,0.9163948
7.254925,-0.5447737,-0.4595186,0.9060353
7.239655,-0.54979587,-0.4940952,0.9123391
7.202347,-0.55459833,-0.44212788,0.92106795
7.212785,-0.54116,-0.4710403,0.9119948
7.2111025,-0.5446715,-0.43977606,0.917254
7.2142835,-0.56223154,-0.48029703,0.94291943
7.217146,-0.57037854,-0.49722934,0.94485384
7.1832786,-0.58780146,-0.49393845,0.96319723
7.190285,-0.5602081,-0.43300748,0.92600256
7.186158,-0.5649409,-0.48992145,0.9392051
7.1365128,-0.5577661,-0.4312384,0.9326709
7.2076793,-0.54960746,-0.47029084,0.91884625
7.2184405,-0.5546715,-0.44540656,0.9212972
7.238766,-0.5470963,-0.5037772,0.91536367
7.2190504,-0.5497663,-0.46233332,0.9109975
7.218904,-0.5390949,-0.4329961,0.91830933
7.2054176,-0.5528779,-0.45191753,0.916608
7.1997995,-0.54748654,-0.45197582,0.9257901
7.169286,-0.5416335,-0.37998503,0.9281931
7.1744614,-0.53473413,-0.39652014,0.9213023
7.1702595,-0.54830456,-0.4270141,0.92516994
7.190437,-0.5520505,-0.44285345,0.92235017
7.2107415,-0.5701164,-0.47159278,0.9336139
7.1661444,-0.56841797,-0.44571853,0.93189085
7.203204,-0.55964816,-0.4357459,0.9303818
7.2297163,-0.5701754,-0.49872637,0.9553286
7.2055664,-0.5686491,-0.50510156,0.9470835
7.221014,-0.5408406,-0.49772578,0.91591895
7.4683867,-0.18306649,-0.46315157,0.8898761
7.478758,-0.199817,-0.462798,0.9044008
7.47173,-0.19849503,-0.46031064,0.8970753
7.4621983,-0.18625122,-0.46618563,0.8886899
7.4261913,-0.20834827,-0.46719933,0.88795465
7.462516,-0.21945924,-0.44314492,0.89941657
7.4532394,-0.20530355,-0.4733888,0.89534676
7.4984064,-0.16788483,-0.46978724,0.89941865
7.487035,-0.20521867,-0.46392125,0.90361106
7.4801726,-0.1907494,-0.47790104,0.9041387
7.493846,-0.18895757,-0.47679663,0.90413266
7.474358,-0.22583985,-0.4476781,0.90996516
7.4494033,-0.22526008,-0.46483344,0.89671385
7.433539,-0.2454558,-0.44627732,0.8912872
7.361884,-0.25846392,-0.47718894,0.88856137
7.3153915,-0.26986092,-0.47673166,0.8935927
7.310393,-0.2751841,-0.49821317,0.8968138
7.3165727,-0.27739114,-0.48299056,0.8934598
7.270179,-0.2680506,-0.3573014,0.89334047
7.292213,-0.26623642,-0.43464524,0.8983852
7.2777762,-0.27596158,-0.4749971,0.8821089
7.3189917,-0.27329284,-0.46840954,0.893397
7.3230495,-0.28808504,-0.46016425,0.88842744
7.2583666,-0.30031198,-0.50374246,0.8782605
7.291544,-0.25438267,-0.49490798,0.87514
7.306319,-0.2357884,-0.48243314,0.8711527
7.3011947,-0.2258684,-0.4696623,0.86701995
7.3390074,-0.22209775,-0.47237438,0.8704139
7.2519436,-0.23666656,-0.46745753,0.87362564
7.2922854,-0.23684621,-0.4549644,0.86455977
7.2565036,-0.2630902,-0.48448777,0.88284767
7.257885,-0.26657563,-0.5228623,0.89189714
7.308728,-0.2662307,-0.47842324,0.8916311
7.2750063,-0.26664615,-0.50674295,0.8820105
7.258709,-0.26623935,-0.50369066,0.88096184
7.2654977,-0.28140092,-0.5249929,0.8892936
7.375388,-0.26437718,-0.4415425,0.8916605
7.345601,-0.2699409,-0.46511924,0.8921916
7.343447,-0.28761703,-0.45301265,0.8953739
7.354821,-0.2796008,-0.4519161,0.897746
7.3126917,-0.28042352,-0.4765668,0.89637685
7.289795,-0.26440132,-0.43975657,0.8975898
7.2504473,-0.26484966,-0.39847654,0.90227926
7.242459,-0.25100183,-0.39705998,0.9001056
7.377534,-0.2631662,-0.45673752,0.89434534
7.405879,-0.25501275,-0.45785964,0.8942665
7.4242854,-0.25446862,-0.4767834,0.8968139
7.445679,-0.2205053,-0.46648276,0.8954865
7.4155483,-0.2615183,-0.42551565,0.8856734
7.2424793,-0.2388041,-0.42118496,0.88771564
7.2500257,-0.25301152,-0.4060418,0.9012979
7.282793,-0.2682315,-0.4113891,0.9008928
7.2676015,-0.2606489,-0.4249062,0.89471364
7.2857604,-0.26673377,-0.4743898,0.89809597
7.278371,-0.24255925,-0.5078398,0.87648475
7.2868166,-0.28524655,-0.49410844,0.8880876
7.2559733,-0.26796848,-0.4864987,0.8875448
7.3208,-0.2575636,-0.501931,0.88237536
7.2399497,-0.24805903,-0.4795193,0.8810712
7.220495,-0.24527925,-0.272766,0.8937104
7.187231,-0.25155485,-0.24078691,0.88441575
7.221398,-0.2488355,-0.25051498,0.90067667
7.2285204,-0.24333954,-0.2515239,0.8827128
7.199106,-0.24803406,-0.23155731,0.8842205
7.2494893,-0.24045706,-0.36481696,0.8853555
7.2556295,-0.24550343,-0.37211978,0.89033735
7.2277546,-0.23501188,-0.38800192,0.887866
7.2922573,-0.27096593,-0.3704629,0.89484537
7.3395095,-0.2919106,-0.46148652,0.891517
7.3021507,-0.27276433,-0.46516597,0.89603454
7.296545,-0.27684087,-0.47157943,0.89318573
7.2795534,-0.2764219,-0.47484034,0.8893584
7.3186293,-0.26868612,-0.4909057,0.89299023
7.2722445,-0.24781126,-0.5042476,0.8760702
7.248957,-0.26640803,-0.48939562,0.87942517
7.2338576,-0.25347066,-0.50587946,0.8744295
7.2555633,-0.25717664,-0.5013628,0.8713379
7.235976,-0.25021917,-0.38588852,0.8919905
7.2402573,-0.25292075,-0.50387156,0.8788532
7.303753,-0.25626236,-0.51830757,0.8882549
7.2466106,-0.24887407,-0.4353904,0.8969735
7.2475033,-0.25264275,-0.47383112,0.88696355
7.375989,-0.25232637,-0.45570844,0.89440435
7.3771787,-0.2560094,-0.46462345,0.8951521
7.2643986,-0.25547683,-0.38377106,0.8988331
7.2547903,-0.2613716,-0.41226822,0.8969948
7.2603407,-0.25573295,-0.43469352,0.90104705
7.427853,-0.20783734,-0.48387444,0.8929561
7.4189353,-0.21030205,-0.48616087,0.88742703
7.4090633,-0.20847607,-0.4741621,0.88527435
7.4078407,-0.20209873,-0.48033684,0.88347983
7.3665547,-0.21979189,-0.48300946,0.87868583
7.366858,-0.2518921,-0.4782024,0.88732266
7.381571,-0.25522274,-0.4771232,0.8923917
7.257919,-0.2631125,-0.4608224,0.8934501
7.2839885,-0.26450503,-0.49737954,0.894977
7.259536,-0.2501549,-0.4078651,0.8928603
7.158091,-0.23475158,-0.27705336,0.8908795
7.1131754,-0.2212264,-0.2414757,0.9156715
7.147049,-0.22101015,-0.2663718,0.88873065
7.1380625,-0.22418189,-0.2527085,0.89247173
7.13332,-0.22414804,-0.27779275,0.8903208
7.1344614,-0.22869211,-0.26526487,0.90518916
7.105388,-0.21943796,-0.2632345,0.908095
7.158916,-0.24173832,-0.24871385,0.8913287
7.2194095,-0.24457073,-0.24093235,0.8869243
7.189543,-0.2473154,-0.26033807,0.8969058
7.155733,-0.23404026,-0.24757004,0.9077212
7.1811337,-0.23568684,-0.2671919,0.89025956
7.227835,-0.24706233,-0.2460624,0.8928408
7.2382345,-0.24266255,-0.2399528,0.89278734
7.156582,-0.22916639,-0.22703189,0.91314447
7.122713,-0.2194922,-0.17918062,0.921267
7.042307,-0.20945787,-0.26456714,0.9166893
7.008294,-0.114065945,-0.27340305,0.91910547
6.9942894,-0.06374878,-0.23970407,0.94295126
6.9944816,-0.06662375,-0.26993376,0.93617475
6.9951344,-0.03423536,-0.26762807,0.96055335
6.84389,-0.038796842,-0.3309021,0.9702324
6.7744684,-0.047925174,-0.28794968,0.9641562
6.821913,-0.04081297,-0.30545402,0.97218156
6.8509083,-0.022174537,-0.26970643,0.9799887
6.842058,-0.022196412,-0.27816832,0.9807795
6.8111353,-0.023075104,-0.3206606,0.9840442
6.851873,-0.012433052,-0.3626709,0.98239917
6.925496,-0.007695496,-0.33763367,0.9808071
6.957209,0.002693653,-0.32197738,0.9809438
6.903429,-0.00092983246,-0.31010795,0.9873259
6.902279,-0.0035556555,-0.39177454,0.9769561
6.8877897,-0.006139159,-0.39969015,0.9770015
6.8666506,-0.005468607,-0.41169083,0.9728287
6.7917533,-0.00489974,-0.42059112,0.9763541
6.7856464,-0.012289166,-0.4012549,0.9818529
6.834302,-0.022274137,-0.2903995,0.9848641
6.889905,-0.024790525,-0.36177784,0.96863616
6.940973,-0.016207099,-0.3151669,0.9664909
6.9501214,-0.025953174,-0.31546748,0.96890426
6.8973713,-0.031321824,-0.30243683,0.97423804
6.84718,0.0016498566,-0.3958462,0.9897026
6.865155,-0.0036334395,-0.39079463,0.99221796
6.893889,0.038398027,-0.42954457,0.98576003
6.8913074,0.031299114,-0.4326104,0.9822493
6.8703184,0.01004982,-0.42762733,0.96410364
6.8165474,0.009888887,-0.43637604,0.9800055
6.860297,0.016298294,-0.43782854,0.9852954
6.910686,0.00802052,-0.40836918,0.968039
6.8746657,0.0156161785,-0.42766535,0.974829
6.8689833,0.007953286,-0.4193374,0.9779719
6.8729153,0.022942781,-0.4292698,0.9844531
6.90183,0.020967245,-0.4429856,0.96675056
6.940435,0.023769498,-0.409855,0.9737208
6.9285026,0.015879154,-0.39143813,0.9766419
6.927266,0.02157259,-0.35998827,0.9919296
6.915839,0.027808547,-0.38088137,0.9894323
6.916243,0.024143815,-0.40728867,0.9803517
6.9372425,0.02124691,-0.40199232,0.9744834
6.915659,0.00017499924,-0.37643015,0.9786943
6.9705887,-0.0074399114,-0.26944286,0.97407377
6.9539633,-0.009863317,-0.30888933,0.9777643
6.971446,-0.013639092,-0.2876159,0.97069883
6.977042,0.0072631836,-0.34046942,0.9687478
6.9868345,0.021773815,-0.3471377,0.97466344
6.9597588,0.012398362,-0.34809065,0.9788034
6.9655895,0.00023698807,-0.3259104,0.97815794
6.9532213,0.0001244545,-0.3335191,0.97452796
6.9351134,0.004143715,-0.33706045,0.9834256
6.936206,-0.0050920844,-0.30528313,0.9802059
6.9271374,-0.009853363,-0.30584407,0.9825944
6.9154024,0.005032897,-0.36572337,0.9869783
6.907243,-0.0056965947,-0.33918798,0.9843784
6.74769,-0.007901669,-0.40229964,0.98441815
6.8544755,-0.018749058,-0.29870272,0.9857348
6.821896,-0.0028882027,-0.33041465,0.9930108
6.81034,-0.022007048,-0.3350225,0.98575073
6.7878942,-0.025029719,-0.37280273,0.97581625
6.804104,-0.03698027,-0.30744767,0.97707117
6.842252,-0.027169704,-0.30549186,0.97815216
6.7713876,-0.029484808,-0.31645846,0.9800958
6.771739,-0.025616407,-0.37465787,0.9781695
6.8803134,-0.021029294,-0.27603918,0.97782254
6.8215322,-0.015404284,-0.27596647,0.98662466
6.8138437,-0.012857139,-0.34930307,0.9857
6.8130503,0.005552292,-0.41802704,0.9884128
6.842031,0.0019341707,-0.4077565,0.98963475
6.7702703,-0.0039001703,-0.41683936,0.98466957
6.8493233,0.005521536,-0.42891896,0.9801977
6.8069553,0.007880807,-0.43663907,0.983456
6.833882,0.014416337,-0.42178172,0.9901482
6.8361535,0.0081784725,-0.4083807,0.99036026
6.8046436,-0.007455826,-0.3851652,0.99139434
6.857582,-0.01295197,-0.33845997,0.9843803
6.8212276,-0.020552874,-0.3244568,0.9890834
6.826482,-0.012395084,-0.3484742,0.9900116
6.8102264,-0.013680339,-0.33325106,0.9911089
6.8365064,-0.012857914,-0.30025744,0.990682
6.846546,-0.008294523,-0.28873456,0.99094
6.833872,-0.008329093,-0.3104844,0.993144
6.778043,-0.008633971,-0.40872443,0.9883298
6.8620396,0.00021874905,-0.37772298,0.99240714
6.8817286,-0.009963989,-0.3196593,0.98730075
6.8454323,-0.0060729384,-0.3278876,0.9899004
6.8532066,-0.015690744,-0.3274933,0.98763674
6.855626,-0.003548205,-0.3254519,0.9918159
6.824877,-0.016158104,-0.32296383,0.98628634
6.881839,-0.028294742,-0.32045937,0.97180784
6.7994494,-0.049184263,-0.32871085,0.9645158
6.900711,-0.036094666,-0.3357482,0.95987374
6.931378,-0.04204005,-0.27545416,0.96350044
6.923105,-0.051669538,-0.29390866,0.95924616
6.8993435,-0.043001473,-0.28307986,0.96172214
6.914148,-0.032854915,-0.27061212,0.96851975
6.805156,-0.051784694,-0.30820554,0.9645678
6.7580748,-0.04945624,-0.36764622,0.9618012
6.7562,-0.04943031,-0.2920701,0.9689086
6.801409,-0.022491276,-0.32840532,0.9791995
6.8357315,-0.02279061,-0.33676475,0.9825686
6.795129,-0.017477453,-0.34176964,0.9879025
6.8423815,-0.008965433,-0.37772226,0.9894076
6.769038,-0.021920383,-0.39248776,0.97290754
6.829525,-0.006203234,-0.3494737,0.99232966
6.850605,-0.016037703,-0.28593916,0.9884068
6.8096256,-0.014907718,-0.3651682,0.98757255
6.8197775,-0.025608122,-0.2810573,0.98555386
6.832267,-0.021901071,-0.32224095,0.98593193
6.8347025,-0.016785681,-0.32284093,0.9867548
6.8354845,-0.020839214,-0.3382373,0.98927426
6.9089985,-0.023196697,-0.37327027,0.9551251
6.898361,-0.02177906,-0.36543965,0.93767923
6.9472713,-0.030260623,-0.3483181,0.9511098
6.946696,-0.033309877,-0.33805543,0.93658316
6.945401,-0.02463758,-0.36021525,0.939689
6.978284,-0.012148559,-0.37694287,0.92403907
6.946363,-0.018144011,-0.3743292,0.92381316
6.8913784,-0.026453495,-0.3744868,0.9472084
6.879387,-0.01788479,-0.38659477,0.94771284
6.870859,-0.017977953,-0.37906587,0.9684779
6.8128285,-0.03583902,-0.34189773,0.9699349
6.8901653,-0.023662746,-0.36924517,0.93084216
6.839226,-0.030283272,-0.27618295,0.978089
6.8061156,-0.04689622,-0.27751678,0.97247374
6.7504244,-0.050596416,-0.28503954,0.9627596
6.933707,-0.04714495,-0.25914872,0.95785123
7.0620275,-0.030914664,-0.2830093,0.9337626
7.0593452,-0.0369007,-0.2856208,0.9368438
6.9966145,-0.07247013,-0.30795467,0.91352713
7.056814,-0.0473454,-0.29041076,0.903626
7.0885444,-0.045247912,-0.256931,0.9568733
7.0763783,-0.06993848,-0.23517257,0.89076555
7.064548,-0.065788984,-0.25489962,0.90189034
7.0858164,-0.044093907,-0.26300162,0.9007616
7.244831,-0.70132697,-0.6128452,0.53436834
7.19402,-0.6843795,-0.6437491,0.5337865
7.228961,-0.6949097,-0.6447524,0.52490973
7.2852526,-0.67851746,-0.6137182,0.551311
7.2977314,-0.6762122,-0.5944658,0.5216506
7.305646,-0.6751304,-0.5742572,0.5280303
7.2742896,-0.7055396,-0.6334203,0.53030735
7.3401804,-0.68115795,-0.60388416,0.5431298
7.224735,-0.6603327,-0.563111,0.50413233
7.2614603,-0.6489875,-0.5479058,0.5093978
7.2374115,-0.6103129,-0.59280765,0.50559974
7.2263203,-0.596921,-0.6414651,0.50382143
7.2086525,-0.5955175,-0.60679156,0.49045962
7.2857714,-0.6054913,-0.57705146,0.49780327
7.2117424,-0.61185324,-0.5877065,0.49391496
7.2240143,-0.6042395,-0.5962875,0.49436194
7.2422667,-0.59383035,-0.574595,0.49385148
7.229291,-0.585107,-0.5942066,0.49024773
7.208637,-0.59454894,-0.60274583,0.49531877
7.2459993,-0.58015156,-0.6099199,0.49276
7.179264,-0.6937746,-0.650052,0.515653
7.2311616,-0.72000986,-0.69650257,0.5127496
7.277756,-0.7294382,-0.6993637,0.5143931
7.303171,-0.7264063,-0.7459948,0.5102176
7.2717123,-0.7035786,-0.7695079,0.50973356
7.251894,-0.7120044,-0.7402267,0.5102546
7.27578,-0.7505988,-0.7156997,0.5123762
7.3398914,-0.7180167,-0.69372845,0.5305014
7.2720785,-0.68146807,-0.6345248,0.5299233
7.333773,-0.6678524,-0.60146433,0.53767544
7.330977,-0.66437054,-0.5931791,0.5411833
7.24932,-0.68343735,-0.6221523,0.5349778
7.263444,-0.67799765,-0.5819662,0.51901776
7.2505474,-0.6881195,-0.653721,0.53916603
7.27889,-0.7048788,-0.6714494,0.5510352
7.286565,-0.70482594,-0.6628071,0.5301737
7.2169294,-0.6163846,-0.6180301,0.5055637
7.248808,-0.60425603,-0.6381413,0.50923115
7.217554,-0.5796343,-0.61404,0.48689574
7.2071466,-0.57630634,-0.6244075,0.4835016
7.238053,-0.5670254,-0.60651183,0.47503412
7.210181,-0.5467317,-0.6405182,0.47966248
7.2070065,-0.5437718,-0.6491873,0.4677757
7.1891932,-0.5501715,-0.63265944,0.4650721
7.211018,-0.5599261,-0.6320336,0.47826403
7.199239,-0.556038,-0.6260201,0.47256064
7.2056007,-0.56361586,-0.63836986,0.48901772
7.191701,-0.5746119,-0.6312381,0.48505384
7.249331,-0.57425565,-0.6157501,0.48984593
7.195979,-0.5476968,-0.62526757,0.4634748
7.197192,-0.5514682,-0.63832617,0.4689806
7.1930475,-0.5604974,-0.62576056,0.47241646
7.2199044,-0.57245094,-0.5851399,0.4756279
7.238205,-0.54739827,-0.58810955,0.46945065
7.20492,-0.5549046,-0.63165677,0.48357803
7.2159357,-0.5674835,-0.6256902,0.49107236
7.2125597,-0.5625806,-0.59423697,0.4820305
7.2447023,-0.58946896,-0.5839255,0.49438316
7.221391,-0.6052201,-0.56014127,0.50188476
7.294361,-0.62138224,-0.5737735,0.50105757
7.332308,-0.62736475,-0.5954727,0.51046735
7.206391,-0.65921617,-0.7297861,0.5031927
7.231366,-0.6846857,-0.63917947,0.5253462
7.1883726,-0.680897,-0.64838946,0.52505684
7.2971263,-0.67755306,-0.5915227,0.52974695
7.303275,-0.66758454,-0.5561272,0.53960264
7.25764,-0.6881412,-0.6266372,0.539102
7.2867575,-0.710433,-0.6984017,0.5196586
7.286173,-0.69853956,-0.60064256,0.52859586
7.258443,-0.67856944,-0.6416246,0.5289259
7.259413,-0.7099451,-0.66348416,0.5501004
7.2619057,-0.69422525,-0.62574816,0.54440945
7.247407,-0.68329847,-0.6345593,0.53460103
7.2310753,-0.67256486,-0.6175077,0.5199885
7.1727576,-0.66993964,-0.6745697,0.50652796
7.1496716,-0.67153186,-0.6653563,0.49889928
7.2074423,-0.6926565,-0.7058581,0.5142675
7.2668476,-0.7017047,-0.6182778,0.53310496
7.268975,-0.70793545,-0.6639694,0.53118575
7.2174683,-0.70246494,-0.64046687,0.55467075
7.225524,-0.7024451,-0.67292184,0.5207229
7.2342052,-0.6894258,-0.6245609,0.52276427
7.1968255,-0.7121022,-0.6746826,0.5231879
7.1671786,-0.68313324,-0.62176144,0.51215047
7.2788815,-0.70175004,-0.63994706,0.5337764
7.3319173,-0.6517788,-0.56464624,0.5244204
7.2882485,-0.67462504,-0.58152974,0.54758525
7.2975907,-0.63780665,-0.58136827,0.5571796
7.3190784,-0.6727928,-0.57000077,0.53249735
7.308605,-0.6659241,-0.58891046,0.5476913
7.3214045,-0.6660589,-0.5792504,0.5297872
7.3316174,-0.6852408,-0.6080547,0.54597384
7.3199024,-0.64879394,-0.5495445,0.5436084
7.3187003,-0.6613927,-0.58757627,0.5549292
7.3231497,-0.65287346,-0.6125301,0.5204342
7.3443985,-0.63739705,-0.67851925,0.5212963
7.268987,-0.6786815,-0.59959024,0.52377665
7.273431,-0.71209276,-0.65624344,0.53962535
7.226734,-0.7175257,-0.6487206,0.54945666
7.273051,-0.70629656,-0.6590146,0.5418748
7.1724815,-0.6759975,-0.63829017,0.5096777
7.155863,-0.67832196,-0.6600009,0.5116572
7.223232,-0.6910323,-0.65219873,0.5248047
7.211537,-0.67123973,-0.7135697,0.51089644
7.1559834,-0.6134923,-0.69980526,0.48708177
7.162232,-0.6339097,-0.6262985,0.4904288
7.1761303,-0.6398207,-0.6879952,0.50440884
7.31888,-0.72875226,-0.7295889,0.5217183
7.317169,-0.665877,-0.60994047,0.5534093
7.327984,-0.6674443,-0.58394885,0.5449532
7.230544,-0.68370163,-0.63272214,0.51998055
7.313139,-0.690397,-0.6694943,0.5312166
7.2274823,-0.6888956,-0.6414188,0.53368187
7.248513,-0.66803765,-0.7492865,0.5115903
7.1764708,-0.7036481,-0.6864289,0.5152567
7.238453,-0.7085578,-0.6794636,0.5282749
7.301632,-0.68366534,-0.58092266,0.549426
7.29808,-0.6624012,-0.5681905,0.5452733
7.345457,-0.6597631,-0.58029485,0.5519644
7.301845,-0.6731348,-0.57462215,0.5320582
7.292755,-0.6795094,-0.6080004,0.5238415
7.2718725,-0.6735636,-0.5994656,0.5298975
7.3025103,-0.7048527,-0.66438293,0.52784956
7.32459,-0.72419477,-0.67153096,0.5377196
7.2056108,-0.7068626,-0.6372304,0.5486047
7.3156734,-0.7039358,-0.71667403,0.52515596
7.3181734,-0.7066609,-0.714926,0.53436005
7.325592,-0.6947775,-0.6099048,0.5424442
7.316999,-0.6770722,-0.5906887,0.54445904
7.3733935,-0.6749968,-0.62357485,0.5428371
7.3350897,-0.6776283,-0.593024,0.53904086
7.285759,-0.6645528,-0.60931206,0.55344903
7.3299546,-0.66678,-0.5847997,0.5473632
7.303095,-0.6764497,-0.60707307,0.5452581
7.3324623,-0.6929679,-0.7210255,0.53156817
7.288797,-0.6839185,-0.68864524,0.53239477
7.291686,-0.7118571,-0.6799893,0.53853345
7.264888,-0.6909504,-0.62575555,0.5412702
7.2625494,-0.70031697,-0.64653945,0.54060835
7.2125297,-0.71186817,-0.65801907,0.53687304
7.337889,-0.65547097,-0.6005703,0.55999506
7.3699994,-0.68910694,-0.6660994,0.54142404
7.3679504,-0.68952227,-0.6324653,0.5446326
7.279834,-0.6964897,-0.6465994,0.53052896
7.2976913,-0.6996277,-0.62991416,0.5385441
7.2572417,-0.69825804,-0.6078042,0.53645635
7.249019,-0.69956976,-0.64529514,0.5388725
7.2453547,-0.7161349,-0.6588415,0.5507695
7.2469463,-0.70962775,-0.6484819,0.55231565
7.2780104,-0.7110044,-0.656278,0.5394585
7.2191124,-0.6844181,-0.5919324,0.52351445
7.310151,-0.6536318,-0.56749386,0.55011374
7.3518186,-0.64522994,-0.571267,0.5471909
7.3614135,-0.63049805,-0.5763677,0.54861826
7.2316446,-0.6884614,-0.6685127,0.51758105
7.218758,-0.616521,-0.6575497,0.51355094
7.2597017,-0.6860256,-0.6696328,0.520275
7.244446,-0.700771,-0.63955486,0.53755486
7.2255173,-0.66569555,-0.6574473,0.5316162
7.2245607,-0.69528866,-0.67295265,0.5262356
7.1978245,-0.6803013,-0.6500651,0.51727027
7.19991,-0.60174096,-0.66296005,0.5012546
7.1873274,-0.5988732,-0.6647649,0.5032846
7.2117968,-0.5671662,-0.6660559,0.50538856
7.221754,-0.60181886,-0.60912156,0.5065406
7.2265863,-0.6012422,-0.5865189,0.5019327
7.230327,-0.60505486,-0.6468336,0.499501
7.2116785,-0.59683216,-0.5758033,0.495506
7.2484465,-0.5843215,-0.6236077,0.4969316
7.2109737,-0.58880246,-0.5837851,0.4861154
7.217005,-0.59117305,-0.6061738,0.49925244
7.2326527,-0.6073191,-0.5593795,0.49073356
7.2061863,-0.5946067,-0.6003759,0.4963596
7.233439,-0.60134864,-0.6014736,0.50070375
7.1875124,-0.631254,-0.6487756,0.5158326
7.193471,-0.62957835,-0.6459547,0.51262146
7.2669053,-0.69311297,-0.6996237,0.5238846
7.276474,-0.66972464,-0.69222575,0.5508311
7.2338734,-0.7138673,-0.6951702,0.51477456
7.222339,-0.61979526,-0.5812577,0.5108339
7.2558165,-0.6424782,-0.5579131,0.5094517
7.290535,-0.7359773,-0.70035756,0.51507217
7.3424516,-0.7303871,-0.741081,0.51745015
7.296331,-0.7660603,-0.7110853,0.5057361
7.2282352,-0.6879525,-0.6974136,0.518362
7.284558,-0.69056344,-0.62582076,0.53587705
7.2891507,-0.6697438,-0.7121726,0.5183692
7.2980475,-0.67505765,-0.6103826,0.55001605
7.3241186,-0.66835487,-0.59695184,0.54647505
7.3053713,-0.6604307,-0.55960786,0.5350837
7.338299,-0.65562093,-0.5738888,0.5521224
7.327235,-0.65480125,-0.56019187,0.53978384
7.3131227,-0.65896547,-0.5490397,0.54554117
7.36897,-0.69978607,-0.6430245,0.5438184
7.2363977,-0.61746496,-0.6298342,0.51601356
7.273756,-0.6399996,-0.5863791,0.51208633
7.166195,-0.71203643,-0.6898473,0.5080996
7.2843733,-0.62812006,-0.7026339,0.5123256
7.330148,-0.6470408,-0.7417476,0.51470834
7.3107977,-0.73571205,-0.69295377,0.5222158
7.274748,-0.6946744,-0.6804946,0.5236799
7.22209,-0.71424735,-0.7514081,0.50777304
7.1787515,-0.6982109,-0.69285774,0.511981
7.160581,-0.67876965,-0.6674383,0.50861055
7.1794105,-0.6768242,-0.647313,0.5237466
7.1832085,-0.6473881,-0.6308179,0.51449066
7.15422,-0.68201405,-0.65449226,0.50829566
7.158301,-0.6394907,-0.6689579,0.502199
7.1750836,-0.6172402,-0.6673865,0.49482423
7.181242,-0.6746154,-0.7429007,0.5057603
7.172825,-0.634704,-0.6827028,0.49953318
7.2523813,-0.5848509,-0.70162475,0.504899
7.27927,-0.66363406,-0.5817238,0.5190748
7.333452,-0.64540213,-0.70159715,0.52087206
7.369322,-0.6732317,-0.60918,0.5357072
7.3502235,-0.69342434,-0.66512585,0.53250116
7.3295994,-0.7108107,-0.6937952,0.53782994
7.32996,-0.7048462,-0.6882818,0.5293258
7.3259463,-0.6690047,-0.62796843,0.5207343
7.3108215,-0.7088969,-0.69655824,0.54257333
7.296195,-0.67058814,-0.56101835,0.52626884
7.296731,-0.646978,-0.6057926,0.55753815
7.202739,-0.67798674,-0.6649445,0.52448696
7.19042,-0.6758301,-0.6759819,0.5119373
7.1721144,-0.6943362,-0.6876042,0.5209407
7.2508206,-0.740636,-0.76726234,0.51084816
7.274789,-0.7205225,-0.7444693,0.507989
7.3263397,-0.6669581,-0.57227224,0.5412809
7.3042526,-0.67795825,-0.5824268,0.5518547
7.334513,-0.6715677,-0.5972595,0.535975
7.2948523,-0.6649459,-0.5769836,0.5490442
7.295048,-0.6761535,-0.5889026,0.5543731
7.30496,-0.6445365,-0.5934473,0.55770284
7.307306,-0.66749406,-0.6024692,0.5564154
7.3829913,-0.6631564,-0.620366,0.5400776
7.3587284,-0.6475333,-0.61036605,0.53248024
7.3323083,-0.65589786,-0.5814929,0.55288607
7.354053,-0.68331075,-0.6294736,0.55221933
7.282729,-0.6900432,-0.6137725,0.5480868
7.33484,-0.673871,-0.58755535,0.5511027
7.293044,-0.6607603,-0.57572055,0.5579218
7.3496513,-0.6717576,-0.583524,0.54772073
7.3217735,-0.64270586,-0.55208504,0.55420154
7.351863,-0.6492951,-0.58879143,0.53869575
7.302548,-0.65562177,-0.5556315,0.55701786
7.357498,-0.68118143,-0.6533505,0.55779684
7.3305435,-0.7036704,-0.6065189,0.5461319
7.312709,-0.62628573,-0.5779259,0.5433585
7.3147373,-0.6910694,-0.5791483,0.5490242
7.2991505,-0.67701674,-0.5986125,0.5513165
7.0037727,-0.23499244,1.8283248,0.547805
7.0135717,-0.3070439,1.824867,0.5370726
6.983598,-0.29948962,1.8235397,0.5328393
7.0640173,-0.26560408,1.8187258,0.5434764
6.932025,-0.26096934,1.7649918,0.53537273
6.9177904,-0.26244617,1.8177934,0.5470662
7.0514145,-0.28480774,1.8281155,0.52532095
7.055193,-0.29827225,1.8272662,0.5334579
7.0680623,-0.28664237,1.8281817,0.54286593
6.974557,-0.30952156,1.8188,0.5358763
6.9382877,-0.28949696,1.8142715,0.53586704
6.866282,-0.3205344,1.8082304,0.53949267
6.8764772,-0.35114712,1.7831275,0.54684037
6.916459,-0.3059678,1.806149,0.5377897
6.959031,-0.31558615,1.8243213,0.5435623
6.8925214,-0.27249706,1.8114784,0.53505224
6.7498784,-0.3565892,1.7690163,0.5496635
6.870326,-0.34297132,1.8675959,0.5714161
6.83208,-0.33302468,1.8555098,0.587539
6.8591995,-0.34543675,1.8459237,0.56345236
6.860173,-0.3252921,1.8454676,0.5621813
6.797394,-0.3397053,1.8188605,0.55420405
6.7855196,-0.36491048,1.8340468,0.5434449
6.765848,-0.3639893,1.7484031,0.55468506
6.8832245,-0.33565837,1.8439779,0.5681817
6.843546,-0.35235727,1.8539948,0.57172155
6.8631277,-0.320185,1.8483305,0.5587398
6.949887,-0.30718386,1.8409405,0.5523338
6.8864927,-0.3060513,1.7987235,0.54011065
6.940157,-0.2622857,1.8060362,0.5362614
6.9387484,-0.2529766,1.7771139,0.54599565
6.916972,-0.30951494,1.8022728,0.53693914
6.8967733,-0.34388894,1.8196621,0.55231625
6.841143,-0.36874133,1.8197238,0.5484314
6.7896633,-0.35915256,1.8285954,0.56104743
6.798459,-0.34114116,1.8067641,0.5538944
6.8043633,-0.33702362,1.8326812,0.5657401
6.8534217,-0.36234134,1.7775965,0.54170614
6.8156486,-0.35917687,1.7645812,0.56190956
6.77236,-0.3824706,1.8247476,0.53518575
6.775317,-0.3717906,1.729409,0.5511565
6.851143,-0.3530175,1.7730203,0.54818296
6.85905,-0.29883838,1.8387244,0.55129814
6.9883947,-0.28157836,1.800708,0.528953
6.906395,-0.29679322,1.8206892,0.5387992
6.7793465,-0.35654438,1.7941256,0.54928356
6.818807,-0.3676617,1.8431034,0.5520208
6.888129,-0.33544594,1.8323281,0.55615956
6.797143,-0.34390664,1.8329744,0.57813853
6.7671175,-0.3683278,1.7522447,0.5457013
6.7805037,-0.40737838,1.7036564,0.5604588
6.8152113,-0.36522776,1.743701,0.5501514
6.746752,-0.3568486,1.7463028,0.5598811
6.8108125,-0.3718499,1.8208365,0.5399
6.7427697,-0.38981324,1.7902789,0.56189865
6.7877665,-0.3544355,1.7712064,0.5488772
6.832978,-0.37199897,1.9076016,0.56171465
6.8394127,-0.34670228,1.8144481,0.5566943
6.8216486,-0.3489825,1.7844005,0.5516358
6.75541,-0.37617546,1.7383461,0.56237173
6.7948713,-0.3777722,1.7404842,0.55303985
6.8023267,-0.38536435,1.7302461,0.55494946
6.8076024,-0.40391117,1.7149866,0.54191387
6.794244,-0.39479595,1.7021155,0.5708831
6.7950068,-0.391863,1.7089605,0.55211204
6.8053656,-0.39590555,1.6972518,0.55075985
6.8537683,-0.375844,1.7552752,0.54673904
6.757739,-0.42389566,1.7178619,0.5413837
6.8035707,-0.42362738,1.7279034,0.5312373
6.807166,-0.38432425,1.7762868,0.5641181
6.811764,-0.40137625,1.7465653,0.5448628
6.8117704,-0.38314813,1.7625718,0.5465287
6.856017,-0.34421003,1.8418434,0.5495548
6.8093214,-0.31234235,1.84274,0.57600874
6.811879,-0.34208232,1.8262849,0.55626434
6.8307753,-0.36018705,1.829432,0.55483454
6.811503,-0.3670823,1.807867,0.5452818
6.826758,-0.39250594,1.7188203,0.5494059
6.7710857,-0.37732565,1.6895368,0.5576664
6.812021,-0.4004944,1.7269003,0.57007873
6.8055706,-0.39360946,1.6950674,0.5540878
6.726564,-0.40242732,1.8558214,0.5434166
6.7648306,-0.43036157,1.7528753,0.5284797
6.797262,-0.4332068,1.7305813,0.52888095
6.776866,-0.45006967,1.753032,0.51894814
6.730257,-0.46489233,1.7688713,0.5204223
6.8198986,-0.4652797,1.7486873,0.519541
6.7739983,-0.47951043,1.7582643,0.5103727
6.788362,-0.46591163,1.7697029,0.51423484
6.6320496,-0.48007238,1.7401638,0.52974373
6.647693,-0.46701062,1.7358377,0.5302683
6.6964226,-0.4533344,1.7572813,0.5282209
6.698333,-0.46411276,1.7494621,0.5228936
6.785233,-0.46044856,1.7712531,0.515243
6.679613,-0.44810462,1.718477,0.5361662
6.7265406,-0.48072553,1.745285,0.5263611
6.593706,-0.48339266,1.7114234,0.542489
6.602492,-0.48120737,1.7119985,0.5427761
6.5860114,-0.4830988,1.6928501,0.5491316
6.6036825,-0.48242903,1.6827264,0.5620139
6.636965,-0.47858268,1.6717229,0.56609315
6.6355343,-0.46626586,1.6802068,0.57395196
6.6538,-0.48313242,1.636653,0.58425444
6.5206265,-0.49038368,1.6606774,0.5774135
6.5781765,-0.47567755,1.649857,0.5680085
6.6453853,-0.47469002,1.6617804,0.5780886
6.6468387,-0.4621668,1.649715,0.58007026
6.68396,-0.47305703,1.6395202,0.57143766
6.641375,-0.4517178,1.6837492,0.56393284
6.6427946,-0.4737242,1.6176624,0.57847124
6.516036,-0.4953034,1.6570461,0.5695767
6.5239606,-0.49545068,1.6818078,0.5759519
6.5408034,-0.5006181,1.6752408,0.5620233
6.5346546,-0.5085007,1.6782773,0.5698044
6.554798,-0.48794824,1.6854265,0.5882938
6.6164026,-0.4895324,1.6865566,0.55215496
6.617755,-0.4800405,1.6627572,0.56568307
6.5778403,-0.48699892,1.6834774,0.5582406
6.6047974,-0.46335953,1.638397,0.5697414
6.578987,-0.46370137,1.6629691,0.566007
6.5794153,-0.46316773,1.6358724,0.56962067
6.5627522,-0.46523035,1.6200237,0.5792623
6.6011715,-0.47643375,1.6325202,0.5742905
6.604304,-0.47000396,1.6448002,0.5618487
6.6872683,-0.49338496,1.6504679,0.5890843
6.7311726,-0.491037,1.6458035,0.58493656
6.719205,-0.48976916,1.6522217,0.5879062
6.7021446,-0.49422508,1.6443179,0.5863753
6.7206616,-0.5008787,1.6761324,0.5948166
6.7172303,-0.48067117,1.6827388,0.5919441
6.6956058,-0.47916865,1.6749365,0.5842916
6.6015296,-0.46770167,1.6408136,0.5704256
6.6273127,-0.46028888,1.6740484,0.5739653
6.6150694,-0.4884454,1.6668565,0.57075614
6.661538,-0.48143464,1.6580412,0.5768216
6.6966715,-0.48414785,1.6371591,0.57934284
6.7033734,-0.48548603,1.6449709,0.58116466
6.641833,-0.47384614,1.6804895,0.5754574
6.6888485,-0.47496873,1.6176515,0.5832567
6.7060814,-0.46657652,1.6364517,0.575602
6.7151523,-0.4814121,1.6418939,0.58456206
6.7274065,-0.49148,1.6087508,0.59186953
6.8160133,-0.48876518,1.6338463,0.59853405
6.7885513,-0.4860595,1.6593812,0.60110545
6.7869043,-0.50190043,1.6313732,0.60272354
6.802938,-0.5238528,1.6139624,0.60310614
6.8195796,-0.52731156,1.6843932,0.5890598
6.784195,-0.51179445,1.7158265,0.5887728
6.798265,-0.5103376,1.7503564,0.5824447
6.7427464,-0.49498415,1.7833552,0.580217
6.821986,-0.45649683,1.7745175,0.5776108
6.804346,-0.48279786,1.7410448,0.5818738
6.796015,-0.47622555,1.7651353,0.58108884
6.7919264,-0.4976281,1.78864,0.5775772
6.800263,-0.4719227,1.7493777,0.5818462
6.8327293,-0.4715855,1.7385411,0.5784385
6.821694,-0.4893433,1.7599325,0.57654434
6.8540015,-0.50318146,1.7618408,0.5522971
6.8111916,-0.4794982,1.7431912,0.5814476
6.772629,-0.4770376,1.751519,0.58544946
6.7843895,-0.48920918,1.76037,0.58128816
6.785354,-0.49620068,1.766289,0.5807784
6.780515,-0.48243678,1.7506213,0.58332634
6.750448,-0.4828933,1.7546291,0.58896834
6.7563076,-0.50940704,1.7490578,0.58732873
6.820201,-0.4718849,1.7452111,0.5811678
6.7922907,-0.48433834,1.7743173,0.58310133
6.7889695,-0.498756,1.8017986,0.56961495
6.775856,-0.5205125,1.8029635,0.57530564
6.7853928,-0.48915976,1.7981422,0.56843585
6.8550286,-0.539044,1.7745066,0.55460924
6.826567,-0.5423052,1.7419791,0.56575364
6.829933,-0.55643475,1.7483478,0.56865984
6.7997527,-0.54473203,1.8335152,0.55560404
6.8177714,-0.55332136,1.7583654,0.5712886
6.843236,-0.5312983,1.749897,0.5617883
6.858209,-0.5303199,1.7400835,0.5568299
6.8470645,-0.51525646,1.7686932,0.54659617
6.835205,-0.55413604,1.7656155,0.5600378
6.799653,-0.5393375,1.8067675,0.5401406
6.7197676,-0.52230847,1.8278322,0.5686125
6.7171364,-0.512187,1.8226786,0.5695134
6.8011994,-0.54373777,1.7930443,0.5272933
6.8265543,-0.50579107,1.7601643,0.56402034
6.8114824,-0.5385791,1.7617221,0.5659644
6.8259525,-0.5507386,1.7692058,0.5651698
6.8055916,-0.5420642,1.7453113,0.57575446
6.809026,-0.53102773,1.7793088,0.5727895
6.8279133,-0.55100226,1.7619972,0.57093376
6.8343983,-0.526168,1.69279,0.5833
6.830001,-0.5313723,1.7033625,0.58281225
6.8472958,-0.51182437,1.6981285,0.5830681
6.852478,-0.5450311,1.7148173,0.57262135
6.7903976,-0.49318832,1.7937722,0.57242596
6.7818785,-0.37605822,1.8114815,0.5697899
6.7750297,-0.36340618,1.7532146,0.5561939
6.768366,-0.33672267,1.7964263,0.55935717
6.839592,-0.35837793,1.8068905,0.54687816
6.7375965,-0.395836,1.8487687,0.54814935
6.778656,-0.35578984,1.792903,0.5612558
6.8410845,-0.3519612,1.7780776,0.55067784
6.8014574,-0.39293587,1.7410426,0.56291723
6.801109,-0.44968247,1.7303636,0.5931548
6.807314,-0.48794276,1.7176633,0.587933
6.7800655,-0.49865574,1.7046356,0.5983067
6.7710147,-0.48794866,1.6662672,0.5965556
6.740653,-0.48151964,1.6530011,0.58718807
6.691287,-0.4916005,1.6591983,0.5835485
6.667804,-0.476256,1.685297,0.58706963
6.6669703,-0.4604035,1.6723347,0.57486826
6.607363,-0.48225927,1.6819439,0.57654345
6.609558,-0.48689455,1.6780407,0.55828375
6.588771,-0.4849832,1.6940646,0.55100614
6.595483,-0.48175192,1.6938257,0.54454774
6.624501,-0.4433617,1.6722515,0.56755453
6.6107273,-0.4647296,1.6763706,0.56034654
6.7720165,-0.4392354,1.659307,0.5782564
6.794287,-0.4238748,1.6770201,0.58045405
6.743329,-0.4303553,1.6824007,0.5770457
6.7625628,-0.43357152,1.6621954,0.5604058
6.7382126,-0.43097562,1.7129147,0.58596843
6.671685,-0.444843,1.7037532,0.5783312
6.713738,-0.4427321,1.6768787,0.57611185
6.8228874,-0.36278164,1.794153,0.55145496
6.84134,-0.35613042,1.8569136,0.5699799
6.8778043,-0.34461635,1.8255126,0.5548225
6.8301315,-0.38430822,1.7172813,0.5513845
6.783963,-0.3826686,1.7183838,0.56032056
6.7714663,-0.39045042,1.7180631,0.5592688
6.7828074,-0.39903808,1.6932325,0.5698748
6.8045535,-0.39314592,1.7037992,0.55812013
6.817045,-0.39472783,1.7057872,0.5628221
6.810968,-0.39596397,1.7026474,0.56516004
6.804972,-0.39501882,1.712657,0.56885266
6.771716,-0.3851899,1.7333717,0.56138855
6.833003,-0.39656264,1.7214155,0.5459075
6.7723923,-0.39581227,1.6866155,0.56162804
6.8044767,-0.3669876,1.7635849,0.5507489
6.8103037,-0.33362728,1.8046603,0.55202866
6.8278894,-0.34139085,1.8506606,0.58491516
6.877174,-0.3046853,1.8643937,0.56351954
6.785172,-0.33503926,1.835146,0.5743187
6.828599,-0.35014844,1.8377457,0.5536978
6.8152585,-0.38489437,1.7385232,0.56339484
6.8237443,-0.40847087,1.7056341,0.5376486
6.6789336,-0.42330837,1.7454717,0.5326149
6.8108745,-0.41357458,1.7298689,0.532757
6.790821,-0.39952844,1.7381802,0.5406113
6.833286,-0.41406113,1.7222676,0.5371862
6.731445,-0.40920103,1.7312238,0.54322785
6.7124095,-0.3707211,1.1916227,0.38342994
6.741313,-0.3648002,1.2053685,0.3862527
6.6778255,-0.34891707,1.1787901,0.38453603
6.735224,-0.37320256,1.2032216,0.39157128
6.7086353,-0.3838789,1.2008181,0.40970498
6.681155,-0.3536076,1.2004285,0.4028274
6.690519,-0.3720569,1.171092,0.4079466
6.674365,-0.33256865,1.1983719,0.39945114
6.6856484,-0.32585233,1.2036381,0.39157897
6.6665163,-0.3411948,1.1192226,0.37497407
6.6548004,-0.3153172,1.166415,0.37289864
6.648114,-0.31905687,1.181113,0.3768472
6.65123,-0.32132125,1.1684239,0.38693973
6.6252885,-0.30441308,1.1654949,0.37818617
6.6675887,-0.332644,1.1741409,0.37743562
6.659174,-0.3350997,1.1506085,0.37427235
6.6596236,-0.330585,1.1598024,0.37531734
6.646389,-0.3057528,1.1521344,0.3728078
6.662272,-0.34051257,1.1698468,0.3776257
6.6622696,-0.3137486,1.1891096,0.38218892
6.6716537,-0.34822762,1.1574688,0.38207537
6.674442,-0.34103256,1.1511235,0.37741083
6.656451,-0.32721418,1.1569686,0.36978507
6.6443777,-0.31235665,1.1680536,0.37841114
6.671926,-0.33181578,1.1274986,0.37382692
6.6529865,-0.33124912,1.1565032,0.3782066
6.662716,-0.31837064,1.1599383,0.38806754
6.666039,-0.33836395,1.1699204,0.3792845
6.6566086,-0.35170227,1.132307,0.37794882
6.660086,-0.320657,1.1655331,0.3788346
6.656487,-0.31055695,1.1736298,0.38305956
6.74358,-0.35724378,1.218668,0.38405222
6.738387,-0.365933,1.1754591,0.38565338
6.702697,-0.35482967,1.1895308,0.38318396
6.695525,-0.33822554,1.159796,0.38027158
6.6899157,-0.34397018,1.1626911,0.38480985
6.667409,-0.32698315,1.1518335,0.372699
6.664957,-0.3157249,1.1624575,0.37381077
6.6635294,-0.33015597,1.1196876,0.37077636
6.67569,-0.33844507,1.1504886,0.37127846
6.657373,-0.32427174,1.1619663,0.37281924
6.675187,-0.34872276,1.1647723,0.38090426
6.7471094,-0.35668713,1.2164915,0.3922186
6.6991425,-0.38204408,1.1893001,0.39753163
6.70824,-0.38150102,1.198566,0.4130485
6.7204847,-0.39944404,1.2002149,0.42338067
6.720631,-0.40410763,1.2118764,0.41326833
6.703679,-0.3677476,1.1966162,0.40505123
6.7272773,-0.39013737,1.2015302,0.41028458
6.702076,-0.40346873,1.2068586,0.41061556
6.7140646,-0.3878082,1.1892514,0.4141102
6.738242,-0.39844543,1.2199445,0.41753238
6.715451,-0.37241638,1.1762753,0.40621725
6.6776657,-0.33940428,1.1964095,0.39759746
6.665246,-0.3262273,1.2010639,0.39645207
6.685297,-0.30790466,1.2024908,0.40606242
6.710459,-0.3824435,1.1738951,0.41178966
6.6679587,-0.3895566,1.2076721,0.4219671
6.701211,-0.34108222,1.1875324,0.3876317
6.7104135,-0.39790326,1.2066894,0.41297895
6.7460833,-0.3973121,1.1633859,0.42086247
6.694571,-0.39819932,1.1900854,0.42246443
6.7024727,-0.35377198,1.1802447,0.3804892
6.7122126,-0.36653858,1.1861589,0.38244092
6.7515903,-0.3662812,1.2144215,0.3883537
6.6913996,-0.3622765,1.1877632,0.38643116
6.707636,-0.36883593,1.1968684,0.38293403
6.735067,-0.35038042,1.1961212,0.3819881
6.724634,-0.35528022,1.186271,0.37885547
6.700363,-0.37979496,1.1863103,0.3935969
6.74775,-0.36360514,1.1970661,0.38969842
6.658393,-0.35633743,1.1597135,0.38440496
6.6583996,-0.34501284,1.139111,0.37635845
6.64387,-0.34713107,1.1214151,0.37483412
6.6155825,-0.29975337,1.1797152,0.391788
6.656972,-0.32973748,1.0796995,0.36872387
6.588088,-0.29545218,1.0448961,0.37116253
6.5996437,-0.2968197,1.0693502,0.37377736
6.6466475,-0.29098028,1.144707,0.37709287
6.6452274,-0.4579925,1.0552926,0.36473548
6.6692953,-0.33310014,1.0601008,0.36386603
6.6793814,-0.34241784,1.0821807,0.3658615
6.6453767,-0.34581566,1.1284513,0.3725879
6.64851,-0.34713358,1.1206648,0.37108493
6.662016,-0.33975685,1.1355858,0.3702933
6.666811,-0.30157495,1.0657854,0.37107432
6.6764927,-0.32992822,1.1586032,0.38196275
6.6455956,-0.3213458,1.1738453,0.37243676
6.646123,-0.3092937,1.1750493,0.3793504
6.6416397,-0.30599046,1.163305,0.38201106
6.722973,-0.35109884,1.1871667,0.38232082
6.7180824,-0.36420143,1.1892161,0.38306755
6.7327495,-0.36204183,1.1770127,0.3853528
6.691265,-0.35515243,1.1667476,0.3806075
6.71972,-0.35727865,1.2015486,0.38111162
6.7079883,-0.38341117,1.2039013,0.4140432
6.721775,-0.40313095,1.1975381,0.4210567
6.692409,-0.3851782,1.1969008,0.41739124
6.6932874,-0.4064787,1.2153449,0.4240415
6.7224107,-0.3945288,1.1910896,0.41693562
6.7009,-0.40349942,1.185072,0.4194229
6.633712,-0.31106454,1.192112,0.39882314
6.6576633,-0.30398887,1.1411309,0.37205076
6.647546,-0.33468854,1.1759834,0.3832515
6.69239,-0.32571828,1.1867781,0.3969352
6.673559,-0.3414306,1.1802392,0.40300602
6.598861,-0.28873515,1.162631,0.39488584
6.6039376,-0.28771532,1.1760573,0.40032533
6.602167,-0.29375136,1.1656954,0.40127194
6.643329,-0.28141063,1.1291056,0.37294686
6.6512547,-0.31341064,1.0480437,0.36791003
6.6434803,-0.30826783,1.1623635,0.3850552
6.6514544,-0.30003023,1.1385646,0.36762488
6.658393,-0.2967704,1.1197484,0.36902696
6.58092,-0.29436237,1.0253837,0.36975574
6.6903524,-0.2988022,1.0622263,0.37032828
6.6924276,-0.30002594,1.0993366,0.37924066
6.644921,-0.33106995,1.1740851,0.37719452
6.6552444,-0.34424084,1.1466961,0.3733616
6.671074,-0.32818764,1.1244538,0.37018996
6.696649,-0.29961693,1.0614438,0.3680855
6.6471334,-0.2875337,1.0820429,0.36924937
6.642248,-0.28103775,1.0600576,0.36867484
6.6720114,-0.33026326,1.186769,0.3907727
6.682236,-0.34320885,1.1808114,0.385453
6.737292,-0.36233044,1.2065451,0.38585794
6.746047,-0.36319762,1.2145448,0.38725215
6.7089357,-0.373632,1.1878176,0.3865426
6.717916,-0.35360712,1.1717834,0.37965447
6.67028,-0.34818017,1.1622427,0.3812266
6.650267,-0.31460047,1.1777625,0.3830201
6.6554484,-0.3288998,1.1589115,0.37159473
6.681198,-0.3197645,1.1472638,0.37101406
6.6535664,-0.33612376,1.09286,0.3689013
6.6800895,-0.35214114,1.1680202,0.38737416
6.653291,-0.33068144,1.1695611,0.38368684
6.6330895,-0.30845517,1.1486831,0.37415296
6.624033,-0.29560643,1.1606784,0.38228697
6.6517544,-0.31257808,1.1767824,0.37958568
6.6434937,-0.3038494,1.1754785,0.38754088
6.6321516,-0.30170053,1.1956403,0.393149
6.6577215,-0.30550575,1.2033584,0.39583212
6.659437,-0.32426357,1.1900315,0.3841675
6.6680317,-0.355379,1.1794672,0.3812554
6.6926875,-0.30997127,1.1889565,0.4091269
6.7376504,-0.37355042,1.2338033,0.40826225
6.711644,-0.41071266,1.1989725,0.43012184
6.7286634,-0.40233558,1.1995482,0.41437486
6.7134013,-0.37391168,1.1988008,0.3997963
6.7021947,-0.3856994,1.1921394,0.40863025
6.672841,-0.32981128,1.194998,0.39576226
6.6673374,-0.32869756,1.1434083,0.37441978
6.6487875,-0.31955165,1.1632676,0.37642312
6.6650357,-0.33214855,1.1582856,0.37546676
6.6615567,-0.3485375,1.1578124,0.37518287
6.662507,-0.30768555,1.1656373,0.38321722
6.63825,-0.3003593,1.1631789,0.38845885
6.682162,-0.34448683,1.1632802,0.38165587
6.680485,-0.3660767,1.1620369,0.3898453
6.700242,-0.3465523,1.1779587,0.38404116
6.673787,-0.35364956,1.1741974,0.38376793
6.680417,-0.33515465,1.1366196,0.3738063
6.669418,-0.3190145,1.0847967,0.3664071
6.6685205,-0.30999982,1.0433536,0.3695656
6.681878,-0.29724592,1.0378575,0.373855
6.6407304,-0.30322027,1.0408351,0.36640579
6.6327553,-0.3019241,1.0321484,0.36811066
6.623784,-0.38575518,1.1219194,0.37108982
6.6272144,-0.37501258,1.099747,0.36875206
6.6436214,-0.28660238,1.1010981,0.37057847
6.6661577,-0.3135612,1.0520396,0.3656605
6.672532,-0.3243521,1.1101491,0.36461562
6.6841397,-0.38664037,1.0442274,0.35980093
6.683586,-0.43755728,1.0213907,0.35974216
6.7190876,-0.4072619,0.983968,0.3563007
6.7194386,-0.44549644,0.9745439,0.35278958
6.689438,-0.44522393,1.0123827,0.3582952
6.6885185,-0.38863766,1.0520749,0.35844648
6.6746607,-0.36433166,1.0319436,0.36114788
6.669979,-0.43065172,1.0611095,0.35804883
6.6691794,-0.43787557,1.0508523,0.3594454
6.6728926,-0.3707348,1.0341747,0.3596129
6.6686325,-0.4400462,1.0339322,0.36024487
6.6709924,-0.50285304,1.0095353,0.3631963
6.633936,-0.44856077,1.0554752,0.36820346
6.6042027,-0.42177445,1.1010392,0.37448
6.6110487,-0.43772763,1.0945544,0.375709
6.6159496,-0.43189102,1.0874503,0.3784518
6.6288056,-0.42418694,1.0751791,0.36770672
6.634306,-0.4263426,1.0754268,0.36762172
6.6649323,-0.39049995,1.0690641,0.36275688
6.6766043,-0.4463492,1.0275316,0.36011928
6.67638,-0.32351792,1.0169711,0.35914046
6.6675477,-0.31443173,1.0168395,0.36634836
6.6630664,-0.31381875,1.0791547,0.36869538
6.6439533,-0.3178965,1.1522899,0.3731413
6.6505632,-0.30634588,1.1490726,0.37160063
6.6534624,-0.3469578,1.1606588,0.37751713
6.6626096,-0.3379764,1.1646707,0.37489212
6.649757,-0.33576578,1.1672246,0.37295204
6.6431875,-0.34247386,1.1289549,0.3729654
6.664111,-0.3407023,1.1613982,0.37485963
6.6634855,-0.34297907,1.1658857,0.37829316
6.6734247,-0.33384025,1.1690016,0.3842445
6.681511,-0.342421,1.1636479,0.38510382
6.7024255,-0.34867215,1.196784,0.38247257
6.7059875,-0.36041665,1.1939917,0.38260293
6.6935663,-0.34603924,1.1972659,0.38683808
6.6683717,-0.33313853,1.1610544,0.3824913
6.6652064,-0.3296737,1.181032,0.3802535
6.7163153,-0.37481374,1.192925,0.38165262
6.718354,-0.36151445,1.2053237,0.38259533
6.7158394,-0.35449892,1.2047062,0.3845736
6.7208357,-0.35670936,1.203404,0.38035625
6.6637526,-0.32641613,1.151814,0.37486064
6.6648674,-0.33092654,1.1760068,0.38017043
6.663971,-0.34379655,1.157824,0.37800276
6.666704,-0.34986186,1.1519694,0.37821263
6.713265,-0.3508942,1.1912909,0.38586342
6.6746445,-0.35889393,1.1796792,0.38326025
6.722219,-0.36015433,1.185307,0.3841899
6.7686353,-0.3593545,1.2315302,0.39358914
6.691476,-0.39398366,1.1888118,0.3999203
6.7271967,-0.39575183,1.1968136,0.40334466
6.7382784,-0.389045,1.210011,0.40999722
6.713172,-0.3649178,1.1936154,0.40499198
6.670451,-0.3206089,1.1865089,0.40364423
6.690522,-0.2663843,1.2302496,0.40518394
6.6559076,-0.26718646,1.2624938,0.40381098
6.6831193,-0.28914195,1.2536559,0.42465305
6.676879,-0.29808939,1.1975613,0.40776867
6.65726,-0.31190342,1.199338,0.40106356
6.698467,-0.32443398,1.1991031,0.3953393
6.6889935,-0.33082563,1.193048,0.3958711
6.6521645,-0.30690753,1.1827829,0.37551954
6.6614356,-0.33110684,1.178653,0.37713715
6.6679482,-0.31422412,1.1648023,0.38672543
6.6773653,-0.35348076,1.1861229,0.38066667
6.6909966,-0.36140227,1.1824346,0.38350958
6.724294,-0.35489434,1.2021642,0.3848878
6.7036486,-0.36380804,1.1720741,0.38446665
6.743801,-0.35342115,1.2051787,0.38952523
6.722039,-0.3770743,1.1993067,0.39110267
6.7166796,-0.3513254,1.2054987,0.38664436
6.7298098,-0.36526018,1.1859953,0.3878619
6.72282,-0.35750067,1.1993859,0.38473892
6.665151,-0.35620415,1.179321,0.38213444
6.677903,-0.34753823,1.1415753,0.37931383
6.6586485,-0.33957243,1.1365931,0.37245393
6.6761894,-0.33595973,1.1773205,0.38285407
7.6882753,-0.98248595,1.601922,0.6529878
7.603837,-0.9755599,1.6189666,0.6553017
7.6332874,-0.9843388,1.6017857,0.6591255
7.5970707,-0.97414196,1.618284,0.6537831
7.6422677,-0.99294335,1.6441324,0.67868656
7.661676,-0.979282,1.667753,0.7024958
7.661358,-0.98188704,1.6549716,0.70273876
7.6884623,-0.95016676,1.6724439,0.71024525
7.6549406,-0.9575006,1.6500759,0.7116656
7.6675453,-0.9586825,1.7119327,0.7192021
7.683272,-0.9263949,1.719235,0.7226379
7.691006,-0.94638854,1.7515912,0.72981656
7.6751595,-0.94544053,1.741678,0.7250422
7.6645727,-0.8965558,1.6054697,0.7277795
7.6780314,-0.8760478,1.6149094,0.7272483
7.6857176,-0.9054714,1.5812719,0.7267012
7.6745453,-0.9742457,1.7423613,0.7264587
7.693836,-0.9093438,1.6451411,0.7209864
7.6779256,-0.95145774,1.7126579,0.72058094
7.689104,-0.9061781,1.7422225,0.7229742
7.6332397,-0.8928973,1.479825,0.71996915
7.6525006,-0.89799666,1.4669423,0.6995811
7.6557574,-0.8731703,1.4637547,0.6794991
7.642839,-0.908921,1.441402,0.6828773
7.629365,-0.9267785,1.4694083,0.6907138
7.6334686,-0.91909873,1.4747341,0.69626135
7.6317058,-0.9212204,1.4783275,0.69128364
7.65526,-0.8770238,1.4269919,0.6941272
7.6513762,-0.87754345,1.4236188,0.6987011
7.638347,-0.8983263,1.4637876,0.704317
7.6107035,-0.9386561,1.5092514,0.6844095
7.602064,-0.96118826,1.5294228,0.68269485
7.6301503,-0.9373032,1.558609,0.709159
7.6296496,-0.9584596,1.577446,0.70887315
7.6207623,-0.92725396,1.5296791,0.7101912
7.633814,-0.96043164,1.5253077,0.6819634
7.6303196,-0.95594925,1.545965,0.6988154
7.6220922,-0.963203,1.5750382,0.70446527
7.653042,-0.96010125,1.591855,0.7033946
7.629504,-0.9727566,1.5603671,0.6618937
7.64989,-0.9564868,1.5411313,0.6940271
7.6625876,-0.96632516,1.6230187,0.70166427
7.64572,-0.9588968,1.5888143,0.70751923
7.6107883,-0.94786394,1.6376626,0.720433
7.6090026,-0.94792634,1.6051514,0.71684587
7.657238,-0.950793,1.6137416,0.7138798
7.627944,-0.9360422,1.5957851,0.7185536
7.629198,-0.9659344,1.6661634,0.7177752
7.657901,-0.93697613,1.6582174,0.7174536
7.626648,-0.9502564,1.6284199,0.7169976
7.6029177,-0.96877414,1.659095,0.71197265
7.6601286,-0.96820533,1.6733253,0.71118194
7.6393175,-0.97641164,1.5807953,0.7012849
7.6266956,-0.978046,1.5987902,0.70349014
7.635988,-0.9796647,1.6107819,0.70568407
7.676117,-0.9830512,1.6676857,0.69903564
7.6828136,-0.8930679,1.7200644,0.7174505
7.7186165,-0.9467156,1.7229438,0.71381223
7.734878,-0.88903964,1.7472494,0.709693
7.713915,-0.91738117,1.7037523,0.7090026
7.699583,-0.86309785,1.6820116,0.7123859
7.665659,-0.91482824,1.703058,0.7229061
7.658907,-0.90823734,1.6297379,0.72653556
7.670248,-0.8952875,1.570678,0.7323636
7.645054,-0.89417994,1.4869232,0.7231304
7.6507277,-0.9004433,1.4785619,0.71252924
7.647202,-0.90271705,1.4399242,0.70353866
7.6282835,-0.9119248,1.4757354,0.70755005
7.659133,-0.90459937,1.5184035,0.7196685
7.654339,-0.9158832,1.6979036,0.7244076
7.687649,-0.9446075,1.7023854,0.72455233
7.676175,-0.95388776,1.737288,0.72378314
7.6699486,-0.8942243,1.6025298,0.72617644
7.666773,-0.8926659,1.5762978,0.73093104
7.6951904,-0.8684379,1.6080341,0.7262498
7.6715794,-0.89606625,1.5286887,0.7299342
7.6592703,-0.9015721,1.5076811,0.7086867
7.694609,-0.8892434,1.5216949,0.6830499
7.710778,-0.90360606,1.5508649,0.69980496
7.7172556,-0.8972925,1.5388033,0.6995589
7.6619635,-0.8837475,1.5002606,0.6762317
7.6420846,-0.9735203,1.5559914,0.6978452
7.642288,-0.983157,1.5609946,0.69395095
7.4791946,-0.9856738,1.6357386,0.6996757
7.573888,-0.98860127,1.6213944,0.6486432
7.6689982,-0.9754956,1.7286081,0.6497777
7.678815,-0.96904755,1.7189548,0.6492209
7.677438,-0.95752114,1.7178316,0.64882344
7.6663613,-0.9743083,1.7107303,0.6449406
7.672346,-0.9754226,1.7295907,0.65191764
7.67723,-0.97461015,1.7207258,0.6501307
7.661434,-0.97384423,1.5856094,0.6460856
7.576282,-0.9812143,1.6380587,0.6641253
7.637638,-0.99914414,1.6201429,0.6817401
7.6474943,-0.9753705,1.5318623,0.68945533
7.6471043,-0.96669793,1.5186245,0.6723587
7.590355,-0.9437071,1.5099905,0.6873427
7.639715,-0.96257025,1.5962946,0.70706743
7.6503096,-0.9659735,1.6350102,0.70836234
7.647945,-0.9696221,1.6193349,0.70608026
7.617766,-0.9617467,1.650656,0.716058
7.6292305,-0.9740737,1.6538167,0.7119065
7.6437864,-0.9683959,1.6237471,0.70297384
7.637824,-0.99077904,1.5973749,0.69013834
7.624689,-0.9800733,1.5702956,0.68899953
7.646123,-0.9782297,1.574856,0.6494851
7.649397,-0.9716262,1.5293248,0.6765079
7.610299,-0.94603527,1.5216942,0.69398135
7.631862,-0.9551705,1.5079052,0.6834066
7.5802054,-0.9831853,1.5686061,0.69219685
7.657214,-0.9600862,1.5825272,0.70423913
7.608012,-0.95858985,1.5433483,0.6927578
7.6512547,-0.9548056,1.5765526,0.70572025
7.593009,-0.9579576,1.5625386,0.7017272
7.623108,-0.95855457,1.5404022,0.6954677
7.6469655,-0.9602237,1.5674171,0.69531864
7.6191673,-0.9563726,1.6004543,0.7070047
7.614863,-0.96304286,1.5663819,0.69737095
7.622754,-0.95179766,1.540442,0.69190514
7.6464143,-0.9755401,1.5280638,0.68965775
7.6268606,-0.9653012,1.527839,0.69088215
7.654402,-0.95892966,1.5113292,0.67288756
7.6388288,-0.9515555,1.5022261,0.68546677
7.5890775,-0.93959665,1.5148201,0.70709836
7.628055,-0.96949047,1.569246,0.6961679
7.612306,-0.9545302,1.5843413,0.7110568
7.6304336,-0.96261734,1.5679426,0.7051679
7.624188,-0.9295637,1.5844016,0.71937704
7.6075897,-0.92308223,1.5598462,0.7198326
7.669089,-0.9295286,1.683162,0.7252779
7.6841316,-0.91707265,1.7565789,0.7269622
7.658197,-0.9757143,1.6758428,0.705943
7.6792116,-0.96597093,1.6465673,0.7058471
7.6768723,-0.95300996,1.6063237,0.70660603
7.67683,-0.9290168,1.6175723,0.71537393
7.5945067,-0.9386182,1.5831497,0.7189928
7.64803,-0.9390715,1.5729482,0.71059495
7.6610785,-0.9304727,1.5513124,0.71473473
7.6525793,-0.90739846,1.6384888,0.7315526
7.6368713,-0.9418857,1.6260576,0.7198023
7.6308827,-0.94673425,1.5635157,0.7111172
7.6293955,-0.91727114,1.4874625,0.709549
7.6220975,-0.93913513,1.5461495,0.7133137
7.6283884,-0.9212493,1.5364456,0.718498
7.6160855,-0.9434525,1.5200272,0.7033982
7.618308,-0.9235959,1.4521646,0.68940735
7.6442094,-0.88662827,1.475884,0.72299814
7.6549053,-0.9179767,1.6260462,0.7316034
7.611785,-0.9358605,1.6270659,0.724654
7.625499,-0.92658305,1.5994534,0.72672343
7.646409,-0.9189405,1.5694056,0.7267151
7.651623,-0.90540093,1.5701747,0.73234284
7.6480274,-0.9167407,1.6877344,0.7286685
7.682081,-0.93026215,1.7212343,0.722602
7.639393,-0.94513804,1.6579242,0.72025573
7.6614246,-0.9178054,1.7019892,0.7237097
7.6360044,-0.90751255,1.6534243,0.72698486
7.671142,-0.90222645,1.6609182,0.7242223
7.700515,-0.934724,1.7407682,0.7258891
7.683653,-0.91511655,1.710546,0.7233609
7.6613355,-0.9144344,1.6930232,0.72235405
7.6876383,-0.9092884,1.6858501,0.720909
7.6776896,-0.90884376,1.7390342,0.72349274
7.68725,-0.9139441,1.7095628,0.7241566
7.689598,-0.9417008,1.7585516,0.7314879
7.6894093,-0.8897346,1.7671728,0.717358
7.6694393,-0.91786426,1.5507967,0.71212953
7.645784,-0.95967644,1.6606646,0.71405923
7.648675,-0.95645535,1.6552558,0.71534574
7.625393,-0.9497569,1.5812495,0.7138117
7.62992,-0.9597084,1.5746064,0.70404184
7.5895767,-0.9761236,1.6137018,0.70874834
7.6578045,-0.9898451,1.6679273,0.7004641
7.692214,-0.98210657,1.5823131,0.652631
7.7127566,-0.947094,1.5678349,0.6587734
7.6292505,-0.96584344,1.5753579,0.7027601
7.666912,-0.98391306,1.5580854,0.68584514
7.6061,-0.9709751,1.5676141,0.65945655
7.6222596,-0.96827686,1.566762,0.69234973
7.632305,-0.9644916,1.4998212,0.6773915
7.62327,-0.91870385,1.4746852,0.68899214
7.6440735,-0.89950025,1.396333,0.6895509
7.6800365,-0.8660573,1.4943781,0.6873024
7.6725693,-0.87519205,1.5078349,0.68297523
7.660163,-0.8733643,1.4395351,0.70065296
7.665055,-0.8655741,1.4464097,0.69780034
7.6264124,-0.9036449,1.4040289,0.6925766
7.6006517,-0.9350383,1.485982,0.69956017
7.638173,-0.9566253,1.5103939,0.68965566
7.6871333,-0.95555526,1.5242097,0.6701601
7.6914225,-0.9724167,1.7173748,0.65602916
7.6904006,-0.95655113,1.722702,0.6564986
7.6833916,-0.9565784,1.7526376,0.6615809
7.674292,-0.95249563,1.7501884,0.6550549
7.669068,-0.9628075,1.7775993,0.6600094
7.6702166,-0.94855124,1.7714067,0.66010183
7.6470566,-0.95340633,1.8147926,0.6524253
7.6541543,-0.9590469,1.841372,0.6551712
7.6520286,-0.99303246,1.8430526,0.65804166
7.6497774,-0.957134,1.7959218,0.6526263
7.6479993,-0.97456616,1.8546004,0.6513813
7.659692,-0.99499786,1.7300794,0.64993995
7.658553,-0.96179926,1.7444737,0.6461169
7.6440845,-0.9761089,1.7225697,0.6422917
7.658202,-0.97321737,1.7399764,0.64693105
7.683652,-0.96401274,1.7404878,0.65474075
7.671044,-0.95219064,1.7663393,0.6557904
7.6835794,-0.95295024,1.7398977,0.6564963
7.6903067,-0.9570265,1.7436132,0.6589366
7.699611,-0.9694311,1.7288272,0.6619347
7.72035,-0.96028787,1.7249854,0.6663953
7.7212286,-0.96861184,1.7341514,0.672141
7.7324495,-0.96512437,1.7304392,0.6740191
7.7208195,-0.95779645,1.7369294,0.6707434
7.7066164,-0.958497,1.7450624,0.6701543
7.704161,-0.9741705,1.7302551,0.6624741
7.7103443,-0.9703456,1.7297487,0.66466
7.7054825,-0.96225536,1.7482214,0.6697431
7.7184,-0.95207775,1.754724,0.6723409
7.723381,-0.95925057,1.7499328,0.67603195
7.7269983,-0.9537338,1.7598948,0.6760159
7.721447,-0.9444843,1.7629104,0.6752369
7.726736,-0.94804525,1.7620897,0.67884
7.7277737,-0.9322461,1.7773485,0.6822796
7.732997,-0.9275947,1.777648,0.683675
7.7135754,-0.9291185,1.7842114,0.68022007
7.7110224,-0.92968607,1.7945101,0.67978984
7.7045364,-0.9360317,1.7862616,0.67582285
7.7045383,-0.9352173,1.7854624,0.6763978
7.704238,-0.9396463,1.7866735,0.6757322
7.690518,-0.9354049,1.9455986,0.68353444
7.6947765,-0.954617,1.8762374,0.6799304
7.6996574,-0.94202507,1.9677904,0.6863044
7.6889906,-0.9792509,1.8749456,0.6748509
7.6951513,-0.97993577,1.8914337,0.6783919
7.69625,-0.9867154,1.880441,0.68130654
7.703163,-0.95827806,1.887079,0.6814921
7.7109995,-0.96428657,1.8972797,0.6889911
7.716818,-0.9695317,1.939899,0.69088936
7.7161627,-0.9677507,1.9411395,0.6974694
7.714915,-0.9822755,1.9376435,0.7030024
7.7084503,-0.97962034,1.948585,0.7410812
7.703824,-0.98843426,1.8889186,0.6837171
7.7047625,-0.995075,1.8813772,0.68637246
7.7090254,-0.95309216,1.9515393,0.6972107
7.7008867,-0.95159936,1.9098825,0.6848145
7.7046914,-0.95824385,1.899209,0.688508
7.7179813,-0.98389375,1.9338322,0.692502
7.7105584,-0.98207074,1.8989642,0.69377536
7.720885,-0.99386275,1.9225521,0.70988905
7.8407674,0.60664964,0.48163545,0.6899034
7.839025,0.6063348,0.34800434,0.68324023
7.814665,0.57413006,0.31300044,0.68766344
7.8688593,0.5880828,0.23076224,0.6974434
7.814062,0.5578189,0.25719845,0.7035161
7.845731,0.56268597,0.24967742,0.7006861
7.8403025,0.5788095,0.26275253,0.70329285
7.899445,0.58050466,0.25386155,0.69087577
7.911106,0.60260975,0.25291193,0.69244057
7.898053,0.58823466,0.2701583,0.6959048
7.887166,0.57027245,0.2638234,0.6971446
7.842906,0.57019925,0.1947918,0.70021397
7.8615246,0.59149516,0.2731576,0.68958014
7.912055,0.60313654,0.14761901,0.70768416
7.8694115,0.5869998,0.16163766,0.70338786
7.820752,0.6114236,0.35947192,0.689321
7.833169,0.57669187,0.3405714,0.6984828
7.817436,0.56327724,0.3231969,0.6988179
7.8421655,0.61735666,0.33972144,0.6840383
7.7842026,0.57185984,0.34713006,0.68734586
7.8120346,0.5662879,0.21596467,0.7054466
7.8425484,0.58322597,0.2885487,0.68242097
7.835867,0.54072607,0.2941178,0.6828305
7.7692723,0.57822776,0.24521255,0.7068418
7.7979717,0.59232056,0.2338202,0.7202374
7.8070426,0.5910182,0.21639872,0.71314573
7.7976985,0.596576,0.28274798,0.7325295
7.8238106,0.56373215,0.25606406,0.7139572
7.877733,0.56937087,0.28128576,0.68729925
7.840887,0.60011137,0.2667197,0.6893571
7.7851562,0.57848394,0.2701441,0.7095073
7.8076477,0.5635637,0.30236626,0.6908282
7.834305,0.57926345,0.30009115,0.6844735
7.8674927,0.5733131,0.19184256,0.6984954
7.9059854,0.59930205,0.16666484,0.71459854
7.9154196,0.6159799,0.1357348,0.72246635
7.9163637,0.6278789,0.12615311,0.730753
7.943734,0.61567724,0.13089108,0.72746956
7.880655,0.6132213,0.14615417,0.7169761
7.9096694,0.6222062,0.14167917,0.7280461
7.9135475,0.62353957,0.15496719,0.7261939
7.8794227,0.6202427,0.15472424,0.7204703
7.9275813,0.61859035,0.14443052,0.72632
7.8870363,0.62981427,0.16983008,0.742267
7.9065404,0.6276349,0.13972175,0.7281283
7.8703203,0.62189376,0.14807773,0.7291119
7.9197464,0.6006106,0.13547361,0.70761335
7.9055004,0.58446074,0.32152104,0.6847229
7.88961,0.5735334,0.22798312,0.7030844
7.8423843,0.59477055,0.25781703,0.68735087
7.876629,0.59118295,0.33973467,0.6913381
7.82247,0.56340206,0.22416973,0.69501585
7.84095,0.59703696,0.32977223,0.6882884
7.8687954,0.58953357,0.34307444,0.6812655
7.81666,0.61294746,0.25738764,0.7006706
7.7816205,0.57043684,0.25427103,0.70778376
7.8078904,0.5643885,0.28984547,0.708606
7.822927,0.57536936,0.22419333,0.7085672
7.8171973,0.56136096,0.2733643,0.7044842
7.8454165,0.5749737,0.19567883,0.6945017
7.841749,0.6079385,0.25049806,0.6992388
7.76481,0.5609118,0.24423432,0.7089289
7.8388195,0.5758338,0.3680632,0.70307815
7.86053,0.5608703,0.2744696,0.6990574
7.86813,0.5572748,0.3438946,0.6898254
7.8250074,0.5988933,0.32842875,0.690151
7.8025894,0.5689633,0.21949947,0.7028072
7.8214116,0.56475735,0.28045273,0.70093864
7.8319197,0.56232655,0.2917807,0.697729
7.855482,0.5798005,0.27411807,0.68569344
7.9513006,0.5820677,0.22375059,0.70346
7.910094,0.55625916,0.24719799,0.71385366
7.8658743,0.5836834,0.20840049,0.70506954
7.939381,0.60743594,0.15390122,0.7187535
7.9682474,0.62247205,0.124741435,0.7382668
7.976774,0.61844623,0.109757066,0.7392005
7.9870286,0.58585715,0.13403606,0.7335986
7.9507494,0.62768674,0.12613344,0.73954946
7.9437814,0.62983835,0.1434325,0.73901874
7.942587,0.63888204,0.111162305,0.75295717
7.914815,0.6317582,0.15827918,0.75055957
7.920929,0.61776876,0.123803735,0.72057754
7.880281,0.6292002,0.13349104,0.7254606
7.8926077,0.6298933,0.12160587,0.73547405
7.948947,0.6230843,0.12165439,0.7337077
7.9375343,0.6246867,0.13661206,0.7415627
7.950368,0.6239387,0.10816991,0.7329434
7.8942814,0.6168864,0.15093136,0.7167598
7.908678,0.61755466,0.1439997,0.7231594
7.9158697,0.61320686,0.14831555,0.72323
7.94501,0.6239903,0.116042614,0.7297415
7.9731803,0.62515867,0.112074494,0.74398357
7.9513097,0.6327369,0.11829567,0.7493431
7.9571238,0.64698565,0.102098465,0.7607199
7.997573,0.6370089,0.097465515,0.7630731
7.965275,0.63442457,0.11431384,0.7494929
7.9398584,0.62721324,0.11882377,0.73236513
7.880595,0.61998606,0.13573122,0.7209503
7.883663,0.6149185,0.16382837,0.7217335
7.883973,0.6161562,0.1456629,0.71919453
7.8607516,0.6145046,0.1876744,0.73295915
7.8573875,0.6108122,0.19199467,0.728274
7.875469,0.61429214,0.18844855,0.73370105
7.8250427,0.60333765,0.19995546,0.7257164
7.8290854,0.60384786,0.21732426,0.73081356
7.825395,0.60943174,0.22870493,0.73180634
7.865556,0.6186625,0.181831,0.7232297
7.864158,0.61863625,0.14183271,0.72693646
7.8207383,0.596287,0.22177136,0.72087324
7.80495,0.5920645,0.21928298,0.7196102
7.830432,0.5692282,0.27892506,0.6974507
7.8320155,0.5701041,0.27704453,0.7026733
7.83444,0.6254405,0.31235957,0.69178504
7.833932,0.5660564,0.29202318,0.6884544
7.9231215,0.5675131,0.24348903,0.6935798
7.793314,0.5649873,0.31630182,0.6972387
7.7727995,0.5768957,0.23540628,0.70437866
7.851169,0.5633911,0.2692995,0.69614404
7.8460217,0.5716431,0.2824638,0.68516177
7.8513975,0.6128237,0.43352664,0.6929006
7.840203,0.58399856,0.2767657,0.6886973
7.8779707,0.5925766,0.2270515,0.69904876
7.8260374,0.57605684,0.30404842,0.69973737
7.863761,0.57140243,0.3520267,0.6885554
7.8186383,0.59244084,0.2730813,0.6943306
7.8538656,0.58089864,0.18882263,0.70339715
7.882216,0.5689125,0.29719162,0.68350124
7.856739,0.5542681,0.28814662,0.69683945
7.87134,0.5602437,0.32306004,0.6959657
7.906369,0.5867561,0.27577722,0.6836671
7.815686,0.57006764,0.23274076,0.70405614
7.8587403,0.5891919,0.17618215,0.70502067
7.919234,0.58472633,0.2204994,0.7074708
7.8171372,0.57870615,0.25183833,0.71080506
7.9560614,0.53633475,0.20508623,0.7162218
7.9642725,0.5110556,0.31826127,0.7347182
7.9497213,0.52916217,0.23920834,0.72196126
7.8509936,0.5583756,0.22233641,0.70780575
7.861231,0.56855965,0.31457853,0.69500995
7.9027557,0.5465218,0.28836656,0.6912984
7.873898,0.5755453,0.33000064,0.6906375
7.8960934,0.57215416,0.30382764,0.698253
7.815338,0.5708233,0.34713936,0.6953191
7.794913,0.5657183,0.26825666,0.7037055
7.933747,0.5637859,0.2493819,0.69928455
7.8543673,0.6125339,0.26711512,0.69997495
7.9049373,0.60504127,0.20898724,0.70593095
7.8727074,0.5747845,0.2704922,0.6944578
7.887985,0.5583298,0.2586341,0.69989103
7.8727527,0.6058943,0.16780734,0.70444965
7.817361,0.5965507,0.19799256,0.7168695
7.7809677,0.5790912,0.26566744,0.711687
7.9093275,0.57668996,0.24891877,0.70221984
7.8529058,0.56538725,0.3332647,0.69712776
7.8291435,0.5779799,0.23489642,0.7019743
7.927732,0.57800734,0.2502643,0.69719857
7.9529467,0.5248836,0.29026556,0.733248
7.9538126,0.5372691,0.30566,0.7438188
7.9040337,0.5443578,0.3150916,0.7252597
7.898781,0.59983134,0.27633488,0.6932572
7.84493,0.5651239,0.22008002,0.7026871
7.810652,0.6052226,0.29726386,0.6981022
7.835908,0.57348096,0.26586366,0.7071797
7.833949,0.6074228,0.28178144,0.69854057
7.8518963,0.56795204,0.24436522,0.69077766
7.821088,0.6010207,0.3629316,0.68813133
7.8312674,0.5755838,0.25188684,0.69302875
7.911612,0.5629679,0.28926218,0.6986968
7.9281187,0.5981455,0.21608782,0.70029384
7.833995,0.5870968,0.19396174,0.70059204
7.7747083,0.59306526,0.25510347,0.69637865
7.8016253,0.57533133,0.40013504,0.68999255
7.8577833,0.57618916,0.2844324,0.6893135
7.856513,0.56753945,0.22526395,0.6970204
7.8804245,0.5788866,0.25720823,0.69313186
7.8163905,0.57418644,0.29404116,0.6940508
7.813408,0.60186255,0.3868307,0.6771421
7.858227,0.5600902,0.30994773,0.6977706
7.948591,0.5530877,0.23330998,0.7068538
7.9551716,0.54480267,0.17598724,0.7035557
7.818322,0.5825604,0.21414435,0.7111007
7.821915,0.5873976,0.27224946,0.69425267
7.859124,0.5961089,0.26852632,0.6957707
7.846897,0.5701505,0.31231952,0.7033133
7.890237,0.6225178,0.22567916,0.7010045
7.9091973,0.5869863,0.26400244,0.6980456
7.9510975,0.56459,0.20622218,0.70240295
7.8285494,0.5872421,0.192271,0.70467144
7.8923554,0.5994843,0.23328173,0.6951155
7.836413,0.5868732,0.2578758,0.6995302
7.854617,0.5626972,0.2828051,0.69046366
7.811195,0.57744086,0.3401327,0.6911796
7.8874063,0.5768622,0.29418492,0.6895582
7.913286,0.57667935,0.29033875,0.6991923
7.885149,0.566355,0.31961477,0.678866
7.806641,0.5966548,0.2843945,0.6999633
7.8403416,0.56373835,0.31755078,0.7009858
7.807659,0.5961454,0.24570811,0.69587314
7.9275694,0.60450196,0.25056684,0.6984067
7.936448,0.5722364,0.2262752,0.69101226
7.8708086,0.57883966,0.19589269,0.70312446
7.864149,0.5854138,0.32907116,0.6988487
7.88804,0.55762994,0.33654785,0.70171463
7.828266,0.56253064,0.29343867,0.69684166
7.8235817,0.61625004,0.42496538,0.68702406
7.851675,0.5872524,0.3270054,0.68280727
7.836061,0.55846715,0.3452729,0.6965
7.787858,0.5903928,0.28005922,0.71174353
7.8399086,0.58254695,0.2546301,0.70853746
7.7536507,0.5674118,0.25334704,0.711596
7.963925,0.56409264,0.20592308,0.70128644
7.8220005,0.58789694,0.43287766,0.68930763
7.8274384,0.6082444,0.4432795,0.69277835
7.8425093,0.58308136,0.26039433,0.6985083
7.751857,0.57801163,0.28408062,0.69630975
7.787548,0.5986408,0.2918651,0.70780385
7.777897,0.5955125,0.24788237,0.7055757
7.782816,0.58772683,0.29082406,0.72209454
7.803112,0.58971095,0.22543359,0.7139316
7.8197975,0.562539,0.27755702,0.70141494
7.8399143,0.58301795,0.3403684,0.6946456
7.850574,0.58413506,0.30169654,0.7018627
7.815283,0.6024277,0.21201432,0.7157587
7.910378,0.5668982,0.2252791,0.7070304
7.8288174,0.5799937,0.28594387,0.70217
7.8278933,0.5927019,0.3199631,0.6960645
7.8411636,0.57826316,0.22401083,0.70791495
7.7827873,0.5668888,0.24612546,0.71024644
7.831521,0.5547204,0.30786288,0.68999094
7.883688,0.56857896,0.21415925,0.700345
7.9498625,0.55166566,0.22569203,0.71274406
7.9238267,0.60346234,0.2334547,0.6971093
7.8415813,0.5889865,0.44736886,0.7062565
7.830394,0.6049708,0.29608727,0.695227
7.7955422,0.5638274,0.31593895,0.6892724
7.8241215,0.59574807,0.4155364,0.69155383
7.814881,0.57618666,0.27486134,0.69708765
7.8338137,0.5836617,0.2309413,0.69724196
7.771266,0.57063603,0.29519653,0.7053629
7.7928567,0.5733367,0.24757934,0.71502024
7.802468,0.58173263,0.25193882,0.7069649
7.7791796,0.5754608,0.27128887,0.71318376
7.833728,0.5832976,0.2709676,0.6983895
7.939736,0.56521046,0.20474005,0.7081064
7.857792,0.5595387,0.21358085,0.7036434
7.8079896,0.5969609,0.362144,0.69394195
7.877855,0.6140479,0.24720657,0.6998729
7.851039,0.5741625,0.24373722,0.6973605
7.800873,0.5761479,0.22146189,0.7042135
7.8174677,0.58530474,0.2062695,0.7068397
7.3182387,-0.27043825,1.6203368,0.589541
7.3132453,-0.25089616,1.6163776,0.5834879
7.3227367,-0.27356648,1.6367292,0.5855443
7.361165,-0.27997774,1.6476283,0.58064556
7.3317766,-0.28049928,1.6813612,0.5723235
7.3520694,-0.2589041,1.6534462,0.56432
7.3665133,-0.23777187,1.644572,0.5569771
7.3640814,-0.2569852,1.6346436,0.5638924
7.3215275,-0.2750107,1.6385243,0.5908529
7.3148346,-0.27605647,1.6518703,0.58999604
7.3211293,-0.26542413,1.6539831,0.57391447
7.4090166,-0.24112046,1.6426587,0.5710628
7.37053,-0.27220327,1.6728637,0.56487554
7.3814707,-0.26116735,1.6364882,0.5746633
7.3739843,-0.23026615,1.6099687,0.57266885
7.3702517,-0.20737475,1.606133,0.5656844
7.3988795,-0.20587981,1.6076202,0.5701827
7.456522,-0.14655715,1.6278071,0.5635163
7.428651,-0.14390701,1.6202354,0.5560946
7.3726377,-0.2426722,1.6246424,0.5565346
7.3559284,-0.26444447,1.6486006,0.56966776
7.318767,-0.252864,1.6245918,0.57350284
7.358899,-0.2549137,1.6335893,0.5689837
7.3756323,-0.21263742,1.6052196,0.57140887
7.395961,-0.19753319,1.6146705,0.5697927
7.4073944,-0.22031462,1.6092789,0.5734798
7.3816495,-0.24440664,1.6101937,0.5973969
7.325327,-0.2212528,1.6278837,0.56460565
7.3907027,-0.22281337,1.6053445,0.57765436
7.348015,-0.24291497,1.5984712,0.5741834
7.3675914,-0.20070463,1.6149528,0.56877047
7.366964,-0.25042927,1.6186743,0.5748033
7.356885,-0.2618894,1.6276126,0.5715159
7.3597875,-0.24427223,1.6282997,0.563852
7.38553,-0.26018143,1.6635303,0.56622833
7.355302,-0.26129115,1.6662707,0.56242776
7.376564,-0.26617497,1.6373913,0.5675764
7.3338923,-0.27581513,1.6861739,0.54541945
7.3501987,-0.25483048,1.6382058,0.5601172
7.2958345,-0.23803079,1.6307497,0.57379484
7.3080244,-0.24458838,1.6441336,0.57097894
7.380415,-0.25010788,1.6376882,0.5696022
7.379356,-0.24672061,1.6596437,0.5628908
7.361214,-0.24819815,1.6803765,0.5446144
7.3507442,-0.24234271,1.6682827,0.5500839
7.3928246,-0.2478466,1.666616,0.5572061
7.309011,-0.24560106,1.6754527,0.56017834
7.323184,-0.24932444,1.6855059,0.55828977
7.3613367,-0.26726097,1.6794889,0.5630836
7.322427,-0.26455516,1.6312065,0.5823851
7.335047,-0.27174914,1.6203313,0.59158295
7.345303,-0.2593367,1.6236584,0.57800764
7.3387165,-0.22096652,1.6105349,0.56054884
7.3748026,-0.24146014,1.6230507,0.5714072
7.355489,-0.22818148,1.6433344,0.5538778
7.3644524,-0.23562402,1.6300898,0.5553493
7.385681,-0.22060877,1.6539545,0.5406185
7.3486075,-0.19217485,1.6530991,0.53451437
7.403307,-0.2116453,1.6717639,0.5273099
7.3673706,-0.2194503,1.6727836,0.5274841
7.3643928,-0.2249099,1.6589768,0.5418781
7.3407254,-0.22979748,1.6799426,0.53987986
7.3887596,-0.22372556,1.6845131,0.52478856
7.373907,-0.21070838,1.6676838,0.5216419
7.376298,-0.21368968,1.6710134,0.53281105
7.375924,-0.21535969,1.6638482,0.52945095
7.382558,-0.21702981,1.6702676,0.5210087
7.4043064,-0.2295559,1.6898298,0.53783035
7.380105,-0.22500306,1.6761825,0.5337643
7.3606377,-0.23655123,1.6717997,0.5500193
7.363278,-0.22844481,1.6390729,0.5513625
7.3479004,-0.25855273,1.6719468,0.55466443
7.405802,-0.24497116,1.6524494,0.5641747
7.3951826,-0.24394292,1.6611543,0.55699146
7.362307,-0.25597322,1.6744838,0.5511704
7.35605,-0.26109576,1.6488822,0.56293476
7.3536167,-0.25383466,1.648371,0.55733454
7.3343296,-0.22553909,1.6356158,0.5548945
7.357225,-0.25203836,1.6783214,0.5536365
7.339749,-0.26874936,1.6861582,0.558057
7.367756,-0.26826292,1.6802497,0.55194193
7.3535814,-0.26347125,1.6729562,0.5620305
7.3542075,-0.26739305,1.6621034,0.57024246
7.352169,-0.28015178,1.6689677,0.56866086
7.40914,-0.2714708,1.6639161,0.55366826
7.2997365,-0.24816781,1.6865897,0.5583075
7.3213763,-0.26893526,1.6967957,0.5481309
7.3175526,-0.2810802,1.7063935,0.5411317
7.2926207,-0.3015195,1.7181935,0.5352711
7.359903,-0.28523642,1.6958883,0.5439083
7.3336983,-0.2975694,1.7165985,0.5640075
7.3440366,-0.2686407,1.6548455,0.57523614
7.364621,-0.262321,1.632364,0.5674985
7.3366966,-0.26401293,1.6768193,0.5696264
7.351369,-0.28409785,1.6605635,0.5694128
7.3180785,-0.26751232,1.6413026,0.5816602
7.3447566,-0.2727241,1.6364937,0.5822317
7.3961506,-0.2470488,1.6045861,0.5925853
7.409563,-0.2560256,1.6020417,0.60030353
7.4152927,-0.24468756,1.5839729,0.60060096
7.393441,-0.21276134,1.6119995,0.5546053
7.4165444,-0.191172,1.6023786,0.5690735
7.3868914,-0.18668067,1.611803,0.5548881
7.378323,-0.23384327,1.6405208,0.5589981
7.4026647,-0.22523284,1.6149094,0.59070027
7.40219,-0.26995832,1.6166661,0.5841817
7.3571615,-0.19896519,1.6190865,0.56166977
7.3623695,-0.19658816,1.610913,0.5715297
7.404961,-0.22004336,1.5907631,0.59147006
7.429882,-0.23480928,1.5863318,0.6019064
7.3864284,-0.24708235,1.5929153,0.5917846
7.39032,-0.22492844,1.603903,0.58352226
7.316657,-0.24987185,1.6161523,0.5811633
7.3396773,-0.26645136,1.6143959,0.58408874
7.364009,-0.23235059,1.604028,0.5876948
7.367693,-0.24711043,1.6066921,0.57877725
7.398283,-0.23919928,1.5883887,0.59299576
7.4113626,-0.24945337,1.5919428,0.5954029
7.3693843,-0.23933047,1.5975518,0.572489
7.4430056,-0.15523958,1.6124206,0.55649006
7.386906,-0.20027918,1.6101665,0.56249654
7.378989,-0.18078119,1.632977,0.54544884
7.336959,-0.21694148,1.6557755,0.5450043
7.3539267,-0.2166785,1.65219,0.53023916
7.4128737,-0.15167373,1.6425395,0.5317546
7.443164,-0.17274374,1.6677344,0.50034064
7.4153333,-0.14398807,1.6531665,0.5330013
7.462845,-0.15275174,1.6492233,0.5317126
7.4328856,-0.13899475,1.6842532,0.51092225
7.436616,-0.14009935,1.6876941,0.48768735
7.4550714,-0.15417284,1.6707668,0.51843184
7.4163885,-0.16847771,1.6688552,0.51270217
7.4436193,-0.13804865,1.6781375,0.508227
7.429956,-0.13524097,1.7223544,0.49129796
7.4270506,-0.13140947,1.7120471,0.50095046
7.439038,-0.13885814,1.7077012,0.48737204
7.4217157,-0.12982243,1.7197962,0.5029334
7.421627,-0.12992984,1.6937823,0.50961107
7.4343877,-0.13831198,1.6890059,0.5009022
7.442986,-0.16522074,1.6690483,0.51174504
7.417665,-0.1614151,1.6702654,0.5145202
7.437865,-0.14918053,1.674546,0.5045537
7.4408298,-0.13599789,1.660181,0.53413117
7.4534893,-0.1572718,1.6620274,0.5251257
7.420222,-0.13796294,1.6512566,0.5358886
7.4276,-0.16105574,1.6448965,0.529224
7.4047813,-0.22270638,1.6426678,0.5768464
7.3799114,-0.24095917,1.6924005,0.5455117
7.2908134,-0.2636798,1.7081282,0.5466249
7.279795,-0.24881959,1.6977694,0.5565532
7.389284,-0.25967503,1.6778502,0.54922026
7.347625,-0.25472128,1.643053,0.56853
7.38464,-0.25355643,1.6093535,0.581301
7.4064364,-0.25663745,1.5934212,0.5988206
7.3973475,-0.2486046,1.6188521,0.57398707
7.386604,-0.25042975,1.6043384,0.59559906
7.393648,-0.2614768,1.615282,0.59940726
7.400819,-0.25413674,1.5824327,0.5981529
7.403141,-0.2542876,1.614238,0.5962499
7.3783646,-0.24505806,1.607007,0.5889637
7.394837,-0.21429628,1.6002123,0.5832847
7.393279,-0.21349853,1.611856,0.5698966
7.376635,-0.21295619,1.6016495,0.5700163
7.390484,-0.24592185,1.6100333,0.57677376
7.3599315,-0.25473076,1.6002433,0.5809524
7.4243608,-0.22890252,1.5910356,0.59673357
7.401456,-0.24631959,1.6011248,0.6032793
7.390942,-0.22320366,1.6024766,0.5867973
7.4036183,-0.25131387,1.602869,0.5939148
7.4234476,-0.25292677,1.5777254,0.6049897
7.429703,-0.24781656,1.5787766,0.6021915
7.4054503,-0.23461479,1.6329169,0.58562344
7.358285,-0.2345289,1.6349897,0.55647665
7.3500175,-0.21458942,1.6228178,0.5528056
7.4311113,-0.20566207,1.6075015,0.599635
7.390095,-0.24699932,1.6043444,0.5846461
7.4511795,-0.23998022,1.5602183,0.5984163
7.4494,-0.24422002,1.5545595,0.60069406
7.4589167,-0.25015402,1.5691533,0.6106258
7.4116926,-0.24053347,1.5950913,0.60040635
7.3631105,-0.26525873,1.618258,0.57915384
7.3790555,-0.2320171,1.6111975,0.5727698
7.4365277,-0.23411405,1.6160216,0.580023
7.3881936,-0.25061166,1.6884434,0.5469335
7.3808384,-0.26511204,1.6890442,0.5570716
7.3540635,-0.25686336,1.6360469,0.56520474
7.3706946,-0.25482422,1.6186404,0.5701698
7.348066,-0.26931167,1.6274586,0.58353305
7.338704,-0.26543123,1.6116052,0.58849746
7.3934712,-0.24720347,1.6229355,0.57543236
7.377117,-0.21484852,1.622289,0.5542439
7.3636017,-0.23582643,1.6345196,0.56016433
7.370267,-0.26372308,1.6315825,0.56951916
7.3381863,-0.2638203,1.629262,0.57853764
7.349231,-0.26315868,1.610673,0.5800318
7.3216386,-0.24938077,1.6080685,0.5862014
7.416338,-0.24137443,1.5935192,0.59773386
7.35615,-0.23516071,1.6054304,0.5710361
7.3802423,-0.22800803,1.5932946,0.5849353
7.3842974,-0.2725535,1.6487122,0.5750176
7.3729324,-0.26363683,1.6748471,0.55172575
7.398856,-0.2449503,1.6910274,0.55015534
7.3756666,-0.23845333,1.6358185,0.55335206
7.360177,-0.2486111,1.6170485,0.57308644
7.3473473,-0.23010767,1.6090252,0.57225055
7.3638406,-0.23336208,1.5971715,0.5806828
7.3460474,-0.2217043,1.6095328,0.56772333
7.341509,-0.23785102,1.6100407,0.5671412
7.356781,-0.20516658,1.6350355,0.5462213
7.356774,-0.242769,1.622864,0.5694875
7.386156,-0.23713845,1.6273646,0.566943
7.359063,-0.2658986,1.6249568,0.57204723
7.3641706,-0.22571087,1.6195354,0.5770555
7.428392,-0.21124959,1.5882692,0.60240966
7.4161882,-0.16732848,1.6093903,0.557519
7.3984747,-0.22966343,1.609241,0.6004618
7.400551,-0.23467666,1.6074986,0.60037607
7.4103928,-0.22211444,1.5924611,0.6001876
7.4148927,-0.22981548,1.6216443,0.5998634
7.370509,-0.25149357,1.6124294,0.5741604
7.357361,-0.21204281,1.6294131,0.55184656
7.3721066,-0.19228631,1.6355112,0.53861296
7.3914595,-0.21605086,1.6184313,0.5644362
7.3465786,-0.2547506,1.6557724,0.56454515
7.3819637,-0.25984,1.6396909,0.57834095
7.367296,-0.27261233,1.6439943,0.565564
7.3489866,-0.25218743,1.6417058,0.5695906
7.3844237,-0.24825966,1.6351533,0.5612467
7.3496,-0.28336936,1.6617193,0.57190996
7.363166,-0.24932909,1.6163785,0.57735044
7.336068,-0.23001629,1.6229012,0.5670559
7.3981004,-0.24715132,1.5866985,0.6003099
7.435565,-0.23043782,1.5782974,0.6027273
7.397664,-0.20635402,1.6071582,0.5850506
7.435653,-0.19214982,1.6017804,0.5767971
7.389051,-0.20488226,1.6332402,0.5416177
7.37564,-0.18890184,1.6319203,0.54875255
7.4322453,-0.15983343,1.6070566,0.5584537
7.364765,-0.19023007,1.626467,0.5460642
7.3411093,-0.25748426,1.6693354,0.5524144
7.357512,-0.28307092,1.6818662,0.5679234
7.3465395,-0.26998407,1.6313808,0.5747183
7.3423324,-0.26403534,1.6273537,0.57734984
7.359602,-0.27140135,1.6834731,0.5564204
7.3726482,-0.25887913,1.661407,0.56310385
7.3673897,-0.2436536,1.6407802,0.5622183
7.347595,-0.2712083,1.6380401,0.57914054
7.368161,-0.28047997,1.6488571,0.57305235
7.373123,-0.22019774,1.5963771,0.58932143
7.412266,-0.18611556,1.623333,0.5497826
