7.75601,-0.3233332,-0.38162696,0.25145602
7.738715,-0.3370093,-0.40309197,0.26424143
7.7606277,-0.34021932,-0.35628718,0.25935808
7.7916603,-0.33089352,-0.39508033,0.27017865
7.7124257,-0.3599673,-0.39540738,0.2562539
7.789694,-0.36475098,-0.35562313,0.2724
7.7482433,-0.36160153,-0.38117546,0.263464
7.727212,-0.33724445,-0.3769859,0.2548101
7.7692733,-0.32087147,-0.4060318,0.26009637
7.704445,-0.35274708,-0.387676,0.25762057
7.7408376,-0.3256567,-0.37010264,0.25428286
7.76087,-0.3329785,-0.37891167,0.2644886
7.7816353,-0.36267805,-0.341372,0.26340437
7.7374625,-0.3303228,-0.40456057,0.26589757
7.7728376,-0.32913017,-0.37036878,0.25566393
7.710023,-0.34943247,-0.37082446,0.2612939
7.716644,-0.35279262,-0.37047845,0.25784564
7.7731066,-0.32735336,-0.38444,0.25765198
7.7121496,-0.34392804,-0.3977477,0.25662315
7.7063913,-0.34702122,-0.37970603,0.25481427
7.762838,-0.3469054,-0.35685742,0.25938043
7.734127,-0.3474679,-0.38972038,0.26501665
7.710816,-0.34835815,-0.36070168,0.2587257
7.742603,-0.35490918,-0.37288874,0.2587548
7.773941,-0.32969815,-0.35907185,0.2542046
7.756092,-0.3512259,-0.36613345,0.26240724
7.793897,-0.3400939,-0.36351556,0.26572204
7.738001,-0.3671025,-0.38155228,0.26410288
7.7461166,-0.33341616,-0.34856987,0.253653
7.7296486,-0.34882498,-0.36251414,0.25181413
7.7205234,-0.35351133,-0.39379573,0.2623304
7.7286515,-0.3331555,-0.36277336,0.25469726
7.6916428,-0.34969753,-0.40150857,0.2590831
7.758532,-0.33694983,-0.36314464,0.26826033
7.78114,-0.33307642,-0.3787524,0.27495727
7.802973,-0.36834013,-0.35410607,0.26891032
7.773304,-0.3307823,-0.40446675,0.26221362
7.741374,-0.33290005,-0.3994606,0.2654276
7.7127547,-0.35130703,-0.3980664,0.26807052
7.7899437,-0.37306535,-0.3479706,0.26596057
7.783309,-0.3305905,-0.35979205,0.26407933
7.750601,-0.3568254,-0.36515397,0.26267165
7.7541122,-0.3599547,-0.3697328,0.25886044
7.770859,-0.35836816,-0.3536302,0.26759464
7.772673,-0.34559953,-0.35355014,0.26627252
7.7742662,-0.3414963,-0.3626393,0.261132
7.7427793,-0.36029655,-0.37983453,0.26990736
7.8005233,-0.32168704,-0.35875958,0.260191
7.7530694,-0.35499632,-0.37618995,0.2700342
7.7681274,-0.3440857,-0.3830977,0.2640083
7.7655125,-0.34356046,-0.37162113,0.26731464
7.7505665,-0.3413639,-0.35855913,0.25999224
7.7704344,-0.34989756,-0.3753546,0.27038285
7.7675667,-0.33063,-0.38495243,0.2612096
7.776842,-0.344167,-0.36723602,0.2679317
7.7293897,-0.33712435,-0.37700844,0.2622838
7.6881275,-0.3560924,-0.40600216,0.2562354
7.6994667,-0.3427608,-0.3682574,0.2529231
7.6953144,-0.3549599,-0.4065854,0.26177993
7.699705,-0.36130792,-0.38422912,0.2546315
7.7079473,-0.3561479,-0.38965756,0.25741893
7.7674637,-0.34272355,-0.34011263,0.25778642
7.706705,-0.34320074,-0.3774172,0.26117647
7.754881,-0.33315068,-0.38437724,0.256294
7.710679,-0.33423173,-0.37926275,0.2529266
7.736369,-0.34110665,-0.36536527,0.26029536
7.6954556,-0.34399343,-0.37648076,0.25181556
7.739297,-0.36082488,-0.37288153,0.26029533
7.7014523,-0.34203118,-0.37060618,0.2552876
7.7540646,-0.3867203,-0.37062132,0.2587526
7.7677946,-0.3573081,-0.3704167,0.25915945
7.7925363,-0.3301702,-0.3524047,0.2548271
7.7716684,-0.31863254,-0.39123088,0.26681784
7.706518,-0.34085572,-0.37009573,0.2558503
7.7694497,-0.33226317,-0.37535894,0.26717627
7.768469,-0.3591761,-0.35822117,0.27371705
7.7780647,-0.35321158,-0.37693632,0.28006023
7.801032,-0.35967392,-0.366804,0.27831852
7.78303,-0.3581947,-0.33293045,0.2655414
7.769605,-0.31611508,-0.36867464,0.2575444
7.7786026,-0.33825314,-0.3696779,0.2624598
7.726621,-0.31050837,-0.36419666,0.24898107
7.8047457,-0.3778245,-0.34596068,0.27378112
7.737422,-0.33443582,-0.36857343,0.25464466
7.7076073,-0.34671038,-0.37302375,0.2568896
7.7283835,-0.34498554,-0.3854699,0.26009256
7.7632184,-0.37832302,-0.36859715,0.2722963
7.76423,-0.33910304,-0.3563912,0.25606185
7.7897396,-0.3477409,-0.3542807,0.26442564
7.779635,-0.34870124,-0.35010266,0.2720839
7.786586,-0.3665157,-0.3362128,0.26495278
7.778387,-0.37128818,-0.36345595,0.27493745
7.751264,-0.35530335,-0.36699593,0.26548198
7.774906,-0.34608102,-0.35277694,0.2640244
7.7526054,-0.34747815,-0.3785814,0.25303274
7.740332,-0.331905,-0.3736518,0.25906712
7.7296877,-0.34008586,-0.37004048,0.25681072
7.7417088,-0.32246518,-0.38490236,0.26181954
7.7007833,-0.34080148,-0.38005626,0.25436342
7.7465343,-0.34719425,-0.34442633,0.25729305
7.7775793,-0.32567704,-0.37199146,0.2616845
7.7465153,-0.31662393,-0.3569367,0.24899796
7.753144,-0.36175102,-0.38013983,0.27502462
7.755562,-0.3468225,-0.37038547,0.26141113
7.7963877,-0.36431712,-0.3467443,0.2686637
7.7833943,-0.3074367,-0.41821396,0.2636985
7.761815,-0.28783447,-0.41633368,0.24971539
7.7393985,-0.3299467,-0.39130324,0.26663002
7.6975803,-0.33902365,-0.38011265,0.2537925
7.742729,-0.34885508,-0.36834538,0.26358026
7.750901,-0.3472829,-0.36823565,0.2643188
7.752969,-0.35994875,-0.36790043,0.27058423
7.7401595,-0.33060467,-0.37025565,0.2601094
7.704732,-0.33944207,-0.38787866,0.25647762
7.746315,-0.31971425,-0.37626922,0.26094845
7.7351418,-0.33145612,-0.37915796,0.2535397
7.7629085,-0.33012742,-0.37385416,0.25883138
7.7115655,-0.34915465,-0.36632657,0.25615007
7.721033,-0.3339721,-0.38152057,0.25816116
7.727844,-0.32539654,-0.39763182,0.2576617
7.78113,-0.36450422,-0.35848576,0.2749945
7.7738495,-0.35677457,-0.34120643,0.26419067
7.7573633,-0.34315038,-0.35376424,0.25723645
7.75651,-0.342739,-0.36275274,0.26256734
7.7848587,-0.35557896,-0.37300593,0.27803618
7.7732635,-0.35621673,-0.36164457,0.2706287
7.757143,-0.34326184,-0.35657567,0.26442155
7.754191,-0.3288399,-0.33835298,0.25437194
7.7385664,-0.32948256,-0.3742898,0.2585136
7.7604227,-0.32406652,-0.3644923,0.24670152
7.7413206,-0.3305472,-0.38063866,0.25561112
7.764177,-0.3349049,-0.3460108,0.24770948
7.7937117,-0.338306,-0.38094884,0.26483065
7.7229176,-0.33184958,-0.38061488,0.25741386
7.7540984,-0.35911167,-0.36596322,0.2625213
7.7597804,-0.33072287,-0.3640387,0.26149
7.7623615,-0.32653445,-0.38154393,0.25809345
7.740056,-0.32978475,-0.36922157,0.2502724
7.7452483,-0.33690995,-0.35291398,0.25487918
7.759771,-0.35377634,-0.3358721,0.26544815
7.6973634,-0.33178848,-0.36556685,0.25365478
7.7684765,-0.35446447,-0.37759686,0.27491632
7.7824306,-0.3547083,-0.34825265,0.27330804
7.783075,-0.35942662,-0.34169436,0.26427272
7.782102,-0.3566987,-0.38231736,0.27160764
7.7709875,-0.37552226,-0.3461656,0.26542413
7.7569237,-0.3453104,-0.34382826,0.2629379
7.784076,-0.32524574,-0.37212038,0.2541468
7.751464,-0.31606323,-0.4012574,0.2524163
7.7589455,-0.29528475,-0.40097606,0.24584214
7.703919,-0.30424595,-0.39773422,0.24524772
7.6747255,-0.34636968,-0.38101715,0.24892779
7.731229,-0.352256,-0.37493074,0.2594984
7.707372,-0.34447104,-0.37218982,0.25297904
7.7587986,-0.34853655,-0.37993658,0.2739908
7.77784,-0.34657162,-0.34861255,0.2670955
7.777088,-0.36345655,-0.3534351,0.2707033
7.7592854,-0.34659725,-0.36252064,0.26612014
7.7825785,-0.3525672,-0.33516884,0.25489092
7.725956,-0.3394984,-0.36284465,0.25286493
7.711935,-0.35172957,-0.38486522,0.25731522
7.699176,-0.3247251,-0.38691342,0.25143325
7.7339125,-0.35793972,-0.3789729,0.26084715
7.7585816,-0.31484878,-0.40171266,0.2659075
7.7476974,-0.30166775,-0.4092186,0.25804973
7.734688,-0.31703657,-0.3812307,0.25556976
7.67049,-0.35071802,-0.3914917,0.25220615
7.754184,-0.36637843,-0.34574133,0.25591752
7.7779007,-0.3579396,-0.3585897,0.27189696
7.7580256,-0.36376756,-0.3613224,0.26618764
7.7526164,-0.34957457,-0.36436486,0.2584163
7.7664995,-0.32972318,-0.3692354,0.25614947
7.7303424,-0.32211387,-0.38905525,0.2567148
7.7840214,-0.36624134,-0.3453148,0.2628354
7.74805,-0.34646946,-0.36857677,0.26094747
7.761217,-0.31784356,-0.3689068,0.25313294
7.669361,-0.338004,-0.40526474,0.25072837
7.6991158,-0.36617476,-0.38604712,0.25849128
7.714027,-0.3325293,-0.37987947,0.24947236
7.7734423,-0.338745,-0.34650755,0.2591061
7.725864,-0.35989624,-0.38090873,0.26426116
7.7201514,-0.34129548,-0.38994718,0.2590835
7.756738,-0.34579247,-0.37533897,0.26547694
7.801862,-0.35093606,-0.3387652,0.26718593
7.78664,-0.32435167,-0.3775677,0.26970178
7.7259383,-0.33771646,-0.39223284,0.2696991
7.7322016,-0.3530832,-0.37177575,0.25892794
7.738592,-0.3472548,-0.37370592,0.25631708
7.7807713,-0.3639574,-0.36299652,0.27682352
7.7247033,-0.3224799,-0.37647718,0.26222095
7.766894,-0.309061,-0.37757754,0.25182313
7.758805,-0.3165707,-0.38678282,0.2630622
7.765315,-0.3261106,-0.37426108,0.25799972
7.7445407,-0.35654718,-0.39413643,0.26614943
7.7427077,-0.3300261,-0.37057942,0.25329316
7.7072597,-0.34751666,-0.37397015,0.25806764
7.7266526,-0.35229433,-0.3689015,0.26411298
7.7486024,-0.36326003,-0.37301373,0.2729349
7.7691565,-0.36784047,-0.34526896,0.26164395
7.7716093,-0.35552078,-0.34992576,0.2669849
7.7637825,-0.36125124,-0.3642478,0.26711184
7.7634993,-0.3736149,-0.3506645,0.2634017
7.7854905,-0.36800218,-0.34596997,0.26058516
7.7654533,-0.36112452,-0.36547697,0.26627132
7.7557096,-0.31196463,-0.3844427,0.25399756
7.737685,-0.30900335,-0.38545966,0.24612798
7.717576,-0.34045637,-0.3530717,0.2555527
7.711957,-0.3557272,-0.38409704,0.25773966
7.6986604,-0.32977283,-0.3901714,0.2512185
7.69719,-0.31642133,-0.403987,0.24574274
7.715805,-0.30242747,-0.40128225,0.24887455
7.6771984,-0.3238297,-0.43303597,0.2485755
7.746706,-0.28418946,-0.4092133,0.25321546
7.7677975,-0.3569823,-0.35884792,0.27042332
7.7775908,-0.3504423,-0.35623896,0.26973403
7.798645,-0.35557288,-0.35064077,0.26846653
7.787318,-0.3570627,-0.35425472,0.2696809
7.788767,-0.3745128,-0.34119916,0.26590052
7.7939005,-0.3647871,-0.36172032,0.2679479
7.789015,-0.35110432,-0.35517436,0.27438772
7.7789493,-0.3571295,-0.35818404,0.27347594
7.793342,-0.38998216,-0.36786693,0.2800176
7.788116,-0.35396045,-0.35751247,0.2769765
7.7493205,-0.33873004,-0.37464237,0.2594471
7.753535,-0.33976477,-0.3682813,0.25854084
7.7648897,-0.35167068,-0.3783008,0.27523953
7.780929,-0.3466844,-0.35891104,0.2678436
7.779584,-0.3325857,-0.36229813,0.26286218
7.7126255,-0.33908504,-0.36728966,0.2529323
7.7884717,-0.3607365,-0.33567727,0.26010978
7.7497625,-0.3617559,-0.36891925,0.26996663
7.7446055,-0.36299413,-0.36618662,0.27062008
7.758748,-0.3583641,-0.35731936,0.25629774
7.7158356,-0.35137945,-0.37532258,0.25923145
7.790341,-0.35069627,-0.35741085,0.261164
7.7631664,-0.35593528,-0.36242527,0.27287233
7.791092,-0.37028903,-0.35993165,0.2688035
7.773469,-0.36731035,-0.36311865,0.2655924
7.7589293,-0.35042608,-0.35652566,0.26464918
7.7654867,-0.34314263,-0.37200516,0.2617528
7.7165728,-0.36036938,-0.37735456,0.26037663
7.732216,-0.35588628,-0.3800164,0.2573906
7.6815796,-0.36747503,-0.36139685,0.24994089
7.7087693,-0.35447836,-0.39739323,0.2538162
7.727399,-0.3233468,-0.375494,0.2488532
7.732569,-0.33930933,-0.3841269,0.2593008
7.734852,-0.35042888,-0.37506497,0.263202
7.7718964,-0.31968558,-0.37147504,0.26217654
7.75731,-0.34694916,-0.36131477,0.26195896
7.6841707,-0.3699792,-0.40897,0.25646192
5.7915816,-0.8569549,0.12425494,0.5852097
5.7930937,-0.8639992,0.06668389,0.5529883
5.7545986,-0.87355256,0.08276284,0.5556338
5.7451463,-0.87498057,0.08348489,0.5545264
5.8127694,-0.87551403,0.036017656,0.575586
5.7821913,-0.87534744,0.058408618,0.5715071
5.784515,-0.8674188,0.06360412,0.5736116
5.7849994,-0.8749302,0.0540272,0.5784438
5.8070416,-0.87950444,0.018151999,0.5704513
5.8216743,-0.87947977,-0.029316962,0.57131875
5.8146024,-0.88043165,0.01400733,0.56845146
5.8344345,-0.879287,-0.048758328,0.569364
5.834958,-0.8765367,-0.058749676,0.5746336
5.82817,-0.88568527,-0.04025501,0.57184285
5.8147316,-0.872084,0.022135973,0.5648969
5.8292513,-0.8774179,-0.00702703,0.5664515
5.8184943,-0.8679838,0.060002685,0.5781111
5.810157,-0.87062037,0.039231062,0.5825266
5.815985,-0.8716198,0.0047795773,0.57375604
5.810219,-0.87859046,0.026224017,0.57437295
5.8155327,-0.86637866,-0.033187926,0.58784515
5.799835,-0.87466574,-0.007410109,0.5782344
5.806207,-0.86639726,0.07991159,0.5904643
5.770133,-0.88391244,0.040826082,0.5599069
5.8027124,-0.87509876,0.059927702,0.58176625
5.8904543,-0.8599588,-0.05275917,0.55394214
5.8774414,-0.8944063,-0.022782743,0.5577501
5.8765073,-0.88107574,-0.0008070469,0.54896057
5.818134,-0.87955946,-0.000320673,0.5653304
5.8146534,-0.8683511,0.002644658,0.5725034
5.8182697,-0.8762268,0.018408537,0.5507969
5.807877,-0.87151194,0.04863596,0.58267826
5.8215103,-0.8834566,-0.0320704,0.57443136
5.843226,-0.87857985,-0.052048206,0.5678035
5.8459826,-0.87213224,-0.047337055,0.56493676
5.8381476,-0.8722474,-0.06428933,0.5737613
5.8389077,-0.8757478,-0.052678466,0.5756386
5.8247004,-0.8829421,-0.026853085,0.57025206
5.840302,-0.8675456,-0.056045413,0.573248
5.845574,-0.85386896,-0.06279951,0.5799386
5.834628,-0.8639591,-0.076256394,0.5836359
5.850525,-0.8426276,-0.07753378,0.5883356
5.7881994,-0.86468315,0.084469676,0.5620112
5.792512,-0.866466,0.035188913,0.5626651
5.786611,-0.86743575,0.07525742,0.5679374
5.7777505,-0.8733253,0.06738961,0.5475645
5.7987127,-0.87017995,0.06503689,0.56688714
5.7970457,-0.86735904,0.06188321,0.55660206
5.7625732,-0.86291724,0.0870744,0.54746914
5.78679,-0.87386787,0.04744494,0.5728322
5.800167,-0.8684153,0.061766505,0.57812023
5.7973127,-0.866781,0.06727517,0.572887
5.8235974,-0.8748421,-0.011665344,0.5774924
5.814434,-0.869496,0.047433257,0.57301503
5.840583,-0.85776484,-0.074065685,0.57166785
5.8699393,-0.88446766,-0.042796135,0.5579453
5.8746634,-0.865238,-0.0042431355,0.55733526
5.865139,-0.87604505,-0.009161234,0.5521305
5.8734903,-0.8563136,0.09516907,0.5585971
5.806171,-0.87542105,0.06070113,0.5891516
5.816925,-0.876714,0.0111272335,0.5718513
5.787255,-0.88102525,0.03532982,0.5739704
5.797317,-0.8837334,-0.0014643669,0.5725698
5.816737,-0.8812104,-0.018902779,0.57677406
5.8075743,-0.87411416,0.04040277,0.5759215
5.816831,-0.87626344,0.0039134026,0.56399554
5.8201013,-0.87294364,0.0027151108,0.56796086
5.844396,-0.86892784,0.037580132,0.5597312
5.8185916,-0.87752485,-0.004933238,0.57030445
5.821315,-0.87892115,-0.030839443,0.5732589
5.832306,-0.87308633,-0.02989024,0.5740983
5.8352356,-0.87954843,-0.04054475,0.57228804
5.834207,-0.8692593,0.0093871355,0.5615079
5.85583,-0.88404876,0.016143799,0.5438848
5.870798,-0.91058636,0.011388063,0.54906446
5.907958,-0.89419484,0.00671494,0.54849225
5.94287,-0.8706147,0.08231723,0.53484404
5.9566264,-0.8867646,0.05223012,0.5267877
5.9369807,-0.86563534,0.023849368,0.53376657
5.9413652,-0.86037433,0.03962612,0.53273195
5.9407887,-0.8400333,0.008390307,0.530401
5.926611,-0.8440457,0.0044646263,0.53750396
5.922614,-0.89060163,0.043070793,0.5358577
5.9411736,-0.8604104,0.02031684,0.5410035
5.965227,-0.85105824,0.020505667,0.5215563
5.966402,-0.84528583,0.014973879,0.5129668
5.989404,-0.8311051,0.04821837,0.5074465
5.982007,-0.845403,0.012206674,0.51028615
5.963112,-0.83112156,0.014996052,0.5222111
5.9610295,-0.84409153,0.013388157,0.51987165
5.9935985,-0.85947466,0.015215516,0.52223545
6.008518,-0.85493124,0.013618827,0.5121901
6.0066195,-0.85465276,0.01540637,0.4968875
6.002705,-0.8617362,0.045013905,0.49455208
5.9970922,-0.8664136,0.07293689,0.49627662
5.9927797,-0.88773054,0.098982215,0.5026426
5.994175,-0.87342,0.064481854,0.5012355
5.987571,-0.86789006,0.053887248,0.5026179
6.008752,-0.87145245,0.028876424,0.50976247
6.001644,-0.85354203,0.008240819,0.51424253
5.9682913,-0.8497945,0.04290414,0.5178072
5.9761405,-0.8446702,0.023230791,0.5104023
5.9781194,-0.87059206,0.10781193,0.5150669
5.997138,-0.86303437,0.04855001,0.5010794
6.008376,-0.8614348,0.054784656,0.4929465
6.031146,-0.88774014,0.06477916,0.49772733
6.037285,-0.8765083,0.033737183,0.49967605
6.0106754,-0.8712478,0.06237054,0.49651968
5.9872117,-0.8606894,0.06376672,0.49808055
5.9949408,-0.8598799,0.060395837,0.49111712
5.9808702,-0.8269638,-0.009120226,0.516494
5.996703,-0.8781097,0.058246374,0.5068092
5.9796004,-0.85118175,0.09662318,0.51979125
6.0087333,-0.87830126,0.04641676,0.5057337
6.0187883,-0.87197185,0.046182156,0.49630702
6.030779,-0.8679011,0.027714372,0.4932927
6.0073824,-0.85837305,0.041941285,0.49770516
6.0249434,-0.8728224,0.028772473,0.5087395
6.0086484,-0.87308943,0.016813278,0.5210795
5.99754,-0.87089807,0.0063750744,0.5305818
5.9909377,-0.88055336,0.0043489933,0.53831285
5.9777775,-0.8683866,-0.0026496649,0.53942484
5.9902115,-0.87891674,-0.0045514107,0.5431703
5.9849706,-0.8718677,0.00024199486,0.540435
5.9779496,-0.8677857,-0.0065811872,0.54092884
5.94534,-0.854269,0.06350541,0.5371868
5.8978367,-0.86776084,0.036679268,0.55550915
5.975498,-0.8516607,-0.0013515353,0.5325653
5.9726887,-0.84419006,0.0015388727,0.5241258
5.971127,-0.8479718,-0.011414468,0.5312083
5.9835634,-0.86897796,0.0050867796,0.53098416
5.984028,-0.8683381,0.007748723,0.53283566
5.9642286,-0.8657121,0.009905696,0.53259784
5.93218,-0.87253773,0.023088694,0.53898937
5.942354,-0.8683842,0.054409385,0.53322965
5.935448,-0.87171686,0.061575413,0.5371133
5.9387984,-0.8758352,0.034218073,0.53304344
5.965179,-0.87171876,-0.007816792,0.54878026
5.903484,-0.86079466,-0.006670177,0.54218906
5.8881936,-0.86377317,0.025169134,0.5485207
5.898042,-0.8656901,0.04278052,0.54196143
5.8998284,-0.84150475,0.023528457,0.5534014
5.8165445,-0.87016076,0.020935297,0.56349504
5.803471,-0.8758113,0.0009810925,0.5813221
5.816855,-0.8678747,0.04228747,0.5674737
5.7987347,-0.8765048,0.031731963,0.5779656
5.83734,-0.886772,-0.043524265,0.56832474
5.8353925,-0.8797942,-0.028125405,0.5568495
5.8377705,-0.8757604,-0.043616056,0.5608912
5.8540173,-0.8788754,-0.0304147,0.56649536
5.825026,-0.8746734,-0.012511373,0.5795283
5.8636055,-0.8687189,-0.0022472143,0.5536096
5.869388,-0.86798817,-0.021376252,0.5607083
5.8369637,-0.8814685,-0.019536734,0.5573591
5.8275476,-0.8762007,-0.011437535,0.56231904
5.834006,-0.87305236,-0.0007766485,0.56153226
5.8276973,-0.876161,-0.03430605,0.57798296
5.8172913,-0.878664,-0.036393404,0.5715434
5.7789316,-0.874757,0.05488038,0.5530679
5.798618,-0.86809343,0.08311629,0.5696743
5.8091426,-0.86695135,0.0586679,0.5836248
5.813435,-0.8684175,0.04799342,0.5757591
5.820239,-0.86929697,-0.013555884,0.5897613
5.8344254,-0.8635648,-0.06006801,0.58121026
5.8295765,-0.8712078,-0.03902185,0.5780514
5.8283515,-0.87466836,0.008067608,0.5817978
5.80942,-0.87301326,0.020595789,0.5673463
5.865713,-0.87007713,-0.04663241,0.5571634
5.8268538,-0.86978734,0.023043633,0.57537
5.802642,-0.8750763,0.037581205,0.5872698
5.7962236,-0.8764796,0.012400627,0.5755671
5.7963424,-0.86965203,0.058342814,0.5803008
5.8028855,-0.88022816,0.017700553,0.552936
5.8108444,-0.87272364,0.004550576,0.56492627
5.8865767,-0.85983676,0.04249072,0.5499696
5.8573227,-0.85706544,0.08406639,0.55674297
5.8846836,-0.86120284,0.052452683,0.55033046
5.9049335,-0.8647532,0.0024887323,0.544689
5.9225445,-0.8691016,0.022945285,0.54321796
5.8122864,-0.86921334,0.04048133,0.55453086
5.8909016,-0.8680759,-0.021725059,0.54806143
5.810053,-0.8669121,0.043186545,0.57445854
5.8240223,-0.87461996,0.014499545,0.57505435
5.824973,-0.8795507,-0.0013153553,0.5656316
5.808999,-0.8775565,-0.014903069,0.5821578
5.811216,-0.8770013,0.0034768581,0.5698387
5.8087177,-0.8674925,0.011867762,0.5765862
5.9606414,-0.89183563,0.01416111,0.5419484
5.922888,-0.8758429,0.02632165,0.5372872
5.8794336,-0.8949011,0.03455615,0.53769267
5.8948617,-0.85224414,-0.015700102,0.54750156
5.7619715,-0.8790899,0.06770313,0.5625481
5.780111,-0.86518896,0.092017174,0.56990224
5.84136,-0.8586265,0.08781469,0.5624552
5.7814245,-0.8503771,0.124001026,0.55407834
5.7949343,-0.8455907,0.1356206,0.55547285
5.830196,-0.7942564,0.12894797,0.56069493
5.8088875,-0.83352196,0.14472294,0.55382776
5.765463,-0.84255195,0.15101242,0.56344694
5.816164,-0.8545227,0.10346818,0.55489916
5.7725167,-0.83859897,0.132074,0.55743754
5.7508855,-0.84909946,0.13214874,0.56086916
5.7522807,-0.8655368,0.070914745,0.54945403
5.7911673,-0.8593229,0.09889281,0.56193143
5.816139,-0.86110234,0.084094405,0.56499237
5.875905,-0.84914327,0.053622723,0.5628367
5.881529,-0.8548154,0.038096428,0.5556432
5.885854,-0.85839075,0.050243616,0.5461186
5.8590603,-0.901017,0.008321285,0.5478034
5.836069,-0.89608765,-0.0015592575,0.54710406
5.9054117,-0.90466326,0.03020811,0.5416505
5.8805447,-0.88535476,-0.006592393,0.54727036
5.8856754,-0.8869118,0.01856327,0.541297
5.821823,-0.90063953,0.047634125,0.5298614
5.951743,-0.8476046,0.016423464,0.52809614
6.0027485,-0.8554586,0.025838614,0.5057223
6.0042324,-0.870899,0.020518422,0.5174554
5.9922276,-0.85428745,0.02695179,0.4982788
5.9789786,-0.85651624,0.02990973,0.50663745
5.992234,-0.8701674,0.08449817,0.50361925
5.958529,-0.88047725,0.0690577,0.52311236
5.9663277,-0.8951937,0.13157761,0.52350986
5.959175,-0.8934741,0.07911396,0.5205564
5.975429,-0.8969995,0.10762739,0.5242148
6.011428,-0.87198347,0.024925709,0.513604
5.9886684,-0.8611065,0.025327086,0.51278
5.9919157,-0.842411,0.07022798,0.5100684
6.0146203,-0.8694009,0.063823104,0.48584706
6.0057645,-0.86461955,0.044046402,0.49869126
5.9894805,-0.8621294,0.033212185,0.50811106
5.9949512,-0.8474173,0.030358315,0.50125474
5.9930677,-0.87422186,0.07513046,0.49422973
5.996859,-0.8879252,0.08408189,0.49344993
6.0016994,-0.9038901,0.10505986,0.49718958
5.9877615,-0.87883914,0.08101213,0.49253464
6.024322,-0.8813004,0.052920938,0.49773324
6.0440235,-0.8924695,0.055974364,0.4957527
6.036217,-0.8753083,0.03818345,0.49997216
6.0365996,-0.8664421,0.03736484,0.4991719
6.0634985,-0.8788411,0.033907056,0.4919777
6.018545,-0.88739383,0.07987201,0.48572153
6.0456786,-0.8896157,0.060921907,0.48687583
6.0416,-0.87597305,0.053604722,0.4951452
6.032512,-0.87957704,0.03902793,0.5032765
6.0208488,-0.8719785,0.03924656,0.5034091
6.014587,-0.8629148,0.038156867,0.49276036
6.034546,-0.8739697,0.046954393,0.4854675
6.0419154,-0.88630074,0.035431862,0.5088294
6.010832,-0.87377113,0.03606963,0.50431705
5.9893,-0.89734644,0.113918066,0.5059249
7.7418613,0.29460716,-0.4353308,0.2948411
7.780637,0.35470378,-0.4157145,0.2897578
7.771678,0.3419391,-0.4181236,0.2891294
7.7793126,0.33732998,-0.43300188,0.28375104
7.775971,0.32956886,-0.44064212,0.28460258
7.7806964,0.34898305,-0.4439072,0.28012922
7.783808,0.401255,-0.47290635,0.28754884
7.7920103,0.36416888,-0.44220364,0.26895076
7.763543,0.34159088,-0.42652464,0.2766078
7.7772827,0.38830018,-0.4405607,0.27962166
7.806438,0.39879775,-0.46170044,0.28450707
7.7707467,0.36430943,-0.4095831,0.28951672
7.783829,0.3405651,-0.43742865,0.28152636
7.785789,0.3500781,-0.4352585,0.2771148
7.7751274,0.38305855,-0.43812394,0.2743082
7.7778654,0.34984064,-0.43569887,0.28065276
7.778471,0.35773277,-0.4254169,0.2830314
7.7592964,0.36605215,-0.42469347,0.2849036
7.763526,0.3508016,-0.4036836,0.29224256
7.747157,0.33222795,-0.41558504,0.2913429
7.7682295,0.33592808,-0.4370532,0.28692764
7.7420936,0.32389987,-0.41001981,0.28043807
7.7462764,0.31644595,-0.41459596,0.28904802
7.740293,0.30740225,-0.4368466,0.29221356
7.743063,0.30610955,-0.44599092,0.2874566
7.753851,0.31517315,-0.4244783,0.2947575
7.750875,0.3025155,-0.42766768,0.2945816
7.7401037,0.30233657,-0.4456228,0.2955648
7.7219257,0.28827417,-0.44746947,0.29839867
7.7206197,0.29380035,-0.4491449,0.29098105
7.727433,0.30886734,-0.45516598,0.29559305
7.726484,0.2918992,-0.4580605,0.28980497
7.719946,0.29421997,-0.45102644,0.2958624
7.747691,0.31095886,-0.41601378,0.2933114
7.7381124,0.30387545,-0.43602568,0.29421532
7.726115,0.29557228,-0.45418578,0.2946288
7.7319717,0.29662395,-0.4560665,0.2966215
7.7421045,0.315112,-0.44092315,0.2916922
7.7511835,0.3069855,-0.42791092,0.2942845
7.756174,0.32141685,-0.4371544,0.29365098
7.7509556,0.32172382,-0.4185778,0.29208806
7.75213,0.31264114,-0.44784766,0.29524803
7.747632,0.31361008,-0.44312662,0.28923702
7.7520275,0.31983054,-0.42179483,0.29348266
7.7461843,0.2997737,-0.440848,0.29321402
7.741089,0.31487548,-0.46451545,0.28956184
7.74424,0.29797375,-0.46537954,0.29504815
7.707206,0.29440176,-0.47060025,0.2937044
7.7286787,0.29519737,-0.4345302,0.2962525
7.7222357,0.30128884,-0.46442378,0.29553512
7.729868,0.29322076,-0.46105343,0.29315877
7.709706,0.26808238,-0.45659828,0.29198888
7.7144895,0.2873057,-0.43772876,0.29228157
7.7390337,0.308609,-0.41526443,0.28712144
7.748844,0.30921125,-0.44123483,0.29067957
7.7504706,0.3154843,-0.4338447,0.29242164
7.7703886,0.3394711,-0.4167964,0.28617695
7.7718267,0.33769965,-0.44196308,0.2857573
7.775107,0.34409726,-0.43160522,0.2781153
7.7817316,0.35507464,-0.44480705,0.2768474
7.753278,0.3211696,-0.42520177,0.29024857
7.7635326,0.3255695,-0.44616902,0.28587842
7.768586,0.34537828,-0.41688013,0.28905374
7.7700224,0.3327955,-0.436495,0.28254557
7.7685003,0.33524108,-0.41398346,0.2905378
7.782065,0.37301135,-0.41732115,0.29250908
7.7774816,0.34981084,-0.4111154,0.29307508
7.7646456,0.35325968,-0.41272318,0.28782314
7.763579,0.33426285,-0.41157222,0.2891745
7.767432,0.36587155,-0.42387933,0.27948305
7.776423,0.3411864,-0.41999918,0.28908616
7.783556,0.3572209,-0.42722172,0.2748248
7.7619452,0.36479533,-0.41791803,0.28538948
7.772855,0.33735895,-0.42966527,0.28398895
7.767768,0.3352536,-0.4047488,0.28910285
7.7617903,0.3655169,-0.42582268,0.2843267
7.772411,0.35789752,-0.41800302,0.27754325
7.7931457,0.38127303,-0.43008143,0.28816488
7.779645,0.3631283,-0.42865676,0.28789222
7.763772,0.36373615,-0.42294073,0.27975112
7.773341,0.34302294,-0.43014836,0.28326622
7.7642994,0.3399539,-0.4216225,0.2828838
7.7644157,0.33053517,-0.40687096,0.28663725
7.7640657,0.380633,-0.4116466,0.28948224
7.7645793,0.36256373,-0.4223224,0.28323042
7.77415,0.3521229,-0.42385536,0.2894531
7.7651234,0.3533504,-0.41468918,0.28303593
7.77091,0.35284162,-0.4099989,0.28731793
7.772231,0.3511474,-0.4286217,0.27164155
7.7932434,0.3787551,-0.43879843,0.26985413
7.792487,0.34816432,-0.44328427,0.27878165
7.7868567,0.35392106,-0.44072092,0.27623874
7.7827773,0.35902572,-0.44462842,0.27121198
7.7753735,0.34293866,-0.43483108,0.27909422
7.79169,0.3482852,-0.45203763,0.2849993
7.8009043,0.35149455,-0.483971,0.27706367
7.7814026,0.3419329,-0.43558937,0.27815807
7.7769127,0.3634323,-0.43528748,0.27286428
7.773768,0.35773683,-0.41983354,0.28419226
7.7810764,0.35136092,-0.41863668,0.28911662
7.776552,0.36345148,-0.4228956,0.2757077
7.793209,0.35934365,-0.4452582,0.2781826
7.7813888,0.3688153,-0.42821997,0.27788982
7.7726727,0.3507874,-0.43829888,0.27285454
7.7817802,0.34965563,-0.4412219,0.2759715
7.780708,0.36395526,-0.44090116,0.27415353
7.794853,0.3526287,-0.45027852,0.27633798
7.777173,0.34262013,-0.42903918,0.27964282
7.7753882,0.36573637,-0.4269687,0.27676624
7.77586,0.3855083,-0.44149554,0.27898872
7.778192,0.3497535,-0.44138855,0.2751705
7.7934704,0.36052835,-0.45340604,0.27521384
7.777607,0.35978794,-0.44034338,0.27366778
7.7830324,0.38421917,-0.44093746,0.2776771
7.790677,0.3509302,-0.44264144,0.27572426
7.7971654,0.36059773,-0.4493116,0.27217293
7.775281,0.35553324,-0.4360944,0.2713182
7.7710047,0.37136889,-0.42473137,0.28186107
7.7807484,0.3518021,-0.44567204,0.27701858
7.7859955,0.35143363,-0.44150293,0.27453494
7.7839813,0.34727705,-0.44363314,0.2793965
7.8093953,0.36666787,-0.4820881,0.28091687
7.823801,0.36811364,-0.4794615,0.26691985
7.8252077,0.38371456,-0.4988128,0.26571843
7.784579,0.34888923,-0.45344788,0.2732709
7.766013,0.32434678,-0.41516227,0.28830692
7.739625,0.29298985,-0.44103515,0.29543465
7.7456875,0.31226742,-0.42014098,0.29375863
7.7816606,0.34337318,-0.43016934,0.27892682
7.7848363,0.3520646,-0.44334984,0.27338648
7.779133,0.34512234,-0.42750514,0.28170562
7.766647,0.35249758,-0.42032284,0.286969
7.77312,0.3387481,-0.4213543,0.28976187
7.761463,0.35148263,-0.41855586,0.2847883
7.7731752,0.34806323,-0.4212656,0.29212368
7.7707434,0.33892715,-0.43272543,0.2825019
7.76887,0.33756006,-0.44207639,0.28537995
7.742795,0.32218468,-0.44455093,0.289024
7.7623086,0.32593477,-0.43269312,0.2892698
7.7505217,0.31829655,-0.43972647,0.29037562
7.7605233,0.32080162,-0.42388606,0.29070985
7.755719,0.31749904,-0.4324538,0.29134703
7.7672853,0.36878252,-0.41952538,0.28444225
7.7605762,0.3415053,-0.4174655,0.28043243
7.763406,0.33177137,-0.4255221,0.28445166
7.7504177,0.3214836,-0.43276787,0.2889869
7.743533,0.31281507,-0.45064902,0.29175845
7.759339,0.35568094,-0.40823334,0.28677905
7.773061,0.35617924,-0.42094833,0.27802178
7.7729855,0.33123612,-0.434631,0.28554207
7.77032,0.34721375,-0.4253351,0.28824782
7.7803783,0.34651935,-0.43455982,0.28050977
7.780696,0.3829105,-0.43917662,0.27614242
7.7793064,0.35653114,-0.43048334,0.28956258
7.7837534,0.37348235,-0.4279002,0.27142355
7.7632866,0.33593416,-0.44427788,0.28819934
7.767786,0.37642932,-0.42903715,0.28515652
7.794778,0.3586309,-0.43515337,0.2734967
7.793252,0.37816,-0.43982375,0.2826259
7.776369,0.34631526,-0.4247691,0.28667676
7.7785997,0.34609377,-0.42343998,0.27674654
7.7703266,0.3326242,-0.4554112,0.2860046
7.7714996,0.33279276,-0.42066634,0.28677532
7.7572417,0.33373404,-0.4164533,0.29498413
7.7706895,0.3568933,-0.43466157,0.27905917
7.792794,0.39463866,-0.44452953,0.27668375
7.7867126,0.35082173,-0.43842363,0.2781673
7.78357,0.35160875,-0.4460181,0.27918616
7.7772374,0.3515879,-0.438174,0.27622232
7.763616,0.35714138,-0.4284889,0.27765536
7.7651224,0.3649932,-0.41498256,0.28338966
7.7572517,0.33834577,-0.4136498,0.2884826
7.770499,0.3401754,-0.42485964,0.28178376
7.7730074,0.33588195,-0.43083423,0.27656877
7.7880034,0.3550943,-0.44297624,0.27387694
7.753406,0.35370386,-0.42340446,0.28177446
7.76858,0.37311077,-0.43978798,0.27888352
7.772161,0.3410493,-0.42934477,0.27885824
7.775412,0.34746242,-0.42927676,0.28094733
7.782251,0.35412967,-0.43260276,0.27539623
7.778865,0.3387314,-0.43707514,0.2812012
7.772431,0.34797454,-0.41563463,0.28252095
7.773311,0.34973383,-0.4366024,0.27799082
7.765611,0.36535954,-0.42514372,0.28358108
7.7604747,0.34598005,-0.40813458,0.28680605
7.7645264,0.31102073,-0.4146924,0.29610443
7.734373,0.3193283,-0.3939857,0.2782119
7.7599325,0.31707,-0.43092513,0.2901097
7.7454596,0.31143606,-0.43314326,0.2941406
7.7317486,0.32140303,-0.4198342,0.28749228
7.7733245,0.37810147,-0.41492665,0.2849901
7.7562065,0.32316995,-0.4440018,0.28671324
7.744473,0.30744874,-0.43284273,0.2915898
7.738304,0.2970519,-0.46526867,0.29120114
7.7492676,0.31443465,-0.42556286,0.29068232
7.7451653,0.3110416,-0.43000853,0.29340822
7.740589,0.31109428,-0.43575895,0.29621923
7.7237034,0.29546154,-0.4606561,0.29237586
7.7367215,0.30130625,-0.4504773,0.291311
7.7352834,0.3006096,-0.43093503,0.29065093
7.712379,0.29504836,-0.44684935,0.2949381
7.726122,0.29833877,-0.44424003,0.29293802
7.7510204,0.311226,-0.4470243,0.29118827
7.7478976,0.30370355,-0.43551785,0.29603735
7.74122,0.30680728,-0.45491475,0.2885722
7.7660227,0.3266747,-0.4603262,0.28510255
7.771987,0.37683594,-0.4574715,0.27383026
7.799238,0.3546728,-0.46573353,0.27527303
7.7992153,0.3534391,-0.44619703,0.27523628
7.7877703,0.36315143,-0.45274258,0.2671648
7.7877054,0.35163283,-0.44574153,0.28065944
7.7860727,0.35048115,-0.4420321,0.27953175
7.765915,0.33194184,-0.41366696,0.2904994
7.7805276,0.35086071,-0.42968965,0.2794165
7.776043,0.35187793,-0.43365806,0.27630413
7.7763367,0.34176016,-0.43034178,0.2751673
7.7620535,0.3545755,-0.4134196,0.28752545
7.7700634,0.36549544,-0.42611408,0.28453094
7.767126,0.32991683,-0.42538095,0.28713185
7.752771,0.3287506,-0.41437566,0.28857976
7.7535324,0.3332355,-0.41167808,0.29174823
7.7492914,0.31968224,-0.41872895,0.29220244
7.751048,0.31262243,-0.4244119,0.2938813
7.769739,0.38173783,-0.4198612,0.28445852
7.7622714,0.3397851,-0.4179927,0.28409883
7.7632785,0.34574354,-0.41049325,0.28162852
7.780676,0.38348973,-0.4417529,0.27881026
7.770857,0.35010934,-0.42390466,0.28767636
7.7734265,0.37205362,-0.4444964,0.27143148
7.781844,0.35890162,-0.43915176,0.2907771
7.7695246,0.35225415,-0.42586076,0.28051367
7.7863293,0.3393817,-0.43028808,0.28068691
7.7817965,0.33946896,-0.43129814,0.28460756
7.774425,0.34199238,-0.4320513,0.27908885
7.788785,0.36136305,-0.4430369,0.27452695
7.794444,0.36541307,-0.44967705,0.27333498
7.776479,0.33907425,-0.4298454,0.28796595
7.7688947,0.33587968,-0.483096,0.28031212
7.7726927,0.33878982,-0.4218439,0.28301203
7.768471,0.33231902,-0.42796946,0.28401932
7.7771606,0.33406568,-0.48120862,0.27937037
7.7547984,0.36874187,-0.42531395,0.2809286
7.7722416,0.34633553,-0.42989814,0.27789783
7.782533,0.37743556,-0.42808557,0.2902493
7.78009,0.382051,-0.41544497,0.29155722
7.8073096,0.39260674,-0.44968987,0.2681908
7.7746964,0.33722985,-0.46603203,0.288509
7.7850046,0.35250986,-0.44114488,0.2797175
7.784462,0.34452128,-0.4454407,0.28157783
7.773649,0.40219975,-0.44112438,0.27209684
6.5013924,-0.19240183,1.8622234,0.28631333
6.4887905,-0.18765122,1.8545637,0.28536198
6.50341,-0.18634677,1.8578835,0.28041935
6.543417,-0.19850695,1.8072865,0.27671382
6.5957055,-0.20342898,1.8139,0.27609178
6.6188726,-0.19721556,1.8224125,0.27014497
6.4556427,-0.19317216,1.8468788,0.2816896
6.4503636,-0.16729015,1.8838558,0.27922547
6.4766326,-0.17497903,1.8289881,0.2824683
6.459724,-0.1788956,1.835608,0.27176985
6.4641194,-0.17610228,1.8398681,0.27028915
6.4447765,-0.16323304,1.8954878,0.27791724
6.4600353,-0.16917086,1.8685906,0.28409344
6.48298,-0.1781916,1.8576736,0.27564675
6.4920025,-0.18770665,1.779772,0.26915693
6.5789986,-0.20114255,1.7673664,0.2717082
6.482116,-0.20574456,1.737423,0.25305852
6.48386,-0.19214886,1.7369945,0.2491719
6.4865828,-0.1867736,1.7845201,0.25297385
6.4659657,-0.18027526,1.7630601,0.25491735
6.5122747,-0.21900332,1.7240138,0.25610983
6.505969,-0.22201025,1.7257843,0.256783
6.5213456,-0.23901236,1.6666005,0.25931492
6.5193114,-0.24785262,1.6860595,0.26331455
6.4528203,-0.26678818,1.6850119,0.27423728
6.44706,-0.2509166,1.7241704,0.27670515
6.3995824,-0.25946474,1.7212558,0.28207508
6.418983,-0.2803129,1.6466749,0.29684624
6.386669,-0.28405482,1.6996205,0.32952017
6.4079604,-0.26661807,1.6680825,0.33674717
6.3801374,-0.2764613,1.7033277,0.33836782
6.3780637,-0.26289254,1.7041779,0.3068046
6.3795896,-0.26046765,1.7219262,0.30940473
6.3853416,-0.2529087,1.768151,0.3070275
6.3786683,-0.2431171,1.773994,0.3018114
6.3931375,-0.23468292,1.8013179,0.30066964
6.420488,-0.2634793,1.7347789,0.28625458
6.394585,-0.29723853,1.6516492,0.3226568
6.3801565,-0.28585893,1.6689799,0.33284342
6.4021387,-0.2886874,1.6346068,0.3162557
6.363898,-0.28028446,1.6478398,0.29118848
6.4090323,-0.2658708,1.6590595,0.30348676
6.4634466,-0.26157808,1.681678,0.27679777
6.4739504,-0.2725458,1.6209896,0.28253528
6.4355583,-0.25170898,1.6775069,0.2812895
6.4289584,-0.25948513,1.7284415,0.28056085
6.412922,-0.25749952,1.7205532,0.28884152
6.3925476,-0.24612236,1.7752826,0.29989415
6.428298,-0.256051,1.6924825,0.28194278
6.4086704,-0.25755745,1.7211981,0.28653648
6.4817495,-0.25214487,1.6880336,0.2742369
6.454239,-0.26068842,1.7213051,0.2755031
6.4600105,-0.25052655,1.7366753,0.27442017
6.436081,-0.24527007,1.751931,0.27599144
6.44682,-0.23518473,1.7884226,0.2777603
6.4385476,-0.22934657,1.7486496,0.2738224
6.4530544,-0.22323895,1.7640634,0.2720236
6.4522047,-0.21017408,1.7366824,0.26837796
6.50074,-0.24245566,1.6853817,0.26113415
6.514493,-0.23042446,1.6748595,0.25490075
6.5067554,-0.23586577,1.6781001,0.25747457
6.4901714,-0.23599678,1.6946816,0.2637912
6.481192,-0.2418279,1.7057431,0.2659531
6.4836173,-0.2294048,1.7279623,0.26513252
6.4630413,-0.23677027,1.7334237,0.2698984
6.4671164,-0.25172085,1.7328141,0.27278268
6.384761,-0.26302958,1.7264972,0.31162748
6.379266,-0.26030725,1.7041354,0.30483288
6.3741426,-0.27210122,1.6860771,0.31060946
6.394009,-0.2635702,1.6769571,0.2912272
6.380418,-0.27642715,1.6553292,0.311839
6.4785147,-0.29215425,1.5949368,0.27860498
6.5141644,-0.28475636,1.5945485,0.27267334
6.4656844,-0.27328885,1.623044,0.28093183
6.382579,-0.26929742,1.6532383,0.30713463
6.417549,-0.27619445,1.6480334,0.30143443
6.3951073,-0.26934427,1.6800499,0.28560892
6.4879756,-0.28038687,1.6406393,0.2772985
6.3637776,-0.27512723,1.6619349,0.28892002
6.3576097,-0.26897395,1.6400206,0.28922775
6.3599243,-0.27278733,1.657521,0.2966938
6.3902354,-0.26191843,1.6885314,0.30116135
6.398772,-0.27674508,1.6661799,0.29738256
6.407254,-0.27533698,1.6662586,0.30272186
6.4040103,-0.27809215,1.6604443,0.3293864
6.3760567,-0.26676404,1.6645586,0.30976975
6.373336,-0.26487368,1.6980565,0.29707164
6.3860974,-0.2591669,1.7136793,0.30278698
6.3745747,-0.26296026,1.6951118,0.30687478
6.3883395,-0.25334382,1.7257662,0.29511523
6.411094,-0.2592857,1.7333186,0.28022587
6.4603214,-0.25750506,1.7212176,0.2772916
6.506175,-0.24794441,1.7022986,0.26528168
6.5285745,-0.24790967,1.6974728,0.25916508
6.5198107,-0.24720371,1.6456985,0.25757805
6.5223103,-0.23629022,1.6782985,0.25727665
6.5198317,-0.24145257,1.6961946,0.25786883
6.520442,-0.20874095,1.651464,0.25219294
6.4699616,-0.21991509,1.7334197,0.26472372
6.4585366,-0.20872915,1.7324693,0.26275134
6.43833,-0.20479375,1.7640324,0.26763546
6.435375,-0.18920559,1.7967079,0.26851928
6.59536,-0.20218247,1.7623255,0.26653436
6.5353165,-0.19662452,1.7618289,0.23771285
6.555547,-0.20846671,1.7070394,0.23290232
6.5537777,-0.18977517,1.7163415,0.22758843
6.533553,-0.19162154,1.7162952,0.24162471
6.5377097,-0.2029857,1.724205,0.24579641
6.530175,-0.2567355,1.6252422,0.2570191
6.4909644,-0.22670329,1.6935427,0.25836697
6.5193796,-0.23634416,1.6711102,0.25812733
6.495832,-0.2586426,1.6397779,0.27352783
6.501234,-0.2626025,1.6411128,0.27143785
6.4783144,-0.2418797,1.7127142,0.26395503
6.463753,-0.23460233,1.7064216,0.27244717
6.3707404,-0.24734855,1.7282939,0.30110842
6.4783306,-0.23150021,1.69993,0.26816714
6.504383,-0.24402356,1.7016518,0.26231262
6.486588,-0.24948657,1.6870749,0.26846957
6.4723635,-0.24630201,1.7059941,0.2694012
6.4759254,-0.26808053,1.6344016,0.27558392
6.377467,-0.27104378,1.6455929,0.29657117
6.3961277,-0.28514796,1.6599939,0.3162069
6.380403,-0.27830714,1.7014523,0.3200461
6.3876343,-0.2662729,1.6574988,0.30541247
6.4187326,-0.25789177,1.7432971,0.28483936
6.409669,-0.25692576,1.7450638,0.2950052
6.3867984,-0.25615913,1.7249789,0.29614115
6.3932304,-0.2602002,1.747627,0.30074877
6.387094,-0.26818955,1.7105293,0.30039483
6.3944983,-0.2637999,1.6755567,0.29849663
6.3531075,-0.26088148,1.7402511,0.31829843
6.380417,-0.2603355,1.6964252,0.3116504
6.390834,-0.2760623,1.684212,0.31049895
6.373935,-0.26567912,1.7161338,0.30954155
6.3948536,-0.26199353,1.7281823,0.3030908
6.3898106,-0.26247692,1.6977572,0.30216813
6.403143,-0.2567734,1.7118225,0.2871497
6.387543,-0.25887853,1.7299185,0.30805227
6.4008617,-0.26385093,1.7111187,0.29912198
6.39699,-0.26518065,1.68331,0.30002186
6.3996058,-0.284882,1.6344991,0.30810478
6.408866,-0.27531958,1.6607747,0.32711726
6.3912244,-0.27423787,1.6822524,0.30719554
6.401785,-0.25887597,1.7374303,0.2881927
6.378381,-0.2627039,1.691716,0.2735765
6.387351,-0.26083773,1.7062979,0.28974897
6.377878,-0.25601715,1.7205372,0.30515906
6.3949385,-0.2641611,1.708703,0.30003092
6.3779545,-0.2614882,1.6981521,0.2978325
6.3795276,-0.2742402,1.6865029,0.31270587
6.3852115,-0.268286,1.6846998,0.3187468
6.3902583,-0.27016592,1.7066586,0.30437142
6.351545,-0.26710373,1.6718633,0.28374135
6.3777957,-0.2704509,1.6692278,0.3167243
6.3964643,-0.264081,1.7095315,0.29930258
6.3875904,-0.26126015,1.751301,0.30817166
6.390668,-0.27093446,1.701019,0.30831152
6.3669844,-0.27535695,1.6477733,0.31349364
6.4881663,-0.26188815,1.6597509,0.27436337
6.506463,-0.26667267,1.6225352,0.27001897
6.5092354,-0.26841396,1.675066,0.26497313
6.529529,-0.25119317,1.6614671,0.25863144
6.5491915,-0.24042147,1.6945882,0.25037578
6.5505743,-0.24027234,1.6790538,0.2525165
6.5077167,-0.23297352,1.6893618,0.26430273
6.4863987,-0.22665465,1.6991796,0.2591008
6.527546,-0.22918844,1.6860373,0.25501478
6.5156336,-0.22692692,1.6788621,0.25486428
6.502162,-0.21853179,1.6936142,0.25477177
6.4946995,-0.21836603,1.7264867,0.2568302
6.507956,-0.2068041,1.7393222,0.25768322
6.490825,-0.20277971,1.7687798,0.25835508
6.4829416,-0.20905131,1.7266979,0.25881788
6.494854,-0.1967076,1.7276721,0.2537867
6.5480556,-0.23936415,1.6946282,0.25047964
6.548601,-0.253511,1.6281135,0.25116962
6.49896,-0.22643316,1.7159953,0.2533463
6.5203333,-0.22313237,1.7118149,0.25472525
6.501252,-0.20962489,1.7220895,0.25131458
6.494812,-0.21942252,1.7272966,0.2589113
6.5142,-0.19148135,1.7271817,0.24195123
6.5441523,-0.22460955,1.6979485,0.2424176
6.561694,-0.20647955,1.7405877,0.23980214
6.511945,-0.20479316,1.7555523,0.25006407
6.521802,-0.2116592,1.7120235,0.25149247
6.512625,-0.23272336,1.6912136,0.25613213
6.5087776,-0.22375494,1.6918302,0.2541721
6.5217333,-0.21848905,1.7162566,0.25235802
6.5167575,-0.21289372,1.7178032,0.24779244
6.514167,-0.20400172,1.7138538,0.2512253
6.6126003,-0.22450733,1.764534,0.268083
6.693937,-0.23788077,1.7805607,0.26786
6.773213,-0.2288031,1.7253239,0.25383365
6.503267,-0.22204858,1.7089427,0.25396678
6.545597,-0.21751302,1.7149713,0.2480318
6.5265617,-0.2168982,1.7270021,0.2541432
6.5184903,-0.23506618,1.7018907,0.25897923
6.4934306,-0.23000497,1.7010918,0.2591582
6.5420637,-0.2391184,1.7080071,0.2555207
6.5139246,-0.21167487,1.7297711,0.2540343
6.5228586,-0.22167552,1.7135825,0.2534313
6.491288,-0.14409053,1.7867587,0.24379797
6.472335,-0.10902214,1.7171926,0.24262522
6.471035,-0.1360429,1.7892234,0.24204145
6.4596014,-0.15825742,1.7981207,0.24737898
6.4733105,-0.16400558,1.7917008,0.24860758
6.4597626,-0.16486257,1.8010399,0.25076878
6.4623156,-0.16800499,1.7874625,0.25557578
6.546734,-0.19302624,1.7855382,0.26134545
6.479744,-0.20589763,1.7594485,0.2630054
6.462954,-0.1998511,1.7515109,0.26404846
6.481327,-0.17680144,1.800276,0.2557953
6.505563,-0.17748868,1.832788,0.27407992
6.4626255,-0.1800403,1.8300133,0.27327713
6.46691,-0.17992544,1.8262382,0.2752125
6.4807286,-0.18090177,1.8284605,0.27738193
6.461834,-0.18033212,1.8477149,0.27393323
6.473679,-0.17707294,1.825129,0.2719717
6.560767,-0.17052412,1.839164,0.2627821
6.4438925,-0.17522234,1.799139,0.26494393
6.495323,-0.1779005,1.8478365,0.2747733
6.449693,-0.17976695,1.8269298,0.27574083
6.4646444,-0.18263721,1.8357604,0.2775327
6.5989246,-0.2046392,1.7929583,0.27342123
6.5852346,-0.19923168,1.8418357,0.27507585
6.581822,-0.20840502,1.785574,0.273673
6.5810976,-0.18781179,1.8032503,0.26898175
6.4412966,-0.18862432,1.7846918,0.26667085
6.4324937,-0.19417715,1.7871716,0.270409
6.4491634,-0.2136966,1.7898169,0.27016154
6.420052,-0.24171448,1.7694664,0.284757
6.3760695,-0.25981694,1.7104335,0.3006765
6.370642,-0.26099634,1.7339675,0.31504723
6.3797207,-0.28059608,1.6805153,0.33564
6.4160795,-0.27574742,1.6577039,0.33139712
6.3829193,-0.2903728,1.6696951,0.33470222
6.4092026,-0.30215305,1.6587267,0.33559495
6.3761644,-0.2962705,1.7193651,0.33169335
6.366255,-0.2779156,1.7356148,0.3269288
6.36948,-0.27939457,1.7285109,0.32541955
6.398834,-0.27885246,1.6923378,0.33768708
6.409729,-0.2886905,1.6428747,0.32937717
6.4239388,-0.28449178,1.6348114,0.32820183
6.4030204,-0.28642774,1.6074066,0.30482695
6.4508944,-0.27561545,1.6177464,0.3246055
6.44651,-0.2746901,1.6163332,0.32778853
6.442377,-0.28000408,1.5996106,0.3227739
6.454297,-0.2622053,1.5948625,0.32158816
6.432764,-0.26117688,1.6343639,0.32521486
7.134727,-0.81616473,0.48390722,0.40906763
7.1265087,-0.80957055,0.4874568,0.4094137
7.136778,-0.81767666,0.4750973,0.40684715
7.115656,-0.8142384,0.50196004,0.4115961
7.1030893,-0.8058255,0.50458336,0.41972363
7.1302037,-0.8130607,0.5015929,0.41301602
7.158578,-0.7960026,0.48597574,0.41137987
7.1207113,-0.819378,0.48387563,0.4082567
7.13972,-0.8172009,0.47653174,0.40768003
7.1365986,-0.81691426,0.47058928,0.40533388
7.1858125,-0.7949312,0.49591565,0.41046917
7.1485662,-0.7993298,0.4885993,0.41019446
7.1375237,-0.80566317,0.5044707,0.4189793
7.120283,-0.7955082,0.49505317,0.41991368
7.109695,-0.8154637,0.50151396,0.4140052
7.111782,-0.81921357,0.4965824,0.41052622
7.1275463,-0.80464137,0.50248146,0.41421455
7.1455765,-0.80721587,0.48379886,0.41003132
7.120069,-0.81233406,0.5000868,0.41187263
7.1194754,-0.8027357,0.49319744,0.4182825
7.111931,-0.807817,0.50488913,0.4169761
7.125473,-0.8112464,0.5128646,0.41604
7.1273255,-0.80836904,0.5227821,0.41946554
7.128981,-0.8082787,0.49992847,0.41318464
7.1506433,-0.81225777,0.48845434,0.40871203
7.1418476,-0.8147769,0.48341608,0.40633303
7.1499557,-0.81535554,0.47783303,0.40429235
7.1440077,-0.8140015,0.462062,0.40022653
7.155346,-0.80956495,0.48946023,0.406709
7.12389,-0.82007396,0.48968196,0.4105928
7.1650305,-0.8079316,0.49483156,0.41154173
7.1182203,-0.814472,0.4887309,0.41421536
7.100865,-0.81134975,0.5119523,0.41999784
7.1149445,-0.81358075,0.5011182,0.41558778
7.156104,-0.7950892,0.48858953,0.41064698
7.161007,-0.7941954,0.50337636,0.41525918
7.1252065,-0.814183,0.48590612,0.40684646
7.130561,-0.81760305,0.4853375,0.40927523
7.145495,-0.8207584,0.47958708,0.4071895
7.1683598,-0.8203888,0.4655366,0.398426
7.159177,-0.82088923,0.44842875,0.39233285
7.132458,-0.81317526,0.48007822,0.4045437
7.1307783,-0.82132673,0.47541618,0.40699056
7.134314,-0.8095385,0.49104726,0.40879387
7.12972,-0.8164613,0.49168825,0.41103423
7.094839,-0.8160481,0.50707006,0.41138512
7.123437,-0.807365,0.4842627,0.41138405
7.1179934,-0.81635153,0.49606073,0.4118119
7.146924,-0.8164399,0.48865855,0.4064862
7.16523,-0.79897743,0.47228217,0.41060084
7.146173,-0.80341756,0.4869442,0.41375175
7.109876,-0.8093182,0.50497794,0.41600496
7.110451,-0.81339103,0.5043616,0.41710693
7.1047783,-0.8189122,0.5062063,0.41509843
7.092375,-0.8222916,0.4903617,0.41233158
7.1244392,-0.8157433,0.5094882,0.41418946
7.148452,-0.81229585,0.48606777,0.40778404
7.133216,-0.80279005,0.49265862,0.41251463
7.107153,-0.8059923,0.52879906,0.42158318
7.063542,-0.7896841,0.4831034,0.42928654
7.1157327,-0.7973895,0.49416018,0.4221241
7.0941706,-0.79184103,0.489511,0.42357603
7.1110954,-0.784533,0.5081403,0.4321118
7.013197,-0.7831249,0.59369886,0.44635558
7.020142,-0.8016184,0.55895996,0.44410294
7.023875,-0.78244954,0.5391097,0.4424687
7.0530252,-0.7787616,0.54909515,0.44915557
7.002879,-0.7662818,0.6050124,0.44149256
6.9765844,-0.76431847,0.61932635,0.4335643
6.956453,-0.7369369,0.6779413,0.41319543
6.970681,-0.74951094,0.6646371,0.4263559
6.96346,-0.7842939,0.6132704,0.4254295
6.9587555,-0.7507278,0.5972221,0.42023283
6.9723287,-0.7304583,0.5967593,0.4119573
6.962169,-0.75014955,0.565284,0.42277628
6.987092,-0.78006566,0.5846387,0.4340992
6.986039,-0.78453326,0.55446506,0.42870623
6.978599,-0.7541088,0.58208156,0.4231028
6.9439354,-0.75371057,0.6144471,0.4185478
6.9510465,-0.7548323,0.60023403,0.41927257
6.9568996,-0.7568711,0.5816598,0.42802346
6.938406,-0.7362844,0.57847285,0.41679537
6.961607,-0.69572425,0.7672975,0.41814727
6.9939756,-0.7052958,0.77460694,0.44021994
7.0126815,-0.7019839,0.82715845,0.4352159
7.0022087,-0.6971022,0.82300735,0.43240088
6.979192,-0.7068442,0.75613475,0.42023903
6.9932637,-0.69908404,0.7917918,0.42667735
6.995061,-0.7099234,0.7626183,0.44888842
6.996913,-0.7090503,0.77128696,0.43673173
7.0106564,-0.75035375,0.6885557,0.44740593
6.9945407,-0.7692761,0.63234043,0.44239026
7.0068936,-0.77205527,0.6089523,0.44434252
7.0528693,-0.7788049,0.6274562,0.45592874
7.0495396,-0.7807981,0.59717894,0.446936
6.978221,-0.7749934,0.62891984,0.44747072
6.9916687,-0.7705614,0.61821103,0.44642568
7.010732,-0.76643836,0.61817706,0.44804302
6.998358,-0.7684301,0.62744665,0.44247714
6.989362,-0.7795264,0.6050749,0.44814497
7.0326576,-0.7707446,0.5957358,0.44636685
7.072394,-0.7637727,0.6591649,0.45634252
7.052244,-0.7732417,0.62188816,0.45631444
7.015527,-0.7700406,0.63568854,0.44714034
7.00772,-0.78373325,0.5799575,0.44078654
7.008278,-0.79415655,0.5778799,0.4314391
7.033899,-0.78857535,0.5259397,0.43747026
7.0406055,-0.78094536,0.54853404,0.44661787
7.009507,-0.7729453,0.62699103,0.44690096
6.960391,-0.7615094,0.66891885,0.4351269
6.9726453,-0.7636998,0.6216947,0.4284389
6.940039,-0.7536795,0.5995164,0.42078844
6.971643,-0.7544476,0.6024034,0.42244482
6.950704,-0.7509165,0.6069019,0.42002523
6.988945,-0.7698389,0.62239265,0.43564028
6.9782577,-0.778,0.5956172,0.4333908
7.011298,-0.7897793,0.5242555,0.44453597
7.016076,-0.8024631,0.5765685,0.42894888
7.008602,-0.7949712,0.59691465,0.42299074
7.0244894,-0.8533435,0.6644156,0.43144006
7.0247593,-0.8945521,0.6832943,0.44784167
7.0121903,-0.8969297,0.68619287,0.4515372
7.0004506,-0.8818119,0.6918819,0.45987016
7.035062,-0.8647642,0.68321025,0.44749343
7.03458,-0.8367366,0.6808989,0.43993706
6.99946,-0.8756606,0.6812651,0.45487505
7.0167303,-0.8889283,0.68309975,0.4504913
7.015023,-0.8735972,0.68063784,0.45112622
6.96824,-0.9143991,0.67890763,0.4546848
6.987606,-0.91451275,0.67794037,0.4532935
6.9908037,-0.908149,0.6740768,0.45115513
6.9967127,-0.8984108,0.6853442,0.45199603
7.006345,-0.8914965,0.688571,0.46121764
7.025313,-0.8555407,0.6697948,0.4367295
7.017247,-0.8642905,0.66757977,0.43968275
6.9967976,-0.90796214,0.6805382,0.44912618
6.9543495,-0.9250879,0.6673058,0.45040208
6.972646,-0.91178346,0.6902416,0.45716077
7.039928,-0.8868404,0.6982353,0.4659977
7.0041723,-0.8945898,0.6794696,0.44970542
7.0372195,-0.86519516,0.6851672,0.4408238
7.044203,-0.8442179,0.7068715,0.4401113
7.0530825,-0.85960025,0.7277428,0.46024895
7.045412,-0.8504992,0.72327113,0.44893724
7.0426064,-0.84191096,0.71395254,0.44352558
7.0345488,-0.83105147,0.70616126,0.4353798
7.0301604,-0.8111902,0.67213607,0.42377746
7.043686,-0.82409686,0.6854677,0.4251874
7.0494127,-0.836395,0.718423,0.43808258
7.042687,-0.8340627,0.70397615,0.4396247
7.036105,-0.8606952,0.6726903,0.43618727
7.0507717,-0.8450006,0.731066,0.45179945
7.0430346,-0.8306797,0.71142435,0.43593407
6.994752,-0.78698915,0.6996598,0.4243247
6.976638,-0.77380157,0.6151719,0.44051385
6.966817,-0.76124775,0.6284661,0.43819922
6.953702,-0.7763893,0.59237707,0.43119133
6.9190674,-0.74123627,0.66962326,0.4184877
6.9724774,-0.74914694,0.6597638,0.42304304
7.0002604,-0.7474623,0.6836667,0.44934267
6.959916,-0.729727,0.7784686,0.42340258
6.9431324,-0.74668586,0.65363693,0.40682328
6.9386525,-0.7480303,0.6018746,0.4181879
6.935284,-0.74274445,0.6720029,0.41928485
6.9613013,-0.7593775,0.5811398,0.4240439
6.954377,-0.7507537,0.6344867,0.4341886
6.970766,-0.74600744,0.6950313,0.44025055
6.9695463,-0.73308384,0.7046492,0.43985063
6.988087,-0.7458695,0.7071134,0.44723147
6.979401,-0.7454109,0.69766235,0.4390455
6.984268,-0.73849344,0.70106804,0.44783646
6.997736,-0.74332774,0.7495892,0.44717994
6.9700203,-0.7434969,0.6935916,0.43362552
6.959829,-0.75978535,0.6368406,0.43073487
6.932059,-0.76472795,0.6244799,0.42824334
6.946064,-0.756791,0.608588,0.42357534
6.9409447,-0.7447657,0.61566377,0.4179045
6.963438,-0.75150335,0.61748743,0.4223668
6.9578495,-0.75786114,0.6614523,0.4360621
6.9600163,-0.7377026,0.6213757,0.42165637
6.966587,-0.7576641,0.63437116,0.43850666
6.9937,-0.75169337,0.6747594,0.45024413
6.981318,-0.7636384,0.61124873,0.43939906
6.983964,-0.7831042,0.591141,0.44296372
6.9666867,-0.77361035,0.58276045,0.4320039
6.9576283,-0.74367476,0.6060507,0.4227027
6.966107,-0.76456827,0.5892606,0.41894144
6.9646597,-0.76619077,0.6148615,0.4287389
6.9736047,-0.752547,0.67666066,0.4381268
6.9864116,-0.748147,0.69678366,0.44565332
6.979185,-0.7514803,0.6839756,0.44523394
6.9954014,-0.7572913,0.64739656,0.44493383
6.9942913,-0.76642096,0.6143826,0.44528574
6.973533,-0.77382535,0.6081903,0.43472004
6.9560366,-0.75055397,0.610237,0.4187219
6.9495773,-0.756637,0.6102493,0.41813308
6.9496384,-0.7504593,0.6343579,0.4210471
6.9700513,-0.7756329,0.5962713,0.42494097
6.9669013,-0.76954526,0.61886287,0.43990028
6.9589763,-0.76054615,0.66567683,0.43288758
6.9683824,-0.7684776,0.59988654,0.4320593
6.9683676,-0.7723423,0.59963727,0.43942815
6.9595814,-0.7676655,0.6079385,0.43277472
6.9712973,-0.76322633,0.6111684,0.43266624
6.9594316,-0.78269106,0.5894731,0.43183678
6.9529877,-0.7742665,0.6075609,0.4348928
6.963311,-0.7756511,0.67823136,0.41882467
6.9633093,-0.7441151,0.6964904,0.44173947
6.991145,-0.76722586,0.65383935,0.4487032
6.986603,-0.7615793,0.6758673,0.44394675
7.0066347,-0.75283027,0.6855011,0.4507516
7.011531,-0.7572762,0.6910651,0.45224506
7.047516,-0.7459139,0.69904923,0.45820647
7.0518136,-0.71944916,0.78942823,0.44984335
7.0596523,-0.721004,0.7822597,0.45342004
7.048379,-0.7155006,0.8072685,0.45192236
7.037549,-0.70576596,0.8109777,0.43934602
7.07115,-0.72791487,0.78523254,0.44752604
7.042369,-0.7199877,0.77632546,0.45513767
7.0812073,-0.706338,0.81981194,0.4630322
7.0861206,-0.71513104,0.806172,0.45933795
7.0823445,-0.7175615,0.8111994,0.4434277
6.9698195,-0.7294358,0.72973514,0.43903702
6.96303,-0.7301909,0.72603965,0.43636513
6.9977684,-0.74731827,0.70660114,0.4481529
6.9702168,-0.74013495,0.7207396,0.44806534
6.9490957,-0.7325409,0.68918633,0.4271596
6.9603624,-0.7347181,0.6779988,0.42024714
6.965091,-0.74766546,0.5834036,0.420366
6.955221,-0.7145207,0.7128415,0.41812387
6.979681,-0.76104003,0.6192993,0.43726057
6.9624414,-0.7691351,0.60157704,0.43392146
6.9729977,-0.75537753,0.6112747,0.42745113
6.950698,-0.7706193,0.5935286,0.42926788
6.9876633,-0.7572746,0.6706275,0.4451137
7.0068026,-0.7637938,0.6386155,0.45077938
7.0177693,-0.77462494,0.6235708,0.44798768
6.9739704,-0.7649957,0.6095097,0.43171984
6.98166,-0.77107054,0.6159282,0.44638383
6.999446,-0.77575845,0.62207234,0.4471739
7.0453463,-0.78340286,0.53927827,0.44356185
7.001565,-0.7944593,0.555864,0.43752676
6.986128,-0.75747484,0.58886373,0.4310264
6.9950237,-0.7453083,0.58272254,0.42840886
6.9482203,-0.75312316,0.6397147,0.4190103
6.9642344,-0.7652266,0.6013367,0.41970375
6.9427185,-0.7514348,0.59016347,0.42337945
6.9892178,-0.8364676,0.579883,0.41912138
7.020011,-0.8079462,0.6438098,0.41953844
6.981188,-0.83893466,0.5898812,0.41693544
7.6530323,-0.92015404,0.21968675,0.96601856
7.672966,-0.92161494,0.19338393,0.96070635
7.627328,-0.93140185,0.22854185,0.9650439
7.672449,-0.92980206,0.1869402,0.9538921
7.734042,-0.886296,0.10085666,0.9312666
7.742858,-0.88008404,0.04760158,0.93274057
7.741373,-0.89818925,0.08163428,0.94269884
7.747705,-0.8446021,0.010044932,0.94728523
7.734372,-0.8721752,0.073715925,0.94095004
7.7708244,-0.87737024,0.043055058,0.94925034
7.7817507,-0.89416933,0.029768348,0.9522097
7.7797318,-0.9502842,0.029238224,0.946721
7.7700977,-0.8502748,0.115875006,0.96191186
7.761791,-0.8494708,0.0784359,0.95731646
7.7856646,-0.8855573,0.074718356,0.9534121
7.807202,-0.85098934,0.013653636,0.95977455
7.792564,-0.83988553,-0.08587289,0.9583498
7.794621,-0.8105733,-0.16021341,0.95699775
7.804864,-0.80684286,-0.16288102,0.9611156
7.778043,-0.8062703,-0.2229771,0.96123344
7.8228006,-0.814309,-0.25234413,0.96957976
7.8546333,-0.8072687,-0.17783666,0.9725761
7.865507,-0.83981323,-0.13682663,0.9634419
7.866992,-0.84276146,-0.061327875,0.96459883
7.800043,-0.8564606,0.05765474,0.9637713
7.7232795,-0.8268682,0.052983284,0.9248849
7.6429167,-0.88336325,0.088588715,0.9258242
7.7406282,-0.886199,0.11098218,0.9188573
7.7500978,-0.8876601,0.08923316,0.9146101
7.6665463,-0.8635251,0.039227486,0.93644893
7.7412014,-0.8732211,0.061133146,0.9303138
7.7202406,-0.8723184,0.06964326,0.93380827
7.7109165,-0.865488,0.055629134,0.9223152
7.6854954,-0.87292117,0.07654226,0.9374328
7.677576,-0.87149024,0.067429304,0.95452183
7.718501,-0.89276165,0.106975794,0.94055766
7.728727,-0.9073585,0.0986197,0.9555535
7.6878805,-0.893452,0.14863646,0.9470417
7.7273397,-0.89359736,0.123787284,0.9514503
7.723826,-0.88314146,0.11736083,0.9415576
7.634984,-0.91254276,0.16461349,0.94450873
7.706634,-0.87971646,0.10815263,0.9370009
7.7338567,-0.86824495,0.065849304,0.94724834
7.699192,-0.86527884,-0.021069527,0.94476676
7.7681856,-0.8774757,0.042164803,0.9490925
7.8112016,-0.89700174,0.061585188,0.95830166
7.7897778,-0.8783149,0.074076176,0.956315
7.711022,-0.87316686,0.049340606,0.93195546
7.7157354,-0.86861324,0.010715246,0.94193405
7.622957,-0.8573667,-0.012656689,0.93741095
7.6290073,-0.84484196,0.07109976,0.9199091
7.5761447,-0.8532212,0.009884357,0.92300117
7.5569015,-0.874073,0.00333035,0.9284825
7.671897,-0.9059785,0.1723243,0.9438774
7.730404,-0.8761671,0.06658566,0.92741597
7.774267,-0.86817205,-0.0037451386,0.95042425
7.7806506,-0.8915377,0.092580795,0.91932267
7.56845,-0.8945743,0.062042713,0.93415326
7.6196733,-0.9040471,0.11555958,0.9297569
7.6525135,-0.9007846,0.11638045,0.93140316
7.7263737,-0.8778237,0.08931446,0.94841194
7.7562385,-0.84464234,0.018719196,0.9448445
7.7218385,-0.87980014,-0.024727523,0.94658023
7.72467,-0.87690806,0.08300114,0.935185
7.759714,-0.8767344,0.105406284,0.95868576
7.7191396,-0.8753175,0.08625972,0.93040943
7.662506,-0.88306224,0.053593755,0.9326167
7.56218,-0.8691534,0.013097525,0.9277971
7.6092787,-0.8829309,0.03665924,0.9352946
7.5448227,-0.8785292,0.009226799,0.93085086
7.5555286,-0.8623845,0.013864398,0.9265901
7.597889,-0.87667465,0.052517056,0.9270722
7.5931196,-0.8717146,-0.051287174,0.94083714
7.6969395,-0.7515562,-0.10869968,0.945928
7.7004423,-0.7596958,0.030357122,0.9465605
7.7140493,-0.7756325,-0.008799791,0.94111586
7.707574,-0.7807272,-0.03197813,0.93017614
7.675064,-0.8469815,0.00836134,0.9330075
7.661374,-0.8623693,0.008612394,0.9427426
7.640622,-0.9156628,0.049980998,0.945285
7.461342,-0.9002682,0.02846241,0.9029468
7.4729843,-0.9037664,0.031191468,0.90173584
7.463998,-0.8931099,0.035770655,0.9087907
7.4215755,-0.89140487,0.022532463,0.9166817
7.5305185,-0.8842023,0.038158774,0.9300269
7.6811485,-0.92552775,0.19025695,0.9539567
7.6747804,-0.92248607,0.19404697,0.9491297
7.6778507,-0.9251561,0.1920557,0.9426353
7.675767,-0.89461935,0.16763437,0.95801604
7.670274,-0.9361908,0.21200001,0.9532213
7.667482,-0.94493157,0.2564602,0.95010006
7.685551,-0.9492598,0.26014006,0.9552838
7.668794,-0.9427937,0.2276752,0.9542299
7.6231575,-0.93468887,0.24619055,0.9637804
7.687502,-0.8850591,0.14553547,0.95828384
7.662585,-0.9291089,0.15655875,0.9425262
7.66311,-0.93159664,0.2076801,0.94500226
7.7077475,-0.947354,0.23349452,0.95277035
7.644599,-0.91122955,0.20151198,0.9558668
7.6607695,-0.9280191,0.18261325,0.94557756
7.6354847,-0.8923825,0.10752761,0.9537703
7.677715,-0.8838237,0.10906303,0.92611444
7.6933722,-0.8981318,0.14448547,0.94900537
7.6431994,-0.9042424,0.15104234,0.9466834
7.6342735,-0.8915842,0.09497166,0.9266412
7.6386976,-0.9074789,0.2055831,0.94741464
7.647962,-0.91861874,0.19615233,0.95374334
7.654502,-0.90072036,0.16188884,0.94542515
7.666313,-0.90099025,0.12361157,0.94763124
7.6497955,-0.8797689,0.059667945,0.93574065
7.5971375,-0.8854104,0.0813303,0.9286636
7.569356,-0.88663286,0.069743395,0.9212177
7.5205865,-0.8927183,0.06456971,0.91998297
7.574054,-0.8850738,0.02156794,0.93172896
7.504342,-0.91470015,0.0676837,0.90203655
7.5048904,-0.9017407,0.055496573,0.90122247
7.511691,-0.90405184,0.06700659,0.901961
7.5867634,-0.88775885,0.07242262,0.93895286
7.57918,-0.896555,0.080456495,0.92344874
7.7266808,-0.8806054,0.072785616,0.9265744
7.6775837,-0.86921406,0.041222095,0.9325965
7.689209,-0.80806214,0.037563086,0.929348
7.753698,-0.8824356,0.06607461,0.9441264
7.7905025,-0.8569207,0.022409916,0.94981325
7.7052813,-0.865396,-0.066156924,0.9449578
7.7374363,-0.86779594,0.056170702,0.9344649
7.6777687,-0.840407,-0.0045261383,0.92915416
7.6386666,-0.84382004,0.117610455,0.9261568
7.643716,-0.8399687,0.09430611,0.9231604
7.721532,-0.85285664,0.07230282,0.9245853
7.659179,-0.8370862,0.114142776,0.9260727
7.627535,-0.8566367,0.09117317,0.9200718
7.6300592,-0.84692585,0.11050236,0.92310625
7.566411,-0.84897995,-0.0017715693,0.9140596
7.6020308,-0.8318008,0.058398247,0.91404754
7.634575,-0.85834146,0.09053755,0.9217734
7.637322,-0.8618667,0.15815187,0.91719395
7.606408,-0.8661695,0.027477622,0.9245835
7.540222,-0.8701954,0.013412714,0.9302171
7.5988297,-0.8636279,0.01163435,0.92411155
7.598937,-0.8601742,0.017535806,0.9298066
7.7260346,-0.8367755,0.031721473,0.917242
7.739747,-0.8521408,0.027314425,0.93012536
7.6635466,-0.8620125,0.022061467,0.9241567
7.714322,-0.83099705,-0.01754272,0.9288871
7.6634655,-0.8319236,-0.025382042,0.9308441
7.6442137,-0.83757484,-0.04159701,0.94027996
7.681506,-0.8290431,-0.117912054,0.9445293
7.7140703,-0.83197224,-0.1118418,0.94492257
7.7080874,-0.82876945,-0.12523115,0.94775015
7.7039623,-0.83504766,-0.12936687,0.94631666
7.7115793,-0.8748437,-0.04504335,0.94524914
7.7597637,-0.8764067,0.03635931,0.949062
7.7349195,-0.85788554,0.0077762604,0.94477993
7.763812,-0.8627069,0.069660544,0.9480365
7.7219687,-0.84987557,-0.070248485,0.94243777
7.696997,-0.8246509,-0.14427531,0.94618034
7.734315,-0.81130326,-0.05300945,0.9409889
7.7465124,-0.8085746,-0.049182415,0.9398098
7.70223,-0.8327239,-0.113491654,0.9438962
7.7439613,-0.87408113,0.09567213,0.94090605
7.591235,-0.8899224,0.08004284,0.91878325
7.5400653,-0.89634424,0.07956505,0.9138545
7.554176,-0.89043874,0.0787822,0.9180976
7.5382557,-0.885383,0.057841897,0.9192846
7.603163,-0.8860884,0.07297063,0.93015313
7.539546,-0.8949344,0.08252418,0.91487753
7.516888,-0.89898884,0.07910025,0.9088948
7.719742,-0.8896432,0.09257734,0.9338237
7.725213,-0.87822086,0.09090662,0.9463663
7.7126045,-0.7496871,-0.10453218,0.94622856
7.672661,-0.7285923,-0.15720153,0.9627245
7.6647754,-0.7466743,-0.17694938,0.96501714
7.6556845,-0.7500369,-0.18209398,0.9642955
7.672944,-0.7332144,-0.15811628,0.95816135
7.6508327,-0.7350602,-0.14164293,0.9603376
7.681597,-0.7670076,-0.22226703,0.9644039
7.6694055,-0.7728007,-0.1951654,0.9608811
7.6646395,-0.7269308,-0.2039851,0.96387345
7.6586943,-0.7318499,-0.19229877,0.96619904
7.654173,-0.7393291,-0.15163052,0.95644206
7.680719,-0.78679395,-0.16334224,0.9531807
7.719893,-0.7963944,-0.18835175,0.9524058
7.703861,-0.78660506,-0.20782268,0.9565504
7.6804886,-0.7690495,-0.22372854,0.9627353
7.6831837,-0.7196684,-0.18531466,0.95921576
7.6675215,-0.7252204,-0.18130624,0.9598841
7.7116547,-0.77917343,-0.19921386,0.95959455
7.7344546,-0.7866433,-0.2949856,0.96437943
7.7680063,-0.8099772,-0.17423737,0.95964044
7.8207474,-0.8160481,-0.18582422,0.95979285
7.78341,-0.7796886,-0.27795017,0.9691548
7.8115025,-0.7866414,-0.2588724,0.9705404
7.8152127,-0.7949356,-0.2477771,0.9680542
7.8015747,-0.8076265,-0.1788348,0.9621891
7.754901,-0.8099649,-0.15306425,0.9549262
7.7653017,-0.8039175,-0.19781578,0.95738775
7.734013,-0.8007905,-0.13710868,0.9504258
7.7762666,-0.8256155,-0.141419,0.95503944
7.753058,-0.82094836,-0.1268791,0.9516785
7.792281,-0.84914273,-0.008034527,0.9525977
7.7526355,-0.85681224,0.044936657,0.93578124
7.7415266,-0.88081664,0.033919692,0.9384521
7.742541,-0.8807145,0.0786705,0.94656336
7.770399,-0.862736,0.030986667,0.92474985
7.6608,-0.8479332,0.09669614,0.9262699
7.7345705,-0.83245283,0.046062827,0.9251
7.6148577,-0.84861493,0.0014060736,0.9203446
7.669494,-0.8280968,-0.025840282,0.9235738
7.6094093,-0.84519196,-0.040271163,0.93292004
7.5966153,-0.86770856,-0.063378215,0.9346149
7.690454,-0.86046594,-0.050856113,0.946617
7.7569513,-0.83291334,-0.08841789,0.94893944
7.7487955,-0.8216199,-0.12973744,0.95274305
7.7720623,-0.8315458,-0.118249536,0.9555119
7.792486,-0.79595184,-0.23446655,0.96608317
7.7670345,-0.7816719,-0.2557187,0.96414053
7.733874,-0.7872052,-0.30820632,0.96173817
7.736328,-0.7682517,-0.28122944,0.96601933
7.7363605,-0.7795161,-0.22376168,0.9597384
7.7454023,-0.8118136,-0.17423475,0.95475227
7.8021593,-0.81808865,-0.14279282,0.9580172
7.7712507,-0.81816435,-0.12399709,0.95634097
7.766944,-0.7909204,-0.18183345,0.9614645
7.76639,-0.79113805,-0.28983748,0.9667604
7.7920012,-0.7742297,-0.29101872,0.970745
7.6985483,-0.7814529,-0.19634402,0.9566135
7.7202177,-0.7838759,-0.23777413,0.95930123
7.6650977,-0.75734454,-0.19682014,0.9609663
7.678614,-0.7729678,-0.21077824,0.9607731
7.640402,-0.7740907,-0.15118349,0.95624864
7.634097,-0.7600122,-0.12148738,0.95629054
7.660841,-0.74972034,-0.111481786,0.95080465
7.6800823,-0.75657475,-0.10757434,0.94331884
7.717531,-0.7716054,-0.08888024,0.94585687
7.755223,-0.8289307,-0.013326347,0.9447321
7.7686844,-0.83721435,-0.08825648,0.94954795
7.778245,-0.88584757,0.03185582,0.947515
7.759924,-0.8731829,0.03624046,0.9358844
7.730784,-0.87447256,0.06312299,0.93186
7.7420197,-0.8809641,0.06268048,0.9466413
7.7857084,-0.86941606,0.037223935,0.9525734
7.765008,-0.8606282,0.05384004,0.928441
7.7334423,-0.8495543,0.031790257,0.9346243
7.682836,-0.8606488,-0.0021357536,0.94204384
7.7447243,-0.8553008,-0.0008826256,0.9478878
7.770834,-0.8373368,-0.027472138,0.94991255
7.783244,-0.843723,-0.029617071,0.9494755
7.6020966,-0.88880223,0.020540237,0.93518895
7.524871,-0.88848704,0.066417575,0.91053784
5.754861,-0.5801102,0.12959301,0.9119209
5.850238,-0.58053625,0.19877696,0.91356003
5.8485785,-0.5523145,0.20085633,0.9201807
5.834527,-0.5383091,0.1887846,0.9227949
5.8221035,-0.5514055,0.21163142,0.92274487
5.802311,-0.548644,0.20412982,0.92727745
5.822369,-0.5673507,0.23635149,0.9199951
5.8199644,-0.564093,0.21989405,0.92427623
5.8297577,-0.56077194,0.22652566,0.91741484
5.8093176,-0.57098055,0.12642455,0.91688895
5.791994,-0.59242606,0.16123879,0.9137708
5.813547,-0.59094024,0.27707863,0.9150444
5.77977,-0.57524407,0.2569071,0.9234942
5.8059187,-0.5830221,0.26092732,0.91689867
5.7841706,-0.5940579,0.27389216,0.91491616
5.7962165,-0.58266926,0.104439735,0.9008144
5.7888703,-0.5566956,0.0917747,0.9148598
5.7670574,-0.5798118,0.124585986,0.8994354
5.8102455,-0.55386937,0.099410534,0.91067207
5.865732,-0.54131675,0.13655889,0.9142423
5.8198943,-0.5679643,0.12723064,0.91428584
5.792675,-0.56626153,0.1060977,0.9156409
5.762624,-0.5614461,0.09604132,0.9088903
5.8098793,-0.5703822,0.102483034,0.9186131
5.817435,-0.5560952,0.08097553,0.91642964
5.834133,-0.57449126,0.11486435,0.91717714
5.7868514,-0.56386006,0.1733737,0.91050637
5.7868724,-0.5620115,0.13955712,0.91207325
5.8085713,-0.57781947,0.12580502,0.91383207
5.797801,-0.54107046,0.0528332,0.9139926
5.7470427,-0.53629816,0.056951523,0.89627767
5.727388,-0.5753764,0.08630967,0.9076394
5.729113,-0.57700074,0.07760382,0.9048016
5.729234,-0.5768455,0.06818831,0.8970493
5.771602,-0.6293682,0.094083905,0.8851296
5.7449446,-0.61828655,0.16585803,0.89426315
5.767479,-0.5848966,0.118661046,0.89891565
5.7353077,-0.62160754,0.1355648,0.900795
5.715686,-0.6064009,0.19975722,0.9009527
5.821215,-0.59339833,0.17428493,0.9091284
5.820461,-0.56485057,0.17169929,0.9121143
5.7951655,-0.5762731,0.12467456,0.9148943
5.730841,-0.5885235,0.08724797,0.907477
5.7535453,-0.57037246,0.12838483,0.90624654
5.8058615,-0.5664763,0.15116012,0.910133
5.8145714,-0.59721863,0.20084357,0.90416217
5.7959394,-0.58912003,0.16321993,0.9043263
5.771447,-0.60352594,0.1635735,0.899602
5.7786813,-0.5785589,0.18252254,0.9071905
5.714838,-0.58865464,0.073607326,0.90821856
5.7236834,-0.59840834,0.16338754,0.89935464
5.8203216,-0.5768144,0.22447324,0.90887487
5.8192415,-0.5722778,0.18506289,0.9096533
5.7995157,-0.60758036,0.25329566,0.9051124
5.719959,-0.60827553,0.26376486,0.9047949
5.7160196,-0.611408,0.2637242,0.9097296
5.7821655,-0.60606253,0.2666682,0.90767634
5.829869,-0.58022594,0.24181235,0.91264194
5.8450413,-0.57335365,0.21592057,0.91092587
5.8133874,-0.58550024,0.26920664,0.9176671
5.84453,-0.57843494,0.1686387,0.9150897
5.828143,-0.55954254,0.11857295,0.9146337
5.8232017,-0.57883835,0.21584094,0.90872276
5.769029,-0.5617975,0.12378931,0.9103053
5.7301564,-0.5845679,0.08917475,0.8954986
5.7983413,-0.57086706,0.07228422,0.9170158
5.751256,-0.56653357,0.1163038,0.910709
5.806916,-0.5522685,0.11342406,0.9124856
5.766035,-0.635051,0.078685164,0.8918347
5.815849,-0.6416872,0.20298028,0.8863123
5.727696,-0.6184665,0.23757577,0.89811885
5.696678,-0.63029546,0.22778046,0.8947536
5.8372774,-0.6351722,0.2738893,0.8908123
5.813393,-0.65577316,0.14860702,0.88351005
5.8346033,-0.65200126,0.17267084,0.88300335
5.838167,-0.66632676,0.17249489,0.87952685
5.854578,-0.65805084,0.20107031,0.88333577
5.6929874,-0.6425938,0.24999905,0.8855183
5.795452,-0.6421649,0.12969255,0.8900016
5.697196,-0.6206568,0.18266273,0.9008592
5.6984487,-0.6307563,0.21963227,0.8956974
5.646565,-0.6042602,0.12700307,0.89687675
5.7479534,-0.6168351,0.12132883,0.8936907
5.760064,-0.6394763,0.26691556,0.8903927
5.662792,-0.6298679,0.21707535,0.8937625
5.606582,-0.62250394,0.18037033,0.88765943
5.601407,-0.624086,0.21968555,0.8801168
5.617895,-0.63779724,0.22263062,0.8807147
5.636506,-0.6578717,0.23340964,0.8816973
5.6214566,-0.638734,0.21598911,0.8830209
5.6071463,-0.623371,0.21462119,0.88320625
5.623009,-0.62961423,0.19418502,0.88279814
5.620369,-0.634555,0.18798101,0.8821926
5.6383567,-0.64754176,0.19894838,0.8791944
5.6349716,-0.6538369,0.23835325,0.8742881
5.6361775,-0.6518956,0.1998167,0.87858355
5.6175303,-0.64318544,0.21258223,0.8800033
5.607889,-0.6391865,0.21256614,0.8797756
5.603176,-0.6285401,0.23152196,0.8825798
5.6181335,-0.632007,0.18720675,0.8840481
5.60743,-0.63308954,0.21565735,0.8819517
5.5865417,-0.6304542,0.23898828,0.8791494
5.594702,-0.6276481,0.22373462,0.8786057
5.6223197,-0.6416199,0.22467923,0.8810239
5.6245356,-0.6459513,0.21174514,0.8809597
5.6282415,-0.6479418,0.18293166,0.87662536
5.638912,-0.66019034,0.233809,0.87374043
5.6579714,-0.65577185,0.22038364,0.8791571
5.683374,-0.6576359,0.23979938,0.88268125
5.6281214,-0.6463957,0.20206189,0.880478
5.638105,-0.6470577,0.17547596,0.8796569
5.5966907,-0.64733285,0.12174535,0.8813547
5.6040144,-0.62301284,0.1826185,0.88567126
5.605252,-0.6124542,0.09925854,0.8868375
5.606972,-0.62063587,0.16441941,0.89177656
5.622871,-0.6183411,0.18250775,0.8914118
5.820044,-0.6211867,0.21194386,0.8918856
5.6928654,-0.61763763,0.20591211,0.8975701
5.685026,-0.6093738,0.1708219,0.9020379
5.7727895,-0.59341353,0.14174223,0.90465546
5.774948,-0.60837805,0.17117906,0.8993395
5.7097235,-0.6073985,0.18896723,0.90433633
5.7747498,-0.6135889,0.19591403,0.90231025
5.745575,-0.6189914,0.16114962,0.89921004
5.701961,-0.62466383,0.1778177,0.8914882
5.626122,-0.62098753,0.21163833,0.89215696
5.7879505,-0.6180894,0.1535312,0.89457935
5.62499,-0.6290549,0.18016827,0.88854104
5.6345053,-0.6197954,0.20830774,0.88864267
5.609899,-0.62504816,0.16601491,0.8883614
5.6759596,-0.63506603,0.21422052,0.89194596
5.7480955,-0.6507312,0.2833153,0.889377
5.694572,-0.6535645,0.24418879,0.88518
5.6345243,-0.6280091,0.17535293,0.89099425
5.683214,-0.6461345,0.2475903,0.8888935
5.711768,-0.636052,0.18793654,0.8921545
5.6851454,-0.6156461,0.18214512,0.9003657
5.7601314,-0.5841019,0.12052512,0.9000734
5.7934036,-0.5633662,0.14395452,0.9116856
5.7462463,-0.55072975,0.0961982,0.90641296
5.7569532,-0.55521125,0.11400461,0.90524733
5.7362905,-0.60420656,0.1279285,0.895506
5.8087296,-0.6346464,0.29527497,0.8925738
5.6956606,-0.62886524,0.17604804,0.8971239
5.693676,-0.63081586,0.18645597,0.89160043
5.7717466,-0.6347016,0.17468083,0.8893654
5.700993,-0.6297552,0.24194098,0.89458174
5.737391,-0.59683025,0.14493442,0.9018315
5.5949783,-0.6150869,0.2000966,0.8905027
5.584112,-0.60991585,0.20034671,0.8910232
5.6490583,-0.61119795,0.17554927,0.8940133
5.58072,-0.6004446,0.06817365,0.8895901
5.5864544,-0.60841936,0.029696941,0.8793663
5.590813,-0.63519883,0.100114584,0.88148224
5.639264,-0.6178249,0.21463525,0.89334935
5.7584815,-0.63914454,0.22240615,0.89073426
5.64069,-0.61524886,0.19975495,0.89762986
5.745254,-0.6199229,0.12332404,0.8949129
5.631956,-0.604117,0.18790925,0.8942159
5.673234,-0.609089,0.1858201,0.89835095
5.8239274,-0.624019,0.25614417,0.89370704
5.844058,-0.63359773,0.28604412,0.892743
5.7210393,-0.6298007,0.25813544,0.89623266
5.621212,-0.6060165,0.21539867,0.89442074
5.626377,-0.6289926,0.17707598,0.89152074
5.6188726,-0.60207796,0.20172,0.8958174
5.6277933,-0.595819,0.17680109,0.8997645
5.742367,-0.5876473,0.12837005,0.89907086
5.753037,-0.6016985,0.17190588,0.9026908
5.710592,-0.6139517,0.23326612,0.8996789
5.676909,-0.63521385,0.24424839,0.88829803
5.653541,-0.656765,0.12657094,0.8816702
5.6579256,-0.6398556,0.18369496,0.8888373
5.7719364,-0.6249617,0.22896898,0.89144766
5.69068,-0.62777007,0.20431983,0.89814824
5.7890673,-0.60439336,0.2239281,0.9025744
5.755768,-0.61352897,0.16388011,0.89674205
5.746079,-0.62466717,0.2365303,0.8987149
5.762421,-0.62062633,0.18132234,0.89722174
5.7818522,-0.63658834,0.2728567,0.8942106
5.6158032,-0.60424304,0.16529787,0.897478
5.6370564,-0.5906637,0.06918597,0.9036216
5.6094637,-0.5719944,0.029698372,0.9007753
5.602156,-0.576227,0.075195074,0.89686906
5.5955276,-0.5794194,0.10071421,0.9036809
5.5782495,-0.5704744,0.070159316,0.89945716
5.6109715,-0.5975927,0.07822573,0.8969575
5.5989766,-0.59539723,0.18570471,0.8935927
5.5654216,-0.5936151,0.19324863,0.8937189
5.5532207,-0.5939955,0.20482993,0.88730407
5.573569,-0.5960854,0.17927599,0.89005816
5.5910807,-0.59447455,0.09669042,0.90041834
5.769255,-0.61694455,0.16854489,0.8964221
5.739937,-0.6126348,0.2125988,0.9033183
5.782792,-0.6253212,0.17113209,0.894343
5.720795,-0.64251757,0.24488807,0.89134383
5.734855,-0.63350767,0.17768168,0.89371526
5.772888,-0.64646566,0.31217718,0.8909357
5.7201023,-0.64926946,0.25698042,0.89192986
5.617338,-0.61391795,0.18216157,0.89224875
5.7982407,-0.62084067,0.23511887,0.89207464
5.675447,-0.58971447,0.07668984,0.904971
5.759001,-0.5755465,0.075941086,0.89474463
5.7581367,-0.53946555,0.05179596,0.9034709
5.7847757,-0.55267215,0.10506344,0.9110297
5.8070827,-0.5270244,0.023695588,0.90124124
5.7466445,-0.5524789,0.072493315,0.9048195
5.7385354,-0.55744046,0.051147938,0.9035975
5.6494255,-0.5489969,-0.030899525,0.91064304
5.62238,-0.55279005,-0.0013644695,0.9091803
5.607553,-0.5669298,0.022168398,0.91404575
5.6170816,-0.57802707,0.04194057,0.9134251
5.6931405,-0.60508704,0.0830487,0.90486455
5.797868,-0.57027185,0.119470835,0.9111154
5.8060145,-0.5468973,0.08809531,0.91389096
5.752681,-0.5804831,0.13411617,0.9020674
5.7692556,-0.5904937,0.1508472,0.902068
5.694867,-0.61268246,0.15415192,0.9044354
5.7293696,-0.5566342,0.07571936,0.90949905
5.798578,-0.56590164,0.09502959,0.91688716
5.8202977,-0.58004665,0.15011191,0.91152394
5.7897773,-0.5771541,0.13067102,0.91155493
5.8134713,-0.56924456,0.2424593,0.9207463
5.830733,-0.5647986,0.23829806,0.920221
5.775526,-0.56575817,0.24314845,0.92466897
5.8250036,-0.5632304,0.23370719,0.9205218
5.8387675,-0.55007184,0.19138491,0.9247855
5.819369,-0.57569367,0.09661281,0.91708004
5.7754073,-0.56709325,0.10830164,0.9092984
5.7597027,-0.5800468,0.11332786,0.902197
5.761776,-0.5559877,0.0793767,0.91233075
5.757162,-0.5705196,0.14248133,0.90347576
5.7910237,-0.59191513,0.2081126,0.90440184
5.698409,-0.6049695,0.15665162,0.90253854
5.8174334,-0.5699788,0.17035615,0.90792024
5.86339,-0.5823786,0.22331178,0.90777147
5.834895,-0.56727827,0.19695032,0.9149211
5.808466,-0.5572101,0.12993288,0.91342056
5.7583303,-0.58317935,0.14998937,0.905555
5.7717066,-0.57658935,0.11527872,0.90773994
5.765136,-0.57388115,0.11414695,0.90733445
5.767165,-0.54794896,0.07763839,0.9060165
5.8252845,-0.53631866,0.04488516,0.9093031
5.780845,-0.5304638,0.040483713,0.9046124
5.5864706,-0.5612471,0.011142254,0.90200114
5.6099524,-0.551939,0.011730194,0.91329837
5.615069,-0.5709877,0.01980257,0.90844476
5.6687813,-0.5728885,0.033092618,0.91419274
5.740886,-0.59819484,0.041644454,0.89839494
5.767459,-0.55479175,0.11193359,0.9137253
6.345229,-0.05655557,1.0236287,0.90644675
6.263714,-0.059327424,1.0481925,0.9075728
6.3332486,-0.06017798,1.0166712,0.9124056
6.322105,-0.061828494,0.8985317,0.92375
6.326324,-0.060725152,1.0155182,0.91741765
6.360224,-0.05171311,0.9680009,0.9148494
6.354126,-0.062329948,0.99876976,0.91793275
6.3530774,-0.046816766,0.93250036,0.9195062
6.321396,-0.065036714,0.96960735,0.92162824
6.3664904,-0.053411305,0.9523673,0.91969395
6.2736855,-0.06418103,1.0268517,0.90625197
6.296879,-0.057961524,1.0407772,0.9064247
6.2769775,-0.0479728,1.0668206,0.9050368
6.357509,-0.062574446,0.9140935,0.9240981
6.3376336,-0.05390364,0.9575274,0.92310613
6.358214,-0.06129235,0.97082853,0.92033553
6.379529,-0.04920852,0.9964235,0.8969573
6.2850957,-0.068635404,1.0256901,0.9041082
6.2519875,-0.0635789,1.0070083,0.9007331
6.3170786,-0.0691849,1.0115087,0.9113115
6.313767,-0.06745714,1.0111063,0.90720034
6.2892065,-0.065343976,0.91883945,0.92756647
6.277362,-0.06998235,0.8945818,0.9277076
6.2339287,-0.059251606,0.87105703,0.9338438
6.2141247,-0.11050266,0.8565103,0.9379021
6.240801,-0.09207296,0.8565664,0.93287176
6.2632513,-0.059128404,0.9271933,0.9312116
6.224208,-0.07458049,0.85151243,0.942821
6.248286,-0.05954212,0.88004863,0.9356066
6.2616234,-0.061624706,0.87942064,0.9339224
6.2658854,-0.06364256,0.87852764,0.930537
6.250499,-0.063574076,0.8763232,0.9350426
6.2661953,-0.058282197,0.89162946,0.9310311
6.335307,-0.06828612,0.8937601,0.9283008
6.3173866,-0.07672715,0.8877773,0.9238019
6.2604275,-0.08534193,0.9171026,0.91426
6.2653766,-0.09605706,0.8935698,0.916132
6.2842417,-0.09317601,0.9212103,0.9064671
6.314384,-0.094182074,0.8915421,0.91322976
6.273125,-0.09810102,0.88801074,0.9134341
6.2831297,-0.09590292,0.90152764,0.9118733
6.280125,-0.09336233,0.88359404,0.9107394
6.2644887,-0.09326762,0.876099,0.9178818
6.284223,-0.08606827,0.89708173,0.90864545
6.2578487,-0.087625444,0.88460684,0.9231583
6.2787805,-0.076455355,0.90575266,0.9034624
6.327071,-0.070212066,0.9338541,0.92108524
6.3316994,-0.054396927,1.0306888,0.900276
6.324114,-0.06998956,0.9944372,0.91544163
6.357725,-0.060680866,0.92708457,0.90283906
6.3204193,-0.05327785,1.0353444,0.9014371
6.294232,-0.05837238,1.0142126,0.8981454
6.3369966,-0.043375254,0.9231714,0.9202607
6.3246202,-0.065470934,0.9221232,0.92304456
6.307297,-0.0705806,0.90670407,0.9227534
6.3516016,-0.06598425,0.9151571,0.9246181
6.336608,-0.05213213,0.93504286,0.92189586
6.349848,-0.044671953,0.9289212,0.924115
6.33534,-0.05780536,0.94439936,0.9238792
6.295374,-0.0627985,0.9744916,0.92070866
6.3538246,-0.04445076,1.0171893,0.89350486
6.3534408,-0.049498916,1.0123866,0.8963387
6.362128,-0.054357708,1.0058894,0.90015614
6.338457,-0.048112154,1.0431759,0.8979439
6.367477,-0.06014657,1.0064616,0.9230559
6.341232,-0.052039325,1.0429056,0.9193908
6.3370476,-0.058559477,1.0237966,0.9128216
6.287038,-0.057394683,1.039227,0.90716803
6.2588463,-0.0712288,1.0076733,0.9149229
6.298235,-0.0682835,1.012728,0.90445495
6.277377,-0.06132549,1.031743,0.9100903
6.240967,-0.061425805,1.0361309,0.891606
6.2648625,-0.04978454,1.048295,0.9023802
6.3077474,-0.049493432,0.9683323,0.8800747
6.401326,-0.039537787,1.0538764,0.85365695
6.411708,-0.026698112,1.0152555,0.8887482
6.4005203,-0.023507774,1.0136175,0.8890656
6.4272594,0.00031793118,0.9880551,0.8820166
6.4216657,0.022027016,0.9829725,0.86356455
6.447685,-0.027697086,1.0183702,0.84857666
6.460111,0.024662137,1.0449674,0.846376
6.4464893,0.0046961308,1.059967,0.8720729
6.4539776,-0.010359168,1.0181727,0.839791
6.454089,0.003792286,1.0509198,0.83966434
6.4667587,0.0018372536,1.0716507,0.8394216
6.466491,-0.0064222217,1.0669038,0.8743456
6.3766675,-0.026085198,0.91523623,0.8853173
6.357819,-0.012780011,1.0574181,0.8753697
6.37024,-0.012642324,1.0571132,0.8688334
6.4433136,-0.009200513,1.0797987,0.8734755
6.373324,-0.048401535,0.9150531,0.88632405
6.353031,-0.02347505,0.91334236,0.88325757
6.395342,-0.0014228821,0.9403279,0.8785556
6.391287,-0.028908491,0.9514513,0.8790483
6.3673143,-0.025379002,1.0424824,0.87990624
6.3296914,-0.038992822,0.9909655,0.8824008
6.3638563,-0.043616116,0.93009865,0.8926049
6.422302,-0.022872806,1.0017464,0.8892188
6.350133,-0.03300965,1.0133607,0.89121944
6.4193053,0.05044651,0.98578024,0.86776364
6.4159803,0.05048096,0.94911456,0.8627008
6.417019,0.030863881,0.97038615,0.87534684
6.4196024,0.026068807,0.9637258,0.86734253
6.4288936,-0.00428164,0.98453426,0.8812106
6.408597,-0.021807909,1.0385714,0.8809771
6.4301796,-0.00981909,1.0124917,0.88310325
6.3780203,-0.023236454,0.9800947,0.874879
6.4167395,-0.03297001,0.9253193,0.8895081
6.390145,-0.025018096,0.9345906,0.88512117
6.3749657,-0.032358408,1.0068278,0.8727647
6.4053154,-0.041339695,1.0173411,0.8635595
6.454793,-0.017057061,1.0772932,0.88216114
6.3776546,-0.041404307,0.9918089,0.86998403
6.415618,-0.049368203,1.0005984,0.8973336
6.348318,-0.030579269,1.0061977,0.87467176
6.3561745,-0.04697025,1.061254,0.9198603
6.3365936,-0.05715406,0.9591987,0.91662216
6.354922,-0.042829335,0.93355334,0.923612
6.33528,-0.06248015,0.9537027,0.92473215
6.372756,-0.06283206,0.9257499,0.92796916
6.374689,-0.0693624,0.9285923,0.929062
6.379525,-0.05724758,0.92858577,0.9273715
6.316758,-0.06998986,0.9367838,0.92323816
6.3509207,-0.05687213,1.0428553,0.9139878
6.3349257,-0.053060412,1.0180037,0.90019035
6.3416977,-0.043403924,1.0581551,0.9035551
6.2519712,-0.071232855,0.98433065,0.905714
6.353243,-0.052055538,1.016917,0.89957964
6.3541555,-0.053739786,0.95708954,0.9242858
6.364215,-0.038539767,0.93673205,0.88723385
6.385302,-0.0312078,0.9352267,0.8836167
6.395809,-0.018893719,0.9137157,0.8800225
6.3317604,-0.04043877,1.0138459,0.8745627
6.3854504,-0.023763537,0.9875028,0.8933996
6.3977904,-0.038352966,1.0239382,0.8875096
6.392379,-0.03353083,1.0115762,0.86096644
6.414895,-0.03145027,1.0206642,0.90324205
6.360866,-0.03610325,0.9805958,0.86474425
6.357798,-0.039385498,1.0004034,0.869721
6.364536,-0.033175886,0.9898057,0.87340975
6.4399333,-0.029257953,1.0106635,0.89486176
6.427779,-0.01946187,1.0119681,0.8806411
6.425062,-0.013402998,0.9883027,0.8810693
6.448578,0.05602026,1.0459049,0.83917487
6.4697504,0.05088532,1.0281351,0.8223962
6.4798274,0.043156505,1.0977445,0.7969419
6.4437866,0.04811716,1.0254908,0.79646945
6.3844147,0.050656438,1.0178051,0.80276287
6.396413,0.060960054,0.9870298,0.79955876
6.3634644,0.056527495,0.9683113,0.79014367
6.395051,0.07162273,0.96534646,0.805524
6.3987446,0.06807625,0.96264076,0.80074537
6.3833065,0.0751605,0.94725585,0.7969143
6.401571,0.08783007,0.9273665,0.7994046
6.417321,0.09367192,0.9152565,0.8016212
6.444291,0.10009003,0.92979395,0.80364716
6.449482,0.0990324,0.9390651,0.80387294
6.4751234,0.107973576,0.9324157,0.80232364
6.442155,0.09344101,0.9227464,0.79897255
6.4502387,0.10993481,0.79416776,0.80094177
6.463279,0.10890472,0.7926471,0.7999225
6.4421496,0.099027514,0.8134748,0.80007684
6.4439154,0.09642625,0.8710282,0.80047405
6.4204583,0.09016228,0.8543674,0.80137616
6.4109144,0.09363222,0.84765184,0.7993618
6.4047136,0.092986345,0.8217716,0.8003953
6.418745,0.08873832,0.93959296,0.8016082
6.3932276,0.08122659,0.93750155,0.8050106
6.4212785,0.061980367,0.9591738,0.8028267
6.431141,0.09275663,0.96041393,0.81216115
6.4092093,0.09237623,0.9523504,0.81270766
6.457565,0.08904827,0.9907205,0.8085031
6.418083,0.09205985,0.96295214,0.8108582
6.477926,0.10003042,0.94383454,0.8059519
6.4573736,0.09893608,0.9497173,0.8045446
6.4695597,0.08675766,0.9594302,0.8071505
6.446218,0.09168756,0.94997597,0.8026773
6.448706,0.10005009,0.95942163,0.8057868
6.4539156,0.09085882,0.97102046,0.81020486
6.4517536,0.09386599,0.95273876,0.8063721
6.4530296,0.106980205,0.93749654,0.8089237
6.450218,0.092879176,0.94807553,0.8067421
6.440975,0.08509457,0.9574144,0.8021703
6.445801,0.100940466,0.91218793,0.8001801
6.437286,0.10016382,0.9164574,0.7992078
6.4204617,0.09272921,0.79641986,0.80113417
6.405403,0.09475291,0.7916403,0.7985403
6.3995385,0.078784704,0.82625914,0.80086696
6.3859186,0.06687939,0.79602504,0.7990934
6.403298,0.0722388,0.7605958,0.80153
6.3802667,0.06710982,0.79749155,0.79138696
6.3738003,0.07082164,0.8994591,0.7958195
6.385687,0.066470504,0.8101635,0.8025985
6.409809,0.08105838,0.9189235,0.79785234
6.402358,0.079437256,0.92387235,0.79779077
6.3920536,0.07363725,0.9250879,0.8019732
6.383837,0.06470132,0.97765255,0.8069307
6.4001865,0.064092755,0.98640394,0.8131069
6.3820367,0.06639767,0.9693575,0.8186876
6.4064965,0.075944304,0.9347085,0.8000249
6.454598,0.10270727,0.94082737,0.8051158
6.4830847,0.10574198,0.93354976,0.7999466
6.470022,0.094916224,0.9707445,0.8017133
6.4217434,0.09366226,0.9606166,0.80862916
6.4177065,0.08980775,0.958392,0.8088077
6.366764,0.070370436,0.9643259,0.817197
6.381611,0.08494055,0.9400332,0.81172293
6.44909,0.094693184,0.9640672,0.8101789
6.440648,0.08747387,0.9655266,0.810491
6.422774,0.09240723,0.9629612,0.81254905
6.389934,0.07810545,0.953213,0.8054597
6.4508696,0.09203851,0.95539725,0.8073815
6.4153614,0.08679342,0.96376574,0.8081789
6.4743104,0.10116792,0.9558947,0.8074504
6.4265375,0.08803415,0.967121,0.8081782
6.397318,0.07521653,0.9892616,0.8091193
6.393521,0.067290545,0.9619844,0.79881525
6.364702,0.08207321,0.8033478,0.7990943
6.3472996,0.055389047,0.8996937,0.7904478
6.359649,0.060813427,0.8919376,0.79091305
6.3721476,0.029267788,0.92178845,0.7823561
6.424902,0.008407593,0.9667469,0.7826146
6.49195,-0.002901733,0.9595394,0.78405875
6.4987416,-0.005396664,0.9528116,0.7821914
6.449163,0.0023691654,0.9489646,0.78108114
6.497903,0.011444807,0.9812784,0.7867642
6.498763,0.010718942,0.9756644,0.78293854
6.4967093,0.018467307,0.97670114,0.7849072
6.4808073,0.012468219,0.96214414,0.7782653
6.4415083,-0.022268534,0.936404,0.78652275
6.4625263,-0.009270608,0.96178377,0.7860213
6.482995,-0.012807071,0.93665755,0.7851316
6.4957504,-0.024314463,0.92765605,0.78828126
6.4845076,-0.019171953,0.92563725,0.7864815
6.495954,-0.019613862,0.9331422,0.7873785
6.470546,-0.015045583,0.94437087,0.7860929
6.4803667,-0.0021637678,0.9344002,0.78207994
6.4594607,0.020111084,0.95293474,0.7772866
6.505873,-0.011425674,0.9209447,0.7825726
6.4438696,0.02026403,0.9556198,0.7824875
6.4212685,0.023125887,0.96055996,0.7840977
6.4497027,0.018553615,0.956336,0.7813314
6.4728174,0.030838847,0.9655578,0.7877524
6.5195985,0.022412777,0.9824239,0.7883859
6.5182757,0.014713407,0.99254906,0.7909298
6.62595,0.033725858,1.0408611,0.7897086
6.6496377,0.02399075,1.05386,0.7892962
6.626642,0.031928778,1.0584843,0.78916556
6.646926,0.0163908,1.0410328,0.7939558
6.5580754,0.01763308,1.0215437,0.79379404
