-0.13223876,0.28326502,4.555028
0.154228,0.024172831,0.23041387
-0.022209963,-0.019640757,10.982362
0.3353273,-0.24500118,7.741883
-0.15752105,0.44006073,-4.3800373
0.043981522,-0.2976773,8.566048
-0.0044643898,-0.20549373,2.4703174
-0.051649045,0.16615275,2.187584
0.082852595,0.11818995,4.58771
0.28307298,-0.5894735,1.807548
0.099361524,-0.756507,-6.975527
-0.03222766,0.24191208,2.5337226
-0.103898294,-0.30190194,0.9516399
0.16798505,0.8321299,6.61796
-0.021314936,0.015301445,-8.791283
0.25307506,0.28795835,0.44556656
0.060247444,-0.034430053,-0.08969186
-0.8355995,-1.2891134,-7.1807218
0.10947803,-0.1769155,-0.5538192
0.1204498,-0.11861101,-2.5923147
-0.23801677,-0.12245534,-0.10618419
0.16243266,-0.2934808,-1.8933647
-0.4304903,-0.06634545,3.55281
-0.042707544,-0.07184035,-5.8391943
-0.3084209,0.0244077,-0.9553031
0.19581798,-0.05360939,9.364823
0.052493405,-0.018511761,0.80404997
-0.04109423,-0.069558404,3.6032903
0.49677676,-1.0142009,-0.8799516
0.5555484,0.2163736,3.2000232
0.1268401,-0.15061662,-3.400153
-0.35253564,-0.1581277,-6.4929824
-0.021713471,-0.01800492,6.1070976
-0.10342657,0.21709932,-6.0514393
-0.5434006,-0.043395866,9.291327
-0.09311492,-0.25617138,-4.9776134
0.02277752,0.07776936,-5.3216114
0.24304107,-0.147969,3.571372
-0.39736798,-0.052911777,8.34646
0.02252236,-0.12863092,-6.004052
-0.03931399,0.17871769,-3.70216
-0.4216249,0.33713588,-2.0493183
-1.1219423,0.35628968,-4.062875
0.031523976,0.083032236,0.4413511
-0.13906063,0.10966292,5.3664823
-0.063253686,-0.024320628,7.235331
0.2727202,-0.11882103,0.66376215
0.17538187,0.16777888,-4.3661895
-0.03995348,-0.5965868,-5.005539
-0.053372327,-0.17047508,-1.4854591
0.077782966,0.045142584,-4.5863566
-0.15535718,-0.19637339,0.10952755
0.006406457,0.08150949,-1.8248372
0.045375887,-0.05633141,-2.0782447
0.21892011,-0.19495453,4.0655985
0.042321306,0.40035045,-0.6347776
0.010855999,-0.08588125,-1.1992853
0.014356722,-0.10631633,2.1393378
-0.075853415,-0.006719528,0.8585643
-0.16061415,-0.015789086,-1.7070804
-0.030834515,-0.06952556,-3.073886
0.0014293905,-0.061783623,-0.6175969
-0.114460155,0.014248071,-5.7600913
-0.011230077,0.15406205,8.450922
-0.097142674,0.1700737,4.76765
-0.23366867,0.19658767,-1.2489284
-0.8331646,1.343144,4.138823
-0.06956547,-0.0032594241,3.4453697
0.087348595,0.14469285,4.681881
0.34733292,-0.05053499,13.01111
0.14288709,-0.106346466,5.0637918
-0.3640978,-0.6288972,-0.23396035
0.15807791,0.25123492,-3.8328197
-0.01802301,-0.2516002,-1.5870845
0.043266952,0.1368344,1.433938
0.23805088,0.5234418,-1.856208
-0.26644734,0.21411029,-6.101124
-0.35083964,-0.32153243,4.1004395
-0.04387979,0.0955445,1.0552965
-0.24860202,-0.1815527,4.659971
0.15832408,0.021881523,-1.0553144
0.43001416,0.21211706,3.2644205
-0.38845915,-0.5910603,3.957789
-0.015301381,0.12096256,-0.9098778
0.059676647,-0.11623976,-4.6980367
-0.0032971518,0.06816298,7.036777
0.08939151,0.076470144,-7.359545
-0.44107166,-0.86806244,-7.4828086
0.035236165,-0.014869152,-8.991095
0.012410413,0.03804571,-0.1601494
-0.055133753,0.6218767,3.4274988
0.3471017,0.27381718,-2.094392
-0.17000128,-0.18592025,-2.293939
0.66961926,0.12694426,0.8386
-0.006305455,-0.036378726,-1.4971926
0.54378825,-0.43635225,-5.847808
0.0033611706,-0.1145717,-6.3192396
-0.072545685,0.104246914,1.1973215
0.13091934,-0.037417866,5.0472984
-0.22604816,-0.05465763,-5.1644106
-0.26081958,-0.24229693,2.2993839
-0.0055149407,-0.0044998867,4.549901
-0.043837745,0.2142118,5.4907265
-0.06930146,0.0497835,4.6955037
-0.21136236,0.05114968,4.3676195
-0.086225145,0.12989968,4.7469025
5.307175e-05,0.37103182,2.5319083
-0.0577445,-0.07062371,-1.5006593
0.22914301,0.43716064,3.4853487
0.3326466,-0.18268442,-4.819467
-0.13099949,-0.17994837,5.9800167
-0.23866354,0.2835207,-0.6439957
0.0027750344,-0.1352963,-4.9153004
0.23648842,0.18714511,-2.4242396
-0.058235783,-0.025396664,1.0311062
-0.027045876,-0.13733579,-2.3595057
0.02404876,-0.07500172,-0.59148055
-0.20097399,0.09806583,3.358371
-0.40820834,0.06346693,-0.21355428
0.072776414,0.005150033,3.9321904
-0.08215859,0.2024093,-0.47177836
-0.15310557,-0.123900846,-4.077737
0.0097087985,-0.32110593,1.3863345
0.10655046,0.008747619,5.8515787
0.12677549,0.5049898,2.831107
-0.07706694,-0.19795606,-3.048747
-0.19625792,0.18293688,0.2037989
0.0064193555,0.21356604,2.3095374
-0.14768441,0.23615983,-8.804636
-0.20304373,-0.35722625,5.2926807
-0.19731969,-0.8774242,6.8464446
0.014425131,-0.069819205,-1.6262987
-0.025623642,-0.06436305,0.9064607
-0.029021213,-0.15356417,-2.1906016
0.32429057,0.50296175,-2.150585
-0.35444278,-0.27712488,4.487915
-0.24559914,-0.093729444,-2.205943
0.113704994,-0.08735919,8.186195
-0.04658931,-0.07743385,-1.9212
-1.5368367,1.0720828,0.5710988
0.48682746,-0.06601289,0.42463568
-0.07707052,0.041525252,-2.362322
0.091311984,0.19432624,-0.31463298
0.083436824,0.01645977,9.624991
-0.001837181,-0.14399166,-0.6979919
0.1379641,-0.098048024,3.454121
0.0006716074,0.007287068,1.6353894
-0.008577291,-0.5023883,6.823792
-0.090627395,-0.06357706,6.005027
-0.096593425,0.12590788,7.510001
0.028434142,-0.0751994,-2.5655215
-0.021217817,-0.07828672,3.5173352
0.15015616,0.019315582,-2.72607
0.019013822,-0.22637738,10.717134
-0.23535426,0.07977028,3.0430439
0.021034952,-0.030200658,2.6651905
0.16401851,-0.1602228,8.225806
-0.5166889,0.54668504,-6.726734
-0.1524345,0.016287213,1.2190881
0.022439227,-0.11896949,-3.0772672
0.19899137,0.078937195,-1.6614356
-0.20596531,-0.069941446,-0.5670406
0.05187961,-0.0071158796,0.17564516
0.084337436,0.21041858,-10.739852
0.29142243,-0.29461557,1.0293229
-1.0714593,-0.42670816,4.340303
0.380008,-0.08680416,1.717953
0.01832272,-0.17268729,3.8745804
0.058586247,0.028721815,0.41082388
-0.106321074,-0.04548991,-4.631478
-0.0016089038,-0.05259007,4.2634706
0.043648366,0.09651685,7.9642634
-0.05965761,-0.1746008,-6.86997
-0.059544757,0.05422951,7.0154347
-0.027068282,-0.2252823,-1.5636173
0.33197102,0.033802427,1.7104675
0.24298191,-0.23352376,-9.670916
-0.12065245,-0.04826429,-0.86751044
-0.02939301,-0.017930523,-3.27929
0.00373006,0.07873217,4.5087667
0.012533686,0.10080649,-2.4526148
-0.3102411,0.01033256,7.2962327
-0.05325085,-0.36331233,-3.6106136
-0.06558883,-0.2551718,3.6022103
0.19237906,0.010502159,2.278439
-0.27157578,-0.0008308243,-3.5740542
-0.02929678,0.02068634,1.381599
-0.037325446,-0.070668176,-2.3734355
-0.5699439,0.34297255,-1.2260681
0.02253643,0.048272897,1.8760921
-0.061811235,0.20675677,-13.322392
0.044094298,-0.05410566,-5.083442
0.17231141,0.91437215,4.394637
0.03379439,0.068356544,1.6187965
-0.15588225,-0.15091352,3.0431776
0.1347258,-0.44553554,-4.1660414
0.0080311885,-0.093920656,-5.8240075
0.08200805,-0.3781361,-0.12023695
-0.06646215,-0.15085061,-2.2417543
-0.49659187,0.20775703,-1.9839591
-0.15777014,-0.56912553,-2.8250682
0.088422164,0.09051277,-1.749181
-0.22896995,-0.39798814,-1.2198459
-0.1342156,-0.05719035,-0.8032177
0.15167958,-0.35985127,2.2538908
-0.08326739,0.08000364,1.4425169
0.057744905,0.101488955,-0.23610325
0.16323426,-0.17954396,4.6078844
-0.064607695,0.10327092,4.452399
0.028094577,0.043803737,-3.8934062
0.07597082,0.018677466,3.9943123
-0.05535592,-0.07977346,-3.1389627
-0.028878655,0.030517552,-0.14571817
-0.5012112,0.23986124,3.9150069
-0.11292239,0.106433354,4.090524
0.21347019,-0.07070339,0.5297005
-0.040950876,0.043783978,5.1199374
-0.1540869,0.06881521,4.3895407
0.016267799,-0.10650772,-3.0380282
-0.0841561,0.03734087,-3.7173889
0.123877555,-0.4715994,-0.03185724
-0.14006782,0.008601156,-2.4300222
-0.025202552,-0.25244865,-2.8669362
0.059196208,-0.19397157,-2.1482608
0.019727837,0.052028354,3.5502577
0.038172755,0.24273705,0.48844862
-0.020014873,0.012742723,1.1797659
-0.056244023,-0.059338946,-1.144119
0.630313,-0.94385415,3.4676971
-0.31196135,0.08603901,2.3071334
-0.016063722,-0.06694579,7.1454525
-0.0016439944,-0.35690495,0.6102062
-0.022694828,0.056212172,0.10810439
0.11223945,-0.32825547,3.1203547
-0.4838289,0.0021780322,0.08525684
0.0783333,0.08666359,3.2934747
-0.25703493,0.09443861,-3.899071
0.27405846,0.8281773,0.3949309
0.05457934,0.019090591,-3.1223772
-0.31991825,-0.4021285,4.0282073
0.048912667,-0.013736811,3.2609165
-0.00019264116,0.042660818,-7.679182
0.032329086,0.057341907,3.028054
0.085941836,2.0030193,-2.4078436
-0.26186436,0.0645463,4.029871
-0.052888874,-0.036500093,-0.027333567
0.034714106,-0.39073843,7.9896173
0.086959355,-0.10539478,-2.4041085
-0.0572559,0.21238,5.0446506
0.017003985,0.28356206,3.3351576
0.17193303,-0.38439757,-6.6226254
0.05071732,0.009571864,-2.4205496
-0.014759149,-0.10688062,4.404541
0.19397178,0.12486511,-4.079731
0.04909766,0.10837128,2.1980016
-0.18979783,0.032603543,-0.6353972
-0.31079993,-0.005094143,3.3225286
-0.23899312,-0.020490458,-6.950072
0.3010126,-0.09366817,-0.105299346
-0.07290034,0.13034728,7.1257477
-0.19038078,-0.25566277,6.1382437
-0.20767167,-0.051315095,-0.5052307
-0.014415766,0.104052275,5.839723
-0.08408711,0.03855161,3.5602798
-0.27943146,0.15683453,2.9753985
-0.060259182,-0.08494609,-1.8564428
0.07272274,-0.07775655,0.7373183
-0.10965154,-0.18931311,4.7926607
-0.329989,-0.19470777,5.104963
0.05423953,-0.0023237166,-7.535562
-0.062075693,0.3558024,-4.5743756
0.0009983807,0.368533,2.9173577
-0.06077762,-0.034253366,-8.747797
0.33094528,-0.00733756,1.1912704
-0.11376278,-0.2973907,-0.9314717
-0.28861004,0.056944817,-0.18328129
-0.09995593,-0.09689325,-0.9629275
-0.09386193,0.05944332,-3.1871905
-0.14898157,0.07225538,4.038415
0.14125594,-0.19653438,4.5950756
0.060814627,-0.37877873,-7.571219
-0.31516525,0.018369323,6.367001
0.057932828,0.050572462,-2.062678
0.11215379,0.022486405,-3.8180084
-0.4427528,0.058126476,-0.41021752
0.08323568,-0.054197222,3.4378912
0.046964757,-0.032847423,-1.0138328
-0.19827332,-0.010133313,2.2079895
0.050834164,-0.04507631,-7.4092865
0.10390416,0.009745079,0.1356946
0.25338092,-0.21134141,-2.8778841
0.19134347,-0.08968501,7.070592
0.10330131,0.048442706,-4.3091383
-0.026590122,-0.028776927,4.0794973
-0.097055286,-0.072753005,-3.175706
-0.04026328,0.11661131,3.3996036
-0.30728352,-0.22229329,-2.1844146
0.023229033,-0.25161988,5.2162538
-0.73997563,0.2594389,-0.026739782
-0.0008216441,0.032437216,-5.950939
0.003256405,-0.023230547,1.444084
0.77513283,-0.74115276,0.7295641
-0.07178866,0.0050548813,-5.3449087
0.03495492,-0.041218497,-1.567435
-0.16616711,0.04052759,-5.0892467
0.26750362,-0.04742575,-3.0680513
0.110510185,0.22906086,-3.6570873
0.13530676,-0.16458641,3.4748864
-0.1967355,0.1243645,4.638884
-0.17184147,-0.17416976,2.828925
-0.14377587,-0.18580313,2.8132548
-0.14926289,0.10904973,1.0333391
-0.036992587,-0.11186524,-8.975711
-1.5706531,-0.962076,6.430625
-0.064439446,-0.3205296,3.858723
-0.065262906,0.041304428,2.460693
-0.161752,0.62263983,-1.7591355
0.04261947,0.3442659,1.0678123
0.70172673,0.20373067,-4.389012
0.0521558,0.08063485,-6.8330455
0.5638789,0.12795673,3.7494376
-0.020554917,-0.15021126,4.086981
-0.01949709,0.030357994,-2.3517857
0.014177491,0.08796461,-3.9102094
0.08818503,0.08049449,4.0992885
0.26024985,-0.32049748,-0.45854688
0.06973621,0.140058,-6.10462
-0.06441186,0.15815923,-2.440525
-0.054897986,0.04439645,-5.094038
-0.3932121,-0.23193625,-2.9529853
0.16373572,0.052104812,4.8282866
0.14396343,0.018988708,-2.842809
0.79451436,0.21821117,0.4352092
-0.13374624,0.007986579,-1.5488391
0.0496127,0.4124281,-0.086092524
0.024874246,-0.011419858,3.4103863
0.29465696,0.306459,-0.3002421
0.11895154,-0.018352186,-9.547727
0.003240725,0.27310348,0.887265
0.108014785,-0.091048226,0.76736283
0.05579538,-0.03742335,2.9387686
-0.62652487,0.2905349,3.815859
-0.15711296,0.48034912,10.975148
-0.15287296,-0.08711742,1.8198107
1.0589826,0.12030694,-7.0120106
-0.042989716,0.0025961385,-1.1831734
-0.13158001,0.018258357,1.9965162
0.090018116,-0.0366089,-4.918544
-0.13338114,0.024633309,2.5416496
-0.032010965,-0.35450238,-2.3616383
-0.43430546,0.04147299,6.858628
-0.14218824,0.19894715,1.5874768
0.19097799,0.109905995,4.3257685
-0.045899723,-0.14855278,1.35859
-0.49527422,0.2623031,-3.68139
0.14821,-0.24519072,-2.7689312
0.13499184,-0.18723336,-7.402179
-0.040035166,-0.14154738,-2.8205202
-0.07835179,-0.0022875248,-1.7551643
0.22533184,-0.25406975,-5.868798
0.059173103,-0.021434143,-0.31020322
0.10582035,0.2670864,-2.7380443
-0.25215715,-0.10313375,-8.020735
0.14848903,-0.06883367,1.368301
-0.18664104,0.011010944,1.6453624
-0.12888047,0.05649287,-0.38915116
0.018982291,-0.13660182,0.7823487
0.036394443,0.13214011,3.0625994
-0.09032782,-0.16216272,-5.132069
-0.12743872,0.08335169,-2.4845521
0.08143379,0.712122,3.6413772
0.14412494,0.08645191,-2.5485706
0.24585325,0.14044122,-2.923034
-0.0572829,0.072512485,-4.4562073
0.07472195,-0.080737926,-0.4542535
-0.25387478,0.5953105,-3.5039494
-0.7756859,0.07580245,8.453211
0.705325,-0.9563681,-1.7581332
-0.51760596,-1.1858885,1.1703638
-0.11402286,-0.11590917,-3.4065723
-0.120608814,-0.020754596,7.681392
0.23150168,0.4228457,3.104406
-0.015107266,-0.084791526,-5.4703836
-0.247681,0.38521385,-4.037474
0.07047544,-0.2654511,3.1207795
-0.5346996,-0.7534814,4.952906
0.24297218,-0.37333143,0.5172869
0.19876364,-0.15631758,-6.2574267
-0.020138878,0.062856466,-4.068286
0.021621592,-0.06025145,5.139129
0.122445226,0.05294366,-3.0045047
0.05512314,0.06611724,0.21180862
-0.20534457,0.042715788,-4.1790295
-0.026019933,0.06979638,3.3032482
0.10900871,-0.3721684,-4.6630425
-0.26602298,-0.30934986,-1.2717102
-0.64096195,-0.3939155,-4.458049
-0.2555272,-0.1424854,-7.798601
0.20309784,0.029249195,3.1764224
-0.055554077,-0.028427275,2.7502193
-0.22482647,0.68926734,4.8268538
-0.14491436,-0.24733648,-1.7334617
-0.12954688,-0.022540873,4.685043
-0.16993377,0.14013843,8.341582
-0.05942145,0.5692929,-3.6024997
0.00061218033,0.04856464,7.6302414
0.008123981,-0.0063565415,4.9579735
0.26534358,0.48169607,8.577031
-0.061056882,0.4918224,7.8930407
0.012055129,-0.150784,-2.9219537
0.08968484,-0.13553278,-3.0851011
-0.0114363525,-0.14912586,2.931181
0.006656711,-0.100992575,5.5000215
-0.0029875464,0.05815372,-0.13296933
0.048083767,-0.01362599,-2.403698
2.889063,0.64872795,4.809975
-0.06552055,-0.07139313,-2.137963
-0.015919872,-0.13588904,4.261829
0.11409312,0.063351676,3.231234
-0.30666,0.38442382,-1.9571282
0.15539329,0.047154486,-1.1024896
0.0022286712,-0.082448795,0.569629
0.03943793,-0.24357878,-1.3634624
-0.6921403,0.45216167,-1.9103681
0.12478694,-0.14101683,-1.082644
-0.22700232,-0.11032382,1.4151201
-0.033766467,-0.24608323,2.2839043
-0.4607886,0.21453536,-7.409886
0.04233293,0.06250836,-1.7170949
0.032969337,-0.054297857,-5.911222
-0.16043173,0.13038866,7.310125
0.17429684,0.0075591803,0.46940193
0.04765617,0.012040465,8.991871
0.080886945,0.021079654,-5.5245013
-0.06638715,0.02177913,-4.2386565
-0.074591495,0.10277628,-2.985863
-0.066280745,0.073891886,-1.5376743
-0.14315881,0.1249786,-0.92517024
-0.038251843,-0.0459855,3.4588244
-0.040355276,0.040843755,2.6622767
-0.06929895,0.13822287,-1.5982226
0.03535629,-0.1145759,-3.937736
0.20530401,0.067343876,-2.2471318
-0.12627052,0.09880563,2.1923459
-0.17629702,0.21314597,1.302787
-0.07030579,-0.30001688,-3.7621899
0.09741807,-0.011109255,1.621856
-0.03723835,0.23499958,6.6421366
-0.6929002,0.25342575,-3.5227325
0.033617467,-0.056550592,3.9028509
0.13133246,-0.06939088,-0.082173295
-0.1051042,-0.11810654,3.9421024
0.13664544,0.0072831446,2.9729989
-0.014799864,0.2049491,5.2746296
-0.07412738,-0.4187341,-1.2194202
0.68526137,1.4814794,4.5147147
-0.06323435,-0.14745389,2.9025936
0.41165638,0.49173912,-5.497647
-0.1522536,0.36832818,-1.4014024
-0.028888144,-0.11455033,-0.24237551
-0.0072427955,0.16787419,1.2746615
0.26291758,-0.6245078,-5.511335
0.073748365,-0.12060914,0.19616741
0.110190704,0.05802855,6.649307
-0.4306239,-0.012443864,-0.91581523
-0.009623294,0.040039033,1.907423
-0.1871114,0.0004648365,4.4075665
0.050858416,-0.12636566,0.7907536
-0.6180371,0.33755976,-8.38889
0.0126383025,-0.03641378,-0.49841544
0.23877047,0.27379993,-1.0633447
-0.086684324,0.046184815,3.23051
-0.038051613,-0.045370862,-2.3961365
0.52848214,-0.36342523,-1.837046
0.12145399,0.10527895,-3.183978
1.0883154,1.7344785,-0.94630903
0.10562862,-0.12826163,-0.1633861
0.029450458,0.25589064,-6.218104
-0.11376593,0.17596784,8.253342
0.034353655,0.12996078,4.120891
-0.39951918,0.76709527,-3.2478507
-0.121057294,0.038878907,3.3961642
0.05246701,-0.09706597,3.9547963
-0.016308403,0.581909,-1.7795112
0.10919677,-0.14281203,4.529008
0.0889133,0.00048641808,4.6711044
-0.46756092,-0.4606694,-1.4581041
0.036756456,0.057854526,1.0911982
0.018374695,-0.01517023,1.9215947
-0.066663295,-0.045708176,-7.028026
0.08695226,-0.09365241,3.2212503
0.0035876676,-0.022757713,9.40472
-0.23583163,0.13349959,-2.7649288
-0.4137258,0.24478965,1.3523301
0.1367971,-0.08811614,-1.5343044
0.06391999,-0.04449655,4.783573
-0.10257224,-0.3154478,-2.3654819
-0.12874389,0.1512416,-4.145154
0.1282977,-0.17780077,-2.4028509
0.5079211,-1.3602033,-2.0239193
0.7295073,0.58242726,-3.3519778
0.062328227,0.35600352,-0.8324849
-0.47086817,0.11108795,-7.003524
0.05461099,0.0018183677,3.3103647
-0.33391052,-0.036597233,3.9573975
0.3569157,0.110388346,-1.7483586
0.16949339,-0.040695466,4.7196574
-0.111041516,-0.07072372,1.3601546
-0.26431632,-0.20389222,10.432394
0.19593142,-0.43060836,3.3004737
0.36345842,-0.2516147,1.7194538
0.15970819,0.067324035,-2.1367774
0.014408053,-0.17797506,1.0241216
0.08905972,-0.011711553,-7.1872115
0.103332594,-0.20326532,6.698531
0.05073386,-0.06342955,2.1453464
-0.08472725,-0.1543604,-3.044951
-0.14066374,-0.2024443,3.8872924
-0.15789445,0.14572355,-0.13661687
-0.060418736,-0.30269897,-8.89193
0.485369,-0.16711932,3.3848183
-0.046193343,-0.0915636,7.5751996
0.016026301,0.15451118,3.3711755
-0.10202903,-0.41909945,-4.1361246
0.2643291,0.02390664,6.899073
2.7804072,-1.684888,0.031413425
-0.42651758,-0.33209893,6.0083785
0.36095223,0.2524441,3.254928
0.08455817,0.11045695,-5.289304
0.2758407,0.19276543,0.58227134
-0.07530198,0.040874135,-1.1011821
0.19482298,0.15533473,0.7221523
-0.07399183,0.16583842,4.368643
0.6238754,0.0059360405,-1.3460333
-0.36836097,0.2833697,-1.1252257
0.044237047,0.042919297,7.0967503
0.2145278,-0.28662002,-0.3453922
-0.15577076,0.27087575,4.7229056
-0.12006794,-0.23943195,5.0214825
0.08325766,-0.024279276,3.9494963
-0.06288457,-0.080029584,-2.7724838
-0.050563127,-0.069926955,-7.5149603
0.15633446,0.1701617,-6.006242
-0.27934912,0.031550147,8.191846
0.14731441,0.02429834,6.6132455
-0.8610471,-0.9884354,7.685356
-0.47922766,-0.3007337,-0.80645895
0.013386022,-0.19381718,7.460796
-0.017055266,-0.016380893,-3.7021089
-0.023408625,0.011938115,1.3931262
0.51498914,0.36379465,-0.33441523
0.04080455,0.36144775,0.96423763
0.06241978,0.27604517,4.044499
0.13898125,-0.055483326,0.28557858
-0.009649281,0.20457831,2.2534547
-0.13296185,-0.4618725,2.5103571
0.04642279,0.03654217,-4.7721963
-0.1464396,0.061535124,-7.433557
0.16158712,0.060186017,-3.539072
0.029210784,0.09855274,2.1367888
-0.0414752,-0.09093744,-3.1592584
-0.1305642,-0.14972413,2.5557275
-0.16250588,-0.052528456,9.3073845
0.12311644,-0.12646553,-0.96914345
-0.04132469,0.10731714,3.3014393
-0.10326588,0.5298787,0.43082523
-0.04953222,0.07795113,-5.829475
-0.034223635,-0.02922702,0.9441457
-0.13959834,-0.13049676,-0.70441693
0.08646776,0.015940841,-5.087193
0.21469606,0.113668524,4.2576056
0.08585479,0.03414789,-1.2011231
0.2067554,-0.49181262,-0.705665
-0.12314146,0.72068423,1.683948
-0.046415325,0.13276063,-5.0010724
0.03902219,-0.030150374,-5.5921307
-0.126969,-0.24355547,-1.8031156
-0.18852507,-0.43334743,1.7981259
0.06098301,0.0066734124,-7.32525
-0.22678597,-0.23840795,0.971874
-0.05089425,0.08306735,2.6034613
0.0808341,0.21775073,2.0855887
-0.12594964,0.05947335,-4.0183945
0.29043952,2.0937178,-1.1647195
-0.018870434,0.03887595,0.4597326
0.04055979,-0.0052271993,4.8750954
-0.13921058,0.29738414,-6.859629
0.27367935,-0.21793087,-6.2442646
-0.12148443,0.21809869,-2.250645
-0.05157436,-0.22698957,4.2761126
0.08637271,0.06547041,0.015184486
-0.046144094,0.15744877,4.5777125
0.33714664,0.021161165,0.20161201
0.7080302,-0.25319874,-0.75620043
1.4115791,1.1582298,-2.2360473
0.15571053,-0.11312523,-0.42683867
0.14585404,0.06985503,2.0904582
0.19987933,-0.008082916,1.2365985
-0.17636827,-0.10296495,2.2395833
0.184597,-0.115992054,0.48848313
0.2890503,0.052558348,0.8644173
-0.065093696,-0.0706208,2.1028576
-0.30414763,0.6435879,-0.6258626
-0.1379366,-0.19720215,-1.6238103
-0.073467985,0.008994389,-0.99971366
-0.016206762,0.038388893,2.10475
-0.029366072,0.03462947,-4.0289216
1.2092882,0.78173155,-0.33015218
-0.26932856,-0.2146579,-1.8024892
-0.08976509,0.044186372,-0.38711834
-0.04683933,0.08511437,-10.212701
-0.015715174,-0.049224917,-0.4325911
-0.005741652,0.05293351,-5.383292
0.010878823,-0.72537494,0.291547
0.051691208,-0.19600588,1.1940074
-0.11061697,-0.06128764,0.23072512
-0.37676248,-0.08082273,-6.006426
0.036168322,-0.16879155,-1.9700803
-0.05464452,-0.04400084,0.9966234
0.29588866,-0.42421716,6.3070574
0.10315389,0.05339887,-2.4344594
0.27343723,0.31203958,-6.386146
0.06894403,-0.039584216,-4.3599963
-0.06488755,0.007546208,-11.644341
-0.102106385,-0.024841115,6.604783
0.10374487,-0.25085887,3.313258
0.24467434,0.1512865,-13.382907
-0.20956635,0.053946923,-5.2156057
-0.29448807,-0.1114343,-4.744827
-0.56423116,0.39022604,-0.1810531
0.00097278325,-0.08494948,-8.218213
0.20585302,0.5304372,0.5924363
-0.1089328,0.29161066,4.8797574
-0.23240788,0.30633467,-5.9410744
-0.09301675,0.052576363,-0.6484654
-0.022481626,0.1332754,-3.613689
0.67876285,-0.09636365,3.8205662
-0.0038954238,0.1062993,3.5845957
1.851227,0.73987526,1.3882688
-0.24903664,-0.7713878,1.2401304
0.0816396,0.12322061,0.9453582
-0.054821637,0.021572094,-6.1193056
0.25071695,0.3153354,1.7044353
0.01755027,-0.05059996,2.8079362
0.43118915,-0.06821445,-1.1886339
-0.029931238,0.0529129,-5.2277007
-0.3675556,-0.27926195,-2.276141
-0.1526993,-0.03375456,-6.896053
-0.23228973,0.10953334,0.4533488
-0.120772325,0.13744052,6.1094713
-1.0720171,-0.26885313,-1.3666188
0.08732819,0.20090504,1.2669079
-0.010459298,-0.025845641,4.3129644
-0.04404635,-0.11581096,-2.7431188
-0.3508472,-0.25204316,2.67891
-0.075446635,0.20052643,8.021863
0.7944567,-0.08524962,0.79288
0.017002285,-0.079592906,2.6337368
0.3554668,-0.402042,4.647463
0.0919827,-0.16843383,5.06409
-0.00058069563,-0.07414425,-0.41448084
0.03425546,0.0631154,6.076302
0.14396425,0.18382649,-0.071350925
-0.2294693,-0.14898624,5.20659
-0.072625875,-0.04770908,2.4546845
0.04417919,0.035422325,2.3250284
-0.4481066,0.26258373,6.4822927
-0.12443414,-0.05462089,-1.137129
-0.18861538,0.12689936,-4.0157084
-0.0982252,-0.03390126,-0.10045867
-0.10195145,0.06418365,-5.513361
0.06758238,0.06998951,0.85743386
0.025600526,0.02145981,6.8987894
0.008303967,0.074908555,0.000491237
0.061470337,-0.004459672,1.3967606
0.24088708,0.04804291,1.8804024
-0.09536668,-0.03516929,-1.5864521
-0.07564146,0.45089236,3.393498
-0.4126431,0.1582525,4.9171243
-0.17856634,0.69236714,2.118104
0.2574176,0.21853215,-7.115105
-0.019649219,0.35700926,3.6582973
-0.03388222,0.08073478,-2.5683486
0.0058948225,0.009683815,-2.3507533
0.116677165,-0.048782166,1.1577001
0.0037906498,-0.20927818,-3.8698967
-0.05662225,0.15217945,-2.3450673
0.08820575,0.026467223,0.9544291
-0.55404913,0.3946069,-7.637318
0.2016834,0.22362931,-2.8218336
0.13243422,0.1790791,-8.994545
-0.38222268,0.38966432,-1.5854999
-0.4593386,0.44597453,1.2521247
0.1290481,-0.0007559176,4.0630126
-0.17558274,-0.3759224,-2.5392964
0.1748252,-0.35153607,1.9098217
0.20021738,0.42650142,-0.65827227
-0.08076198,0.3825119,-5.793382
0.021965109,0.05027511,2.9754987
-0.1714528,-0.1567222,8.057944
-0.20750178,-0.08539286,-1.7668601
0.18224785,-0.38011345,3.884574
0.04073559,0.0013930501,-5.098199
0.041379847,0.069898054,-0.3174604
-0.3584149,0.041078433,1.0529728
0.21960594,0.05713101,-3.5515926
0.045203753,-0.25665084,-1.8085532
-0.044287354,0.10596472,-0.96224874
-0.8591133,0.064780824,-1.9445965
-0.34556395,-0.0973545,1.0966963
0.048084848,0.13347355,7.237509
-0.1013587,0.29466337,-0.84516406
0.11565354,0.34670383,0.3581342
0.006797699,-0.030295795,6.2679496
0.20866932,-0.20598462,2.8945813
-0.08788522,-1.1009656,-0.8050231
0.09519628,-0.061118294,-6.0658917
0.13819796,-0.008647433,0.58949655
0.17321584,-0.012776315,4.400174
0.04561181,0.044110518,-3.477799
0.034699325,-0.021110013,2.486842
-0.27055645,0.14367123,0.9954371
0.011313329,-0.16903204,-2.1226208
-0.3294005,-0.100641705,-1.077898
0.057163723,-0.0015466574,5.794555
-0.10559729,-0.1555138,-3.6291194
0.25131598,0.12494385,6.7948637
0.14097045,0.20521641,-7.5704327
-0.04075741,-0.04668396,2.2142804
-0.010492936,-0.18070112,1.6906089
-0.14026028,-0.29027495,1.8228782
-0.0320277,0.027206574,0.69411266
-0.015970437,0.009114368,-4.0470314
-0.21859357,-0.21734224,-6.712978
0.082899325,0.04183631,-2.4472864
-0.06454921,-0.04965498,-8.77126
0.19435848,-0.10244143,4.662356
0.20912468,0.4252433,-3.1247308
0.21464148,-0.32278323,-1.3076469
-0.16878945,-0.21278302,-0.36383712
0.09405434,0.1423384,-1.3264078
-0.17126502,0.24700773,-0.13395287
0.14896044,0.2522546,-0.8670005
0.0631095,0.08442628,6.892513
-0.4876677,0.2807356,-3.690099
0.09896529,0.1500709,1.2159297
0.12943722,-0.09310238,-9.072749
-0.15364145,-0.3108976,-1.5321515
0.14077164,-0.23767076,3.2336202
-0.011149145,-0.18012163,-4.0397267
0.2041951,-0.16400811,1.3899593
-0.03665226,0.5426126,3.0030487
-0.036742248,0.19780499,-5.925452
0.115551166,-0.15595488,4.2436204
-0.08358195,-0.16214512,2.0675178
-0.093173586,-0.08182253,-1.6700914
-0.06246222,0.14155136,0.3369704
-0.21247645,0.028546806,5.168918
-0.09619194,-0.13661201,0.525996
0.36627278,-0.22049809,-3.1573665
0.15026163,0.26990178,5.6439557
0.045736436,0.19122116,6.7387843
-0.15168248,0.20644456,-3.1425424
-0.25846124,0.13791564,-1.3790187
0.20709,0.02676839,2.0783317
0.15005232,0.078590386,-2.1068757
-0.10840306,0.09418087,-3.0879633
-0.0022193082,-0.09965729,-0.13962956
-0.1945843,0.08583994,2.0868902
0.5191737,-0.41483045,-2.2518232
-0.019075936,-0.1312489,-1.4122111
-0.0644237,0.12820919,3.2512593
0.34427086,-0.13912822,-4.7991447
0.43522176,0.029116968,0.18406132
-0.07601457,-0.10301995,1.0598031
-0.079910435,0.115643725,-5.503774
-0.056970723,-0.12300436,-2.1441758
-0.18124747,-0.13682117,-2.4264817
0.11104238,-0.022023661,3.1231356
-0.2791125,-0.27682438,-0.6761297
0.34725374,0.14935444,1.783692
-0.039555926,0.13930917,-3.9864788
0.18678713,0.3302357,-5.57138
-0.036541913,-0.047358587,-7.132665
-0.1420906,0.13410737,2.3818586
-0.05243591,-0.14862412,-5.5783477
-0.0051322724,-0.12221664,5.3826966
-0.41558543,0.25824374,3.666612
0.015820757,0.07709313,-6.3364787
0.10234421,0.012169068,0.66500723
-0.18975256,-0.1289856,0.35514122
0.060724545,0.05233181,1.6823187
0.39312676,0.13310508,-0.6674876
0.14378007,0.12674741,1.6060455
-0.6036764,-0.22205788,-0.97187984
-0.0039317342,-0.10347613,0.41649762
0.07157431,-0.1638844,-2.438852
0.079998896,0.30857033,6.8259463
0.045673985,0.015602999,1.3677942
-0.14168349,-0.1775078,-4.4018183
-0.020334683,-0.025761753,5.8364
-0.06303067,-0.0660643,-0.62067616
0.047335777,0.16332953,1.1330566
0.28608495,0.16748454,3.5005763
0.09681736,0.16279282,7.883456
0.14980933,0.115102984,0.43059555
0.0705712,0.26406416,2.4859614
0.69957846,-1.1616663,6.2386475
-0.13659064,-0.23198394,1.9946718
-0.15012223,-0.21064053,-1.3423893
0.1061734,-0.6281851,-2.7212372
0.03629063,-0.12530482,-5.9912806
-0.21851279,0.04206163,-1.7576363
-0.19747229,0.11144224,4.1898985
0.14142223,0.7676001,4.5603337
-0.7663011,0.6194515,0.7042585
-0.13869907,-0.06592838,-1.5267395
0.0143269375,-0.10773169,-0.9702534
-0.12287721,-0.08992625,-0.97404534
-0.009544429,-0.019283624,1.353148
-0.18635066,0.047664687,-2.3224456
0.016284788,-0.09599285,-2.8057766
0.38634062,0.28884703,-3.2325306
-0.04546782,0.22960418,0.67044556
-0.08805577,-0.13519365,2.725744
-0.8050549,-1.3786207,0.14562841
-0.2181212,0.24790768,4.0740695
-0.16273572,-0.02783427,-1.5043813
0.083924204,-0.0800236,2.712021
-0.20167285,0.007939103,1.6757544
-0.19777675,0.0074716597,2.6348317
-0.015593717,0.12975925,-5.1899595
-0.1263861,-0.0285094,1.9830745
-0.024223091,0.0062489803,-3.615989
-0.79834986,-0.29251426,0.6747468
0.042034555,0.18518655,-6.831045
-0.43033496,0.08392726,-10.733716
0.05588271,-0.045573037,-3.0491629
0.072693765,0.12807569,0.11928236
-0.9126876,-0.023620056,-4.4950767
0.08203782,-0.04572316,5.1870627
-0.043295138,-0.117813766,-0.67925936
-0.9804325,0.046794318,12.387648
0.111279234,0.048375204,1.2323021
-0.02666578,-0.024113936,-3.11819
0.19521493,-0.018525118,-6.7305117
0.29366106,0.11624311,-14.100209
0.04359525,-0.37268844,-0.29681548
-0.01834449,-0.017401863,6.8706994
0.019510409,-0.044610694,-0.7423211
-0.12270016,0.02752388,-1.3623116
0.0075016497,0.017438605,0.7947763
-0.31397855,0.09529067,-3.4080646
-0.3547882,0.04207638,-8.452693
0.086128294,0.052277315,-5.522249
-0.053260308,-0.5112159,3.9762576
0.032426756,0.0064130854,-3.1604452
0.1564974,0.08221622,3.9442961
0.024278615,0.31902832,-3.6894996
0.16015057,-0.10760828,0.07268151
-0.2024505,0.093116306,-3.068195
0.13060568,0.44489256,-6.1976204
0.40938732,0.07051952,-0.26238218
-0.3234511,0.1966963,-3.8909185
-0.5633156,1.5865252,5.9348917
0.08873382,0.2643123,-3.3683443
0.06951447,-0.118314646,1.2058547
0.10522699,-0.05074068,9.640915
-0.04508683,0.018471051,3.8635404
-0.3959861,-0.43997577,-8.05164
-3.9637597,1.1351943,-1.9232495
0.38616827,-0.04443662,0.5630946
-0.00447419,3.453746,8.866044
-0.092738256,-0.046159614,-0.2914471
-0.03367412,-0.0066542574,-1.1976285
0.080232345,-0.15660834,-1.591979
-0.087544635,0.16308877,-0.7437837
0.67989564,-0.13199615,-1.397687
0.06970444,-0.16837186,-0.8349079
0.1804407,-0.30020764,9.271623
-0.18702085,-0.01652207,-3.3443034
-0.13129853,0.66803926,-1.8848195
0.8113721,-0.61267823,2.0155466
0.2574233,-0.10450615,-0.04798757
-0.12867983,0.087174825,-0.67302585
0.11746504,-0.085313804,-2.846289
0.13472156,0.024402317,1.6091897
-0.11395025,-0.4297278,-0.011745014
0.033933178,-0.029424656,0.6812303
-1.6114851,1.6014824,-0.118730485
-0.5053795,0.42817014,8.880806
0.3055641,-0.049195863,0.9571777
-0.12370446,-0.053749822,-0.78242
-0.35068384,0.01849218,-3.654959
0.15926632,-0.07611293,-3.1685557
-0.18348978,1.0555545,-10.744252
0.042767406,0.07118495,-1.377487
0.27746823,0.22222404,2.5937972
0.16104665,0.0043016146,2.8421094
-0.01951976,0.2605652,5.1252537
-0.12807871,-0.019041803,9.3986225
-0.04316871,0.05135874,-8.426449
0.48534116,0.4763837,0.48663405
-0.730557,-0.2538593,-3.229557
0.31566405,0.50691515,-5.775397
-0.052180465,-0.034732077,2.4119895
-0.5144859,-0.21712977,1.4008777
0.03837581,0.06768167,-0.9458462
-0.030915033,0.13480374,12.700798
0.06499363,0.07912625,-8.497085
-0.04314095,-0.06901536,5.3250246
0.0033341465,0.106666125,-3.2384567
-0.37150186,-0.6223428,1.7774185
0.102583945,-0.07510769,4.8827605
-0.13360494,0.093399495,-3.508646
0.115442686,-0.009354913,1.0298604
-0.059164774,-0.086601175,3.08094
-0.07983715,-0.007119413,-2.100243
0.22329445,0.03560385,-8.896973
-0.099031486,-0.1691778,-0.059898887
0.24363294,0.30084807,-0.6575964
0.19639099,-0.09510445,1.8902837
-0.3511663,0.2738883,1.1213512
0.15122657,-0.0006167119,0.120424844
1.3636724,-0.88012946,1.2561833
-0.16680185,0.022584165,-1.4419667
0.8101266,-0.0016453989,7.3742023
0.08360188,0.27338025,-0.6466623
0.29225242,0.09832434,7.8438926
-0.3491335,0.09264457,1.6112212
-0.07580995,0.29970118,5.3604426
0.32377908,0.12341547,-4.0376816
0.18187149,-0.14279357,-9.278027
-0.330557,0.35078746,-2.015712
-0.24960288,-0.09124502,-0.40554327
-0.30523127,-0.5586345,-1.2516617
-0.23267056,-0.15157272,-9.317741
-0.20227104,0.035614107,0.30272323
-0.09513259,0.10638567,-1.0644306
-0.19079183,0.18629245,-0.9617015
-0.08517174,-0.015100844,-7.1497736
0.03359504,-0.14913587,2.9295273
-0.04506353,-0.2183044,-4.7037416
0.15508708,0.07502798,3.6602583
-0.087492,0.03514122,-1.7530694
0.86497635,2.226034,-0.98331076
-0.42818737,-0.28656507,16.076612
0.11055336,0.080563046,1.4327952
-0.06476333,-0.06620922,2.639971
0.039210744,-0.52948105,4.9428906
0.013926405,-0.13610147,1.7780724
-0.4829395,0.5057981,6.782075
0.104365684,0.08649976,0.78147846
-0.19047946,-0.12724163,-3.9322352
0.08338373,0.0388584,2.5315707
-0.3134665,0.5803023,-4.418507
0.18270542,0.060554966,-0.54693264
-0.9140363,-0.7409316,-8.681701
0.011654674,-0.19250315,5.7546773
-0.48438296,0.12229091,-2.797394
0.05162575,0.08881234,-2.2127948
0.20241848,-0.17794198,-0.8471977
-0.20173162,0.06368129,-1.5655633
-0.19317144,-0.02841285,3.1913066
-0.19841361,0.04375159,3.0058842
-0.22537087,0.4138425,1.2171643
-0.12333904,0.032089014,-3.487825
0.01657165,-0.058158096,-2.0285914
-0.012205207,0.015794545,1.5228016
0.047409885,0.24255566,-6.610903
-0.0010426728,0.03006221,-5.253595
-0.48583108,0.6314729,4.0947065
-0.089610025,0.06592843,-0.6733952
0.0076658544,0.042568054,-4.288051
-0.009139716,0.01816187,-0.19516122
0.374993,0.11749795,0.34235302
0.05941926,0.0088138385,2.9746342
0.36957508,0.48172665,0.17932715
-0.015555786,0.055464286,-6.5357823
-0.38405502,-0.090899006,-0.026249653
-0.052510396,-0.14907217,-10.117708
-0.32229024,0.10749487,9.2010355
-0.057989158,0.050252564,1.6340882
-0.019270238,0.39370754,-0.2528843
0.074933216,0.22596796,-5.4446983
0.040331632,-0.35787374,-1.6663876
-0.037660893,-0.046805456,2.6859684
-0.039499123,0.0030263176,0.12330022
0.06850584,0.011623985,-2.6543894
0.13181865,-1.0050899,8.414404
-0.06841086,-0.013629195,-0.3724122
-0.1187563,-0.1434642,4.0336094
-0.002760535,0.04373734,-0.103694454
-0.34818286,0.015331532,-0.5116503
-0.51740557,0.050660826,-8.388432
-0.20387354,-0.09933556,-5.034543
0.4954459,-0.4702859,-4.3445973
-0.06325248,0.06827367,9.653441
-0.43225577,-0.014479113,-3.6018345
-0.05676827,-0.2020619,-3.5153556
