7.816525,0.6958201,-0.22847956,0.45107448
7.9533825,0.6909665,-0.21645772,0.4145859
7.8221965,0.6969464,-0.20990151,0.43515566
7.97598,0.68815243,-0.1930672,0.44783404
7.8084707,0.6953399,0.167678,0.42616844
7.9653034,0.6929997,0.030886412,0.39183345
7.8079824,0.6948061,-0.24636173,0.44946492
7.9500513,0.6861925,-0.26637214,0.44001913
7.9374657,0.6947279,-0.31257778,0.3874876
7.9027305,0.69185317,-0.07544881,0.41653112
7.886601,0.6967522,-0.14888054,0.40298012
7.8562317,0.6987138,-0.19825363,0.43874136
7.867794,0.6957412,-0.1540544,0.43179303
7.8142643,0.6989485,-0.108513296,0.4008298
7.980983,0.69942796,0.013542891,0.4009182
7.975439,0.67289233,-0.22029269,0.3955341
7.9933023,0.6972828,-0.24445355,0.39482298
7.9965043,0.69528496,-0.06342816,0.38971674
7.9993453,0.6822989,-0.118747175,0.42714483
7.998624,0.68519914,-0.19786274,0.41518182
7.9992332,0.6842203,-0.24274927,0.4539106
7.987099,0.6910678,-0.19841808,0.41525987
7.8110948,0.67603314,-0.008788943,0.40423173
7.758518,0.69988513,-0.20393664,0.42648333
7.8154144,0.6996771,0.032032967,0.42227495
7.943228,0.67716765,0.06025219,0.416759
7.9100876,0.6875082,-0.15225476,0.38985246
7.9901958,0.6967684,-0.042371273,0.41989112
7.9954205,0.68557596,-0.34479445,0.41229597
7.968486,0.6928326,0.059250116,0.41218615
7.9254074,0.6805968,0.004134059,0.39472526
7.827659,0.6976559,0.083716035,0.39439464
7.869555,0.69465494,0.085675836,0.37530762
7.941274,0.69360256,-0.14886606,0.3809892
7.8944464,0.69481313,-0.27111816,0.45594174
7.906631,0.68069625,-0.27757394,0.43601793
7.888266,0.6974577,-0.15934509,0.40056556
7.8119307,0.6986065,0.038482904,0.41984457
7.8251524,0.6980914,0.010335326,0.3854714
7.9798384,0.69352925,0.034346342,0.40623224
7.9622626,0.6949097,-0.29518962,0.42893058
7.950264,0.68891823,-0.10643709,0.4499269
7.832224,0.6947887,-0.0562706,0.4066283
7.795861,0.6899251,-0.10848117,0.45105958
7.943342,0.6915474,-0.09654987,0.3894077
7.9438887,0.69466174,0.007989407,0.4224475
7.885375,0.6858351,-0.081938624,0.39315492
7.8963156,0.68325627,-0.034139395,0.42917532
7.829065,0.696916,-0.071871996,0.41406682
7.9147334,0.68672657,0.029696107,0.41401494
7.8851147,0.6934686,-0.2547987,0.42935276
7.918236,0.6925695,-0.21038914,0.42895216
7.928779,0.6913574,-0.05647993,0.41870797
7.814309,0.6848711,-0.13990688,0.4289959
7.993194,0.6790724,-0.19075525,0.41915798
7.964603,0.6977266,-0.09901655,0.43628004
7.8989916,0.6985165,-0.12286687,0.41554105
7.9004126,0.6998154,0.003395915,0.40079302
7.9495955,0.69375074,0.0662719,0.39495045
7.983674,0.6843265,-0.035027564,0.4284823
7.854214,0.6987848,0.0780046,0.4243605
7.879083,0.6978698,-0.23105896,0.42612866
7.7528515,0.6968303,-0.025271833,0.4251061
7.827909,0.6973915,-0.19435328,0.41301054
7.876151,0.698117,-0.14077777,0.40769428
7.843213,0.69511557,-0.14472055,0.4141186
7.8865886,0.6918384,-0.11495632,0.42802125
7.923585,0.6946784,-0.23295414,0.4020094
7.982006,0.69997776,-0.03946936,0.3931158
7.9852695,0.6999314,-0.24782073,0.41180235
7.9740467,0.6980909,-0.36615175,0.4255005
7.9094996,0.69455135,-0.16637576,0.4116928
7.8627434,0.697628,-0.11823046,0.39488024
7.8687105,0.69965196,0.12259722,0.4060591
7.8795056,0.6996236,-0.00703454,0.40547222
7.830961,0.6846893,-0.04908943,0.41547894
7.898358,0.6833782,0.1311357,0.4138522
7.874462,0.6977565,0.08277106,0.40103498
7.8862996,0.6885648,-0.1263743,0.406125
7.8791842,0.6989634,-0.21112746,0.45115238
7.963431,0.6875441,-0.21643484,0.44645122
7.975372,0.69312525,-0.24545121,0.4226038
7.9430723,0.69381595,-0.021959305,0.3754173
7.9765577,0.69410646,-0.016649246,0.37439466
7.98286,0.6969789,-0.2688763,0.40188113
7.8330936,0.69693017,-0.2148425,0.387247
7.8575964,0.67899525,-0.10632533,0.41668195
7.9139185,0.69724536,0.07785988,0.3836311
7.966113,0.69610476,0.08775532,0.3478623
7.977541,0.69822073,-0.105481744,0.39935917
7.9747524,0.69105434,-0.06951344,0.39253736
7.9235773,0.69441605,-0.16537344,0.3836536
7.8546567,0.68693805,0.08476877,0.41243654
7.910331,0.6949252,0.047773123,0.3983478
7.8207846,0.6966529,-0.047949433,0.42539823
7.8984203,0.6871046,-0.10308969,0.39288858
7.9239044,0.6986022,-0.27654183,0.41314054
7.877119,0.699752,-0.08508265,0.4028173
7.9136796,0.6762667,-0.1763047,0.39972514
7.9903474,0.66490984,-0.09796119,0.41248325
7.8867636,0.69951665,-0.0600667,0.41239083
7.8558397,0.69493496,-0.1234175,0.41968685
7.8923903,0.6988722,-0.1631828,0.44307852
7.8683405,0.6885264,0.044081926,0.40147883
7.974461,0.692356,-0.32029754,0.43051505
7.9864707,0.69579995,-0.28427678,0.43897414
7.9638147,0.6955507,-0.23914826,0.4148854
7.867115,0.69136786,-0.23267698,0.4428045
7.999241,0.6921711,-0.2268992,0.41254717
7.997041,0.6982161,-0.20065147,0.43393707
7.907395,0.69327366,-0.19862515,0.43323448
7.912841,0.6957203,-0.25116688,0.43183702
7.949937,0.6945385,-0.28503454,0.4289115
7.9132414,0.6975559,-0.07990825,0.38610345
7.7564263,0.6966189,0.016328692,0.4228692
7.932532,0.6848402,-0.12674332,0.4042443
7.876881,0.68857646,-0.275818,0.44076684
7.8729997,0.68693244,-0.130072,0.43172097
7.9162846,0.69568837,-0.11896062,0.38192707
7.9996815,0.6973134,-0.142798,0.3998859
7.97019,0.6982056,-0.38162112,0.44258082
7.9070244,0.6808561,-0.32503545,0.4345309
7.9519243,0.69913995,-0.10035598,0.4018244
7.946294,0.6959615,-0.2623136,0.4325595
7.9025936,0.68320096,-0.14095998,0.43393886
7.885918,0.68428206,-0.06417084,0.41173843
7.9263234,0.69358456,-0.23890227,0.38955772
7.9824877,0.68947506,-0.09236193,0.3989324
7.929558,0.674155,-0.03563583,0.43227357
7.9554596,0.69875824,-0.0049088597,0.381523
7.91036,0.694667,-0.26470578,0.43517268
7.98456,0.6938473,-0.43598974,0.4324382
7.921636,0.6911285,-0.30086637,0.41745237
7.847384,0.6967437,0.032158256,0.39880127
7.904993,0.69625556,-0.07998568,0.40359616
7.8685255,0.6944672,-0.07028139,0.40860167
7.964274,0.6960062,-0.23035836,0.44941932
7.9030995,0.6967417,-0.23880339,0.4140195
7.8121533,0.69514287,0.039482236,0.41140556
7.933701,0.6901032,0.050777674,0.39555103
7.9718046,0.6892755,0.12612653,0.41051465
7.9738235,0.6905638,0.09374893,0.390424
7.855116,0.6939764,0.06190002,0.3920381
7.855565,0.69293034,-0.12406099,0.3908542
7.9138618,0.6996895,-0.20230508,0.40151393
7.928681,0.6939559,-0.16002154,0.41174117
7.7698126,0.6949043,-0.07902825,0.41756612
7.7542706,0.6929227,-0.06727952,0.42407268
7.942228,0.68785274,-0.102579,0.40720886
7.8962536,0.69827044,-0.14406359,0.4025532
7.913511,0.69665325,0.013007879,0.4061818
7.9570026,0.69504786,-0.1850425,0.39964342
7.943406,0.6966795,-0.3003459,0.4277392
7.918273,0.6837628,-0.20274961,0.42837206
7.954095,0.69383454,-0.24460876,0.4190057
7.955546,0.6955528,0.0006132126,0.43306172
7.825099,0.68112385,-0.04378116,0.39565337
7.910365,0.69017804,-0.09497464,0.4172278
7.852456,0.69250953,-0.07308203,0.41624814
7.7977934,0.685444,-0.06940848,0.4058576
7.967922,0.69626606,-0.023997903,0.4115755
7.808749,0.6921605,0.0076692104,0.40124398
7.8064594,0.6926985,-0.22981781,0.41457278
7.943912,0.6941111,-0.32093632,0.39776295
7.9167967,0.69040394,0.11989188,0.41177887
7.9340916,0.6938933,-0.16999412,0.41084832
7.877739,0.6838465,-0.044326305,0.45115316
7.9311094,0.6944401,-0.10150814,0.42690122
7.8621235,0.69671607,-0.2311858,0.4117687
7.8875017,0.69842577,-0.14211643,0.41901642
7.8465886,0.6954678,-0.14715445,0.42161494
7.9402246,0.69375265,-0.16614556,0.42519775
7.945197,0.67873704,-0.14605492,0.40373713
7.843942,0.69621134,-0.028461695,0.39878052
7.9408607,0.6868669,-0.19707555,0.43000627
7.810059,0.692974,-0.12798715,0.39912266
7.797591,0.6963736,-0.14630955,0.43168956
7.7948437,0.67971957,-0.14682746,0.41134804
7.8557796,0.69174945,-0.13628614,0.44686627
7.9811697,0.6894332,-0.1347698,0.40103188
7.9528084,0.69455016,-0.11353731,0.42912126
7.962802,0.68205726,-0.25722063,0.41563597
7.990803,0.6984345,-0.13468522,0.41369104
7.827374,0.6932255,0.0027179718,0.4203041
7.8937674,0.69245577,-0.06765509,0.42007488
7.8996363,0.69106615,-0.21298534,0.42345512
7.788138,0.69288695,-0.056569993,0.43467903
7.905073,0.6972965,-0.13670206,0.4289569
7.9295225,0.69871724,-0.09363496,0.40981162
7.9716105,0.6895368,0.08818841,0.4067127
7.9416804,0.69599867,0.112259984,0.4120149
7.9619393,0.696103,-0.28195286,0.39774072
7.9790335,0.69724226,0.014066458,0.38958257
7.7528095,0.69714856,0.03643322,0.38176668
7.910543,0.6924012,-0.022198737,0.45387793
7.9430137,0.69232225,-0.2536649,0.41653377
7.945055,0.69640124,0.045920134,0.3961424
7.7668705,0.69559646,-0.08743179,0.41709518
7.9805565,0.6917118,-0.048981488,0.4066313
7.971661,0.69975054,-0.27634728,0.4253348
7.7303596,0.6923611,-0.09464431,0.41085076
7.961521,0.6975931,-0.061493993,0.41500956
7.9011,0.69329214,0.011102319,0.41668987
7.8721004,0.6956608,-0.15107131,0.4048609
7.834976,0.6968461,0.039162397,0.39680588
7.841293,0.6932337,-0.04841894,0.41052568
7.827879,0.68584013,-0.065116405,0.40172988
7.982056,0.68033147,-0.0054479837,0.43221027
7.982084,0.6977583,-0.3026392,0.444863
7.94763,0.6751795,-0.32974362,0.43665165
7.9033737,0.6973336,-0.3581758,0.39487153
7.952037,0.69633543,-0.2696771,0.4546765
7.9629936,0.69045115,-0.1653043,0.45838678
7.9324675,0.6877804,-0.2266506,0.445161
7.8869467,0.69821024,-0.3080467,0.45343524
7.9775357,0.6773691,-0.20587456,0.44101194
7.915137,0.6988385,-0.14355439,0.41532996
7.9385624,0.69799185,-0.046194494,0.41557372
7.922801,0.6971034,-0.038779974,0.39244592
7.946045,0.69368994,-0.030915618,0.41475785
7.8046274,0.69714904,-0.15539616,0.4209329
7.960573,0.6979605,-0.18586963,0.41371816
7.8118963,0.69258666,-0.13536972,0.38112682
7.83799,0.6961764,-0.11909747,0.3828749
7.924462,0.6808274,0.012296796,0.3940526
7.8793364,0.6999711,-0.03801763,0.411452
7.9133816,0.69961166,-0.23719227,0.39638597
7.9504128,0.696131,-0.27210307,0.46192968
7.9673104,0.6991137,-0.29998344,0.4622646
7.7802672,0.682058,-0.08116591,0.40977612
7.9429007,0.6915095,-0.02184105,0.42698184
7.7567635,0.693208,0.017830372,0.41572416
7.989207,0.69036615,-0.3616683,0.43153816
7.897975,0.6966518,-0.32572615,0.45323402
7.9367666,0.6923611,-0.14708257,0.37534755
7.958332,0.69993687,-0.116741955,0.38890666
7.8151097,0.6997626,0.18967795,0.37040538
7.97614,0.69969964,0.054020405,0.39794344
7.9403105,0.6969596,0.1438483,0.4000563
7.8737125,0.6969547,-0.07079893,0.3950609
7.9508014,0.6904609,0.025440931,0.41789833
7.9579926,0.69998443,0.015514016,0.38363987
7.9346967,0.69997895,-0.07178533,0.3964684
7.913905,0.65723217,-0.057202816,0.3969512
7.9398756,0.6995822,-0.027736425,0.41324678
7.96192,0.6996951,-0.32562304,0.4304315
7.97246,0.6959903,-0.1501162,0.41647255
7.954447,0.6963159,-0.2242496,0.3970284
7.927615,0.69570935,-0.19281197,0.45708698
7.888033,0.6944673,-0.06486082,0.38120925
7.8159385,0.69546545,0.1940639,0.3876896
7.8531146,0.69661,0.18338585,0.3934393
7.8621097,0.6946162,-0.27249134,0.38257885
7.9346113,0.69448364,-0.23548782,0.38101476
7.829708,0.68578506,-0.21692783,0.43323874
7.866987,0.69443214,0.004956603,0.43647495
7.9068565,0.69402874,0.028643847,0.3978404
7.8586125,0.6811367,-0.02887386,0.41763324
7.8826113,0.68059206,-0.18359399,0.43822914
7.9031854,0.6880026,-0.20138586,0.43814403
7.868311,0.6880913,0.03239584,0.39850804
7.806608,0.6844145,0.015353918,0.39627945
7.8881474,0.6993623,-0.057125807,0.41994518
7.805696,0.6954912,-0.0051203966,0.42350334
7.925746,0.6935952,-0.051052928,0.4011635
7.8952017,0.6938927,-0.16222489,0.4140996
7.813599,0.6982666,-0.07955611,0.4357323
7.945274,0.696851,-0.14393735,0.42223918
7.976214,0.6817043,-0.089220524,0.4070604
7.9901047,0.68100655,-0.20138246,0.4226549
7.7926116,0.6921941,0.051314116,0.40981355
7.7552757,0.69302034,-0.12165898,0.39645737
7.9192677,0.6941427,-0.13287687,0.41580823
7.9316854,0.68709075,-0.22551125,0.39775664
7.9311543,0.668949,-0.10289669,0.45714426
7.8801107,0.66033995,-0.0716176,0.40255678
7.945091,0.69992507,-0.12681806,0.43038207
7.8248158,0.6996248,-0.071329355,0.40943378
7.921162,0.69105494,-0.11168051,0.41924578
7.9790115,0.68657935,-0.11109251,0.42594975
7.768524,0.6963937,-0.14145839,0.40729553
7.990968,0.6917592,-0.18105954,0.40695363
7.9960537,0.6938119,-0.19653296,0.40838045
7.9959383,0.6946273,-0.14529455,0.41093615
7.9942303,0.69408965,-0.10340351,0.43370193
7.999781,0.690475,-0.3452357,0.45266777
7.9998274,0.69444346,-0.19110024,0.4484214
7.9998674,0.6742854,-0.24663484,0.43735626
7.940919,0.6819731,-0.20566225,0.44010305
7.928046,0.6866578,-0.136873,0.42707545
7.9633713,0.6951699,-0.29223955,0.43621874
7.945565,0.6934236,-0.22836125,0.4367128
7.8686066,0.6936215,-0.06424141,0.44090465
7.886799,0.69714904,-0.2277075,0.42162848
7.944496,0.6945826,0.045850635,0.40917468
7.8577194,0.68673587,-0.14794207,0.43365753
7.946246,0.697387,-0.15882385,0.43255323
7.895282,0.66907656,-0.0722062,0.44293046
7.94805,0.69549596,-0.21170539,0.41918123
7.855548,0.6820009,-0.1601963,0.40136117
7.917014,0.67796206,0.12627077,0.39291835
7.8562927,0.69964814,-0.10799831,0.38336658
7.856429,0.6970849,-0.29747355,0.45175338
7.869482,0.6728531,-0.13422596,0.43073732
7.8866887,0.6973443,-0.14652252,0.41964447
7.8886538,0.6907747,-0.0800364,0.42016
7.9014883,0.67815304,-0.17662013,0.41852045
7.8521156,0.69281805,-0.019438744,0.4030334
7.897974,0.67929363,-0.03292489,0.4233617
7.983031,0.6902399,-0.19474953,0.4320609
7.991269,0.6973039,-0.19227755,0.4182866
7.916396,0.6997105,-0.059066653,0.40790826
7.929693,0.690838,-0.107699335,0.40452757
7.803035,0.6910473,-0.050017834,0.4157009
7.9489517,0.6835624,-0.09259546,0.43453863
7.8991356,0.6973071,-0.043751836,0.42549682
7.884022,0.68954766,0.0142092705,0.3683176
7.916374,0.6982684,-0.032315373,0.4376244
7.9061165,0.69693625,-0.3235312,0.44023314
7.874978,0.69995236,-0.18420345,0.44837183
7.8899956,0.69852924,-0.19356143,0.42042297
7.90263,0.69647765,-0.18898499,0.44969457
7.925354,0.69338894,-0.26540035,0.45862216
7.9796176,0.69767725,-0.2596904,0.4149356
7.9155893,0.69232845,-0.29255188,0.44823062
7.9442463,0.6935787,-0.23588711,0.4425278
7.965049,0.69930327,-0.36600345,0.4450249
7.919332,0.6953267,-0.32230645,0.45372188
7.9573493,0.6968827,-0.10485494,0.38918328
7.972988,0.69167733,-0.087151885,0.3880874
7.9696064,0.67725456,-0.052283466,0.43315363
7.9750557,0.699412,-0.23542869,0.4638154
7.945232,0.6972678,0.104759455,0.37621865
7.9701996,0.6971892,0.07398987,0.41049305
7.931677,0.694463,-0.012237728,0.39472926
7.898753,0.68891764,-0.14563859,0.40827397
7.7863607,0.691476,-0.10286677,0.4232316
7.9050956,0.67423296,-0.08965719,0.42047197
7.8676505,0.6982933,-0.08765429,0.4188606
7.8638954,0.6918291,0.007576585,0.3955924
7.915017,0.69022906,-0.2662474,0.43689942
7.9125557,0.69205594,-0.16485548,0.45023984
7.9572544,0.6829009,-0.0025921464,0.4288032
7.81783,0.69648635,0.10397673,0.41447404
7.848877,0.6970296,-0.049702823,0.40001613
7.891636,0.69843495,-0.15023291,0.41749042
7.831018,0.69815004,-0.11001146,0.40581322
7.884803,0.6992341,-0.015202284,0.39241913
7.94722,0.69450057,-0.07939148,0.39288563
7.9577274,0.699795,-0.3059715,0.44615448
7.9665556,0.6948887,-0.14377141,0.4085325
7.877582,0.69945323,-0.109443486,0.42052534
7.864172,0.696535,-0.12524617,0.44414872
7.8374505,0.69636893,-0.13568193,0.42429262
7.8833303,0.6851121,0.10218966,0.40928534
7.9401016,0.69434655,0.13410687,0.39778453
7.9537935,0.69387543,-0.024901152,0.39959535
7.752341,0.69048095,-0.14437997,0.41329926
7.865674,0.6873003,-0.012023866,0.4104151
7.879217,0.68448114,-0.06862742,0.4367738
7.8731313,0.692567,-0.12140578,0.45193422
7.979057,0.6935648,-0.31212258,0.44511515
7.861553,0.69537747,0.110462666,0.41374844
7.9378624,0.6935127,-0.24313831,0.41859293
7.922189,0.696242,-0.21965504,0.4404179
7.899455,0.690382,-0.11336398,0.40746844
7.8556323,0.68894005,-0.14726305,0.43755198
7.8153915,0.6803558,-0.1517101,0.43080235
7.8664107,0.69002175,-0.021606863,0.3966479
7.6607084,0.699862,-0.06178546,0.43082777
7.9900765,0.68330693,-0.005477071,0.41774833
7.915046,0.6957444,-0.25668985,0.45299512
7.9681253,0.69038963,-0.17348015,0.45408565
7.9394126,0.69621694,-0.16006088,0.41942823
7.9347577,0.6932827,-0.09442103,0.40863168
7.923338,0.6936146,-0.14071536,0.41295612
7.987715,0.6883985,-0.19409573,0.40462637
7.979916,0.6938082,-0.3236102,0.4520362
7.853095,0.6967064,0.0059679747,0.4085902
7.780553,0.68353415,-0.044059098,0.39865625
7.922533,0.69395554,0.12524474,0.40492177
7.860531,0.6946142,-0.19744611,0.40216392
7.868288,0.6851592,0.01822865,0.419105
7.8826113,0.6918049,-0.12847006,0.39903036
7.8911314,0.6927545,-0.03976667,0.42639667
7.854574,0.68552184,-0.14547443,0.41757622
7.8604765,0.69622386,-0.20865554,0.42373422
7.959526,0.6995963,-0.16561806,0.43660158
7.9087157,0.6962825,-0.167485,0.43461263
7.9761953,0.6813196,-0.23992288,0.44431132
7.874634,0.69421995,-0.42625922,0.43306875
7.9514103,0.6927967,-0.41697633,0.40419167
7.9199915,0.69783354,-0.40277064,0.44131997
7.9956875,0.6985363,-0.07560581,0.41971385
7.6912527,0.69941354,-0.10486871,0.435879
7.9716406,0.68407476,0.0056375265,0.39188832
7.8770447,0.69552577,0.1112628,0.3978473
7.8686333,0.6973256,-0.13875628,0.39131153
7.8431606,0.69851506,-0.13478392,0.39091414
7.856579,0.6798693,0.04771328,0.4235074
7.987608,0.69821787,-0.14266849,0.4213364
7.971503,0.69979453,-0.34424984,0.4464424
7.951003,0.69994736,-0.28413916,0.4360793
7.920927,0.6946577,-0.31406474,0.41125417
7.8943048,0.695153,-0.15050304,0.4117872
7.883256,0.6873678,-0.09966272,0.426587
7.886425,0.694137,-0.053522646,0.42043638
7.9595704,0.69827676,-0.16459131,0.4047183
7.9060245,0.6963297,-0.037283182,0.42136508
7.923924,0.6957452,-0.11071479,0.40163594
7.8258142,0.6915692,-0.05297011,0.40083885
7.907849,0.6950321,-0.2005449,0.43184835
7.966462,0.6970686,-0.12233353,0.4150006
7.94848,0.6966051,-0.22503543,0.41082442
7.9129133,0.6861057,-0.09768021,0.42341983
7.9320917,0.69016504,-0.2783162,0.4372965
7.9340873,0.68124974,-0.15490174,0.45724505
7.9506984,0.6896447,-0.27149862,0.46548504
7.8836756,0.6969423,-0.05417639,0.3611446
7.924112,0.68274796,0.008357406,0.45142508
7.978028,0.69191515,-0.37461585,0.43648916
7.9950695,0.6936891,0.010976076,0.42380404
7.931017,0.6935109,-0.3648255,0.41452175
7.9724283,0.697979,-0.42230076,0.42608684
7.90948,0.68799174,-0.15588754,0.4417684
7.810815,0.68845785,-0.20255083,0.41582906
7.9919066,0.69383967,-0.1637001,0.4428441
7.911977,0.6955801,-0.39369512,0.44090492
7.870567,0.686573,-0.12268591,0.42456082
7.8990693,0.6956614,-0.0483678,0.4244697
7.949446,0.69694436,-0.06213522,0.42005205
7.9414425,0.69839454,-0.43760175,0.43860132
7.9231377,0.694649,0.07574916,0.42914453
7.903784,0.68703604,0.0769546,0.42003244
7.890727,0.69627655,-0.27549905,0.40376717
7.991419,0.6925541,-0.3031608,0.47798723
7.982395,0.69770646,-0.2942887,0.44816107
7.969529,0.6912929,-0.07708216,0.42663306
7.9893017,0.6925106,0.048796177,0.39731818
7.996138,0.6901026,-0.029455662,0.42907155
7.945006,0.6965885,-0.0235399,0.38520473
7.873341,0.69656634,-0.22750902,0.43354678
7.967008,0.6945195,-0.15444702,0.41022268
7.933778,0.6990552,-0.043106735,0.40127856
7.8998537,0.6749623,-0.11858988,0.44501734
7.8790097,0.6931336,-0.15888786,0.4216615
7.901127,0.68129575,-0.045657992,0.418683
7.843832,0.6988183,-0.04415381,0.4075117
7.7602224,0.69828105,-0.040304303,0.41716385
7.961791,0.6923897,-0.10115516,0.39790803
7.9776015,0.67422235,-0.105183005,0.41840172
7.759073,0.6962501,-0.15533972,0.40273547
7.939582,0.6854547,-0.08903301,0.4252844
7.9305277,0.69054294,-0.071884036,0.41076958
7.7685328,0.6954706,-0.02385974,0.43568724
7.9705586,0.69242513,-0.041695356,0.35814464
7.991116,0.6923069,-0.0897246,0.40859473
7.976962,0.6863165,-0.045538187,0.4171958
7.9638824,0.6974596,-0.068142116,0.3986361
7.9695454,0.69496095,-0.26391482,0.432496
7.958419,0.69842803,-0.005184233,0.43995714
7.9385204,0.69600356,-0.18947697,0.4244004
7.890668,0.6796,-0.14346886,0.44773465
7.8741865,0.6948824,-0.24333364,0.43340933
7.9103165,0.6901485,-0.13369536,0.43141115
7.912107,0.6912912,-0.30458188,0.43555534
7.979024,0.6971233,-0.36842316,0.44406003
7.9757404,0.6919694,-0.09250283,0.4356466
7.9679985,0.69134593,-0.3794151,0.43667203
7.987774,0.6905736,0.01729989,0.4328047
7.9488287,0.6990671,-0.124281645,0.37476522
7.96791,0.69214773,-0.017310977,0.40542334
7.855567,0.6957456,-0.17517471,0.40619898
7.9373302,0.6906444,0.097530246,0.40804023
7.889075,0.6950234,-0.021688044,0.40062284
7.739335,0.6986921,-0.07360238,0.42948437
7.7502155,0.699716,-0.085787654,0.42162848
7.955212,0.69808424,0.027927876,0.41328025
7.9521284,0.6952684,0.15028024,0.41471022
7.9673223,0.6871046,-0.011919618,0.41588178
7.916068,0.6890466,-0.037228942,0.38704127
7.9258423,0.6918299,-0.30344164,0.43479824
7.907455,0.69266284,-0.24886549,0.4165694
7.8912935,0.69894516,-0.18356794,0.42365888
7.9580984,0.688727,-0.15230048,0.41487506
7.9614453,0.6963397,-0.15969276,0.41619492
7.934023,0.67621124,-0.09728348,0.4461984
7.963083,0.69623256,-0.18997055,0.43239716
7.932823,0.6957089,-0.23504627,0.40953928
7.880391,0.6923003,-0.077429175,0.41564965
7.861396,0.6859518,-0.15820158,0.39038953
7.9411426,0.69690144,-0.15174979,0.4418924
7.9111214,0.6927496,-0.38238287,0.4361108
7.9976144,0.6903099,-0.18500096,0.44715875
7.983016,0.6883856,-0.12010896,0.40441698
7.945486,0.69493604,-0.24752116,0.43210915
7.954177,0.69705427,-0.26623315,0.40989083
7.9785604,0.69046056,-0.18118328,0.43738657
7.9975414,0.6977407,-0.25647056,0.41874337
7.97468,0.6988125,-0.15892994,0.41901731
7.905162,0.6949822,-0.04750204,0.38217947
7.786605,0.69951403,-0.18666255,0.4360283
7.875868,0.68278205,-0.15871358,0.40713587
7.9121614,0.6983894,-0.3690077,0.4436864
7.8088255,0.69510555,-0.0075770617,0.39854956
7.9839067,0.6854719,-0.1267885,0.4299245
7.955657,0.6940484,-0.09978652,0.41781467
7.8864794,0.68933034,-0.06969452,0.4084643
7.8882694,0.68135893,-0.21693945,0.42530805
7.9648128,0.6976253,-0.19602513,0.41899085
7.9952183,0.67879045,-0.12396997,0.41721344
7.9406157,0.6971526,-0.07406652,0.4408291
7.8895154,0.69878113,-0.043148756,0.41021588
7.938634,0.6966989,-0.041854322,0.45115262
7.9418845,0.69908917,0.13228619,0.38080302
7.7725053,0.6842363,-0.02734673,0.4063034
7.882247,0.6886616,-0.122045636,0.41863167
7.8766346,0.698092,-0.01843971,0.42960888
7.9859333,0.69853127,-0.002826035,0.37649095
7.998144,0.698938,-0.0031360984,0.4315343
7.996131,0.6980063,-0.28574514,0.4666288
7.9936237,0.69965446,-0.29958797,0.39919412
7.9494634,0.6998031,-0.24930573,0.4406135
7.9021125,0.6965865,-0.18686366,0.41763544
7.9157305,0.69768417,-0.08395028,0.40067434
7.9271274,0.6966394,-0.16581243,0.40443325
7.930504,0.6845852,-0.16883314,0.44048297
7.957159,0.69430876,-0.07097024,0.38734543
7.94065,0.6982242,-0.24813628,0.45862347
7.9679375,0.69299245,-0.16782832,0.4392616
7.950499,0.6872848,-0.3361802,0.434856
7.9640236,0.69638443,-0.21506172,0.43199855
7.8571157,0.6963159,-0.18461561,0.39440393
7.9653263,0.6926993,0.15079916,0.38153493
7.9709797,0.697531,0.029266596,0.396265
7.97805,0.69415593,0.051492095,0.36078972
7.8693047,0.69940186,-0.15682471,0.37762296
7.811774,0.69950867,0.11196506,0.39165598
7.9485903,0.69820213,-0.20176655,0.4462015
7.8890257,0.6968337,-0.32083774,0.42312148
7.933934,0.68515897,-0.21345854,0.41846567
7.826792,0.69644403,-0.04268241,0.43674833
7.856184,0.6996765,-0.083587766,0.40199667
7.859599,0.69171214,0.013693094,0.414607
7.8332453,0.6937885,-0.09027696,0.40280604
7.824374,0.6984823,-0.2274841,0.4200139
7.962304,0.6921251,-0.047576785,0.42790797
7.99061,0.6965748,-0.23670107,0.40413594
7.993601,0.698172,-0.21096468,0.4403901
7.9272947,0.6881976,-0.17396796,0.420528
7.9525466,0.6909648,-0.30552918,0.47756475
7.903946,0.69743526,-0.110012054,0.40402132
7.9592867,0.6987709,-0.13375574,0.38380075
7.97019,0.69983673,-0.13058269,0.44362962
7.9339895,0.69960904,-0.3246647,0.4411129
7.965978,0.670789,-0.30669993,0.45901597
7.9671073,0.69690776,-0.2996065,0.42955232
7.979516,0.6926068,-0.032785296,0.41560197
7.8939824,0.6961689,-0.19307613,0.4211668
7.910195,0.69719756,-0.2768221,0.40837085
7.8534184,0.6989653,-0.10545272,0.38234776
7.852731,0.68583536,-0.039637566,0.41167957
7.871761,0.69449055,-0.17709309,0.4094258
7.8402624,0.6973108,-0.28877538,0.4030841
7.907175,0.6937984,-0.21308804,0.4299072
7.9010544,0.6945336,-0.21675432,0.4337261
7.890324,0.6933478,-0.15064502,0.40736347
7.979415,0.68289244,-0.2314719,0.42635638
7.965271,0.6830852,-0.024602711,0.42597544
7.9187794,0.67550385,-0.21113575,0.41017503
7.9019585,0.67027223,-0.094276905,0.42743438
7.771492,0.69226766,-0.12756968,0.4229048
7.945691,0.69627225,-0.04469353,0.4091066
7.9650874,0.69479847,-0.10921103,0.3954931
7.8078856,0.68807065,-0.055086553,0.4110295
7.827835,0.6995746,-0.114442706,0.38431796
7.804461,0.698719,-0.1885997,0.43670374
7.913582,0.69345737,-0.16855437,0.43704545
7.916657,0.68805635,-0.14534998,0.3994953
7.920903,0.69907224,0.0020247698,0.4055698
7.925574,0.6750138,-0.16509163,0.38980195
7.9191465,0.69933224,0.100655794,0.41122153
7.8472977,0.67357314,0.06723976,0.40595073
7.852599,0.68506336,0.07104206,0.39352936
7.8987484,0.6870558,-0.04551643,0.4543836
7.8796725,0.6812645,-0.06843287,0.40614325
7.852787,0.69266367,-0.0074156523,0.40751827
7.775193,0.6800983,-0.20768023,0.41315764
7.869203,0.6980647,0.024273396,0.43633795
7.9258876,0.6835083,-0.08307946,0.37831542
7.9571514,0.69133425,-0.14275867,0.40597075
7.96859,0.69563186,-0.16178751,0.43178517
7.940979,0.6986195,-0.3259287,0.4518053
7.984478,0.69831157,-0.33673096,0.44623846
7.9743414,0.695789,-0.24846935,0.41789603
7.9664865,0.69928277,-0.27860922,0.42256153
7.937928,0.6993512,-0.30214822,0.4128473
7.976325,0.699859,0.00998199,0.3887894
7.9743104,0.69371283,0.14833117,0.38445282
7.8762326,0.6900432,0.14509642,0.38877594
7.913559,0.69686663,0.09202647,0.40118665
7.893099,0.6759995,0.1153903,0.3958606
7.9279366,0.6955292,-0.22771442,0.4178802
7.957307,0.69943357,-0.14452088,0.4340499
7.856354,0.69264615,0.03654051,0.44819453
7.758874,0.6994531,-0.00048351288,0.4276626
7.9127316,0.69994617,0.012408018,0.43507653
7.9542513,0.6873976,0.0013992786,0.37209427
7.93923,0.6852081,0.053695202,0.43762738
7.955065,0.699474,-0.047534585,0.40257937
7.943053,0.68591964,-0.0071368217,0.4043336
7.812839,0.6936054,-0.065496445,0.42784834
7.8918667,0.69586015,-0.16835046,0.4069454
7.9502997,0.6941284,0.02751422,0.40150383
7.77631,0.6958618,0.052132368,0.41578582
7.8492575,0.6942568,-0.050393224,0.42398337
7.863845,0.6878005,-0.1958865,0.4334597
7.934128,0.693529,-0.19158804,0.43035185
7.875742,0.6844568,-0.20536923,0.44501472
7.9388256,0.69526947,-0.26169062,0.4170702
7.878042,0.68550134,-0.2284677,0.42750645
7.9116964,0.6961149,-0.17544621,0.42490906
7.9239626,0.6956384,-0.17773652,0.40803576
7.8746824,0.6971121,-0.09398985,0.44185454
7.9287925,0.6796944,-0.16570854,0.4168109
7.759247,0.6766875,-0.062155783,0.44210422
7.92669,0.68949735,-0.0034662485,0.4076629
7.8765836,0.6959497,-0.1613214,0.436675
7.932435,0.68777704,0.007144451,0.42622095
7.963518,0.6848583,0.11970854,0.39110172
7.851598,0.6906587,-0.1290847,0.44251287
7.9496136,0.6975864,-0.0925231,0.39658636
7.740382,0.6922194,0.00861454,0.42976502
7.7635536,0.6938776,-0.10631025,0.4373036
7.975609,0.69692063,-0.07291567,0.3954684
7.9773893,0.69586897,-0.07842064,0.3997364
7.983886,0.69283485,-0.1579051,0.4392839
7.9857674,0.69697344,-0.37585378,0.44211358
7.97741,0.68906367,-0.35318148,0.4286976
7.9752717,0.6845429,-0.31259334,0.4474905
7.937362,0.69645727,-0.06319773,0.43745
7.9541216,0.672588,0.048065186,0.42781126
7.852602,0.68749595,0.044167757,0.37972993
7.931607,0.6928896,0.09708011,0.39141536
7.886336,0.6965436,0.056081295,0.4120413
7.9542394,0.6959883,0.13055682,0.4025724
7.829548,0.6886722,-0.18230236,0.39414853
7.9011765,0.6884172,0.07434893,0.39819717
7.9083805,0.69246984,-0.15838057,0.41610575
7.8382587,0.699756,-0.1672802,0.4344803
7.8872957,0.6970266,-0.19820356,0.4256909
7.701447,0.6987047,0.08518827,0.41182363
7.9897246,0.69251776,0.18308759,0.3966908
7.8390226,0.6960962,-0.23483944,0.44290167
7.863656,0.6942167,-0.13180274,0.44764796
7.9405966,0.69088566,-0.18296039,0.44310063
7.841275,0.69183695,-0.16722775,0.43313292
7.9208035,0.6931751,-0.32740015,0.44440964
7.930914,0.6892468,-0.13906431,0.40034735
7.8258505,0.6928562,-0.21350175,0.43770623
7.970042,0.6994711,-0.25107712,0.422102
7.927924,0.67146873,-0.037908792,0.40953374
7.902559,0.6663357,-0.05965054,0.41365653
7.8845596,0.69770706,-0.26727545,0.41826296
7.8455524,0.68891215,-0.12810314,0.42137372
7.902261,0.6885036,-0.028352857,0.4019276
7.9593515,0.6909423,-0.069735646,0.43286657
7.9437976,0.6724124,-0.29135346,0.4467415
7.800005,0.6995717,-0.18215609,0.431571
7.8788238,0.6948893,-0.08758634,0.40167573
7.9580894,0.69446754,-0.23538607,0.4400032
7.989707,0.6929499,-0.24839056,0.41821432
7.975681,0.690089,-0.1491214,0.42189616
7.994552,0.6820388,-0.36436194,0.40330392
7.8482533,0.6845212,-0.14089668,0.44140738
7.956131,0.69674194,-0.11239648,0.4558602
7.7924876,0.68009853,-0.13001728,0.42470068
7.9252276,0.66215277,-0.10660964,0.41971928
7.8727283,0.6998987,-0.10853171,0.4248605
7.8608885,0.6889452,-0.03502679,0.42155194
7.7531605,0.6990349,-0.029470325,0.40886575
7.945408,0.6984776,-0.3164901,0.41683638
7.9047837,0.69454193,-0.26611477,0.4396147
7.9031487,0.68375695,-0.057849765,0.39681453
7.889562,0.6976198,0.03582585,0.38137275
7.9468417,0.6951556,-0.030293226,0.45152164
7.9483843,0.6973952,-0.4534762,0.4286844
7.9460573,0.6980773,-0.42878014,0.41039544
7.9201593,0.6899489,-0.2786799,0.41681743
7.923277,0.6954291,-0.2055459,0.4076345
7.9065733,0.6936519,-0.25694406,0.45094472
7.820616,0.69484997,0.23506474,0.41172463
7.8199673,0.69287837,-0.3241725,0.39408195
7.9088373,0.67929125,-0.1310327,0.3921706
7.933792,0.69871616,-0.23776144,0.44621724
7.983667,0.68640566,-0.13075781,0.4603297
7.917021,0.6948514,-0.32383668,0.46128327
7.8939185,0.6905613,-0.121344924,0.44115952
7.979599,0.6947857,-0.21159738,0.40232578
7.894161,0.6894562,-0.21296263,0.36115357
7.9182267,0.6896304,-0.22666383,0.39025372
7.9209385,0.6932601,-0.15469056,0.42649972
7.85016,0.69438624,-0.079830766,0.41834632
7.904425,0.6786821,0.16281688,0.3980047
7.8680773,0.6988313,0.11529851,0.40642324
7.9816833,0.6840277,-0.2264204,0.4188214
7.9042645,0.6931534,-0.22882032,0.41519433
7.934222,0.6884632,-0.057529926,0.4140156
7.9432573,0.6934986,-0.08712876,0.4456234
7.954995,0.6825992,-0.2987941,0.41726047
7.768353,0.6891209,-0.14084357,0.42213798
7.9857054,0.690696,-0.11384463,0.41802648
7.9771996,0.6949469,-0.07954693,0.4058794
7.9464636,0.6988803,-0.22298783,0.4206821
7.9842367,0.69940424,-0.1664139,0.41773987
7.994142,0.6880369,-0.20198792,0.4182637
7.9984493,0.6813264,-0.22359401,0.4383477
7.99771,0.69618845,0.06846213,0.4151469
7.9961114,0.6734555,-0.083823085,0.3957085
7.9973073,0.69897294,-0.23411834,0.40192485
7.88863,0.69838786,-0.10104668,0.41224927
7.947996,0.69918966,-0.15813148,0.4246912
7.8493447,0.69925356,-0.12394619,0.43595666
7.924358,0.6639161,-0.16250545,0.38194525
7.8301115,0.6998707,-0.1599673,0.4291168
7.85903,0.6995466,-0.113609076,0.4166122
7.8836555,0.6977819,-0.10690606,0.42078072
7.991686,0.69627166,-0.41612446,0.44108272
7.9773884,0.6983626,-0.40782797,0.4543475
7.996457,0.69822943,-0.4480384,0.45608848
7.996439,0.69974995,-0.3482421,0.45347255
7.874073,0.6954862,-0.3399343,0.44006896
7.885995,0.6995989,-0.06688392,0.400677
7.955772,0.6970153,-0.04876077,0.43526834
7.8626647,0.6961956,-0.06360066,0.4358086
7.9447393,0.68382823,-0.19284666,0.43725497
7.9508667,0.68954265,-0.079836726,0.40906686
7.9499693,0.69020486,-0.105323076,0.43167657
7.9478655,0.68257356,-0.11782181,0.41801265
7.9273167,0.6936091,-0.23091573,0.43617728
7.9317327,0.6909301,-0.15685666,0.385943
7.9423733,0.69222546,-0.13599968,0.41508847
7.8730335,0.6982719,-0.08558726,0.4071299
7.8316107,0.6823846,-0.057787657,0.39980945
7.937237,0.69772565,-0.045467615,0.4062587
7.852827,0.6893804,0.04955077,0.4062428
7.7671976,0.69566965,0.017088652,0.38896108
7.885788,0.6861187,-0.109172404,0.39382237
7.829321,0.6900811,-0.085109115,0.38666052
7.9838886,0.6882466,-0.067375004,0.37775454
7.9870057,0.6969259,-0.027938604,0.3707781
7.8741717,0.69193935,-0.18938082,0.39468458
7.8653994,0.6897875,-0.20033538,0.4431141
7.892395,0.6911377,-0.085048676,0.37380707
7.8760896,0.6950823,-0.29320467,0.4194734
7.8819866,0.6966152,0.16818702,0.40974224
7.99111,0.6989362,-0.27505696,0.41318348
7.995713,0.6930845,-0.13965482,0.37905884
7.951929,0.68635523,-0.20517743,0.39739448
7.878536,0.699772,-0.16080636,0.44920948
7.9401994,0.69464314,-0.28704154,0.4432788
7.96706,0.68717897,-0.35538864,0.44550946
7.92875,0.6952286,-0.10599059,0.4454545
7.912551,0.69617,-0.29116553,0.43941703
7.816393,0.6950245,0.06846213,0.36566645
7.951046,0.6951095,0.12893629,0.37772775
7.9995623,0.6904675,0.01043582,0.3705654
7.9987035,0.6972716,-0.021424115,0.38510177
7.8363605,0.6921488,-0.04396677,0.38996047
7.8522744,0.69471383,-0.054440737,0.40811384
7.9000773,0.6909478,0.022884369,0.41161385
7.89008,0.69048595,-0.21238273,0.39949638
7.9108205,0.69364715,-0.15205467,0.4478523
7.9151907,0.69539523,-0.1826266,0.43944025
7.852561,0.6877438,-0.009627461,0.40800458
7.8958383,0.682037,-0.057664752,0.4083885
7.91759,0.69919,-0.07116151,0.3823301
7.8666935,0.6992141,0.013085127,0.39733738
7.875568,0.6987146,0.021904945,0.37035775
7.9137826,0.6987004,0.028487563,0.41111022
7.8750105,0.6975614,-0.080800295,0.39744252
7.8705187,0.6995584,-0.03476256,0.40065563
7.8828936,0.69480956,-0.21215236,0.39506817
7.875538,0.69422555,0.04634285,0.39575738
7.9594564,0.6971644,0.04578042,0.37235582
7.998329,0.6867126,-0.33593202,0.44228417
7.995466,0.6884271,-0.18658936,0.4228418
7.662284,0.6977459,0.032292604,0.41279984
7.9420896,0.6975498,-0.015292525,0.42302984
7.941326,0.69571745,-0.30528605,0.4280705
7.943473,0.69183135,-0.25044858,0.44453496
7.9738226,0.69919837,-0.23721284,0.40668344
7.7587714,0.6799215,-0.11437845,0.4494657
7.9694138,0.6979834,-0.08489287,0.37653014
7.98131,0.6934569,-0.17203891,0.42658228
7.9861274,0.6960392,-0.2921924,0.4116965
7.982107,0.68309,-0.11307299,0.42376125
7.7949758,0.66964257,-0.08171761,0.39625168
7.847066,0.69927263,0.01457119,0.41344896
7.8425283,0.6910312,-0.11017227,0.40472323
7.878595,0.6912806,-0.06491196,0.42564172
7.8590736,0.6972463,-0.14700723,0.41158807
7.846696,0.6848414,-0.14518857,0.4344589
7.8260956,0.6998819,-0.26691532,0.44961327
7.983417,0.69272673,-0.04015845,0.4157462
7.983984,0.6929045,-0.23057151,0.40149593
7.9176164,0.6937367,-0.10006118,0.39357913
7.8378267,0.6854218,-0.12843001,0.43154848
7.888338,0.69484603,-0.06350207,0.42026547
7.955453,0.68271136,-0.05488074,0.42158592
7.956998,0.69587934,-0.11991143,0.41185057
7.7667656,0.6964357,-0.026909053,0.4151126
7.8194227,0.6949209,-0.1272707,0.4163326
7.8447433,0.69325733,-0.031321645,0.40027672
7.9005613,0.6936991,-0.38611054,0.45164293
7.884867,0.6984893,-0.27292067,0.42287588
7.925372,0.6824986,-0.29790598,0.43186295
7.9688625,0.6882632,-0.12535036,0.43914726
7.8107843,0.6990396,0.079469204,0.3955958
7.8979177,0.6966983,-0.033218265,0.4311325
7.9390745,0.69913244,0.03516686,0.42140114
7.953714,0.6947266,-0.038381696,0.38688296
7.9724884,0.69507825,-0.054967165,0.40664676
7.9177136,0.696754,-0.095228136,0.41581875
7.962179,0.69907,-0.2465058,0.43881112
7.8676004,0.68973565,-0.033923924,0.3828512
7.91527,0.69002664,-0.097702265,0.42802465
7.9537897,0.69722784,-0.14963341,0.4038875
7.9082885,0.69491434,-0.025101185,0.43141705
7.860379,0.6882236,0.05142796,0.40743017
7.8290787,0.6949066,0.07697952,0.3998682
7.877293,0.6931064,-0.062385023,0.40333134
7.8210964,0.69975924,-0.14813924,0.41061187
7.9835606,0.6765857,-0.17178214,0.40607673
7.951387,0.6960956,-0.047495484,0.44334102
7.898347,0.6963593,-0.30866545,0.44415033
7.913743,0.6996403,-0.19618791,0.4404688
7.957557,0.691573,-0.1438309,0.35315517
7.978633,0.68680775,-0.12393457,0.400945
7.97906,0.6874621,-0.29936278,0.42235258
7.9572825,0.6944665,-0.3138051,0.45309877
7.8537903,0.6990758,-0.30212486,0.44578436
7.864027,0.67681396,-0.12526953,0.42742574
7.921837,0.6967658,-0.2016288,0.42157653
7.811716,0.69524086,-0.017356634,0.38715452
7.8224607,0.6983154,-0.019710183,0.41247725
7.897171,0.6964983,-0.02252686,0.3930586
7.8075323,0.6921363,-0.12770593,0.43773675
7.8066425,0.69434273,-0.072457075,0.40561295
7.774251,0.69673693,-0.027172923,0.38763216
7.9138327,0.69713247,-0.19861901,0.418419
7.9443955,0.6715838,0.018495321,0.4115936
7.939473,0.699414,-0.17975044,0.38722372
7.958646,0.69818497,0.023554683,0.39936268
7.957733,0.6995375,-0.21760839,0.41333014
7.8464956,0.69947135,-0.12044752,0.4382627
7.8130198,0.6833799,-0.15538788,0.40291837
7.9283824,0.6919025,-0.13495559,0.44771552
7.9081645,0.6895337,-0.15969145,0.41207963
7.8644657,0.69547033,-0.13570267,0.41935593
7.977992,0.6970842,-0.14464194,0.41061428
7.8903146,0.6926793,-0.044871926,0.42256403
7.947507,0.692855,-0.2937044,0.42118037
7.9251103,0.6970612,-0.2501871,0.43969944
7.920352,0.69698,-0.26434076,0.44115463
7.926648,0.6997287,-0.31818885,0.41081274
7.9348116,0.6974915,-0.21365726,0.42056778
7.9641376,0.6922151,0.022230148,0.38808072
7.9644194,0.68802655,-0.056221306,0.41011924
7.9816113,0.69625187,-0.24996817,0.43726075
7.910184,0.6982918,-0.10099399,0.43193114
7.9419117,0.69479215,-0.27669734,0.4249071
7.9390554,0.69514275,-0.3030157,0.42314607
7.839206,0.6635065,-0.011314392,0.40370154
7.895746,0.6781366,-0.13397282,0.39987272
7.886721,0.6761855,0.049821854,0.4080465
7.9573493,0.69730294,-0.032616615,0.4229838
7.9512362,0.69859457,-0.103633404,0.36563528
7.906064,0.6868541,-0.29097682,0.4730546
7.9385657,0.6941006,-0.4175858,0.47114825
7.924981,0.6940956,0.1994462,0.40014523
7.8261585,0.6995214,0.18865383,0.39845228
7.9798245,0.6962763,0.050668,0.38549984
7.94396,0.68819225,0.082773924,0.38389713
7.8780003,0.68952715,-0.23140359,0.40266386
7.9058466,0.6903846,-0.2204541,0.4074936
7.9076343,0.69601846,0.021308303,0.39878613
7.9524126,0.68967915,-0.19389355,0.39998502
7.8543534,0.697047,-0.0043996572,0.417127
7.88896,0.67779815,-0.1526823,0.42282808
7.9495335,0.6991012,0.1474216,0.40095797
7.909744,0.6875793,-0.15957505,0.4099198
7.84929,0.6898931,-0.10657728,0.4219138
7.8865337,0.699016,-0.13807797,0.43736017
7.8875265,0.698244,-0.20634061,0.45321006
7.936284,0.6974714,-0.07301462,0.44468907
7.9307246,0.6951971,-0.34370023,0.4355209
7.998213,0.6945112,-0.261299,0.4321773
7.9977407,0.6931081,-0.0932138,0.3813799
7.8468065,0.6967052,0.029273033,0.3964154
7.788126,0.6965225,-0.085096836,0.40498668
7.8688617,0.69917786,-0.12030327,0.41495946
7.881952,0.69978523,-0.07143372,0.4061811
7.9359264,0.6572467,-0.15459615,0.4136919
7.8385916,0.6990365,-0.1762144,0.42886925
7.931871,0.6808162,-0.122908175,0.39215636
7.917161,0.6974895,-0.1986624,0.4283898
7.9310613,0.69324696,-0.24816167,0.42170626
7.936706,0.68625283,-0.050609767,0.42233133
7.8604355,0.6936126,-0.24291229,0.42923477
7.9758973,0.69215655,-0.044353426,0.410349
7.990366,0.67969537,-0.12670374,0.43595958
7.9052677,0.69985294,-0.24790823,0.41087198
7.9476185,0.6999775,-0.25055444,0.4517482
7.8949127,0.6999111,-0.5023681,0.44138205
7.9327564,0.6997591,0.20004141,0.37023425
7.979705,0.69994795,0.25844467,0.371274
7.963577,0.69997406,-0.013677597,0.36927813
7.8617325,0.6902592,-0.0318619,0.3863123
7.850311,0.6873894,-0.05635643,0.40492883
7.8966017,0.6961349,-0.27203876,0.40937907
7.9295206,0.6944555,-0.18092972,0.41722825
7.9728394,0.6914127,-0.17960405,0.43170846
7.9514527,0.6934737,-0.13259208,0.4068765
7.971639,0.68837404,-0.18315923,0.40806407
7.9655523,0.69530535,0.01941812,0.40359932
7.7914224,0.68932986,-0.06065625,0.40684062
7.82121,0.6897527,0.00669837,0.42698804
7.9552193,0.69276094,-0.06598991,0.42191127
7.768454,0.69502544,-0.118382215,0.3979634
7.9351525,0.698961,-0.12209809,0.444176
7.891524,0.68141043,-0.18984354,0.41523933
7.8812957,0.69579864,0.017336607,0.39621526
7.83189,0.6877377,-0.038250446,0.39199853
7.95894,0.69834816,0.013356566,0.40433908
7.8689356,0.6842904,-0.066503525,0.43412042
7.887459,0.6985861,-0.1534468,0.38133326
7.9045153,0.69663393,-0.25002146,0.41464537
7.964949,0.6805093,-0.2910174,0.46141607
7.970601,0.69694364,-0.302446,0.45863324
7.871411,0.6972294,-0.32753742,0.4557935
7.8690014,0.6863934,0.06279671,0.41983145
7.8526154,0.68961895,-0.10803664,0.4140004
7.9230337,0.69552505,0.064370155,0.39795187
7.9109297,0.6794797,-0.041041493,0.41968673
7.935798,0.6943804,-0.021128058,0.39855143
7.916176,0.6800431,-0.14717591,0.42622048
7.8970413,0.6962725,-0.17397714,0.43641478
7.7989244,0.6966549,-0.079110146,0.43819088
7.860033,0.69887924,0.04958117,0.37332365
7.898839,0.69859517,-0.062757134,0.415
7.9447317,0.6981082,-0.25465226,0.41223758
7.9361973,0.6986805,-0.2660284,0.44443214
7.9348936,0.690781,-0.25941783,0.4480269
7.764988,0.69004464,-0.12888199,0.42702845
7.96006,0.6857679,-0.12232202,0.41327143
7.950201,0.69904304,-0.13348436,0.41724098
7.7664957,0.69870937,-0.16296887,0.42034414
7.9628186,0.6978991,-0.14611423,0.4438908
7.950924,0.6985084,-0.10682672,0.40204024
7.9968452,0.6907512,-0.37948418,0.43483454
7.9933376,0.6908605,-0.32137543,0.41787124
7.977688,0.6733092,0.053729296,0.41657794
7.7737246,0.6773341,-0.13609141,0.41685027
7.7875032,0.6821281,0.07790136,0.41756895
7.898137,0.697696,-0.26511383,0.41428572
7.9584,0.67877436,0.038339138,0.39577013
7.742735,0.69353414,0.024245739,0.39878613
7.977598,0.6889552,-0.04675412,0.42129016
7.989312,0.6887071,-0.2652539,0.43471038
7.773857,0.69809866,-0.0859189,0.4384158
7.8049936,0.69800115,-0.040513277,0.42113906
7.804742,0.6917007,-0.037656546,0.39681286
7.768192,0.6925335,0.029162288,0.3856985
7.8868303,0.6991235,-0.04297805,0.42626238
7.883976,0.6872474,-0.063070774,0.40868548
7.804294,0.696813,-0.2627108,0.43148512
7.88004,0.68399286,0.04368496,0.38310635
7.7830825,0.6956067,0.021657348,0.39642966
7.9045877,0.69565535,0.038318515,0.40184313
7.935952,0.6998515,-0.21447432,0.4492489
7.822867,0.69863975,-0.22694468,0.4204797
7.936001,0.6811526,-0.18420815,0.42360854
7.8965573,0.69772184,-0.17523551,0.3889983
7.8663483,0.699664,0.046433926,0.38868248
7.922125,0.68415475,-0.04193318,0.4261763
7.946207,0.69568694,-0.16043401,0.43919098
7.8384004,0.69495773,-0.16942394,0.39397484
7.8035417,0.6882074,-0.26264167,0.44940057
7.9542646,0.6912563,-0.11707795,0.4350872
7.958634,0.6922394,-0.04182607,0.39285433
7.9747686,0.685776,0.046110034,0.39359456
7.9759927,0.6922108,-0.12672639,0.38872546
7.972295,0.68306553,0.04485655,0.40605572
7.988848,0.6783534,-0.15963066,0.39575028
7.9938803,0.6982131,-0.03662324,0.40656653
7.9874706,0.6963861,-0.19884789,0.39346832
7.941928,0.6968038,-0.07741642,0.41070032
7.8924966,0.6988374,-0.18587643,0.39681613
7.957412,0.69850636,0.13852787,0.39217776
7.9618177,0.69833136,-0.2874455,0.40360153
7.9260693,0.69852376,0.02792859,0.38157955
7.749401,0.69251204,-0.058005452,0.3658324
7.9909964,0.68169975,-0.07432401,0.46977562
7.9990625,0.69335175,-0.42665625,0.43321967
7.939107,0.69751346,0.10251641,0.46954256
7.7869244,0.6993755,-0.0462839,0.40682143
7.9611216,0.67603564,-0.09344071,0.3970584
7.941391,0.68849766,-0.09512621,0.435087
7.9925704,0.68536747,-0.23413551,0.42992604
7.9992957,0.6982994,-0.30315262,0.40287054
7.883421,0.6865798,-0.036988795,0.43511593
7.764678,0.6961242,-0.049994826,0.43652478
7.952275,0.69359076,-0.30573332,0.4484791
7.864867,0.6910846,-0.28133136,0.417633
7.974414,0.68223083,-0.04599881,0.42857313
7.8967834,0.6857723,-0.046730876,0.41227677
7.9249096,0.6912434,-0.09204996,0.3726595
7.874861,0.69391,-0.055129647,0.4046687
7.8807354,0.6952847,-0.05071795,0.3913993
7.8761344,0.6882036,-0.027590692,0.39329302
7.889392,0.69952714,-0.030031085,0.3962263
7.893159,0.6992371,0.012674451,0.42345923
7.7957125,0.69802666,-0.084248066,0.40958324
7.820565,0.6822463,-0.03462112,0.42536142
7.8767295,0.69513977,-0.02466333,0.4035306
7.799343,0.6872674,-0.063522995,0.41304713
7.960533,0.69221735,-0.1774013,0.45308036
7.9974585,0.6951127,-0.22127926,0.37549472
7.8619304,0.6983062,-0.0758329,0.41005152
7.9096193,0.6994356,0.00861454,0.37745252
7.8786955,0.6910529,-0.14012325,0.39138716
7.9979405,0.6923548,0.12988853,0.38560057
7.9943714,0.69438815,0.23794389,0.4055306
7.930774,0.69756377,0.13637304,0.3949272
7.916025,0.68197215,0.02244842,0.40714556
7.828105,0.6939163,0.035559177,0.41164488
7.778076,0.6985632,-0.19538522,0.40140557
7.77041,0.6959435,0.06855464,0.405989
7.8974075,0.6927223,0.005282998,0.40114635
7.830617,0.6981269,0.027567029,0.40176857
7.874177,0.6967635,0.08964324,0.39633438
7.864517,0.69582427,-0.13198149,0.40301925
7.8974237,0.6941706,-0.21576732,0.43290395
7.908347,0.6959977,-0.16667181,0.42120016
7.918625,0.6901845,-0.13545483,0.39898396
7.9982715,0.6948004,-0.19815165,0.4451471
7.988368,0.6968087,-0.11066949,0.41364098
7.8352356,0.6935911,-0.35658532,0.43364573
7.9990673,0.6998327,-0.17579174,0.4076625
7.9684567,0.66188395,0.041147828,0.44004714
7.905661,0.6885828,0.039664507,0.3928761
7.9848523,0.6902057,0.0007760525,0.41823816
7.9958076,0.6904478,-0.12188411,0.4252597
7.9893227,0.69863725,-0.095651984,0.42578548
7.9764314,0.6988894,-0.17204571,0.42121732
7.8440275,0.6992402,0.055750728,0.43223417
7.9385056,0.6907606,-0.094196916,0.4326191
7.9317236,0.68775,-0.18247986,0.42766523
7.7984495,0.6979296,-0.14491838,0.4114565
7.904043,0.6864549,0.020900846,0.41522878
7.9682026,0.69669926,-0.049026966,0.41705602
7.9815617,0.69825983,-0.23751414,0.38648456
7.8945217,0.6881081,-0.23965937,0.42809105
7.9764757,0.6885239,-0.060434937,0.43272972
7.993265,0.6988044,-0.020687222,0.40249693
7.973693,0.6826942,-0.14949131,0.4199648
7.9474497,0.6912663,-0.10718572,0.40860403
7.9520116,0.69381773,0.013860226,0.41237023
7.9721017,0.69930387,-0.124062896,0.40731373
7.9732785,0.6981839,-0.020993352,0.41503
7.7804117,0.6699749,0.02913785,0.41777283
7.9205275,0.69904745,-0.014179647,0.4288864
7.979875,0.69927907,-0.32074076,0.43075848
7.929015,0.6763104,-0.0834595,0.40284175
7.927013,0.6995324,-0.3068878,0.4415409
7.9073677,0.681916,-0.10352969,0.4876936
7.9968224,0.6972232,-0.20135498,0.47823054
7.9925127,0.6982262,-0.20170969,0.37464738
7.98712,0.69582045,-0.2587731,0.47403854
7.946494,0.69717205,-0.29245424,0.41384962
7.942822,0.69198,-0.2111541,0.43850306
7.9295597,0.69443,-0.10491228,0.4087649
7.9098983,0.6840131,-0.15903324,0.40876213
7.821886,0.68785954,-0.0331403,0.42877734
7.876224,0.68957007,-0.1542815,0.40862983
7.8412657,0.6863742,-0.18746966,0.4189412
7.8323245,0.69656,-0.08326781,0.41654348
7.892989,0.6995231,-0.1482786,0.4159898
7.9049077,0.6998292,-0.091192245,0.40784955
7.9070544,0.69694257,0.09554148,0.38208887
7.8611326,0.6824446,-0.092478335,0.37283346
7.8683434,0.68385303,-0.18558538,0.41562775
7.9396133,0.6747644,-0.0906744,0.40330616
7.9052224,0.6920848,-0.063712716,0.39192712
7.9238234,0.690276,0.0837121,0.42604187
7.9252677,0.6879618,-0.10372752,0.4374057
7.9960713,0.67448306,-0.25372362,0.41270745
7.9925227,0.6834258,-0.17723113,0.42640734
7.835046,0.69823,-0.076643646,0.41929978
7.7885027,0.6829388,-0.022609234,0.40823102
7.963811,0.6964543,-0.0509547,0.42804164
7.941702,0.69012475,0.008838534,0.37990835
7.925312,0.6961856,-0.07128751,0.40930346
7.893697,0.6969228,0.034754753,0.40340915
7.957372,0.696514,-0.15114897,0.3974753
7.9291863,0.69429684,0.04381013,0.41822225
7.8840094,0.6990255,-0.1567601,0.41355395
7.8865814,0.68879795,-0.12677449,0.4171136
7.879321,0.6919905,-0.03500998,0.41328144
7.9142885,0.69617,-0.013556004,0.39388168
7.913056,0.68468034,-0.20705152,0.40675426
7.9801917,0.69926345,-0.2633149,0.4012226
7.972046,0.69148254,-0.29241526,0.46979958
7.944827,0.6917083,-0.17218423,0.46826142
7.8950157,0.68888116,-0.25128722,0.45619142
7.8777204,0.69586444,-0.12328076,0.38965407
7.7822742,0.6967912,-0.02652675,0.4354062
7.9268866,0.69284725,-0.38039482,0.421089
7.9725337,0.6986401,-0.24164486,0.44379666
7.7458506,0.6964178,-0.18814754,0.43144944
7.795725,0.6963154,-0.053005338,0.38205343
7.732394,0.6968386,0.010746241,0.4275906
7.9954166,0.6631086,-0.2134707,0.4224553
7.981764,0.6986077,-0.24658984,0.42921382
7.8627396,0.6992985,-0.23786193,0.43382806
7.902745,0.698478,-0.11130071,0.42920405
7.793521,0.6762136,-0.1341337,0.41004792
7.829428,0.6955893,-0.090899825,0.39444965
7.937661,0.6942024,-0.035274148,0.40710467
7.9736667,0.6881081,-0.07816607,0.40257585
7.9790597,0.69378793,-0.34269524,0.43350935
7.975655,0.6974051,-0.056239605,0.3944077
7.997328,0.6834694,-0.18584299,0.40921593
7.955759,0.6936616,-0.29137772,0.4183427
7.959385,0.6773852,-0.009447575,0.4044581
7.846583,0.6991422,-0.08323741,0.39456576
7.8690133,0.6942314,-0.043316007,0.43411708
7.888165,0.6958287,-0.22991669,0.38954937
7.8947606,0.6769788,-0.1530019,0.3952807
7.889354,0.6996901,-0.20273161,0.4538256
7.8666644,0.69934773,-0.018867612,0.43495077
7.8297205,0.6957345,-0.002781868,0.40669206
7.89197,0.6952163,-0.19063467,0.40130496
7.924368,0.69546604,-0.09256649,0.41131824
7.7965918,0.6984292,-0.072708726,0.43354595
7.796378,0.69033337,-0.055651307,0.39043546
7.962023,0.698601,-0.1228928,0.40738147
7.9729424,0.68834114,-0.09392369,0.4137925
7.99019,0.6952008,-0.2412107,0.41727197
7.8489428,0.6970929,-0.071986616,0.43166113
7.9059634,0.6985496,-0.1234113,0.41679478
7.8868146,0.6964965,-0.18151766,0.41073143
7.894704,0.6962702,-0.21483207,0.431345
7.8846045,0.6943451,0.013459206,0.44391692
7.867398,0.69351983,-0.24307579,0.4447114
7.9158726,0.69380105,-0.055214047,0.40192115
7.8868475,0.6967969,-0.10426223,0.43068302
7.878248,0.69736385,0.0498873,0.46835494
7.9602127,0.6643871,-0.37451303,0.4816873
7.983659,0.6802448,-0.12249577,0.41464168
7.960619,0.6741966,0.034688473,0.40342176
7.964027,0.6806792,-0.26047575,0.40973592
7.8525925,0.660823,-0.18381548,0.47335124
7.9335947,0.6992984,-0.1660968,0.4127711
7.9631524,0.6992341,-0.13726193,0.39663917
7.964756,0.6985476,-0.14826941,0.45431072
7.9536285,0.6995164,-0.2488935,0.4257707
7.8128705,0.6992254,-0.16300476,0.39908224
7.8833222,0.6944194,-0.1438573,0.37967008
7.878811,0.6938851,-0.2177518,0.44185144
7.871249,0.69023156,-0.08049512,0.4361059
7.8787575,0.685284,-0.059310555,0.42725915
7.8661366,0.6949737,-0.09965527,0.40356225
7.922147,0.69303715,-0.06546366,0.41688365
7.9786863,0.69938016,-0.2982995,0.4223062
7.9871244,0.69514775,-0.28301382,0.4273066
7.9894905,0.6912794,-0.54689217,0.46529835
7.8345003,0.68641007,-0.16134512,0.46484834
7.9602966,0.67835116,-0.23036325,0.45194048
7.980414,0.6952299,-0.09361386,0.44967967
7.955316,0.6942178,-0.32645816,0.42267385
7.8482428,0.69580257,-0.25180972,0.41902763
7.9412465,0.6843554,-0.112997174,0.41676465
7.9631615,0.6843538,-0.123425245,0.39695472
7.9744043,0.6936865,-0.15026975,0.40919375
7.9704514,0.6972902,-0.25313914,0.4236499
7.961519,0.6815294,-0.09831053,0.43188322
7.934432,0.67974484,-0.1664322,0.43907076
7.8076334,0.6961694,-0.22858512,0.41681975
7.88358,0.69216704,-0.23709947,0.42152077
7.91304,0.69325864,-0.16688311,0.42174056
7.926958,0.6978799,-0.23369408,0.4392045
7.8907127,0.6972084,-0.10182065,0.404112
7.976739,0.69922686,-0.34079754,0.42579284
7.9675646,0.68522525,-0.013880372,0.4104554
7.8705397,0.6929971,0.21089113,0.40693644
7.9576902,0.69228077,-0.2932843,0.43859485
7.9675703,0.6914723,-0.08951771,0.4070667
7.862255,0.685809,-0.08456576,0.46447808
7.868622,0.69577324,-0.36476016,0.4337054
7.832531,0.69561136,-0.1315049,0.43569905
7.875828,0.69768536,-0.03826803,0.40813237
7.934254,0.6991235,-0.17559743,0.43389332
7.846687,0.6990385,-0.043239713,0.43548965
7.9198246,0.69312084,-0.12262869,0.41992658
7.884906,0.6952466,-0.11298585,0.4312158
7.9908705,0.693269,-0.25537062,0.4457571
7.944997,0.69664764,-0.32494164,0.443906
7.949504,0.6988033,0.04327464,0.44134432
7.8741436,0.6893003,-0.18207729,0.4408517
7.87731,0.69622326,-0.2499587,0.4190085
7.8448143,0.6998049,0.010975122,0.4142822
7.8597846,0.697888,-0.009470701,0.38076472
7.876337,0.6985121,0.0076218843,0.38930267
7.9102507,0.69773877,-0.10643977,0.40779215
7.836211,0.69702137,-0.08999753,0.40504277
7.762225,0.6961744,-0.120367765,0.391079
7.9296675,0.69969165,0.08303714,0.38536155
7.961201,0.6905652,-0.3439572,0.41974476
7.9766226,0.69127095,-0.21813214,0.42777246
7.895924,0.6974615,-0.18560112,0.40115303
7.886634,0.6904367,-0.16390729,0.40106714
7.938547,0.69417596,-0.20040405,0.47161794
7.936763,0.69942045,-0.14117372,0.4008751
7.872873,0.697145,-0.19102895,0.418657
7.917059,0.6928649,-0.22012252,0.43405735
7.8880877,0.68604815,-0.13530397,0.4483997
7.8984957,0.697263,-0.1650685,0.437011
7.9401655,0.6987623,-0.30062973,0.44128466
7.9155264,0.69496226,-0.22872305,0.41801602
7.95263,0.69825757,-0.19689208,0.4382379
7.762169,0.6886996,-0.21101892,0.41513896
7.904154,0.69467556,-0.20505095,0.43834996
7.9426813,0.6957061,-0.23612785,0.42272153
7.889773,0.69537234,-0.16658199,0.4070822
7.8113565,0.685518,-0.23916137,0.42430094
7.8835654,0.69067,-0.04540807,0.40071848
7.842542,0.69228053,-0.0040094256,0.40807608
7.9150186,0.6971736,-0.03528738,0.42937678
7.909784,0.6953089,-0.114824414,0.4306785
7.896377,0.69609904,-0.1124593,0.42263448
7.9544377,0.6914213,-0.21977615,0.44790095
7.9438686,0.6915822,-0.19605774,0.41338205
7.9640436,0.6914344,-0.09547055,0.40233982
7.677429,0.69348097,0.019709587,0.4116317
7.9276953,0.69902897,0.017680645,0.40267777
7.9405947,0.6987506,-0.04964745,0.3941627
7.992343,0.69255126,-0.09691,0.41485244
7.7007775,0.6906197,-0.16233557,0.41611296
7.991993,0.68634415,-0.038843453,0.412885
7.9551916,0.69767916,-0.097429276,0.42138106
7.9066086,0.69269943,-0.17170614,0.43395942
7.8713408,0.6836395,0.084958315,0.4302829
7.852759,0.69202304,-0.041668534,0.39736277
7.8897,0.6928258,0.04440105,0.37396246
7.906876,0.68643355,-0.232548,0.44294876
7.8829565,0.68450963,-0.087239146,0.41823035
7.8938575,0.69512355,-0.19753051,0.42436892
7.958258,0.69426227,-0.047612667,0.41599923
7.874964,0.6954112,-0.09677267,0.4177033
7.836243,0.6849445,-0.06835973,0.39738545
7.848197,0.69686794,-0.0882628,0.40635747
7.9477015,0.6972358,-0.044443607,0.39422
7.9421225,0.6960372,-0.28654993,0.46983463
7.9217834,0.6985357,-0.3226213,0.4337409
7.9613943,0.6961161,-0.152102,0.4139114
7.9876237,0.6954541,-0.25220186,0.42525747
7.990054,0.69372475,-0.2295857,0.42002815
7.9785137,0.6863116,-0.12364066,0.4635321
7.936184,0.6876111,-0.30374265,0.45359546
7.9878354,0.6974844,-0.30851287,0.44669798
7.975585,0.68715334,-0.20099962,0.40170908
7.9341598,0.6958785,-0.06787646,0.39881635
7.9506764,0.6970484,-0.16216135,0.44173563
7.9120255,0.6866447,-0.009069443,0.4192833
7.954558,0.68619204,-0.2281009,0.45490128
7.915713,0.6950686,-0.24511611,0.41252702
7.9077053,0.6998545,-0.06832594,0.42729145
7.77766,0.69998646,0.023396492,0.38639027
7.9423137,0.6999885,-0.0732044,0.41894406
7.837446,0.699924,-0.24940896,0.4315813
7.9778905,0.69690204,-0.2302627,0.4259572
7.9666085,0.6968714,-0.12090492,0.4276222
7.9777665,0.693967,-0.30252683,0.42277908
7.875487,0.69924426,-0.078970075,0.41858858
7.902611,0.679729,0.06939614,0.39373732
7.879373,0.694172,-0.20754921,0.39354533
7.8545084,0.6975893,0.009451985,0.3803456
7.8572507,0.694162,0.028612137,0.3689037
7.850131,0.68418694,-0.13360482,0.40631843
7.9278374,0.68214977,-0.16022646,0.42816594
7.9492292,0.69818735,-0.29671532,0.4285978
7.8316298,0.69984496,-0.20785105,0.42149085
7.951029,0.69812465,-0.107913256,0.416417
7.937685,0.6948528,-0.2056768,0.41490775
7.8460107,0.6988677,-0.088502645,0.4317687
7.81119,0.6971253,-0.00463593,0.403045
7.813655,0.6950277,-0.14930606,0.39971206
7.828787,0.69161844,-0.044077635,0.40963966
7.9196396,0.6795416,-0.017488062,0.4151597
7.885743,0.6827209,-0.10824978,0.4143057
7.8781285,0.68938386,-0.10957229,0.41231352
7.867284,0.69426525,-0.06759262,0.42596352
7.8565316,0.6993706,-0.023311734,0.44573087
7.8945856,0.6910846,-0.14804971,0.42517
7.8311677,0.6941614,-0.049734473,0.41152304
7.845992,0.69505763,-0.094744444,0.43604434
7.919524,0.68580914,-0.0637126,0.43463624
7.954152,0.68904185,-0.045376778,0.38187823
7.8932447,0.698887,-0.281047,0.4135549
7.9002986,0.69351494,-0.035608888,0.4309682
7.9539833,0.6983975,-0.23462182,0.4353158
7.9533043,0.6972704,0.0003142357,0.39028955
7.9913545,0.69858146,-0.346622,0.40343094
7.8720703,0.6986866,-0.2751131,0.42090112
7.8658485,0.6964551,-0.21835339,0.4347527
7.7904224,0.6974484,0.14690566,0.4181785
7.9471283,0.6970347,-0.098777235,0.38985217
7.8686996,0.6939182,-0.0013551712,0.40050602
7.781439,0.6705526,-0.17680514,0.43313628
7.841185,0.69997394,-0.07462895,0.41377854
7.8790874,0.6998527,-0.13133562,0.42449322
7.8897014,0.6862376,-0.090990186,0.4213482
7.844631,0.69768035,-0.2046426,0.44177845
7.9027824,0.68074703,0.014233351,0.42593873
7.940959,0.6995795,-0.191033,0.41172975
7.8458414,0.6895844,-0.16027027,0.42215925
7.895703,0.6907753,-0.030644834,0.410121
7.9376163,0.69039655,-0.0077912807,0.41988808
7.9143534,0.68934715,0.0817163,0.43334845
7.8541894,0.6977776,-0.2247088,0.39894772
7.9119234,0.6897391,-0.09892601,0.41577536
7.8596478,0.68407476,-0.11392021,0.4182245
7.8827133,0.6982424,-0.18296504,0.41674042
7.9618597,0.69512534,-0.22913623,0.40979725
7.9340744,0.6984786,-0.18385565,0.45353746
7.856034,0.6987426,-0.008974373,0.4404223
7.8638144,0.6989752,-0.044711113,0.38359565
7.8708124,0.69949245,-0.1864866,0.4401033
7.9631877,0.66999626,-0.22154248,0.44818023
7.9372277,0.6969707,-0.2596643,0.44649425
7.9166794,0.6829847,-0.2999034,0.41043246
7.803729,0.6963415,0.012111664,0.42336932
7.9524593,0.6944022,-0.20423508,0.43622857
7.9342175,0.6936153,-0.07663727,0.41248548
7.9335527,0.6990148,0.0050600767,0.38642704
7.920807,0.69198143,0.057178378,0.41716507
7.844661,0.69229877,0.060944796,0.4154939
7.929934,0.6991613,-0.17605543,0.44081968
7.9118385,0.69782627,-0.26457596,0.4544412
7.902251,0.6845751,-0.03739643,0.44155955
7.825653,0.6998153,0.013998866,0.37015814
7.851305,0.68291855,-0.14476961,0.39838558
7.9393926,0.6939237,-0.1322841,0.4421997
7.886344,0.6949433,-0.07823509,0.43505794
7.7878203,0.69249177,0.039337635,0.38472784
7.83778,0.6898658,-0.05655551,0.40355593
7.9891577,0.6982219,-0.20194912,0.42203075
7.986517,0.69818985,-0.018342078,0.43710297
7.981179,0.6980618,-0.10131204,0.41817576
7.9426684,0.68642914,-0.2718054,0.40586308
7.888617,0.6956172,-0.2832858,0.4225511
7.9447618,0.69905925,-0.38331127,0.41370225
7.8985815,0.69047034,-0.44031978,0.444691
7.852287,0.68954146,0.12106705,0.40824658
7.8071537,0.6882429,-0.00065732,0.38077354
7.912071,0.6926464,0.029239655,0.41224748
7.947526,0.69856524,-0.029575706,0.41052586
7.8491597,0.6995977,-0.06344712,0.39345348
7.9450316,0.68670845,0.06303191,0.39489177
7.942087,0.69277036,-0.18516302,0.41977918
7.8388147,0.69488,-0.18970776,0.4355129
7.933172,0.6931279,-0.097483754,0.41987216
7.859645,0.69247437,0.04286456,0.4256816
7.871691,0.69801676,-0.31268096,0.40495944
7.8792186,0.6959435,-0.11014807,0.4071447
7.8594313,0.6970761,-0.03856772,0.38822538
7.8248577,0.6863873,-0.01459527,0.3908102
7.9391174,0.6833514,-0.0081411,0.36803514
7.9555306,0.6995405,-0.18314362,0.41997376
7.8973513,0.69954336,-0.15443593,0.4180014
7.8922415,0.6629386,-0.060818672,0.42625177
7.8794613,0.699221,-0.00894928,0.42360544
7.8403215,0.6789868,-0.06850088,0.41130581
7.871664,0.6997583,-0.15185744,0.45284188
7.922802,0.68961656,-0.2683131,0.44212705
7.8823404,0.6993797,-0.21023369,0.4051984
7.8339853,0.69905865,-0.15959203,0.45751256
7.936733,0.6929145,-0.17240173,0.42773739
7.891715,0.69889283,-0.24060404,0.42334238
7.99189,0.69896936,-0.25403035,0.41458073
7.996754,0.69875884,-0.25620002,0.43613234
7.9942336,0.68750584,-0.13383353,0.4466734
7.9725842,0.6790539,-0.093087554,0.40914765
7.9520135,0.68655014,-0.11112183,0.4320859
7.9591045,0.69460094,-0.0051321983,0.44016927
7.9539967,0.6807736,0.04731965,0.38599616
7.9500856,0.6983162,-0.10305697,0.41719842
7.936331,0.69829035,-0.19373596,0.42403865
7.947588,0.6963798,-0.2881841,0.43628457
7.8509502,0.69709957,-0.05161643,0.39722347
7.924637,0.6943842,-0.04193437,0.40607494
7.901494,0.69338953,-0.03787315,0.36743116
7.885337,0.6928021,0.088706374,0.3904096
7.931053,0.6818689,0.06030655,0.40589386
7.732891,0.69164693,-0.011107326,0.42260224
7.9714856,0.69647264,-0.020834446,0.39745277
7.930894,0.6911024,-0.015890837,0.37491268
7.820137,0.68397844,0.014256954,0.37396201
7.9838257,0.6941447,-0.1640656,0.37508667
7.9628525,0.69332135,-0.104943156,0.36191553
7.8588467,0.69441664,-0.13451445,0.39863545
7.901344,0.69698405,-0.31719732,0.46873027
7.9381943,0.69778764,-0.33044612,0.43082523
7.9221125,0.6981536,-0.092541456,0.4478981
7.8539505,0.6863668,-0.14549291,0.4167478
7.8801637,0.6851355,-0.05975288,0.4318939
7.884847,0.6999743,-0.16961062,0.39755285
7.91518,0.6997603,-0.026807845,0.44994873
7.9326,0.69954705,-0.24782169,0.41671586
7.9522314,0.6741009,-0.26331055,0.43794304
7.9372263,0.693596,-0.07355285,0.43087155
7.8950424,0.69207144,-0.17664713,0.4273751
7.9538507,0.69628966,-0.22773278,0.41771048
7.719017,0.6946515,-0.089784026,0.44304013
7.9995728,0.6997479,-0.23776603,0.42206782
7.6868243,0.6995983,-0.16216213,0.41940534
7.9205313,0.6968187,-0.0295856,0.42938036
7.927272,0.69964695,0.056431293,0.37592405
7.7932715,0.6818917,-0.06655741,0.39167303
7.8666096,0.69249606,-0.1373409,0.4122198
7.8682237,0.69277,-0.060399413,0.41485327
7.795211,0.69244134,-0.049070537,0.41890258
7.9432497,0.6982906,-0.03052926,0.40398565
7.8470516,0.69988775,-0.11278677,0.42325246
7.91959,0.6888678,0.028262973,0.41488367
7.905378,0.6873803,-0.17852855,0.45130962
7.7390537,0.6992599,-0.050114453,0.4104206
7.9665403,0.69019246,-0.21926564,0.453422
7.9777713,0.67281103,-0.023279846,0.45001292
7.9348326,0.6923274,-0.17146266,0.41939658
7.865254,0.6974435,-0.1447829,0.43194884
7.916216,0.6811162,-0.02645135,0.39804465
7.9154706,0.6983452,-0.18061608,0.4270388
7.845338,0.66528535,-0.11598992,0.4026124
7.7235613,0.699952,-0.16987848,0.39174584
7.740488,0.6721128,-0.057745934,0.45127207
7.7808104,0.69998145,-0.11084247,0.37847933
7.9302545,0.6960938,-0.081866086,0.36404532
7.878669,0.6979945,0.104204774,0.42054266
7.9735823,0.6955676,-0.30470538,0.41294378
7.962649,0.69096565,-0.12631887,0.42945135
7.8888016,0.68792367,0.045345306,0.4434377
7.8758783,0.6983336,-0.19132578,0.41837862
7.881469,0.68704736,-0.12189233,0.4302285
7.9738317,0.6933079,-0.122978985,0.45482147
7.9777136,0.6839509,0.15416121,0.38475135
7.9806037,0.6989564,-0.18513608,0.37878412
7.9554925,0.6995233,-0.028082967,0.41576564
7.7871065,0.6932224,-0.1518569,0.41469413
7.918668,0.6990911,-0.18765199,0.42980742
7.9494624,0.67195535,-0.16892791,0.42811018
7.9772825,0.693596,-0.11235738,0.43922377
7.9898763,0.6936773,-0.31379062,0.4350524
7.8381023,0.6942214,-0.18206376,0.44477788
7.853665,0.68090963,-0.10580051,0.3963011
7.902934,0.68912184,0.009965062,0.40624464
7.8254404,0.69078326,-0.14209712,0.43295687
7.875604,0.68502116,-0.045943975,0.43246287
7.8643866,0.69893074,0.039201736,0.4145736
7.8446813,0.68970025,-0.013492703,0.41418505
7.881002,0.69922745,0.04014039,0.40757698
7.911642,0.698153,-0.11071128,0.4046985
7.9029417,0.6976687,-0.18369985,0.4365629
7.9159307,0.69747484,-0.079931974,0.37903067
7.8359447,0.6946647,0.035984516,0.39084232
7.926265,0.6909336,-0.07217491,0.41634718
7.973349,0.6921296,-0.18036258,0.3944552
7.8252797,0.6985159,-0.19227171,0.41863036
7.8346295,0.6990588,0.016310096,0.4075035
7.8743167,0.68744755,-0.1527152,0.4032221
7.9351673,0.6968957,-0.11711228,0.41354388
7.779101,0.69967246,-0.08440268,0.40328568
7.933406,0.6885078,-0.217973,0.46048868
7.9205084,0.69679666,-0.20722401,0.45776838
7.9558496,0.68559194,-0.31439662,0.44472188
7.923746,0.69712436,-0.3174675,0.45131665
7.9615054,0.69393945,-0.07760608,0.42190605
7.985565,0.6953063,-0.25600976,0.43295103
7.9810386,0.6990212,-0.24939203,0.42860177
7.9852695,0.6937727,-0.13620591,0.41246477
7.9887767,0.69700646,-0.25401068,0.43840826
7.967503,0.6969123,-0.11538494,0.4302873
7.9506574,0.6965139,-0.26507038,0.42874303
7.8662367,0.693462,-0.24910128,0.43340755
7.9527197,0.69541717,-0.25320417,0.44587258
7.886561,0.697376,0.05971849,0.43477964
7.982648,0.69216275,-0.31121927,0.43140724
7.8741612,0.69337034,0.058036566,0.3647503
7.8531947,0.6927651,-0.106749535,0.3834522
7.9207363,0.6773212,-0.13560963,0.38995594
7.962764,0.6997733,-0.011759639,0.3909669
7.949334,0.6999291,-0.13590443,0.42507553
7.9704523,0.69795763,-0.11649549,0.44257903
7.92863,0.6890608,-0.2640164,0.43511683
7.9543123,0.6919242,-0.23005319,0.40959895
7.8745947,0.6948472,-0.177602,0.47737044
7.919033,0.6900394,-0.2478497,0.4247529
7.8658514,0.69083416,0.036089063,0.4234412
7.9244976,0.6947892,-0.20893574,0.43237162
7.9223757,0.68995595,-0.11561549,0.41296315
7.842362,0.69960856,0.016476512,0.39736098
7.8623123,0.69494426,-0.008847117,0.40013653
7.8870287,0.68381894,-0.057462633,0.41099173
7.8926096,0.6947354,-0.14949632,0.43690538
7.890328,0.69863546,-0.28273022,0.44401935
7.817423,0.6822634,-0.06589353,0.39261204
7.96115,0.6969861,-0.1434946,0.44640934
7.9956684,0.6955261,-0.12372756,0.44487947
7.9844723,0.6893469,-0.18734235,0.44322073
7.7772875,0.6931068,0.03996265,0.43683815
7.8449044,0.6921377,-0.21250522,0.40952098
7.9464216,0.693406,0.055521965,0.4138463
7.794491,0.679477,-0.06977147,0.41698378
7.9536853,0.69405985,-0.18703246,0.41849172
7.8218236,0.69159687,0.10549259,0.40229696
7.9506893,0.69453263,-0.11354655,0.44623256
7.9872565,0.6980722,-0.25449538,0.4125088
7.990738,0.6843866,-0.2591458,0.4255163
7.985947,0.69619584,-0.34512573,0.43979084
7.8436675,0.69348836,-0.16005147,0.39811563
7.9650373,0.69035697,0.02292502,0.39319238
7.92735,0.69829416,-0.15683734,0.413756
7.8463354,0.69952226,-0.15143299,0.43491077
7.8686543,0.6953143,-0.13073897,0.4166128
7.901224,0.6964321,-0.19600874,0.44017982
7.9187574,0.6935767,-0.18543184,0.40816605
7.8768253,0.6962426,-0.072146535,0.44577044
7.941669,0.6922525,-0.20604736,0.38232678
7.950354,0.6947473,0.22628081,0.39020944
7.991771,0.6975777,-0.12100828,0.38619095
7.999419,0.6724378,-0.16650629,0.40098315
7.808377,0.69618845,-0.023726821,0.39804015
7.842169,0.698725,0.04884982,0.3851471
7.8665004,0.68289745,-0.044039726,0.39828175
7.943987,0.6981846,-0.029664218,0.40802097
7.8454313,0.68472576,-0.21958101,0.4364374
7.882682,0.6957083,-0.17540693,0.42843384
7.8189344,0.6992005,-0.082209766,0.42919138
7.812522,0.6924366,-0.099271834,0.42392826
7.865225,0.68324625,0.005562067,0.39945465
7.9230604,0.6987281,-0.33435553,0.39282584
7.9156475,0.664083,-0.33451188,0.41371316
7.9826555,0.6994766,-0.26313454,0.4415021
7.974118,0.6947347,-0.26282907,0.42080462
7.789744,0.69865847,-0.105887234,0.4267022
7.888237,0.69730043,-0.2762124,0.43435076
7.8885417,0.69323504,-0.23601711,0.42776006
7.9175563,0.694937,-0.07321751,0.39781624
7.905184,0.69524574,-0.11131394,0.38479325
7.9072666,0.68093455,0.04783237,0.43259946
7.916485,0.6967863,-0.35435444,0.45448357
7.938749,0.69501686,-0.44218647,0.44513088
7.9246407,0.6926218,-0.25806457,0.4217615
7.9344964,0.6900699,-0.2391898,0.43786114
7.9994845,0.6894034,-0.16625625,0.45756018
7.9252834,0.6880876,-0.3617605,0.46622074
7.88363,0.69650984,-0.47381568,0.41790846
7.987914,0.69759345,-0.12668848,0.43039602
7.912809,0.69610965,-0.40286517,0.43557647
7.950115,0.68544674,0.1904074,0.4239315
7.9248457,0.6884203,-0.032543838,0.41467124
7.8886795,0.69074297,-0.14974344,0.42106605
7.866747,0.6923326,-0.09861505,0.3961406
7.9749985,0.69923365,-0.32334673,0.4151234
7.843804,0.68750167,-0.102143586,0.41590697
7.8308783,0.6874894,-0.16323102,0.43017936
7.9094677,0.69704485,-0.20294172,0.4213348
7.880529,0.69118965,-0.039128125,0.41569734
7.883104,0.6940223,-0.12671995,0.42479545
7.94282,0.696687,0.014145136,0.37904984
7.965884,0.6954206,-0.19161642,0.44376963
7.9346666,0.69913995,-0.32043576,0.42082968
7.8820734,0.6961303,-0.0018677711,0.38151777
7.83885,0.69345653,-0.12734568,0.4390008
7.8999825,0.6900743,0.005591154,0.4090811
7.9669466,0.6960596,-0.18380678,0.39097276
7.970992,0.68121994,-0.0777272,0.425951
7.872226,0.6873425,-0.068945706,0.42147624
7.868952,0.6784811,-0.051720023,0.427584
7.9255676,0.6972401,-0.14947736,0.39813852
7.9222183,0.69276977,0.09283304,0.37544882
7.9208436,0.6987065,0.10804939,0.39057636
7.8946533,0.68045545,-0.39385962,0.43353856
7.8810463,0.6993606,-0.07319355,0.43729705
7.9227233,0.6927054,-0.14829654,0.4012975
7.8156233,0.68166924,-0.094926,0.42343178
7.949004,0.69405556,-0.08123064,0.4239216
7.9680467,0.69162524,-0.18000042,0.4193225
7.8642244,0.6986265,-0.20379287,0.40658513
7.872063,0.6940892,-0.17638528,0.4371528
7.8758698,0.69380784,-0.33049572,0.40675366
7.8827105,0.6878681,0.20955253,0.38597167
7.9363995,0.6968907,-0.045368016,0.40776998
7.922003,0.69686544,-0.069612384,0.4047938
7.8378305,0.69732845,-0.0031170845,0.42170125
7.9046555,0.69431174,-0.030306518,0.3999554
7.9461904,0.69982576,-0.28989345,0.41967446
7.8937883,0.6979928,-0.06927955,0.41707414
7.911834,0.69895196,-0.21885669,0.42132127
7.944791,0.69911337,-0.09201968,0.40860033
7.78994,0.6945765,0.09597087,0.38831896
7.81066,0.6958103,-0.06713164,0.45079398
7.8799715,0.6933843,-0.121382356,0.45344818
7.8865957,0.6811036,-0.033745408,0.39189985
7.9164915,0.6876366,-0.06849134,0.40400136
7.942051,0.69605505,0.023584366,0.39504445
7.794625,0.698552,-0.01837182,0.4109723
7.854866,0.69857013,-0.062051535,0.4094792
7.9583583,0.6988919,-0.3045541,0.42525434
7.872389,0.6983143,-0.268996,0.44491282
7.8890777,0.6990012,-0.32672155,0.44267106
7.963224,0.6889498,-0.3332973,0.44974533
7.9751434,0.6943983,-0.37257183,0.43329442
7.836522,0.6958015,-0.077142596,0.43794417
7.926894,0.69877565,-0.051468432,0.4072932
7.7352467,0.68576384,-0.14745057,0.40652373
7.975379,0.6899419,-0.10191393,0.42953068
7.787062,0.6771469,-0.09214753,0.41775346
7.969784,0.68804026,-0.10420179,0.40772298
7.804229,0.6946503,0.039777875,0.38850552
7.8619127,0.69730353,-0.15084541,0.37059432
7.815608,0.6798253,0.07513142,0.39101243
7.888234,0.6931027,0.0032725334,0.42902043
7.8605638,0.68725085,0.016401052,0.3889502
7.7745953,0.6979698,-0.062758684,0.42272156
7.749551,0.69497657,-0.26357186,0.43633902
7.8647842,0.6995268,-0.119271815,0.39012194
7.8530064,0.6942625,-0.18153697,0.40824687
7.9045525,0.6950872,-0.20688713,0.4589302
7.8642406,0.6953374,-0.21913052,0.40387073
7.929532,0.6941129,-0.10071629,0.38488945
7.954612,0.69915676,-0.09067339,0.39507928
7.9436016,0.6999271,-0.1334219,0.40460032
7.9601684,0.69994307,-0.10764676,0.4237395
7.7895308,0.6998733,-0.17348099,0.40696073
7.9817457,0.6973561,-0.061725736,0.4382276
7.9704723,0.68335056,0.032566547,0.41322318
7.962287,0.6950623,-0.28279608,0.44178402
7.9565525,0.692544,-0.034573436,0.39114752
7.97622,0.69361734,-0.24883771,0.42640465
7.968793,0.6931418,-0.30000097,0.42645347
7.938404,0.69696605,-0.22186238,0.4440323
7.955857,0.6648619,-0.100836515,0.44514996
7.777848,0.6907767,-0.11699587,0.42060208
7.785728,0.6971508,-0.1035741,0.3978939
7.9227324,0.69831836,-0.19687247,0.4098312
7.886471,0.6995456,-0.09784347,0.4455443
7.8718333,0.69977593,0.014134884,0.39348537
7.880771,0.69938743,-0.23992515,0.41242898
7.9552736,0.6948725,-0.17200208,0.42460406
7.821613,0.69958913,-0.047041178,0.42893428
7.774888,0.6953467,-0.025773644,0.39658353
7.940088,0.6749147,-0.09700948,0.41675127
7.938985,0.6882374,-0.11049342,0.40021133
7.931406,0.6752939,-0.21140456,0.4296323
7.9736586,0.6982548,-0.39056766,0.43074432
7.9887853,0.69303405,-0.09098685,0.44706106
7.9957123,0.69724536,-0.19855863,0.40543455
7.996588,0.69611394,-0.113631964,0.4498091
7.951249,0.69402516,-0.20824677,0.4407771
7.859336,0.69602394,-0.24121904,0.4105555
7.7950907,0.69942546,-0.050664425,0.42809737
7.8881683,0.69713795,-0.05104053,0.42482954
7.8502407,0.682541,-0.13787776,0.40986687
7.835123,0.69779086,-0.037940502,0.41519243
7.8813734,0.67405355,-0.18937296,0.3996693
7.854539,0.69161963,-0.007655263,0.40118372
7.884078,0.695977,-0.08797121,0.4315734
7.8308897,0.6921046,-0.13331193,0.43580344
7.886113,0.6984744,-0.2742883,0.38418466
7.988783,0.68424284,-0.3058467,0.43671018
7.992135,0.69953024,-0.069215775,0.41300726
7.9884353,0.6631807,-0.07666886,0.39712623
7.9347706,0.6916108,-0.19021809,0.45917678
7.939873,0.69032896,-0.21801162,0.4339941
7.9343085,0.6861441,-0.08887887,0.42097676
7.8633423,0.69256186,-0.19202691,0.4353932
7.937416,0.6967139,-0.133201,0.4700743
7.955723,0.69732153,-0.34508586,0.4625376
7.954692,0.6950091,-0.2709269,0.45918602
7.8778877,0.69284856,-0.22883004,0.43649006
7.8647156,0.69708717,-0.14059997,0.42893386
7.921399,0.6887888,-0.13494515,0.4197598
7.964305,0.6993251,-0.23974049,0.41538492
7.980345,0.69974554,-0.09240925,0.44266403
7.9894366,0.69743645,-0.22666997,0.41038382
7.9728937,0.686746,-0.17375624,0.4383761
7.9831667,0.6927608,-0.21644497,0.41841668
7.990229,0.6988795,-0.17511153,0.4037639
7.873205,0.6981634,-0.12769091,0.42299843
7.9494057,0.69802654,-0.092639625,0.39405656
7.833894,0.6903937,-0.102802396,0.42875913
7.8811064,0.6925701,-0.111472964,0.411137
7.843834,0.6938573,-0.035043,0.43346077
7.941077,0.6924006,-0.2361486,0.4168555
7.809778,0.69204915,-0.2192753,0.45176756
7.962238,0.6947682,-0.2202524,0.42247766
7.8931026,0.6894108,0.08108139,0.41978842
7.819664,0.69233966,0.110220194,0.38429758
7.8914027,0.69461274,-0.07863009,0.4408924
7.904067,0.69776106,-0.13929474,0.40258962
7.934889,0.69835424,-0.026451588,0.400079
7.969126,0.6974529,-0.066070676,0.3869117
7.8616314,0.6963818,-0.024288774,0.39350843
7.8788614,0.69535995,-0.17811948,0.4040985
7.8620872,0.6911684,-0.032636523,0.41684523
7.8491306,0.68920946,-0.076093435,0.40371984
7.925377,0.689394,-0.11407852,0.4283905
7.9352455,0.69317794,-0.19440836,0.41326717
7.849864,0.6828537,-0.050533175,0.42478338
7.9374933,0.69383085,-0.17183971,0.3998375
7.926294,0.69976866,-0.23935986,0.42326868
7.9262958,0.69987786,-0.15554172,0.41759896
7.9360614,0.69262755,-0.182926,0.43653908
7.9965935,0.6740531,-0.09691441,0.4003721
7.9903383,0.68881977,-0.20407069,0.40636685
7.9156294,0.6893238,-0.2155863,0.4389972
7.9285765,0.6948681,-0.059407353,0.41724074
7.936753,0.6939827,-0.27845103,0.44723636
7.9609213,0.6914418,-0.16386473,0.45265275
7.9919124,0.69138813,-0.21541786,0.4310881
7.886799,0.69211435,-0.18982857,0.4156355
7.92034,0.6901761,-0.33581662,0.44009042
7.9235144,0.68887866,-0.18658626,0.44405222
7.858198,0.693589,-0.14835662,0.41870123
7.972661,0.69075763,-0.21870625,0.43275678
7.8722863,0.68451154,-0.24665713,0.42705753
7.8142986,0.6986979,0.006902933,0.4197628
7.979539,0.68414676,-0.13553262,0.45379657
7.8940935,0.6944728,-0.16772723,0.41341174
7.924154,0.69890034,-0.07519281,0.4140654
7.9220905,0.69666016,-0.32307506,0.40405393
7.9593587,0.68513584,0.10572195,0.4033578
7.9545665,0.6894771,-0.041119456,0.44695953
7.8844995,0.692417,-0.19363374,0.37362707
7.9030113,0.69851005,-0.19761491,0.39604497
7.9513187,0.6901097,0.004239559,0.38989103
7.807786,0.6963453,-0.2178967,0.383067
7.9821973,0.6853199,0.013293028,0.39453512
7.9918776,0.69967425,-0.07898104,0.41623834
7.9984756,0.68435335,-0.1695332,0.43069047
7.983939,0.6916933,-0.23975039,0.4492399
7.9828753,0.69982064,-0.09610468,0.4137032
7.9034214,0.6816914,-0.10344958,0.4072923
7.8528404,0.6983259,-0.0052404404,0.39137906
7.8757725,0.6963142,-0.20050645,0.40390533
7.933972,0.6965883,-0.11462498,0.42537594
7.867155,0.6832268,-0.046812892,0.42629617
7.9308596,0.6982913,-0.051469445,0.42613092
7.9133253,0.69311726,-0.07712716,0.40602386
7.8232665,0.6980897,0.019839883,0.40974694
7.9054966,0.6991519,-0.08364308,0.40681702
7.875915,0.699981,-0.011443853,0.4066183
7.8350606,0.6999842,-0.0072126985,0.41788048
7.892825,0.69969475,-0.11827457,0.38968223
7.8882093,0.673851,-0.09271717,0.40345433
7.8968377,0.699046,-0.021834612,0.4047256
7.917376,0.69932365,-0.047330737,0.4016664
7.81342,0.6941737,-0.0462296,0.41655743
7.9949393,0.69365454,0.007948637,0.3804496
7.960118,0.69200623,-0.28827816,0.3940939
7.9973946,0.69451225,0.13305545,0.365231
7.76226,0.69039,-0.09287417,0.37889418
7.764927,0.69308186,-0.12761354,0.45495516
7.878578,0.6992388,-0.09998453,0.43269718
7.8662806,0.6956382,-0.15309525,0.43676138
7.918676,0.6917163,-0.095639706,0.421947
7.9385247,0.69683516,-0.21817023,0.42417276
7.7953453,0.6928381,-0.118664205,0.42232192
7.995808,0.69629955,-0.17269981,0.44255888
7.9964023,0.6883323,-0.2778591,0.4294399
7.986976,0.697834,0.02353108,0.4283198
7.744156,0.6940141,-0.098116994,0.40448582
7.960569,0.69348776,-0.062930346,0.4076184
7.9543877,0.6966313,0.037914276,0.41238445
7.979274,0.6869582,-0.49526143,0.44030085
7.983859,0.69844806,0.057151318,0.44120258
7.989665,0.6870599,0.05285728,0.35890278
7.9083033,0.6976074,0.072806716,0.40609828
7.8454566,0.6995789,-0.028035283,0.41677547
7.8989596,0.6958053,-0.21606469,0.42101884
7.9132166,0.6967912,-0.06885767,0.4382558
7.891472,0.6889018,-0.16862059,0.41292697
7.913299,0.6932423,-0.09820056,0.43092805
7.9308987,0.67723584,-0.23531419,0.45392448
7.972432,0.69971395,-0.17593503,0.38776848
7.924184,0.6810125,-0.13977158,0.43674994
7.9562297,0.6972754,-0.088024735,0.42590797
7.833577,0.6983421,-0.15792102,0.4295234
7.9249754,0.6862335,-0.21403682,0.42023367
7.88752,0.6950886,-0.16149175,0.42481947
7.843929,0.6922548,-0.11902183,0.40796065
7.892725,0.6909511,-0.047219276,0.41331083
7.8547263,0.6913699,-0.051666617,0.3979563
7.8774405,0.6948981,-0.052586198,0.4076805
7.786061,0.6959895,-0.16094732,0.43465722
7.9960656,0.69835687,-0.23950267,0.42595744
7.9491763,0.68951964,0.053489923,0.40655807
7.926503,0.68407977,0.0349741,0.39574695
7.798786,0.6949407,-0.015198171,0.396003
7.8502903,0.6991503,-0.0061262846,0.43040493
7.8553686,0.69868886,-0.13968158,0.41819397
7.8541126,0.69636226,-0.012537241,0.41501617
7.8578186,0.6945952,-0.10880017,0.4095997
7.8660274,0.69896066,-0.016757011,0.43125272
7.798037,0.69931316,-0.070577264,0.38444662
7.9270706,0.693329,0.08168626,0.42589962
7.88887,0.69190204,-0.088725805,0.4110871
7.92315,0.69550693,-0.11628389,0.4239054
7.852357,0.6951066,-0.24167383,0.42990482
7.940897,0.6943592,0.08886862,0.4191615
7.969865,0.6887094,-0.021282554,0.38911402
7.8740053,0.6924437,-0.21503186,0.42294973
7.8592434,0.6944736,-0.062554955,0.38577092
7.8226366,0.6899996,-0.15569484,0.44293487
7.8978415,0.6999531,-0.04026681,0.3834998
7.7886333,0.6999841,-0.03639871,0.41379404
7.9285927,0.6999644,-0.056381106,0.41087002
7.918232,0.65472436,-0.16108316,0.43416935
7.9574084,0.69906914,-0.044123173,0.4064768
7.7059264,0.69899917,0.022347808,0.408849
7.9607964,0.69797146,0.118037224,0.4046983
7.985529,0.68255806,-0.120618224,0.41962504
7.9997516,0.6965425,-0.27073652,0.4037397
7.9999166,0.69370973,-0.12897086,0.43810475
7.8811674,0.6980816,-0.14456254,0.38077503
7.886568,0.68985415,0.030061245,0.38330412
7.8370457,0.6966553,0.023740292,0.43333796
7.8675594,0.68542135,0.11815202,0.37814766
7.9289017,0.6995654,0.05539608,0.36946526
7.816467,0.6950424,-0.025508583,0.39694408
7.9556265,0.6945658,-0.17125767,0.4470568
7.965104,0.6818675,-0.20686448,0.41624063
7.943269,0.6916208,-0.05580628,0.4227958
7.8614087,0.6939398,0.025128603,0.41089883
7.973804,0.690778,-0.16891003,0.42005113
7.9863167,0.69809175,-0.2759533,0.43715203
7.9849806,0.6987469,-0.04511249,0.41563088
7.9529667,0.69690406,-0.09527123,0.40625256
7.7870684,0.6910399,-0.15460706,0.39502692
7.971386,0.6817343,-0.060109615,0.41187608
7.9136357,0.69129217,-0.13798147,0.40982428
7.837474,0.692031,-0.08223641,0.42354777
7.9056478,0.6900257,-0.19744682,0.44062418
7.9703913,0.6848228,0.062274933,0.4105002
7.9255857,0.69220674,-0.04406154,0.42295235
7.904744,0.69299865,-0.07999277,0.40944892
7.9148903,0.6937412,-0.051867485,0.41659623
7.912817,0.6979363,0.014674425,0.4196251
7.8699503,0.67480814,-0.12663853,0.41426054
7.850089,0.69760025,-0.24505454,0.44255722
7.878903,0.69713366,-0.10247481,0.42873508
7.9830313,0.6993576,-0.1818152,0.4467516
7.760819,0.6992785,-0.223378,0.42131773
7.961832,0.69209504,-0.13676876,0.40861169
7.96767,0.6904249,-0.0010813475,0.41627613
7.931615,0.69897115,-0.049690843,0.39186236
7.8128357,0.6994685,-0.34535927,0.4594475
7.863017,0.69867504,-0.12898839,0.39658797
7.8645773,0.6887591,-0.10578638,0.38996446
7.915695,0.68499327,-0.056335926,0.4152712
7.966758,0.6863003,-0.14094508,0.40710443
7.969208,0.676715,-0.2365681,0.39908445
7.9237604,0.6913359,-0.048080087,0.42425406
7.8068376,0.6973963,-0.0060899258,0.4134375
7.941082,0.6943747,0.02266121,0.41526574
7.963191,0.696049,-0.14196026,0.38786
7.861826,0.6979549,-0.14950073,0.38760063
7.8366256,0.6926689,-0.06909144,0.44289833
7.918432,0.6846521,-0.040539265,0.40318412
7.824916,0.67764616,0.03638327,0.41417563
7.922222,0.6983279,-0.16945022,0.40058887
7.912918,0.69444764,-0.09579873,0.43110025
7.9393034,0.69345057,-0.36256164,0.43372297
7.9595766,0.69354784,-0.36488998,0.43688267
7.9965653,0.6903852,-0.18565679,0.42808807
7.9794216,0.69847226,-0.1756193,0.42688373
7.990487,0.6904191,-0.14075923,0.42678398
7.9546375,0.6925398,0.09660208,0.39224052
7.866061,0.69723845,-0.094937444,0.43167895
7.7889824,0.6972486,-0.15074074,0.43470824
7.997922,0.6992738,-0.11520624,0.40350097
7.9830933,0.68375957,-0.10848248,0.41947365
7.8239565,0.6907271,-0.114798784,0.40812606
7.795249,0.69449353,-0.0029469132,0.4044786
7.991248,0.6864717,-0.11686909,0.41650155
7.8499885,0.6987865,-0.015696764,0.4095586
7.864998,0.6856631,-0.012567103,0.37855655
7.917829,0.67659557,-0.17639399,0.42301613
7.8241234,0.6806867,-0.01757145,0.42833227
7.9637985,0.6963954,-0.13060808,0.42479637
7.9597187,0.6839776,-0.18287718,0.406694
7.8814034,0.6985142,-0.007891417,0.40635294
7.9042683,0.68576956,-0.050082266,0.39778066
7.981258,0.69753885,-0.048576236,0.4226132
7.8518667,0.69761693,-0.029121757,0.4262699
7.871207,0.6951002,-0.09143305,0.41706395
7.841362,0.67986953,-0.2244879,0.41996613
7.987173,0.6979879,-0.1899072,0.41488487
7.786042,0.69865906,-0.07602996,0.42336
7.910965,0.6965475,0.021586537,0.37333196
7.9278235,0.6953019,-0.054819047,0.39111486
7.899341,0.69746757,-0.22699797,0.4174024
7.9689627,0.692639,-0.1999641,0.42206782
7.8936753,0.6930392,-0.30638254,0.459567
7.8891783,0.6993718,-0.10380155,0.39801282
7.828032,0.6988256,-0.024944067,0.39319354
7.8740964,0.6988989,0.04161918,0.44416475
7.916891,0.6992341,-0.32659757,0.46576136
7.927316,0.6975759,-0.23496294,0.402377
7.895501,0.6982845,-0.2782824,0.44766247
7.9015145,0.69506073,-0.1047883,0.42946082
7.851212,0.6971203,-0.1092999,0.4049309
7.9012976,0.68865,-0.19776356,0.41384256
7.914349,0.68514097,-0.20125282,0.43932694
7.9302526,0.69359195,-0.1433438,0.44656897
7.957892,0.6907382,-0.064703465,0.41576722
7.961069,0.69016445,-0.1970098,0.42506188
7.857986,0.6966511,-0.294577,0.4214319
7.7451034,0.6995748,-0.033849895,0.42318285
7.979825,0.6972636,-0.24548376,0.41150212
7.9980125,0.6801883,0.075853825,0.41221958
7.842283,0.6882187,0.097176075,0.4056945
7.8636513,0.6852988,-0.2506987,0.40951008
7.886901,0.6963694,-0.024585366,0.45160222
7.89025,0.6979414,-0.06169653,0.3744401
7.7648096,0.68978727,0.013848782,0.39976168
7.7728972,0.696059,0.026931524,0.40578675
7.7950554,0.6998018,-0.06581521,0.4192739
7.764789,0.6950623,-0.032174706,0.40371603
7.9049916,0.6923623,-0.029352546,0.43452418
7.9080057,0.6968974,-0.074471116,0.399975
7.9087353,0.69751024,-0.08982706,0.41605404
7.7765684,0.6933589,-0.10373056,0.4229602
7.9713726,0.685858,-0.12622547,0.40371013
7.8394284,0.69374776,-0.100141406,0.39580312
7.862556,0.6948929,-0.14721,0.4081234
7.7970266,0.69770443,-0.17791814,0.42070448
7.9263363,0.68123174,-0.18524164,0.4467447
7.9184446,0.6994953,-0.17726368,0.4062966
7.837758,0.6995518,-0.11621189,0.4097464
7.8789783,0.6953033,-0.13543773,0.39440346
7.855957,0.69695354,0.010097265,0.4173423
7.807065,0.6920183,-0.0154284835,0.42326283
7.8034334,0.6930015,-0.12277126,0.40983325
7.9673166,0.6940615,-0.060797572,0.39215586
7.932007,0.6970118,-0.06360614,0.41139138
7.9710298,0.6957668,0.21031594,0.3489831
7.9770417,0.69535816,-0.08316785,0.3701569
7.915263,0.6955128,-0.17900014,0.4303203
7.8793945,0.6947845,-0.12794304,0.4350329
7.885219,0.69995725,-0.09645009,0.37766254
7.9204955,0.6997125,-0.30802023,0.44047633
7.9190617,0.6961787,-0.11814225,0.43082625
7.961019,0.68480253,-0.30782938,0.4278562
7.899886,0.6947408,-0.16865057,0.43331242
7.915187,0.6924938,-0.19152188,0.43275633
7.923088,0.6920365,-0.0718568,0.41391432
7.836824,0.6946093,-0.033133984,0.4372701
7.9481044,0.6529536,-0.125889,0.44952285
7.7853594,0.69959545,0.009984732,0.3978719
7.8394456,0.695958,-0.100361705,0.41311866
7.8707714,0.6765729,-0.07961607,0.42131025
7.902207,0.68472755,-0.023691177,0.42818332
7.8063536,0.6966748,-0.048680305,0.42535007
7.9539957,0.69572985,-0.16782463,0.40642387
7.9564385,0.6888168,-0.13202953,0.43012184
7.942696,0.69116426,-0.30482978,0.4213294
7.9370747,0.6979512,-0.23899132,0.4126619
7.887973,0.6989392,-0.08458614,0.43717712
7.833153,0.6939943,-0.20536715,0.4077348
7.862438,0.6984997,-0.20879161,0.4264583
7.9535656,0.69798446,-0.2534939,0.43284547
7.9244413,0.6978152,-0.22291827,0.42206258
7.8237276,0.69652593,-0.20176458,0.4454019
7.8950815,0.69402874,-0.1939742,0.3958236
7.915983,0.6927228,-0.0009964108,0.3946273
7.859204,0.69350123,-0.085984886,0.42651895
7.907781,0.6934713,-0.17082036,0.4171044
7.942289,0.69500816,-0.18998694,0.4305635
7.935932,0.694355,-0.08908844,0.41459575
7.812495,0.6968136,-0.17160022,0.40557683
7.944088,0.6958896,-0.11785424,0.42124504
7.848708,0.684978,-0.021824121,0.4107486
7.8783607,0.69713426,-0.10016441,0.4034295
7.974442,0.69832444,0.051840067,0.4133715
7.982692,0.6877966,0.15283298,0.39682752
7.9700575,0.6775112,-0.2702852,0.3871826
