7.235621,-0.14095688,0.9098934,0.2769236
7.1259313,-0.07257998,0.8838638,0.26490286
7.167674,-0.025076568,0.8529427,0.21066165
7.155984,-0.010113955,0.81790423,0.21032242
7.1709743,-0.10721642,0.88109064,0.26826838
7.3486776,-0.09544158,0.6635885,0.26807198
7.4358883,-0.049462438,0.5701599,0.23246664
7.6695604,-0.22440678,0.496112,0.30823103
7.4826393,-0.19909215,0.64671636,0.3084801
7.0556283,-0.09148049,1.0389726,0.26532882
7.198342,-0.022448897,0.77068996,0.20430525
7.2913337,-0.06786114,0.76465,0.20516866
7.305393,-0.038605332,0.59749055,0.21376339
7.399333,-0.16069764,0.6961349,0.2918491
7.364525,-0.086916864,0.53014016,0.23207958
7.1126547,-0.018798709,0.8452771,0.21979542
7.169166,-0.0496971,0.8402834,0.2045793
7.1639614,-0.0841707,0.9235964,0.25591835
7.094325,-0.09632355,0.9622872,0.26111984
6.9335914,0.01669705,1.012001,0.21897218
7.0091763,-0.0753603,1.159533,0.22210152
7.037448,-0.04396385,0.9618988,0.21637587
7.2948503,-0.10736537,0.92128253,0.241608
7.2987823,-0.10686284,0.72700596,0.27256116
7.2442045,-0.07279205,0.7417805,0.24710616
7.2719464,-0.06036359,0.75753105,0.22248052
7.182206,-0.035276234,0.7556596,0.2046299
7.067988,0.014418244,0.79791355,0.22657958
7.16296,-0.079574645,0.9945061,0.24086979
7.3563457,-0.0865432,0.6543826,0.2500941
7.5507708,-0.18640429,0.5978401,0.31254572
7.543684,-0.14365786,0.44309342,0.31418505
7.3914976,-0.16727597,0.7701781,0.24737549
7.396874,-0.15405256,0.6732149,0.30098596
7.3543334,-0.15805876,0.6666428,0.3442129
7.515754,-0.15811193,0.517014,0.30481508
7.605891,-0.1736545,0.5086429,0.28893712
7.528368,-0.19179106,0.58215857,0.31001174
7.6381574,-0.23793703,0.534446,0.33386374
7.509309,-0.13737756,0.50730944,0.2682262
7.425893,-0.19473273,0.6821313,0.31036064
7.54674,-0.13005906,0.5585995,0.27424586
7.4995565,-0.19500613,0.6637367,0.34556508
7.520902,-0.17053515,0.47475827,0.30865496
7.605934,-0.20695567,0.46433997,0.36163026
7.549572,-0.19984353,0.5054779,0.30927467
7.634918,-0.21681547,0.41893768,0.36628562
7.5963807,-0.22922707,0.56742966,0.34956592
7.5217843,-0.24866176,0.65725994,0.36807454
7.81054,-0.4213739,0.5723119,0.529929
7.9101133,-0.3859781,0.28850937,0.4790796
7.999296,-0.4024725,0.4317422,0.45473927
7.848219,-0.41430557,0.49161375,0.49638456
7.988777,-0.35579175,0.21119797,0.48017746
7.8919616,-0.3374545,0.26469707,0.4533649
7.762558,-0.32789648,0.48776984,0.4281875
7.8924975,-0.39077842,0.58593845,0.45472234
7.6228123,-0.23237514,0.36915433,0.35750386
7.6242247,-0.2993294,0.6233332,0.38078338
7.629294,-0.21634358,0.49081123,0.3056686
7.788619,-0.27096826,0.3615713,0.3508106
7.7633314,-0.275011,0.39530408,0.41475582
7.6526003,-0.30614465,0.62559426,0.37741274
7.74424,-0.27616215,0.3737185,0.38800174
7.7347417,-0.34000444,0.56270313,0.45440668
7.5261073,-0.21274304,0.65140724,0.3175075
7.4102225,-0.1372835,0.6489638,0.30064547
7.3449235,-0.09220469,0.64825785,0.24989948
7.326436,-0.117691696,0.7807596,0.2577214
7.4880776,-0.13677698,0.55926657,0.25881678
7.4951124,-0.15886474,0.55706906,0.2729663
7.4171906,-0.11923987,0.52244294,0.2933465
7.335322,-0.13720822,0.8275603,0.24927866
7.2566414,-0.14653486,0.90120435,0.29280117
7.3628855,-0.15802169,0.7929189,0.26070023
7.059349,-0.030536294,0.9080963,0.23148026
7.215626,0.031216264,0.61851573,0.20607337
7.2505608,-0.10124391,0.795099,0.24558645
7.1674876,-0.08012265,0.9502785,0.2107953
7.1890326,-0.10091025,0.8044002,0.28650254
7.5594263,-0.14559811,0.40375352,0.2947339
7.4986954,-0.13788927,0.47424197,0.27755782
7.5020256,-0.16693306,0.60012555,0.29153824
7.458701,-0.23562866,0.7583579,0.34044987
7.339985,-0.16168982,0.762035,0.2826983
7.294015,-0.11243862,0.7937902,0.28768122
7.448998,-0.10397464,0.5820346,0.22800237
7.4072857,-0.16912901,0.66585386,0.32976052
7.4396963,-0.20834053,0.76829934,0.2949061
7.3460884,-0.14897537,0.7927109,0.30876184
7.295863,-0.06318486,0.7711817,0.24631122
7.099076,-0.07263178,1.0017059,0.25353372
7.152975,-0.062327445,0.84569573,0.23848546
7.198904,-0.12624657,0.833709,0.27495322
7.3016305,-0.16925508,0.83450675,0.3193089
7.3432884,-0.13612688,0.74029255,0.2882661
7.2366734,-0.121192455,0.863961,0.27796698
7.226965,-0.040920794,0.67426324,0.24346566
7.2658463,-0.12880975,0.85312057,0.2683934
7.21865,-0.149979,0.9631417,0.29753157
7.394909,-0.102368474,0.59433746,0.26703218
7.639015,-0.28895307,0.56362057,0.38373363
7.8187885,-0.30917716,0.40727007,0.37981668
7.603828,-0.12089336,0.41018987,0.2781058
7.5050297,-0.11679584,0.5521703,0.25362116
7.236494,-0.123087764,0.82224023,0.28905866
7.2098327,-0.11438668,0.9349866,0.24083188
6.9590178,0.006254792,1.0217996,0.21715224
7.0337987,-0.055008948,1.041698,0.22735208
7.4523115,-0.14496851,0.61752415,0.31655997
7.5200005,-0.26463765,0.62100875,0.425596
7.444683,-0.17617464,0.63655686,0.3423522
7.475704,-0.20941001,0.64051235,0.36099023
7.3316183,-0.1378842,0.8101816,0.29033545
7.3857694,-0.09573698,0.6133399,0.2510205
7.644906,-0.25247008,0.51694155,0.3809471
7.733739,-0.2681929,0.5214895,0.3532468
7.6365633,-0.29495394,0.7231064,0.37325233
7.5177383,-0.14884603,0.51088285,0.304213
7.4185863,-0.112130284,0.50508904,0.2867321
7.3869843,-0.13850957,0.7049519,0.27688193
7.528972,-0.18538165,0.68483377,0.3005733
7.6117563,-0.17485064,0.49698555,0.2915448
7.5804553,-0.2078926,0.59788036,0.32266667
7.5577593,-0.25601077,0.6732954,0.3737175
7.9002814,-0.40033853,0.40304625,0.47788286
7.917856,-0.41154277,0.43353796,0.47290498
7.990462,-0.38050324,0.16151774,0.45763773
7.74803,-0.32888782,0.6571169,0.406076
7.875163,-0.38714498,0.4628024,0.4885943
7.926489,-0.30839115,0.20254898,0.40714577
7.6976204,-0.28396112,0.43538475,0.3885304
7.6376553,-0.22910911,0.5092263,0.3711396
7.7009916,-0.19606042,0.22443974,0.32487956
7.3965654,-0.14348704,0.72016525,0.30327243
7.4081955,-0.14410502,0.68652904,0.26034933
7.354645,-0.109689415,0.6758585,0.2720318
7.222682,-0.03080374,0.63182616,0.21431813
7.892808,-0.33716363,0.37164545,0.39453587
7.9511976,-0.31952256,0.16648805,0.4140625
7.8445745,-0.3186217,0.3484794,0.40477362
7.8510714,-0.42295688,0.59321976,0.5412355
7.8943543,-0.34751147,0.42638826,0.38953006
7.8050385,-0.36318874,0.5732132,0.39358276
7.6348553,-0.30773246,0.63582397,0.4330933
7.9306064,-0.3298636,0.1741414,0.4459852
7.792212,-0.3105572,0.35738075,0.40632057
7.735587,-0.26474226,0.45005345,0.36496365
7.720289,-0.20022279,0.2064451,0.33735657
7.5023007,-0.16498655,0.5994272,0.25858545
7.493741,-0.19499868,0.61977136,0.35535574
7.4231195,-0.19754946,0.6976335,0.34255964
7.194618,-0.13773263,1.008255,0.2554877
7.3176184,-0.14513874,0.8316972,0.30678636
7.2552395,-0.08436686,0.78509307,0.26675704
6.971208,0.0066508055,0.9541763,0.21141024
7.1163073,-0.027911127,0.81305647,0.20282932
7.056267,-0.034567237,0.9570184,0.226526
7.205912,-0.058969736,0.8474026,0.22546029
7.0980854,-0.0049436092,0.8312249,0.21989319
7.131467,-0.037727654,0.9082265,0.22110578
7.150607,-0.048359573,0.9055697,0.24392426
7.25154,-0.013520241,0.645771,0.2289868
7.4315367,-0.1004923,0.66968226,0.25889772
7.314864,-0.07631755,0.6484082,0.2659578
7.3223124,-0.028963804,0.65850925,0.20156768
7.291419,-0.09307599,0.71122,0.27095583
7.115256,-0.07788563,1.019355,0.2384663
7.1102467,-0.093737125,1.0258727,0.24294451
7.1067376,-0.023260236,0.86179614,0.25287694
7.1434045,-0.109086215,0.9871478,0.26261133
7.2132545,-0.08916849,0.81324077,0.27259374
7.1866055,-0.024652421,0.8497884,0.22260433
7.3282995,-0.13186431,0.842693,0.2759683
7.4876747,-0.12985569,0.6468308,0.273754
7.198992,-0.17015964,1.1039953,0.28359762
7.381277,-0.17449987,0.76850665,0.28188992
7.33325,-0.16417897,0.7483697,0.32877553
7.417836,-0.23322529,0.89456654,0.31832284
7.492154,-0.26304024,0.7753501,0.34766003
7.7556357,-0.21104717,0.3039143,0.3292694
7.72534,-0.33203775,0.47122276,0.47340292
7.7448254,-0.36221844,0.54925823,0.48998535
7.7118535,-0.26905638,0.36672723,0.40920293
7.724563,-0.2726047,0.3055241,0.38635972
7.758719,-0.35856366,0.6319299,0.42449754
7.7549715,-0.38071674,0.5738425,0.4737119
7.9499946,-0.35917044,0.124032736,0.46530545
7.8864756,-0.35087502,0.30104458,0.40567464
7.680867,-0.25802535,0.441669,0.32484436
7.5518513,-0.2209773,0.63565004,0.33531684
7.546501,-0.25652522,0.68945646,0.33991164
7.689481,-0.14726025,0.407364,0.26463026
7.5234237,-0.253919,0.77145505,0.3754846
7.3968573,-0.21774274,0.9028771,0.31907862
7.3274784,-0.18082899,0.96594477,0.31968135
7.240328,-0.13422108,0.92567873,0.267902
7.19769,-0.10274148,0.94096255,0.27902842
7.475544,-0.17390901,0.57840955,0.3236315
7.3743806,-0.14196008,0.6869545,0.31979078
7.9084396,-0.3110835,0.27057385,0.42071334
7.8007035,-0.31049812,0.44659042,0.3722524
7.8370247,-0.33992714,0.36630273,0.42758232
7.6337495,-0.33404654,0.78225684,0.41360754
7.7024775,-0.3028881,0.42553365,0.43559253
7.763287,-0.315373,0.6351702,0.35908538
7.65948,-0.33451122,0.6431438,0.41282988
7.842223,-0.32733268,0.43679655,0.41616654
7.798502,-0.26155448,0.20134234,0.40630835
7.7977624,-0.3993035,0.5835192,0.49008203
7.878632,-0.36254084,0.31158817,0.47440082
7.9002395,-0.37005043,0.24551725,0.49605507
7.8042927,-0.36955684,0.5519941,0.43485957
7.832363,-0.3416909,0.47615087,0.42437255
7.8734646,-0.35076386,0.30413902,0.4320853
7.9550004,-0.34660745,0.23544288,0.4706102
7.7183237,-0.3823998,0.90738535,0.43755904
7.8596087,-0.34554178,0.38728952,0.439197
7.7876425,-0.37367243,0.611032,0.4252692
7.8408866,-0.36833763,0.3762604,0.50254905
7.8972654,-0.3621692,0.37603378,0.43249267
7.980689,-0.43234307,0.33541083,0.55317587
7.8988132,-0.36923707,0.30291378,0.5034079
7.7928777,-0.26088536,0.17728674,0.42155927
7.6973248,-0.27210927,0.46288705,0.3816253
7.845792,-0.25410813,0.2775005,0.332793
7.8197417,-0.30088383,0.3478589,0.36912376
7.7321978,-0.2840551,0.5221424,0.37722212
7.73744,-0.2779268,0.27788508,0.36828184
7.5160646,-0.21087313,0.6156601,0.34362498
7.4502983,-0.19785058,0.6157923,0.35943794
7.426427,-0.15434027,0.7015867,0.28478813
7.440419,-0.15387559,0.5923891,0.31209084
7.6515975,-0.2702527,0.6975453,0.3305707
7.472119,-0.30503577,0.91086507,0.38327566
7.5080495,-0.1276741,0.48477805,0.29609153
7.489655,-0.13493901,0.53396285,0.29309526
7.385872,-0.14105374,0.6736407,0.31858006
7.45199,-0.21345907,0.79878056,0.3195599
7.483802,-0.23977053,0.6915138,0.3900783
7.4947214,-0.19147396,0.58545065,0.3330108
7.673506,-0.2045759,0.3803228,0.32532346
7.808103,-0.25581235,0.33153892,0.3488043
7.8623986,-0.280917,0.2594602,0.41554034
7.65011,-0.2796045,0.60494626,0.37345207
7.638075,-0.3557651,0.76248574,0.4381252
7.644285,-0.25377482,0.4854548,0.35302144
7.632948,-0.28232515,0.59807277,0.36665076
7.4806976,-0.19627857,0.67257166,0.33305645
7.5486526,-0.15163714,0.44264627,0.31043905
7.423941,-0.1150772,0.6003101,0.27026963
7.322264,-0.048461795,0.6156428,0.22483768
7.4014664,-0.18644404,0.7625872,0.31732506
7.4798393,-0.1570155,0.6625401,0.28301054
7.298946,-0.07130355,0.67040217,0.2356092
7.1917434,-0.025909603,0.72328925,0.22117618
7.21268,-0.12115276,0.8314359,0.30526754
7.300316,-0.07170695,0.6430583,0.2510264
7.4708548,-0.15219009,0.69982696,0.29157513
7.3109093,-0.16764486,0.82036924,0.30832034
7.3051763,-0.022908032,0.6614779,0.2065543
7.194007,-0.024980485,0.770967,0.20586334
7.235898,-0.12620747,0.91344,0.25679338
7.2714205,-0.077608585,0.8177047,0.226797
7.4052367,-0.12695986,0.59640896,0.29514366
7.406193,-0.13237399,0.6321825,0.30562395
7.275897,-0.07335842,0.73868537,0.24028389
7.4701424,-0.14514565,0.60433257,0.29318675
7.619756,-0.27927488,0.52949095,0.41782862
7.643354,-0.28918147,0.706102,0.33465582
7.6528425,-0.18937147,0.40863705,0.34614336
7.5310507,-0.120853424,0.40027,0.2936396
7.359605,-0.090162516,0.72776484,0.27694252
7.187462,-0.05006361,0.76144207,0.24702314
7.1795983,-0.006570041,0.75746953,0.21984667
7.1596045,-0.054229498,0.87452316,0.22007038
7.08145,-0.03651625,0.9505565,0.24148029
7.1693077,-0.016126394,0.8717804,0.21134607
7.0174465,-0.094590425,1.0327418,0.2775426
7.38864,-0.05204183,0.6291642,0.22267763
7.3729787,-0.10377562,0.7201983,0.29002422
7.230398,-0.10046959,0.87817824,0.25273752
7.269498,-0.06562948,0.754452,0.23368311
7.2068186,-0.017212212,0.81498885,0.20934157
6.807003,0.0018453598,1.1166933,0.23301752
7.0524635,-0.035696864,0.92562616,0.21238227
7.077787,-0.035671294,0.9283354,0.21621016
7.1275034,0.009875536,0.80092275,0.22134341
7.141685,-0.04360324,0.80937207,0.23791105
7.310662,-0.13752925,0.6521411,0.29450095
7.302026,-0.09937847,0.746681,0.2653794
7.41072,-0.13812858,0.6294745,0.29343382
7.511508,-0.18923014,0.6265409,0.29556546
7.635342,-0.19884086,0.40702617,0.32098132
7.6828823,-0.10626745,0.2661897,0.2829793
7.563258,-0.13888675,0.48668647,0.32359096
7.357998,-0.17843074,0.7567464,0.32885247
7.3504143,-0.15215582,0.6906173,0.29265454
7.5262814,-0.12300217,0.4292202,0.27029046
7.4899507,-0.22212732,0.61752963,0.3749081
7.435562,-0.18574166,0.66964483,0.29890943
7.604745,-0.16384798,0.41711688,0.3171691
7.7634497,-0.31568938,0.35587454,0.40579593
7.7264843,-0.33453274,0.5820954,0.41618556
7.642906,-0.22093779,0.4390266,0.38656545
7.65704,-0.19793087,0.4995731,0.31122312
7.5033417,-0.2564909,0.8737204,0.34107685
7.3794966,-0.1826917,0.75943136,0.34155002
7.347212,-0.097166896,0.5391345,0.26960593
7.2640543,-0.06999421,0.7394967,0.24471328
7.2285414,-0.057365596,0.9367864,0.22828451
7.347597,-0.14529765,0.8146914,0.27952084
7.3104935,-0.15824711,0.86448073,0.29542267
7.408985,-0.113997996,0.5260608,0.2838115
7.271881,-0.102942765,0.8014643,0.24777082
7.297827,-0.06630224,0.7400974,0.23380816
7.318886,-0.06609672,0.76227033,0.22001942
7.099288,-0.047677875,0.9582546,0.23550129
7.1836967,0.030892968,0.7130585,0.20048094
7.2871456,-0.20242906,1.0894248,0.28846192
7.193553,-0.089030564,0.89110637,0.2483338
7.3302,-0.13293302,0.7930491,0.2743613
7.2046537,-0.08105153,0.91617703,0.24794495
7.1430583,0.005793333,0.7319517,0.22592941
7.2971277,-0.12894374,0.87729096,0.24361062
7.200819,-0.11498785,0.89973855,0.25398508
7.207412,-0.12120706,1.0018005,0.24128704
7.0495,-0.08897334,1.0793445,0.25457978
7.1056876,-0.0976938,1.0092514,0.26794484
7.1418905,-0.097063065,0.9584987,0.24708325
7.2060366,-0.08247423,0.9312935,0.25401866
7.6375065,-0.22236824,0.3775468,0.33328742
7.6436663,-0.24370617,0.51963913,0.35200495
7.7789974,-0.33314645,0.59241986,0.40525103
7.8078938,-0.337981,0.45074463,0.44464493
7.6390057,-0.2652884,0.5530839,0.3326637
7.475547,-0.1926322,0.68097425,0.29236203
7.4549317,-0.05831361,0.55098844,0.23011394
7.3686156,-0.13952154,0.7183635,0.30342558
7.413183,-0.110614,0.5692171,0.26078162
7.4992404,-0.22535455,0.70773566,0.3212436
7.514576,-0.21932566,0.5826323,0.31977177
7.650213,-0.29413974,0.5581528,0.3954336
7.7245083,-0.33742905,0.48587883,0.41493812
7.769595,-0.2935105,0.516289,0.39193493
7.776518,-0.3423043,0.41432488,0.42429012
7.7990894,-0.3352412,0.43366694,0.481237
7.74323,-0.2517928,0.5076566,0.3039894
7.4224725,-0.15184766,0.7174767,0.26094982
7.33375,-0.14113235,0.8253038,0.2793458
7.372279,-0.20807946,0.9214984,0.29207125
7.421933,-0.15383005,0.65164745,0.286413
7.2254333,-0.060572326,0.8093252,0.2559349
7.164028,-0.050161302,0.90531087,0.2135191
6.9879327,-0.014807582,0.98324394,0.24474265
7.2629194,-0.09992254,0.8034344,0.28600338
7.2674084,-0.12338805,0.8261527,0.2750883
7.2403803,0.00032901764,0.72401595,0.20397964
7.1610093,-0.038969934,0.8385458,0.24747822
7.106907,-0.079479694,0.93600106,0.2573606
7.133772,-0.070527375,0.87303734,0.2356377
7.1738024,-0.055185556,0.82116437,0.24684592
7.2685833,-0.096021414,0.7733625,0.2614915
7.045225,0.02668941,0.82264256,0.20184022
7.0760555,-0.040583193,0.8927562,0.26035473
6.999292,0.014167547,0.98204064,0.20558564
6.955682,-0.00966841,1.0294714,0.2153089
7.105793,0.0040529966,0.88413453,0.20304434
7.2576227,-0.0021320581,0.7341709,0.20618597
7.207318,-0.054969728,0.80130744,0.2148239
7.291791,-0.06249106,0.650468,0.239605
7.117178,-0.012349248,0.84973407,0.22287908
7.1890674,-0.10722166,0.89073277,0.27907735
7.2976756,-0.15132004,0.89194477,0.28680316
7.5391455,-0.16249573,0.53450346,0.3020719
7.9084315,-0.3826189,0.23931968,0.58583933
7.6851315,-0.28602314,0.52214193,0.39955866
7.823723,-0.32447243,0.40389013,0.40915883
7.8676977,-0.31981146,0.23114908,0.39980614
7.9157763,-0.28895712,0.13423133,0.39215565
7.9112506,-0.3536808,0.31115234,0.4621293
7.594907,-0.24506599,0.5669029,0.4125642
7.805808,-0.4051056,0.60635877,0.5111806
7.849302,-0.45211554,0.668839,0.5448711
7.901152,-0.4258448,0.518489,0.50511277
7.9154406,-0.34570235,0.31970882,0.40573734
7.8986516,-0.39427716,0.39120042,0.47829747
7.9924803,-0.46481907,0.3280363,0.56872743
7.903589,-0.40438986,0.28890562,0.52455366
7.4611483,-0.24778056,0.7034874,0.3660313
7.5729804,-0.23317933,0.56131136,0.37750244
7.453606,-0.1596269,0.6481049,0.3014198
7.290662,-0.09841037,0.77098215,0.25058597
7.3323064,-0.12225485,0.67939496,0.27764198
7.380747,-0.14366072,0.6799743,0.2724141
7.6093216,-0.13333303,0.36258674,0.28781006
7.492093,-0.18436462,0.6259072,0.30688965
7.336733,-0.09411478,0.71265304,0.26151276
7.5058227,-0.18522948,0.677583,0.28919098
7.3175907,-0.22643113,0.93912554,0.36083227
7.6408567,-0.2429567,0.6161972,0.3771211
7.9631214,-0.3651328,0.3094771,0.44883084
7.882972,-0.34900546,0.48328698,0.4144171
7.388127,-0.1532216,0.700493,0.2822591
7.3017907,-0.12978011,0.8540149,0.2616868
7.498459,-0.15450442,0.6196027,0.29423296
7.4923224,-0.2399838,0.7476013,0.34374645
7.7166934,-0.2472837,0.50834084,0.3618319
7.702735,-0.2362454,0.5747204,0.3354342
7.6805,-0.29479945,0.5481765,0.37702507
7.678282,-0.22845495,0.42941177,0.35352898
7.7687597,-0.34528875,0.44814372,0.45121706
7.9152517,-0.37389636,0.33176577,0.4353817
7.777024,-0.4017129,0.76732516,0.43295652
7.784888,-0.31710398,0.50206876,0.40703905
7.76929,-0.2254675,0.30473626,0.3350016
7.8811684,-0.33092415,0.37466407,0.38107464
7.6461744,-0.24163067,0.55250657,0.33913216
7.6943984,-0.25896984,0.44995642,0.37454766
7.7912807,-0.2670616,0.44939375,0.3782732
7.7668877,-0.2567523,0.3292073,0.36856002
7.614398,-0.23562473,0.57263446,0.33309606
7.675144,-0.26008207,0.43293798,0.38625303
7.7315493,-0.26976562,0.46311903,0.32457793
7.7182317,-0.28263283,0.38544023,0.43083817
7.5544534,-0.22752261,0.60009956,0.32357553
7.649177,-0.2572139,0.3490064,0.4032784
7.725545,-0.3262849,0.6224692,0.41147214
7.8153925,-0.28257883,0.3497851,0.3778262
7.626587,-0.34059924,0.66909957,0.4575743
7.576565,-0.276089,0.6618241,0.38987988
7.751777,-0.21931267,0.2960651,0.35937786
7.686105,-0.26099443,0.435256,0.36195368
7.6458035,-0.26591444,0.5546434,0.38508916
7.6290293,-0.28557014,0.6291537,0.34831586
7.6079197,-0.11739743,0.48981953,0.26129627
7.5900707,-0.2561999,0.7091365,0.35470465
7.538643,-0.23989719,0.7031343,0.34651744
7.5369363,-0.31262344,0.9716246,0.41104952
7.699864,-0.3673125,0.6855849,0.46327537
7.5433354,-0.2648859,0.6536007,0.42106736
7.3185816,-0.17356181,0.9055797,0.31359568
7.0768814,-0.05672288,1.0760782,0.24194211
7.1247563,-0.08067304,0.9300792,0.29341355
7.311826,-0.11088383,0.74982,0.26176372
7.167904,-0.14662516,1.1020107,0.25731313
7.219907,-0.04289031,0.6752782,0.22625229
7.2212887,-0.059093058,0.7576101,0.24424914
7.1727295,-0.044011116,0.9665859,0.2053514
7.2345037,-0.02573967,0.7607715,0.21186146
7.2791715,-0.085454285,0.760322,0.26578233
7.3046846,-0.07506949,0.7258568,0.22714801
7.2934694,-0.14537752,0.8935468,0.3082541
7.5054502,-0.14029926,0.6022129,0.275582
7.476565,-0.11595178,0.48802722,0.31992492
7.3986816,-0.08285594,0.5697026,0.2565964
7.257349,-0.026833475,0.6569004,0.23462053
7.2495975,-0.061871886,0.74992585,0.24524017
7.345249,-0.16783834,0.85461557,0.2899466
7.3925157,-0.171875,0.68228686,0.32394227
7.389206,-0.18654221,0.74767053,0.31842875
7.4521036,-0.1438747,0.62819207,0.29736713
7.5860376,-0.26239675,0.7422904,0.34698164
7.6173816,-0.22058046,0.50478005,0.3497367
7.6925545,-0.2737981,0.5095377,0.40925995
7.63181,-0.244865,0.61813474,0.3301491
7.7405887,-0.29182738,0.362252,0.41840628
7.7766333,-0.28821194,0.31530285,0.3810885
7.846176,-0.3887465,0.5613122,0.4205494
7.910646,-0.40693057,0.33460808,0.5173719
7.9865265,-0.36010897,0.23720813,0.4194857
7.9942813,-0.3603356,0.2217145,0.45712948
7.9134493,-0.4032967,0.40249872,0.46939772
7.901185,-0.42672586,0.27666616,0.6432775
7.8801036,-0.42620057,0.48963118,0.49772382
7.9855213,-0.5274905,0.55806804,0.7191376
7.9545245,-0.497029,0.7064568,0.61071783
7.998845,-0.46717036,0.26700735,0.56272554
7.981544,-0.46590006,0.29280257,0.6309183
7.8426466,-0.38134187,0.3667798,0.48961622
7.990629,-0.4862972,0.5585401,0.51194584
7.9056287,-0.36075896,0.3987863,0.44964385
7.7637577,-0.27549905,0.31247306,0.35724384
7.647191,-0.32973522,0.68432105,0.4070322
7.649973,-0.23028684,0.4936669,0.34949
7.6345363,-0.24581647,0.67335963,0.35225898
7.6219025,-0.2625417,0.61138284,0.34680408
7.647968,-0.27994728,0.5716468,0.40959197
7.588212,-0.25764453,0.67552483,0.40266383
7.5790453,-0.2890607,0.6228628,0.3914422
7.724124,-0.25960362,0.44300556,0.38726965
7.498165,-0.25230289,0.6975572,0.34996334
7.759198,-0.2763781,0.35456705,0.40325487
7.889823,-0.387294,0.36875188,0.50349784
7.8121815,-0.2975579,0.28378582,0.40381587
7.7890916,-0.27226007,0.39075518,0.36823887
7.7750926,-0.22974813,0.24424458,0.32629806
7.4801993,-0.2174545,0.7117096,0.3689499
7.4421606,-0.19174993,0.7044692,0.35357314
7.4918904,-0.18382424,0.6868787,0.27069396
7.710156,-0.24531502,0.41325045,0.33658218
7.6405444,-0.28404754,0.6508393,0.34861588
7.3595467,-0.16454118,0.7005491,0.31110063
7.654254,-0.18973225,0.5160284,0.28565842
7.457365,-0.10263193,0.5013343,0.23759028
7.773868,-0.27038795,0.3620013,0.36303458
7.977506,-0.4148149,0.40540838,0.56440085
7.90582,-0.4371977,0.5520637,0.55240405
7.9521556,-0.3924538,0.2972486,0.44910085
7.798828,-0.31613904,0.3350973,0.4436536
7.956883,-0.3519873,0.3099084,0.4127723
7.73003,-0.21695602,0.3370782,0.35409737
7.7158027,-0.1953525,0.32191324,0.30250567
7.6063423,-0.20656651,0.40802944,0.32144967
7.2966814,-0.13244128,0.87337565,0.28466216
7.4164414,-0.10541582,0.72036207,0.2514057
7.0992503,-0.044740856,0.84081674,0.23787504
6.9347672,-0.07669473,1.2910271,0.23109303
7.079047,-0.028311968,0.92772865,0.2196238
7.0749807,-0.10431415,1.0492914,0.2477788
7.1470113,-0.04930365,0.944456,0.2302249
7.332939,-0.058980048,0.7070992,0.25190672
7.4788437,-0.18497288,0.57024574,0.3559732
7.555651,-0.3067584,0.658182,0.40149993
7.8805666,-0.37191278,0.47203612,0.43182123
7.7031813,-0.34065437,0.5677693,0.4301017
7.7462173,-0.31948847,0.45191455,0.46620816
7.9440956,-0.3453682,0.103545666,0.43825072
7.967462,-0.30379134,0.16392171,0.40334025
7.8183603,-0.39183104,0.59746003,0.47926903
7.991062,-0.37765408,0.19046855,0.49021596
7.89443,-0.3870175,0.18951559,0.558525
7.9752054,-0.3650788,0.39519048,0.40831876
7.8691273,-0.39312637,0.42432785,0.48910922
7.9099984,-0.39885545,0.41021967,0.49912465
7.826482,-0.35202885,0.44656694,0.470236
7.996178,-0.35700858,0.07374048,0.495745
7.7879353,-0.24472821,0.3838383,0.34921116
7.740652,-0.22498357,0.30582666,0.35742468
7.613753,-0.1974026,0.4778906,0.32283092
7.5529623,-0.22166938,0.62977743,0.34525344
7.63591,-0.22493082,0.5937133,0.339657
7.300232,-0.16710001,0.9298928,0.28446382
7.459253,-0.18352538,0.5897342,0.32394516
7.358186,-0.1493212,0.84886277,0.319715
7.4116826,-0.20972508,0.7956699,0.3355435
7.2117624,-0.1554845,0.934798,0.3062375
7.2400265,-0.12571108,0.90953505,0.26903397
7.1331825,-0.08134961,0.8973198,0.26264277
7.181067,-0.021332502,0.80867743,0.21779566
7.311686,-0.078341484,0.7426858,0.24695078
7.359084,-0.045746446,0.5928376,0.20040235
7.1900826,-0.066621125,0.8462628,0.2499507
7.2715464,-0.16617668,0.9040735,0.31987572
7.4627533,-0.26224178,0.83469486,0.40897757
7.5576696,-0.23190087,0.55536115,0.3234154
7.4714413,-0.13093764,0.6142688,0.25524527
7.6005383,-0.16947222,0.37093043,0.32551694
7.8632693,-0.25396335,0.099948406,0.3564853
7.4266148,-0.18691862,0.76866555,0.2900779
7.4433002,-0.19736415,0.7216804,0.31943208
7.3873916,-0.18869513,0.66049314,0.31182566
7.522484,-0.21097124,0.63328385,0.3464682
7.559127,-0.22985595,0.53859925,0.3780446
7.6421814,-0.2454347,0.5775888,0.29100096
7.5300055,-0.1690417,0.49538934,0.32171583
7.6205463,-0.22455841,0.4434328,0.3500244
7.6344476,-0.2398969,0.57699263,0.3184625
7.70984,-0.27961814,0.52455235,0.37812948
7.5687203,-0.24336141,0.659178,0.34482452
7.5487375,-0.23026097,0.51946664,0.3701927
7.542571,-0.30197656,0.69473696,0.393859
7.526726,-0.18756992,0.61890006,0.3034772
7.6152916,-0.23233998,0.4305458,0.39765185
7.8831396,-0.31716543,0.25528407,0.38497192
7.816051,-0.3611737,0.40882647,0.45312327
7.772398,-0.27497566,0.39798915,0.3853078
7.562122,-0.21870142,0.607064,0.37379158
7.599643,-0.1342575,0.40947676,0.32278466
7.606413,-0.13436234,0.47086787,0.26302743
7.5223417,-0.20015484,0.43653834,0.3604644
7.560362,-0.1419738,0.39718032,0.27076015
7.527643,-0.21009552,0.6166856,0.28636205
7.549986,-0.20750922,0.66856265,0.31456053
7.5075426,-0.24097538,0.7957779,0.31562707
7.750683,-0.29777455,0.5634872,0.41603208
7.8971415,-0.37476003,0.38568532,0.49637014
7.901006,-0.33896273,0.2561071,0.4620611
7.9456205,-0.375669,0.23300898,0.50426215
7.8698597,-0.39057058,0.45044196,0.46735036
7.8503075,-0.24073082,0.13243103,0.3313409
7.917279,-0.3285488,0.2455473,0.39779928
7.939185,-0.41455102,0.3995124,0.44139636
7.903325,-0.40088296,0.37832725,0.4768098
7.9261055,-0.4611342,0.5044564,0.5763939
7.8481455,-0.35200036,0.29570913,0.46713334
7.774084,-0.3064837,0.43300128,0.38719863
7.9887924,-0.40074533,0.22537053,0.5108866
7.908039,-0.35202944,0.3070866,0.47161776
7.874189,-0.3631184,0.43938565,0.412975
7.9051304,-0.36681658,0.3952855,0.43885064
7.6565943,-0.32955092,0.5411866,0.41307014
7.5124083,-0.26314563,0.75827134,0.37991518
7.6663923,-0.25334454,0.47043395,0.35500038
7.9380355,-0.466824,0.48565292,0.5541982
7.5877943,-0.31855166,0.6937449,0.41972977
7.7450085,-0.39430034,0.5307052,0.5085128
7.813732,-0.41110772,0.5511211,0.52811515
7.974728,-0.43151617,0.23825216,0.52107656
7.957241,-0.36042786,0.2292459,0.42871708
7.817532,-0.36100143,0.41493213,0.41760617
7.8605785,-0.39306915,0.35101712,0.5276154
7.7886767,-0.3507229,0.56209993,0.40353262
7.9018335,-0.41886175,0.4150877,0.55695456
7.960593,-0.3088817,-0.042385757,0.45740438
7.905403,-0.35002786,0.2693851,0.45231414
7.6012497,-0.3262108,0.71652865,0.3550291
7.5191016,-0.24689633,0.7995882,0.36765516
7.6368437,-0.23322701,0.45734835,0.34878987
7.70564,-0.31462038,0.39733243,0.40823692
7.825655,-0.2745257,0.3158548,0.37527108
7.614086,-0.27126342,0.5520611,0.38894057
7.6499214,-0.26970005,0.4827671,0.39561567
7.558018,-0.15175956,0.41642654,0.33418322
7.511277,-0.20610845,0.65198565,0.32006696
7.454253,-0.1554761,0.70280886,0.28493184
7.4528847,-0.16464901,0.63287854,0.3246525
7.652047,-0.2315467,0.50855625,0.36010885
7.531737,-0.24011517,0.7355511,0.328485
7.4686823,-0.2439748,0.7590089,0.36428833
7.603468,-0.2366305,0.6475396,0.2840705
7.4513645,-0.15202516,0.62787163,0.28215337
7.5793533,-0.14990962,0.4903288,0.28653648
7.4178514,-0.13068861,0.6276814,0.27313793
7.3735037,-0.20154989,0.9189081,0.31426612
7.613115,-0.1685347,0.3442676,0.3094558
7.382019,-0.09733045,0.7924957,0.23451926
7.269821,-0.111744225,0.7436372,0.30119926
7.3843284,-0.16851765,0.68626654,0.33849993
7.470046,-0.21612638,0.66749287,0.32099003
7.6266356,-0.27448517,0.5983989,0.38847405
7.678994,-0.28017473,0.54529977,0.3901806
7.768492,-0.31031388,0.38497066,0.43050987
7.8379393,-0.38834918,0.30476677,0.5787354
7.9333897,-0.36930925,0.27561736,0.47829413
7.9777775,-0.46670157,0.4784912,0.56914276
7.9634213,-0.42235857,0.3366059,0.55593944
7.8069005,-0.33793813,0.3226081,0.46876162
7.635309,-0.3250609,0.61211896,0.45443797
7.77582,-0.3566689,0.6178973,0.35807818
7.8553696,-0.34000415,0.46561062,0.40369606
7.937079,-0.39720625,0.40084946,0.46760172
7.8902216,-0.3957007,0.47483456,0.44188035
7.906987,-0.4401098,0.5042658,0.4976946
7.8640823,-0.36987185,0.44946122,0.41451073
7.974921,-0.4578899,0.33165133,0.60545856
7.905259,-0.4066506,0.37380087,0.52800184
7.9576426,-0.4300112,0.41457915,0.5073459
7.9974866,-0.38868338,0.34442377,0.45969397
7.7711782,-0.3684951,0.56384563,0.4589616
7.7981567,-0.3229534,0.48976374,0.39293474
7.693074,-0.33992702,0.6403537,0.40600246
7.6538935,-0.22065812,0.47638655,0.35177594
7.6811647,-0.3145762,0.53565586,0.3914777
7.920353,-0.35071486,0.26524353,0.4721197
7.9090676,-0.38976038,0.18598175,0.52737653
7.897489,-0.40451473,0.36192334,0.55037385
7.772561,-0.33027446,0.5120053,0.43284464
7.787438,-0.34214234,0.46343338,0.43876666
7.56204,-0.27774304,0.86289537,0.36709124
7.8083167,-0.31916952,0.38499248,0.43628958
7.660977,-0.32008135,0.6859865,0.4290668
7.911701,-0.29846984,0.20645666,0.41032672
7.541808,-0.19616663,0.50103974,0.3259946
7.713837,-0.3071162,0.5219759,0.42342547
7.7017674,-0.31745702,0.6282623,0.44725937
7.7498593,-0.3148514,0.4555353,0.42075962
7.6490912,-0.26716226,0.537411,0.35289878
7.6310773,-0.16763711,0.41617584,0.3108425
7.2724476,-0.06647599,0.8195832,0.22653846
7.1595364,-0.09227973,1.0142641,0.25721765
7.2898226,-0.08480543,0.81215096,0.21076912
7.314849,-0.04543376,0.6547036,0.22085021
7.261504,-0.015217781,0.7682128,0.20349361
7.2775054,-0.05448091,0.676384,0.2445476
7.450405,-0.018287182,0.43232238,0.20878494
7.4584293,-0.1355778,0.60520387,0.28670114
7.3953595,-0.21415794,0.8958416,0.3156129
7.2961183,-0.026928127,0.66168666,0.24189772
7.297056,-0.04391992,0.67027557,0.21132858
7.261817,-0.08299875,0.86669266,0.25553137
7.358015,-0.09525859,0.62094355,0.2399441
7.1885214,-0.09228748,0.75748456,0.30960506
7.196454,-0.09445554,0.8981199,0.24722342
7.2968893,-0.15143126,0.8398855,0.3161888
7.267028,-0.11562389,0.7437781,0.26410818
7.3263783,-0.1252644,0.73437405,0.2636114
7.354604,-0.14129937,0.7415072,0.28881007
7.3651114,-0.1505189,0.7678864,0.28364766
7.277258,-0.11645812,0.8721118,0.28999174
7.4161563,-0.066963255,0.56565404,0.2637642
7.1901875,-0.056165755,0.74477196,0.22092542
7.0338316,-0.067641854,1.0601463,0.22883402
7.0798607,-0.037347376,0.9906665,0.22352175
7.3240395,-0.030599058,0.61432326,0.24217111
7.306772,-0.06601983,0.6392678,0.24485739
7.5463552,-0.17227894,0.6499393,0.2738255
7.5603104,-0.16811097,0.41656232,0.29443383
7.3669186,-0.08047557,0.54933286,0.2623185
7.515547,-0.1505633,0.4896965,0.2977157
7.641533,-0.23701584,0.5018685,0.36190358
7.583008,-0.2347427,0.55473673,0.34714484
7.4321547,-0.17050564,0.72853947,0.27115732
6.922327,-0.074296296,1.2231739,0.22337651
7.0826955,-0.06011045,0.9618325,0.23453647
7.3977785,-0.12044537,0.7201153,0.28681046
7.3868575,-0.19710761,0.8430128,0.3207893
7.484906,-0.172827,0.5675963,0.27298397
7.4465914,-0.21966588,0.7403542,0.3246131
7.6078024,-0.23130423,0.5799806,0.33171082
7.5039053,-0.16797,0.63765204,0.25897923
7.6744027,-0.18188298,0.42682183,0.32519722
7.565131,-0.14843172,0.52344215,0.2765844
7.3942013,-0.18962717,0.7070894,0.31118163
7.5220385,-0.15663022,0.53077984,0.32110366
7.3074894,-0.1236825,0.6761271,0.28446868
7.3444057,-0.032097876,0.6741781,0.22658664
7.1894317,-0.040028393,0.810729,0.22323705
7.353929,-0.132465,0.7273022,0.28881165
7.5765314,-0.19552702,0.40745926,0.3041082
7.6440988,-0.21658337,0.45118523,0.33717942
7.6091523,-0.2620045,0.61169934,0.336182
7.689332,-0.23313743,0.45061493,0.3283251
7.6756516,-0.25929725,0.44196844,0.36946625
7.583882,-0.30457836,0.6755856,0.3824433
7.6392794,-0.1730519,0.3203417,0.3120878
7.706656,-0.28537393,0.41962433,0.38911045
7.6358185,-0.28892982,0.6465273,0.3603248
7.6928306,-0.25563604,0.5264441,0.37538838
7.8142443,-0.32630587,0.38622808,0.4120281
7.652086,-0.20957965,0.4005866,0.38353366
7.5942993,-0.14567006,0.3595382,0.28886062
7.5824995,-0.200961,0.49005973,0.33029705
7.6966047,-0.36010242,0.72827995,0.47958708
7.765355,-0.33631492,0.4887929,0.40671173
7.869749,-0.3487867,0.28683388,0.46139693
7.6012325,-0.24448538,0.6504679,0.30998123
7.6720457,-0.26548338,0.61298,0.36572772
7.744541,-0.25162226,0.30141807,0.348441
7.775285,-0.29181856,0.37698948,0.39217156
7.4765334,-0.16657364,0.67264223,0.2981267
7.240347,-0.112013996,0.82220554,0.26879585
7.3232274,-0.10529834,0.7167622,0.2766328
7.2353926,-0.1321398,0.91608524,0.27250755
7.2566175,-0.067071915,0.7049756,0.22415385
7.4625735,-0.15058112,0.5955839,0.30568904
7.4198856,-0.18012154,0.70137215,0.31757432
7.5653925,-0.26329273,0.72603846,0.33380443
7.751964,-0.36962998,0.60335374,0.43749672
7.5948973,-0.23441648,0.5996821,0.34567946
7.6646533,-0.24762559,0.49992967,0.36302298
7.670002,-0.2945432,0.5456691,0.4005069
7.591105,-0.24522847,0.62242067,0.33017462
7.66264,-0.23969692,0.4946922,0.38046798
7.5884094,-0.24081564,0.5992882,0.34752905
7.6176157,-0.27519208,0.62170005,0.43706238
7.975465,-0.40511775,0.24705434,0.47010398
7.9433026,-0.32837725,0.15035522,0.405892
7.8286066,-0.3138618,0.51113474,0.40963072
7.9085627,-0.42619967,0.51175,0.55911094
7.805875,-0.3459484,0.4333043,0.43233192
7.671049,-0.25068134,0.47513342,0.38676745
7.7232533,-0.2181006,0.38662958,0.33489567
7.7641373,-0.284392,0.62235117,0.35163283
7.667982,-0.27416098,0.5559554,0.35239816
7.6899557,-0.25980848,0.50608826,0.3761512
7.716545,-0.21813941,0.16466033,0.400903
7.5853195,-0.19352537,0.480461,0.31971917
7.4465504,-0.19747072,0.73435664,0.30753523
7.573315,-0.14026791,0.4422704,0.2739862
7.848894,-0.28616166,0.30275977,0.37447175
7.6663094,-0.28492302,0.5730567,0.3705891
7.602549,-0.28317833,0.6877568,0.33014232
7.830331,-0.31880355,0.5240669,0.39247888
7.8900776,-0.36495328,0.38023734,0.45389563
7.982629,-0.44543952,0.28475833,0.5482274
7.5581665,-0.29625183,0.77318585,0.40880933
7.582007,-0.29600692,0.7375748,0.40368265
7.7524004,-0.30341923,0.41063058,0.39415115
7.852545,-0.21587199,0.2815485,0.3272267
7.8885283,-0.34084398,0.34720552,0.39930466
7.882517,-0.33975565,0.37226307,0.41479734
7.8125453,-0.36395794,0.50061333,0.41608816
7.7893605,-0.32564634,0.35374105,0.46077943
7.822774,-0.3759182,0.4112624,0.45290822
7.8473744,-0.34277606,0.42508805,0.399024
7.8989806,-0.3039167,0.18147719,0.44806272
7.8996916,-0.36963433,0.4429382,0.39185524
7.852624,-0.3752091,0.44111633,0.48428363
7.7916546,-0.34560454,0.48633885,0.45009822
7.694825,-0.30374563,0.6520791,0.42585197
7.5403337,-0.25947416,0.5094683,0.38743854
7.4996853,-0.21831942,0.62583244,0.34512997
7.453042,-0.1662457,0.5638313,0.3192254
7.3226023,-0.10010165,0.65971947,0.3051912
7.2811737,-0.06499076,0.72263014,0.25186867
7.345494,-0.14625895,0.71543217,0.28978795
7.3050714,-0.12429017,0.7951045,0.28556654
7.543354,-0.23411548,0.62580025,0.37351754
7.6003056,-0.30540103,0.77731216,0.4311825
7.6070995,-0.23216861,0.49180424,0.34482026
7.753542,-0.3071872,0.4830842,0.4238227
7.7724023,-0.3032353,0.34471965,0.44611326
7.6976023,-0.2907623,0.5690074,0.38159007
7.731326,-0.35673106,0.6321962,0.4876241
7.959772,-0.38619703,0.3544029,0.46604025
7.9679127,-0.43361664,0.2775538,0.54920065
7.9920454,-0.4807486,0.49239182,0.5394568
7.955121,-0.44332218,0.30288088,0.6577911
7.8986974,-0.4137705,0.21882343,0.5314451
7.946221,-0.34051704,0.24879313,0.39141154
7.9786444,-0.3850971,0.2761786,0.43898368
7.9241056,-0.38039953,0.48454154,0.43473512
7.8758836,-0.3748536,0.33522558,0.5409272
7.887939,-0.37347072,0.33613515,0.39095455
7.697885,-0.29187983,0.36974382,0.40749067
7.651643,-0.25189316,0.5377314,0.33846098
7.670497,-0.30098373,0.6403115,0.38090253
7.705098,-0.31276214,0.4343562,0.47475076
7.6412416,-0.26473713,0.50495565,0.40499997
7.5998845,-0.28608322,0.6855488,0.33686787
7.68909,-0.3114885,0.5534818,0.39974323
7.8951635,-0.32650965,0.25975108,0.43762392
7.6464863,-0.22841704,0.6094581,0.2850106
7.689537,-0.29810607,0.51152396,0.44713378
7.885664,-0.43323177,0.6480627,0.52309513
7.8434896,-0.3829862,0.50875294,0.50065637
7.944861,-0.3662876,0.24541879,0.46971893
7.8859935,-0.31268346,0.22720683,0.38354474
7.997333,-0.32192636,0.17519593,0.38286066
7.8792763,-0.25362396,0.2842157,0.37478888
7.4271636,-0.18653506,0.5622113,0.3663233
7.346065,-0.12212074,0.73893154,0.25589418
7.3663197,-0.15088308,0.64353275,0.29334277
7.405302,-0.16338366,0.5451815,0.32398766
7.500971,-0.22613215,0.6893294,0.34652787
7.4673285,-0.18427718,0.69423246,0.31692106
7.6481104,-0.3071403,0.6820204,0.38055474
7.781154,-0.31536806,0.38342977,0.44515967
7.7649765,-0.3616426,0.5609062,0.49396008
7.6827636,-0.2729329,0.5083411,0.38904583
7.8643093,-0.3603667,0.4092896,0.47736543
7.9433055,-0.39861262,0.23669624,0.50201
7.8854504,-0.4254384,0.51026845,0.52714914
7.954754,-0.38400805,0.25067258,0.47844136
7.8787746,-0.31502002,0.30105317,0.39116174
7.9045725,-0.3603589,0.2867471,0.46758127
7.7991767,-0.27855653,0.2793362,0.3883351
7.673278,-0.23238933,0.52455306,0.30924213
7.7976475,-0.3350109,0.42347956,0.46012044
7.925393,-0.3681376,0.23498869,0.512646
7.8536477,-0.42453504,0.51377046,0.46421963
7.954716,-0.4763388,0.44435906,0.5425987
7.8984585,-0.34591377,0.2679875,0.47802275
7.8248143,-0.35162413,0.46932745,0.45373815
7.852357,-0.31587052,0.34357095,0.45519793
7.9323845,-0.3404405,0.32822895,0.4183593
7.7334094,-0.28637028,0.38428664,0.41143268
7.5129113,-0.1856972,0.57772934,0.3462509
7.616557,-0.25455093,0.6523578,0.3499347
7.540341,-0.25994843,0.78912306,0.3371642
7.799906,-0.29274988,0.37347817,0.38256764
7.8461094,-0.34499544,0.37910283,0.40992314
7.8118944,-0.23426837,0.31951427,0.36746585
7.6657343,-0.26388806,0.42874634,0.35288978
7.4080033,-0.15024972,0.5886662,0.32775325
7.511717,-0.14808244,0.5698595,0.29374182
7.539752,-0.21747595,0.66574883,0.30993903
7.536193,-0.23578501,0.7065275,0.3429455
7.609356,-0.25844032,0.63328886,0.383642
7.6019855,-0.21643412,0.3902185,0.3476529
7.6499643,-0.22121757,0.41205525,0.3603291
7.6410728,-0.2943883,0.6822033,0.4068495
7.7137723,-0.29895818,0.5415131,0.38339233
7.6621475,-0.27064973,0.47061074,0.38023883
7.5848575,-0.34036386,0.71252704,0.4198282
7.4448185,-0.23724556,0.8049004,0.33231765
7.471883,-0.24499631,0.7491834,0.4025715
7.721715,-0.25844604,0.3836105,0.39344388
7.4944696,-0.24556726,0.6916995,0.34031335
7.364038,-0.23210853,0.9919703,0.33382723
7.5910196,-0.21148878,0.5111294,0.3253879
7.6067357,-0.21700215,0.47622776,0.3354975
7.548457,-0.19683576,0.6336123,0.30916813
7.546596,-0.24361795,0.60728,0.34743994
7.5553436,-0.24328196,0.6401379,0.3701886
7.745619,-0.28265244,0.3853798,0.36831868
7.547441,-0.1917175,0.5617173,0.3635949
7.3964496,-0.16041279,0.6520884,0.3174795
7.451812,-0.116662204,0.6350119,0.27725628
7.1727204,-0.062176764,0.8753171,0.23966043
7.0988197,-0.036512613,0.8849895,0.24042177
7.28156,-0.0388664,0.67104053,0.23190342
7.1506977,0.017957091,0.7937093,0.22398557
7.130739,-0.04212022,0.9351449,0.23290128
7.1277504,-0.032695115,0.8657546,0.21861863
7.262684,-0.0921402,0.7614124,0.23781794
7.3333335,-0.15256953,0.7227746,0.31088084
7.305278,-0.11684841,0.75339174,0.29757747
7.559194,-0.11912924,0.48941934,0.24727632
7.54898,-0.20449895,0.6125729,0.33515677
7.5007663,-0.18249601,0.6043384,0.28285283
7.5112495,-0.2003851,0.6442313,0.30441955
7.5470943,-0.18696737,0.5444114,0.32370073
7.4766254,-0.25214213,0.81019187,0.3119279
7.2769203,-0.06931883,0.68783,0.25088054
7.3375854,-0.049838483,0.5822444,0.2357141
7.28405,-0.041137457,0.6637782,0.25235772
7.1907244,0.061954737,0.58922315,0.20122617
6.984429,0.029622674,0.91212726,0.20215516
7.0427246,-0.00020945072,0.8893192,0.21337235
6.9870586,-0.006739378,0.90282774,0.20967156
7.108558,-0.086223364,1.0021255,0.23285139
6.9670343,-0.05368477,1.0644648,0.23937799
7.1412,-0.10768229,1.0079157,0.27236965
7.1558833,-0.11985594,0.96029973,0.28338656
7.359518,-0.10633892,0.62279844,0.27833152
7.288786,-0.056187987,0.7113061,0.27526033
7.3504324,-0.12668198,0.6744895,0.30366528
7.6539855,-0.19599456,0.5981288,0.27948216
7.3887978,-0.16515654,0.7232032,0.28455314
7.4150963,-0.19832051,0.853454,0.30885655
7.4713593,-0.20479786,0.74691594,0.29629534
7.5687714,-0.21284229,0.5724857,0.36221045
7.678417,-0.26702774,0.45073938,0.42244437
7.572259,-0.29799718,0.6418755,0.4342045
7.583134,-0.25813353,0.64097095,0.38839257
7.554405,-0.249888,0.6252241,0.34738263
7.6215396,-0.22753567,0.5195842,0.36326808
7.5285153,-0.23521304,0.71507096,0.33354494
7.6821527,-0.25322604,0.4736302,0.35959122
7.801837,-0.30531865,0.40536213,0.39976025
7.833229,-0.36117804,0.42180097,0.48104495
7.778028,-0.3584227,0.5504019,0.4549569
7.949664,-0.3697713,0.30335164,0.463535
7.9407263,-0.35982335,0.21586752,0.4393643
7.830044,-0.39118594,0.5097543,0.49642712
7.856371,-0.40227783,0.4254483,0.5157304
7.9150734,-0.3893425,0.15000165,0.5175149
7.9589252,-0.43442875,0.34307897,0.53837425
7.8975525,-0.40400743,0.27665043,0.5647436
7.942507,-0.38369226,0.25394535,0.4523713
7.805035,-0.31988668,0.3855958,0.42200637
7.7854114,-0.36234558,0.51183,0.43072158
7.9183044,-0.31154364,0.22341621,0.41652793
7.8670883,-0.318115,0.3113215,0.41775897
7.836103,-0.33422017,0.47961128,0.44612962
7.868079,-0.3835085,0.4305439,0.5400259
7.7924967,-0.3252635,0.33791518,0.43322682
7.71486,-0.26786876,0.4254471,0.37462676
7.9187374,-0.30784136,0.14144039,0.44637096
7.8621826,-0.28483677,0.26658225,0.42018914
7.6192074,-0.20652151,0.5631381,0.3077327
7.477521,-0.13639772,0.48560405,0.29778647
7.4299707,-0.15854615,0.71923983,0.27254575
7.290222,-0.097718835,0.7551613,0.2628425
7.241703,-0.0826745,0.7202898,0.24992897
7.4225154,-0.1589185,0.71204615,0.3216666
7.415779,-0.28682548,0.95987105,0.4119274
7.569218,-0.19759423,0.56307316,0.28998783
7.697988,-0.2586245,0.5087508,0.3681817
7.6302733,-0.2556128,0.47881854,0.37573713
7.712222,-0.29946834,0.5555723,0.36031717
7.8637342,-0.29533046,0.33366704,0.3970225
7.621594,-0.30414492,0.55077887,0.46146208
7.825713,-0.2821296,0.3133645,0.3597644
7.801166,-0.2769816,0.37499285,0.3758687
7.651361,-0.30089623,0.6691319,0.44022086
7.622752,-0.33411974,0.6073363,0.4616385
7.7602124,-0.26456368,0.39343882,0.3964411
7.6413307,-0.22507066,0.46491504,0.3679348
7.4738574,-0.19240397,0.72306347,0.3092013
7.4507737,-0.18463773,0.6030408,0.28550074
7.245236,-0.18239743,1.0337241,0.28625917
7.459807,-0.20743364,0.7518475,0.32081744
7.5420523,-0.19564092,0.5060911,0.33675927
7.61057,-0.23204863,0.5894449,0.36634862
7.747787,-0.2682035,0.46950006,0.3683691
7.6384315,-0.25864404,0.4964819,0.3614426
7.6745315,-0.23898655,0.5420213,0.34446928
7.609087,-0.27655143,0.61020994,0.38869494
7.647943,-0.2998013,0.6366235,0.38391352
7.7738943,-0.31269294,0.47232378,0.39108527
7.7848854,-0.32035607,0.53511226,0.37834954
7.4443855,-0.20310044,0.70114064,0.31795573
7.608778,-0.22361857,0.47609174,0.329831
7.870735,-0.32624686,0.31501675,0.45444572
7.8917756,-0.34945452,0.29631698,0.47317773
7.7977657,-0.33350128,0.54722977,0.41384745
7.8076234,-0.3063311,0.38374937,0.3992564
