7.7505937,-0.10162693,-0.9532601,0.23575184
7.634744,-0.09832609,-0.89665914,0.24294817
7.6384916,-0.18827921,-0.6870501,0.33161795
7.637973,-0.15032578,-0.79795074,0.228441
7.496311,-0.05539334,-0.676438,0.24477866
7.7973576,-0.095249176,-0.9222911,0.26406443
7.778532,-0.087150335,-0.98166513,0.24329889
7.5961647,-0.12778634,-0.48385024,0.28748122
7.5461926,-0.2852829,-0.43551445,0.41350737
7.2195625,-0.22622496,-0.006090522,0.32733542
7.2427754,-0.26613432,0.34570634,0.39043838
7.3703165,-0.26614636,0.14862216,0.39412767
7.307045,-0.21576053,0.2953683,0.26599628
7.245252,-0.16065407,0.049625635,0.32084987
7.331148,-0.07904613,-0.3023988,0.22809301
7.5052814,-0.1512075,-0.38929796,0.25397247
7.1426964,-0.073559344,0.025178552,0.25416905
6.9514284,-0.100575745,0.3277657,0.2535068
6.8285027,-0.039438963,0.33887827,0.27160966
7.2857275,-0.053551137,-0.16133988,0.21735744
7.1549916,-0.07588744,-0.22662103,0.21402916
6.941659,-0.14414686,0.28344083,0.2324448
6.955304,-0.05895078,0.35295367,0.2113297
7.215168,-0.123585284,0.1201787,0.22933488
7.2333627,-0.19026357,0.12101424,0.29119945
7.3662724,-0.18105447,-0.2704124,0.31834006
7.555232,-0.20362514,-0.43824804,0.3281238
7.649029,-0.216784,-0.41130865,0.2915784
7.6932,-0.107251585,-0.66714084,0.24015173
7.757194,-0.14629513,-0.8242043,0.26071775
7.667886,-0.18029344,-0.48083222,0.27433044
7.5985184,-0.08428508,-0.7511358,0.29424438
7.8493648,-0.13309616,-0.912056,0.24716762
7.712574,-0.17599899,-0.6005953,0.25828254
7.6728854,-0.2011382,-0.39124775,0.29406124
7.5163884,-0.17052072,-0.6145046,0.3424716
7.3364453,-0.07495886,-0.22955942,0.21585451
7.4835143,-0.1050784,-0.4165935,0.23967591
7.4216194,-0.08796036,-0.22421372,0.20293227
7.3924766,-0.13983285,-0.31173068,0.27240214
7.423267,-0.12606603,-0.5310364,0.28538984
7.4654765,-0.23302048,-0.19607311,0.31690657
7.6074743,-0.23089981,-0.44211203,0.27465054
7.346468,-0.17495382,-0.21237195,0.32314274
7.316066,-0.15917301,0.09872222,0.2715283
7.258671,-0.09369713,-0.10500026,0.21954256
7.1880155,-0.100335,-0.070213914,0.21975799
7.0966396,-0.094118774,0.35793436,0.22409041
7.180296,-0.018206298,0.03310299,0.20137157
7.2976046,-0.16192669,-0.061105072,0.25864914
7.598307,-0.18942487,-0.44480622,0.27656448
7.436446,-0.10565686,-0.38413024,0.21401668
7.300694,-0.11798936,-0.25953138,0.30886552
7.5330844,-0.16139549,-0.40690196,0.2905862
7.316882,-0.1373409,-0.33731157,0.295075
7.614498,-0.3363816,-0.3361625,0.34916025
7.5991,-0.2030862,-0.6554837,0.31605187
7.854834,-0.1549905,-0.87154317,0.22540304
7.710601,-0.18568242,-0.80567926,0.30825844
7.8259554,-0.26678222,-0.896155,0.3881264
7.649668,-0.15622741,-0.81358427,0.3606242
7.520268,-0.22671121,-0.29233462,0.34938222
7.329455,-0.18479681,-0.18692392,0.28346518
7.271195,-0.17872006,-0.21816242,0.39246088
7.56984,-0.2247544,-0.35126066,0.31708962
7.487556,-0.29282892,-0.27717268,0.3990317
7.5981574,-0.22577232,-0.7242191,0.35099143
7.597933,-0.2709704,-0.34963024,0.34567034
7.927744,-0.46353877,-0.7888653,0.5373258
7.906656,-0.41996038,-0.86533153,0.5269964
7.8804164,-0.4122544,-0.9887917,0.57816213
7.6466703,-0.45814204,-0.19929564,0.5616206
7.770906,-0.39807105,-0.7260138,0.5432551
7.7719717,-0.36803186,-0.79251087,0.46351904
7.937138,-0.32593226,-0.9647517,0.4511792
7.928265,-0.31348908,-0.8154098,0.39946213
7.693877,-0.13840717,-0.7956866,0.20156261
7.7012997,-0.19473404,-0.7997484,0.30625898
7.712086,-0.31556714,-0.7558357,0.43558842
7.554228,-0.3567145,-0.21129227,0.48032504
7.6991143,-0.32623178,-0.611695,0.39459828
7.6724024,-0.123387694,-0.8761953,0.20739315
7.801446,-0.11523044,-0.9046548,0.22073393
7.60269,-0.092662394,-0.6337984,0.23266818
7.444351,-0.13977224,-0.3558575,0.2715991
7.291815,-0.1260646,-0.081941485,0.2542619
7.440351,-0.22032392,-0.34732252,0.2958281
7.6668243,-0.19926184,-0.6192444,0.35357082
7.663021,-0.26688153,-0.5389155,0.37777698
7.8144007,-0.310615,-0.82081604,0.35235435
7.677451,-0.37270564,-0.4603122,0.4614135
7.8481464,-0.38250202,-0.6275494,0.42536026
7.73377,-0.24977887,-0.92225176,0.38360614
7.899617,-0.2761377,-0.99511415,0.41804352
7.731578,-0.32918155,-0.9593396,0.48593336
7.73492,-0.40775144,-0.060999632,0.45443565
7.8224087,-0.31714714,-0.763291,0.43577948
7.472782,-0.33527976,-0.10120809,0.39559454
7.6023717,-0.37374878,-0.24384606,0.40984017
7.5793056,-0.3094722,-0.44695997,0.42981094
7.656409,-0.23156208,-0.8196432,0.38790745
7.626255,-0.25446784,-0.4952402,0.33542234
7.6432457,-0.2742079,-0.92390764,0.47718102
7.883411,-0.31920415,-0.7269749,0.36417228
7.8470535,-0.3681118,-0.9984768,0.609679
7.712118,-0.40816015,-0.32043707,0.48747033
7.802437,-0.40913796,-0.7694917,0.5001884
7.7366056,-0.43908143,-0.6277649,0.4479165
7.7527447,-0.49691552,-0.09231526,0.6156001
7.8184705,-0.23249197,-0.6642221,0.39051938
7.813441,-0.31031072,-0.8701433,0.42339617
7.5262694,-0.36182463,-0.07733345,0.44269013
7.4090247,-0.25865394,-0.06778586,0.34761584
7.273576,-0.29037583,0.3022133,0.33601362
7.182207,-0.26599222,0.23778415,0.3658095
7.25428,-0.2427026,0.30404687,0.32524163
7.2424393,-0.16107732,-0.07133889,0.32095525
7.285569,-0.10118437,0.021705508,0.21065481
7.38575,-0.19402045,-0.20782799,0.31975576
7.4231462,-0.22214174,-0.31645095,0.3268655
7.4605613,-0.29373503,-0.14164102,0.41728312
7.6338754,-0.29265237,-0.68078566,0.48632002
7.4945736,-0.2938822,-0.39030808,0.44623792
7.641124,-0.14709085,-0.57400453,0.26998413
7.542631,-0.19450134,-0.46855867,0.33470374
7.300043,-0.05032921,-0.35262227,0.2858494
7.4352646,-0.12699854,-0.24211442,0.24345796
7.405458,-0.13651335,-0.24018836,0.24347095
7.4184465,-0.15851146,-0.084929824,0.25862807
7.587473,-0.052161515,-0.6422598,0.23421173
7.2048597,-0.058912456,-0.0947963,0.23144205
7.1240945,-0.064040065,0.03031528,0.2123738
7.0976562,-0.067754626,0.10579705,0.21820661
7.0730953,-0.15200919,0.18241489,0.24099405
7.328451,-0.104875505,-0.057566345,0.24828869
7.091131,-0.03845042,-0.017754555,0.20362625
7.1419544,-0.13343054,0.14992642,0.26194534
7.04675,-0.086520195,0.2896285,0.24534489
7.096459,-0.08779973,0.13911963,0.20118363
7.144471,-0.10311222,0.28564095,0.22762689
6.9896812,-0.0062305927,0.039877415,0.2060045
7.215012,-0.07128948,-0.01589799,0.23266098
7.084669,-0.011805952,-0.20509213,0.23937924
7.0687475,-0.07389158,0.074013114,0.20311621
7.1293783,-0.017185032,-0.10315138,0.20331135
6.937022,-0.095604,0.30195463,0.22829941
7.008104,-0.05995983,0.29032612,0.23426712
6.863744,0.025642514,0.18015373,0.20219901
6.9360933,-0.03818202,0.076462746,0.2488019
6.8584614,-0.02953744,0.4173336,0.20424657
6.786381,-0.06634021,0.6273396,0.20843689
6.6701097,-0.03935641,0.58911693,0.20786414
6.846534,-0.0603503,0.44598794,0.2437762
6.8925114,-0.07928163,0.47848403,0.2143548
7.047268,-0.12828398,0.34352374,0.25369143
7.188942,-0.08826989,0.017744303,0.23957075
7.2805862,-0.10246998,-0.28069866,0.23553385
7.3260756,-0.05108124,-0.33477813,0.24140587
7.4507117,-0.10175556,-0.3472702,0.26075357
7.3527846,-0.0974651,-0.26355112,0.25326532
7.5034347,-0.07844466,-0.5177116,0.26598135
7.3621526,-0.14151865,-0.047611,0.28986058
7.3853755,-0.11866379,-0.13220894,0.2687444
7.492218,-0.122710824,-0.20135808,0.25963202
7.14878,0.024590492,-0.08192694,0.20976563
7.257251,-0.011464477,-0.2968899,0.2104673
7.434779,-0.05913925,-0.4833387,0.22403994
7.385012,-0.0028817058,-0.69756794,0.20414588
7.6417246,-0.050472677,-0.8738989,0.20666744
7.464532,-0.100043595,-0.25491738,0.20757958
7.509856,-0.1402483,-0.30445218,0.2818498
7.684803,-0.20882452,-0.6552089,0.3201321
7.5559387,-0.18907595,-0.54985183,0.3466742
7.7513075,-0.3864851,-0.49729228,0.48672736
7.9862595,-0.39140344,-0.9747007,0.40842277
7.74002,-0.24218309,-0.9906101,0.37207937
7.4776597,-0.25373054,-0.2966572,0.36663216
7.317832,-0.22929156,-0.20596975,0.3983872
7.5478983,-0.13529557,-0.6343006,0.23311207
7.5042553,-0.19819558,-0.2890941,0.28358692
7.4216766,-0.07225323,-0.4215263,0.20692316
7.4752426,-0.04288739,-0.5004673,0.25043973
7.419277,-0.049924493,-0.52534497,0.21679932
7.463997,-0.16842282,-0.37079585,0.26317987
7.774034,-0.19319594,-0.77038467,0.25764546
7.808766,-0.13331312,-0.8289051,0.24491236
7.651502,-0.13221055,-0.6263988,0.2631005
7.643955,-0.09958035,-0.6058051,0.24634561
7.52682,-0.12970704,-0.499197,0.2669527
7.370216,-0.14859599,-0.1412251,0.27833498
7.2575026,-0.11968821,-0.08825624,0.25900334
6.965398,-0.19739205,0.5084512,0.29173908
7.0304346,-0.15407884,0.43585074,0.2600652
7.028358,-0.1794197,0.38295412,0.24640892
7.2480006,-0.13696426,-0.047588527,0.2696066
7.288659,-0.09792495,-0.15162337,0.20363893
7.6111383,-0.014985025,-0.7612788,0.23498702
7.6096725,-0.17251974,-0.72237694,0.2652253
7.599105,-0.26937282,-0.3629598,0.3842433
7.7189345,-0.18572044,-0.9691,0.37385154
7.629345,-0.2656253,-0.36147195,0.36748666
7.719985,-0.20090568,-0.49844253,0.3435077
7.793966,-0.2048803,-0.7002094,0.31668895
7.7360396,-0.13394344,-0.9073068,0.23879904
7.7079287,-0.23620623,-0.60337406,0.28282073
7.774017,-0.1488505,-0.83592826,0.29772738
7.5200443,-0.03000325,-0.7251551,0.21543324
7.4957047,-0.06398797,-0.4924956,0.22710586
7.4515934,-0.06488669,-0.43412703,0.22482137
7.39987,-0.11719477,-0.30463177,0.23622794
7.410736,0.016568184,-0.58759004,0.21388252
7.468339,-0.11348832,-0.42392325,0.27531487
7.5529513,-0.15328765,-0.7708116,0.35342
7.513289,-0.15113974,-0.4974053,0.295429
7.669686,-0.24660629,-0.50021017,0.3535592
7.8432837,-0.27905428,-0.92983425,0.40257335
7.968371,-0.50166297,-0.93196934,0.6575416
7.6524177,-0.3986125,-0.35044867,0.58215296
7.578546,-0.3440348,-0.2243815,0.4493022
7.360259,-0.26097286,0.010345578,0.3649318
7.384613,-0.22989261,0.04624164,0.32087165
7.2107277,-0.16545445,0.14785206,0.25044858
7.013992,-0.113189995,0.45889473,0.22459681
6.7883177,-0.105383754,0.62741375,0.27313626
7.0461073,-0.1074155,0.46837306,0.21567953
6.9210577,-0.122283936,0.344638,0.25119483
7.1361303,-0.17363667,0.20300007,0.29377833
7.0399084,-0.13519746,0.34197974,0.25442952
7.093812,-0.08903515,0.3034252,0.21206966
7.167046,-0.11223519,-0.09021509,0.21774362
7.004372,-0.14337325,0.6311332,0.21835159
7.0577145,-0.16344255,0.30261278,0.2621386
7.087797,-0.10912877,0.3569801,0.22988439
7.1459627,-0.11788392,-0.023005366,0.24618857
7.1162324,-0.14891386,0.24050021,0.2857418
7.0856156,-0.11405879,0.15785086,0.23116569
6.9766407,-0.064436674,0.27414715,0.27624017
7.0577517,-0.04606539,0.24743557,0.21038349
6.861855,-0.016988039,0.38116062,0.20560552
6.961565,-0.104224265,0.64793897,0.22663231
6.8009596,-0.07040185,0.4173069,0.22861437
7.073803,-0.056557536,0.083470345,0.20851915
7.3718104,-0.17886263,-0.16780996,0.35002533
7.213894,-0.18309563,0.026230335,0.2738286
7.085589,-0.11964244,0.21639359,0.22198182
7.2649164,-0.06826514,-0.14901,0.21900828
7.287845,-0.0548172,-0.2651419,0.20436548
7.5842867,-0.07500863,-0.5326739,0.2317682
7.5713677,-0.1029225,-0.7057065,0.26021641
7.337388,-0.059902668,-0.55869925,0.2024413
7.2855186,-0.16653067,0.07508874,0.28983036
7.467656,-0.19049764,-0.36453652,0.3606218
7.1962204,-0.08350009,0.018118143,0.20955424
7.1333485,-0.10161102,0.06322479,0.26439932
7.1005435,-0.13840097,0.29954588,0.24179783
6.95776,-0.13974458,0.34615302,0.2776817
6.959801,-0.09158695,0.44047558,0.23211834
7.0950375,-0.16577393,0.30679882,0.27768865
7.246107,-0.108132124,-0.050396085,0.21359995
7.023946,-0.057367325,0.13782263,0.23447233
7.0288467,-0.13721728,0.36583185,0.231579
7.153205,-0.124260664,-0.09013623,0.24342312
7.2747517,-0.20695198,0.0021326542,0.33699054
7.2851725,-0.12258732,-0.13047731,0.2690093
7.527116,-0.1352238,-0.28547502,0.3132659
7.768444,-0.28113604,-0.5423795,0.39062846
7.565246,-0.33975697,-0.19313878,0.45882845
7.624564,-0.33437848,-0.4720961,0.44597256
7.432354,-0.3219239,-0.061640263,0.5096254
7.728639,-0.3168133,-0.52838725,0.43036264
7.7216015,-0.14482737,-0.80797946,0.28757647
7.3685055,-0.13968337,-0.06421912,0.33010852
7.352315,-0.15346801,-0.19435656,0.27289122
7.387823,-0.18639731,-0.043005526,0.353468
7.271331,-0.08361137,-0.11601919,0.26241145
7.0762324,-0.07472205,0.14506602,0.2260841
6.7951236,-0.011742711,0.37115574,0.2015663
6.843404,-0.048292816,0.5217749,0.23592734
6.5972147,-0.066891134,0.85453546,0.21041542
6.7078023,0.0025590658,0.56774306,0.20214076
7.070197,-0.083755314,0.20022154,0.24105904
7.119116,-0.066025674,0.050384045,0.21706817
7.2365623,-0.06123656,-0.0054820776,0.23740104
7.34828,-0.15719438,-0.16341275,0.2862814
7.273145,-0.036896765,-0.27153218,0.24526902
7.427513,-0.084374785,-0.36436868,0.21977763
7.3465776,-0.11833662,-0.2734778,0.28011072
7.5326767,-0.03638953,-0.5345793,0.21684138
7.4165373,-0.085133314,-0.44608533,0.21091262
7.2451897,-0.19887823,-0.18597102,0.30246723
7.336312,-0.07171452,-0.3950522,0.21884844
7.379959,-0.09951961,-0.34571612,0.20382348
7.402685,-0.04045713,-0.5196589,0.22934824
7.2881384,-0.10039389,-0.0951255,0.24150094
7.2151995,-0.091726184,-0.103232384,0.24391632
7.1633425,-0.14465189,0.2105,0.24256274
7.1509237,-0.068115175,0.061632633,0.23484498
6.856996,-0.07126546,0.3432412,0.22330013
7.0381703,-0.13734645,0.47181058,0.26150396
6.8800926,-0.19013578,0.61248136,0.34743816
6.89977,-0.1973427,0.7070782,0.2957474
6.724161,-0.13533944,0.8547597,0.24904682
6.7083006,-0.05088353,0.5701995,0.21470521
6.767957,-0.05665022,0.6182164,0.25810483
6.8458996,-0.0918318,0.6336694,0.22932687
6.820753,-0.14888245,0.7637265,0.277762
6.6966953,-0.12682879,0.8628571,0.29158106
6.7580605,-0.052829027,0.5465789,0.23269115
6.9763446,-0.10912883,0.35556126,0.24494663
7.19773,-0.0696643,0.109000444,0.21073748
7.216093,-0.0968793,-0.016106844,0.21230169
7.3545675,-0.17409617,-0.06255597,0.2721948
7.432517,-0.21932441,-0.28006923,0.31494156
7.530319,-0.091433346,-0.45120603,0.2062446
7.5063963,-0.10466111,-0.503226,0.24092068
7.1845565,-0.049860656,-0.24197495,0.23828852
7.238337,-0.114326656,0.15449989,0.22751048
7.1494894,-0.18478149,0.33800292,0.32127053
7.101577,-0.20466834,0.16210711,0.31764793
7.436621,-0.26282543,0.083248496,0.3646051
7.6536455,-0.16923487,-0.7564947,0.29133353
7.6122255,-0.114171565,-0.81186163,0.28138277
7.400138,-0.095846474,-0.4581784,0.22573316
7.4001026,-0.09328371,-0.15943414,0.20215021
7.2073574,-0.08207643,-0.118560195,0.21475628
7.5423765,-0.23584473,-0.5473619,0.3301195
7.5090675,-0.26820236,-0.30873954,0.35310727
7.5906954,-0.17450559,-0.5857665,0.29064637
7.4854803,-0.16717649,-0.42166662,0.29304624
7.4905553,-0.13882232,-0.4555902,0.24040912
7.2685375,-0.107313156,0.020347714,0.24155697
6.988366,-0.09102684,0.39039266,0.2201679
7.095953,-0.056300342,0.11859703,0.20392554
7.4587984,-0.06548351,-0.24652791,0.21827391
7.445957,-0.08846849,-0.37459517,0.20915392
7.319047,-0.13576138,-0.16631615,0.26033336
7.4117174,-0.10658747,-0.3025686,0.26693332
7.459706,-0.1370914,-0.40130734,0.2528867
7.1751184,-0.13151765,0.21426582,0.24514684
7.189486,-0.09290767,0.04594505,0.23046955
7.1333513,-0.12261063,0.0057777166,0.30595544
7.368427,-0.0967778,-0.31676447,0.22903171
7.270325,-0.17505217,0.0095181465,0.28622448
7.2890477,-0.22173208,0.15631104,0.33321053
7.417686,-0.23601657,-0.073418856,0.35452175
7.3121796,-0.15809941,0.0014936924,0.2699393
7.370571,-0.2550915,0.098478794,0.33307934
7.2227316,-0.08081144,0.1220721,0.2219078
7.438126,-0.08876872,-0.35688102,0.23187174
7.432613,-0.050791025,-0.35065424,0.22361018
7.8376703,-0.06992459,-0.85064447,0.20738302
7.423725,0.07075572,-0.7247963,0.2030511
7.3353043,-0.02394849,-0.3342635,0.20504451
7.3096333,-0.054858863,-0.24132872,0.21361539
7.326999,-0.105590105,-0.16446167,0.2560128
7.3686433,-0.13021582,-0.2372632,0.21730168
7.384655,-0.06878179,-0.43151212,0.2241439
7.229952,-0.045998454,-0.032784164,0.22072056
7.1206226,-0.06906128,-0.040412545,0.2503183
7.3385067,-0.104180396,-0.07071781,0.22348604
7.483614,-0.16129941,-0.39225608,0.2532251
7.5095186,-0.14922857,-0.3300411,0.22407892
7.498258,-0.2519434,-0.15213239,0.33013242
7.9357567,-0.23658633,-0.89432776,0.34044182
7.575021,-0.30625564,-0.41713464,0.37889284
7.6907663,-0.30312413,-0.759019,0.42848188
7.610852,-0.2600146,-0.71365154,0.46478182
7.504955,-0.253079,-0.49027592,0.37394023
7.794247,-0.27608013,-0.80159473,0.38853544
7.701207,-0.2430489,-0.48761374,0.3292325
7.5237565,-0.2543853,-0.18902892,0.3111549
7.6747565,-0.36040437,-0.34774715,0.50815266
7.756201,-0.3394531,-0.88029224,0.4740407
7.872903,-0.36142546,-0.83056736,0.5223356
7.8932843,-0.37142414,-0.9392741,0.52005
7.852722,-0.38050044,-0.62106574,0.49706328
7.9041824,-0.38184047,-0.73092866,0.50931567
7.769882,-0.4300177,-0.61519706,0.57757914
7.988617,-0.5058704,-0.9113753,0.60783124
7.7760115,-0.48364532,-0.4356383,0.62620157
7.975565,-0.54929,-0.84897256,0.68254757
7.9070916,-0.44162083,-0.88399476,0.6115591
7.9851246,-0.47998053,-0.85584986,0.58003503
7.96059,-0.5355322,-0.92126215,0.755309
7.872205,-0.5490081,-0.64920974,0.714049
7.5235357,-0.4662758,0.039295197,0.58626336
7.9888906,-0.49076802,-0.9623282,0.66298807
7.9591823,-0.53478456,-0.7901037,0.6153988
7.812419,-0.47943127,-0.7782525,0.7372064
7.854797,-0.4845491,-0.62588716,0.48086524
7.774802,-0.4693908,-0.47993702,0.53978926
7.8459206,-0.49005443,-0.49211943,0.62269384
7.8663626,-0.5100788,-0.68380374,0.6433048
7.9331284,-0.53934544,-0.78273493,0.7600543
7.987917,-0.5408144,-0.37510455,0.61178964
7.9516726,-0.45915806,-0.86212957,0.5756027
7.8256536,-0.27311593,-0.9433961,0.4437945
7.7224727,-0.34255797,-0.58113354,0.3781088
7.6287556,-0.3086732,-0.45524526,0.4512632
7.696406,-0.22025287,-0.744853,0.35895997
7.6483765,-0.33483016,-0.5268359,0.46170425
7.8597674,-0.21840852,-0.96621054,0.3796154
7.4821467,-0.2325499,-0.48854595,0.3373922
7.586004,-0.16563398,-0.80595136,0.28918785
7.4884458,-0.09275174,-0.3870303,0.22296672
7.6798716,-0.0904575,-0.904027,0.2573869
7.513614,-0.19768614,-0.49866915,0.30231804
7.339676,-0.10782325,-0.32503664,0.29566428
7.3628798,-0.1948427,-0.1198287,0.31506568
7.2967954,-0.12579203,-0.1473946,0.32280254
7.2769527,-0.18498915,0.032043815,0.3183243
7.1816406,-0.23794508,0.18065572,0.33346227
7.134075,-0.21453941,0.31613302,0.31185895
7.2347264,-0.12949747,-0.14956796,0.25647077
7.678578,-0.16571987,-0.5042366,0.2890601
7.5267997,-0.13939154,-0.43534124,0.28512663
7.5323153,-0.096806705,-0.693894,0.2545396
7.578632,-0.23886722,-0.14400542,0.28651193
7.694801,-0.38219976,-0.43581003,0.45671386
7.8490467,-0.3765797,-0.71225405,0.4577617
7.717272,-0.4146369,-0.6142889,0.5295131
7.933609,-0.52262723,-0.7731459,0.5575894
7.93413,-0.5682984,-0.7347749,0.6974025
7.694326,-0.497472,-0.5607332,0.7223138
7.931772,-0.52987516,-0.80172896,0.5455918
7.965518,-0.64430106,-0.42705667,0.8293183
7.966997,-0.62750316,-0.6813934,0.65035844
7.9440165,-0.49178374,-0.82330126,0.653862
7.69721,-0.34810805,-0.31121773,0.50579214
7.4283648,-0.18786454,-0.14556605,0.29667947
7.2624817,-0.17637616,-0.037628293,0.3045457
7.3388014,-0.1810478,-0.123265624,0.2921961
7.364474,-0.103785515,-0.26236486,0.21880592
7.400586,-0.06858665,-0.4473024,0.21694711
7.408293,-0.036145627,-0.3381439,0.22088918
7.4296494,-0.16026264,-0.31344795,0.27839482
7.4443984,-0.115398645,-0.30961442,0.25611547
7.5207157,-0.17205864,-0.4681307,0.28299105
7.3030024,-0.13503772,-0.049728274,0.22568451
7.270074,-0.11601722,0.013389707,0.22765228
7.0934906,0.012684464,-0.16491342,0.2165695
7.2401414,-0.06052208,-0.2640159,0.21958724
7.256054,-0.14822054,0.1422913,0.2359833
7.3750887,-0.2141779,0.027454138,0.3334664
7.259782,-0.14847112,-0.05349779,0.28588796
7.2861423,-0.105237186,-0.07778734,0.25330874
7.1779213,-0.0538702,-0.26939982,0.24203143
7.4462547,-0.14344525,-0.63845134,0.23451255
7.4967356,-0.072465,-0.51149184,0.20762637
7.3656797,-0.05972612,-0.46959734,0.20052852
7.541853,-0.074050546,-0.6787442,0.20046939
7.3160706,0.015381098,-0.38033772,0.2005529
7.215663,-0.020431101,-0.2817906,0.21215977
7.3682466,-0.18191797,-0.3002684,0.3096855
7.173707,-0.14331955,0.1525886,0.2531878
6.896583,-0.10090035,0.38624465,0.24074078
7.0887866,-0.04224658,-0.012308121,0.23746583
7.2976623,-0.1020897,-0.13030696,0.2623433
7.171034,-0.099882066,-0.066114664,0.23674908
7.2455106,-0.06777817,-0.10758686,0.23023048
7.040382,-0.041311324,0.24463463,0.20790881
6.791908,-0.011972427,0.33303273,0.21830282
6.7951612,-0.018708527,0.42411256,0.2302271
6.901885,-0.06941986,0.4314946,0.23441707
7.104247,-0.070913136,0.16000557,0.2370142
7.0277395,-0.07611787,0.11571622,0.23101667
6.782505,-0.076933265,0.5706792,0.23990841
6.80267,-0.037919283,0.4372524,0.2162954
7.006084,-0.01364404,0.3565073,0.20341836
6.974843,-0.07415593,0.41526413,0.20699629
7.001117,-0.10469437,0.38531518,0.23700249
7.1904325,-0.12709045,0.16270518,0.24989894
6.923024,-0.07423091,0.37302792,0.23401941
7.0379677,-0.09338653,0.37292612,0.21121964
7.122183,-0.14776415,0.17457104,0.2717437
7.084077,-0.07320124,0.08168352,0.24999446
7.1391068,-0.17797941,0.19985878,0.3201558
6.975092,-0.099585116,0.31475854,0.21199146
7.3778877,-0.17458051,-0.06674737,0.30289352
7.25823,-0.10255289,-0.2370348,0.21562862
7.341232,-0.15713209,-0.22004187,0.27972752
7.4054155,-0.18519408,-0.15811163,0.3066338
7.2186503,-0.1441952,0.10623646,0.27954954
7.209096,-0.054211974,-0.1690054,0.21468778
7.4986105,-0.05531746,-0.6114266,0.21824136
7.462067,-0.051605344,-0.5386288,0.24711254
7.5807695,-0.12338841,-0.68480265,0.24094294
7.578557,-0.16258454,-0.49618864,0.2943542
7.6647334,-0.21124578,-0.5371961,0.3009876
7.7248545,-0.12079471,-0.7728604,0.23297285
7.532621,-0.02422297,-0.94194484,0.23396416
7.683238,-0.0961532,-0.98771375,0.24214724
7.691601,-0.13645506,-0.866742,0.2779782
7.443326,-0.088179946,-0.29071748,0.21253258
7.3969154,-0.11697608,-0.36785424,0.22368743
7.3041058,-0.080773234,-0.20291024,0.24212277
7.10729,-0.078024566,0.1442585,0.24214582
7.187006,-0.08814335,-0.08154708,0.28350595
7.321984,-0.08819753,-0.24832213,0.2531147
7.3358755,-0.035347044,-0.28294778,0.2613645
6.825139,-0.019605875,0.62494206,0.22787185
7.149318,-0.04062015,0.15834475,0.20261715
7.2944994,-0.11174536,0.048798323,0.31841886
7.340536,-0.06926137,-0.41986477,0.22619292
7.5333834,-0.18121749,-0.53553426,0.2764586
7.7046824,-0.15219557,-0.89783764,0.3035303
7.7238894,-0.17688262,-0.8777663,0.28643924
7.7262936,-0.10671806,-0.84952354,0.20595758
7.5947094,-0.1205188,-0.6997077,0.20492522
7.593381,-0.06520927,-0.8833053,0.25989148
7.7383842,-0.26185393,-0.45972776,0.32445163
7.741228,-0.22210288,-0.5458032,0.2683465
7.346039,-0.14336348,-0.38437378,0.28399393
7.441549,-0.1408053,-0.43583834,0.27956408
7.384735,-0.14425111,-0.21985567,0.2172279
7.2616973,-0.06710178,-0.12679702,0.21295197
7.680658,-0.21899563,-0.44602406,0.29391533
7.638369,-0.25370455,-0.6185491,0.3379395
7.690803,-0.32905215,-0.45463485,0.48337996
7.794139,-0.3385678,-0.8637266,0.48594016
7.8602347,-0.37377906,-0.7330754,0.48805296
7.6896105,-0.23133922,-0.7519412,0.3259567
7.773633,-0.20518112,-0.65267885,0.27678555
7.796283,-0.37688112,-0.9478448,0.49224263
7.8100634,-0.27098852,-0.9796128,0.40735126
7.804819,-0.3772577,-0.43706876,0.46243125
7.826968,-0.2865047,-0.91907084,0.41923302
7.885316,-0.412588,-0.76782525,0.5261533
7.9270926,-0.4326719,-0.8147574,0.5474545
7.8966165,-0.4661014,-0.5997075,0.50676453
7.8333616,-0.44962084,-0.8084861,0.5847263
7.7983236,-0.39531767,-0.9810809,0.55768883
7.8677216,-0.3405571,-0.67367464,0.37569356
7.6998816,-0.26002377,-0.29646105,0.3413944
7.868961,-0.45547563,-0.806772,0.51573515
7.7214513,-0.33369446,-0.8003899,0.47250462
7.689286,-0.37546974,-0.6316041,0.524056
7.8446817,-0.3816449,-0.7224621,0.5061485
7.99526,-0.4068225,-0.9379162,0.53244823
7.8355865,-0.31026495,-0.82713026,0.4223197
7.664383,-0.25455993,-0.6313412,0.33934155
7.7730303,-0.30505037,-0.74642926,0.40826863
7.896988,-0.3240518,-0.92583746,0.40882412
7.8553314,-0.35613763,-0.9717631,0.43678617
7.7820406,-0.2923956,-0.80770075,0.3788362
7.826081,-0.36651796,-0.80201954,0.40841627
7.912775,-0.34849453,-0.95844173,0.45132083
7.888146,-0.35222524,-0.8527547,0.4818473
7.792192,-0.32059944,-0.66890484,0.46250832
7.790725,-0.2790339,-0.93902105,0.3960659
7.8458033,-0.27772462,-0.61432254,0.35173687
7.696685,-0.21118581,-0.74468315,0.28215134
7.820316,-0.2672202,-0.9119514,0.3531317
7.5118184,-0.25586343,-0.6166723,0.36501527
7.632617,-0.24908268,-0.54098874,0.3595623
7.747937,-0.31064075,-0.88086563,0.39037597
7.6090126,-0.26114142,-0.5929707,0.410113
7.8098817,-0.28413266,-0.9708537,0.38852504
7.868594,-0.32860565,-0.871012,0.4457845
7.799689,-0.33346373,-0.65787053,0.42215407
7.8050647,-0.3204133,-0.84087884,0.47989672
7.742525,-0.3325727,-0.6589806,0.3998263
7.7379813,-0.15946317,-0.9934043,0.3553598
7.7875433,-0.2589739,-0.72496176,0.33956748
7.7599916,-0.25099176,-0.8251889,0.41310352
7.8557262,-0.3193782,-0.7898558,0.42050576
7.894738,-0.44968736,-0.76149076,0.5597561
7.8679605,-0.43174714,-0.9862634,0.58099705
7.6506195,-0.29708898,-0.7477018,0.42686945
7.7167826,-0.18108034,-0.9400182,0.29607353
7.527399,-0.17360854,-0.6209883,0.32463726
7.5092463,-0.11302179,-0.3629688,0.26152965
7.5963173,-0.1742754,-0.4882571,0.24024966
7.708455,-0.19657892,-0.8713434,0.3313855
7.691798,-0.06096095,-0.937518,0.25490928
7.6020246,-0.1047802,-0.5925818,0.2776346
7.4456706,-0.088638246,-0.5426302,0.3099841
7.5388327,-0.06202537,-0.63758934,0.20882563
7.6272063,-0.12512243,-0.65809906,0.230449
7.5431643,-0.12660801,-0.6082835,0.2653082
7.633219,-0.06571257,-0.77723515,0.21497868
7.5758934,-0.050771475,-0.75451124,0.20712996
7.1863194,0.03981948,-0.10714829,0.20874824
7.16948,-0.08497268,-0.048244417,0.200368
7.373834,-0.03408134,-0.3120154,0.21010152
7.308024,-0.14079046,-0.24037945,0.27963424
7.503042,-0.20143467,-0.4035331,0.2993393
7.638295,-0.17949295,-0.5636338,0.29722163
7.5128794,-0.1145035,-0.7026304,0.27932978
7.576119,-0.12340385,-0.6305838,0.2841432
7.5078955,-0.204759,-0.5941676,0.3470087
7.424529,-0.16207433,-0.27673566,0.31910288
7.5569186,-0.21061337,-0.54780185,0.35438895
7.7804575,-0.11536336,-0.9633585,0.24773479
7.57961,-0.06911802,-0.75241256,0.24466717
7.5147266,-0.13860685,-0.55596906,0.28707078
7.2498517,-0.12373012,-0.1325103,0.2157651
7.3469133,-0.055470467,-0.31675255,0.21030295
7.374055,-0.069625854,-0.43858618,0.2501535
7.51515,-0.018407464,-0.7738612,0.21061364
7.5773983,-0.12789589,-0.6779635,0.23192278
7.5683584,-0.07360268,-0.73079085,0.24075906
7.5223966,-0.06849736,-0.5237106,0.22722651
7.4874086,-0.06227088,-0.5024298,0.23490727
7.2756796,-0.042889178,-0.28535515,0.24153018
7.4079504,-0.10547966,-0.18772566,0.2354058
7.643091,-0.15377223,-0.7115232,0.22833455
7.6570854,-0.1101082,-0.8552222,0.2641761
7.600992,-0.1208753,-0.531638,0.24923502
7.5616064,-0.1299507,-0.699684,0.257648
7.72124,-0.18154734,-0.7989751,0.2921887
7.600838,-0.10242128,-0.5409389,0.23041376
7.5682755,-0.12595588,-0.35006887,0.2519318
7.581462,-0.060174406,-0.551947,0.21610472
7.597543,-0.099772215,-0.5703528,0.22288947
7.6961303,-0.09232849,-0.7717053,0.21432677
7.6584334,-0.17538142,-0.72533953,0.31441242
7.600467,-0.20393252,-0.45103598,0.3300002
7.745703,-0.29535145,-0.7237581,0.412897
7.661131,-0.40102214,-0.44129694,0.50544083
7.8695393,-0.4273994,-0.9955441,0.51563746
7.7720447,-0.27282697,-0.91605407,0.41691124
7.476282,-0.21457559,-0.14281976,0.31967738
7.2938633,-0.07240552,-0.06826556,0.20144807
7.369768,-0.0873397,-0.15311235,0.23069154
7.5106745,-0.053453624,-0.65619224,0.22571439
7.425062,-0.106870055,-0.3257351,0.2344613
7.458864,-0.12686163,-0.2432574,0.23314935
7.2712727,-0.0004042387,-0.32449824,0.21795067
7.262033,-0.0003066659,-0.27109587,0.21098754
7.392861,-0.08600247,-0.30132133,0.2098329
7.163681,0.022057772,-0.23850173,0.22533652
7.188952,-0.039356887,-0.05308205,0.24693808
7.1733727,-0.09989756,0.10289788,0.22290263
7.2579117,-0.17592144,0.11185384,0.24820013
7.4634447,-0.10404229,-0.5825603,0.24813189
7.5804505,-0.1443789,-0.5809178,0.2666707
7.318856,-0.20163792,-0.036649764,0.32096928
7.386284,-0.23506021,-0.25752914,0.38351244
7.5767674,-0.2351172,-0.14364415,0.38334984
7.96329,-0.34647936,-0.84777963,0.39131534
7.7756763,-0.26703334,-0.63449585,0.389112
7.654486,-0.2132585,-0.64684796,0.28538716
7.6200323,-0.20005453,-0.5647667,0.29695138
7.5546083,-0.08581066,-0.5445654,0.22748417
7.6341114,-0.16227967,-0.8629935,0.29712728
7.751099,-0.17473292,-0.67220974,0.29691565
7.576152,-0.26217353,-0.12920141,0.36762905
7.617777,-0.31600958,-0.3666988,0.4374073
7.7481623,-0.32652462,-0.52740955,0.39663982
7.5479436,-0.24925601,-0.29452527,0.351802
7.399461,-0.267487,-0.16240066,0.3996246
7.4147263,-0.2734946,-0.18105471,0.40897626
7.4259024,-0.17049348,-0.18969464,0.2806912
7.440583,-0.14165318,-0.23448384,0.27838916
7.3818817,-0.1393795,-0.41505343,0.30281037
7.350531,-0.13357586,-0.39702654,0.24750796
7.6892824,-0.10329735,-0.86769885,0.2592656
7.533466,-0.12352127,-0.5216202,0.2580124
7.5830894,-0.18599254,-0.5351273,0.2977749
7.7707844,-0.26404893,-0.69435275,0.39148462
7.8218346,-0.2363038,-0.9904099,0.35322207
7.865635,-0.15735263,-0.98629373,0.29023123
7.7377386,-0.1232419,-0.9037104,0.2320098
7.454929,-0.026694953,-0.5220464,0.21145585
7.41829,-0.083523095,-0.405985,0.24931125
7.37539,-0.104632854,-0.4510606,0.26804042
7.477806,-0.11471772,-0.5728984,0.28020084
7.75802,-0.19400263,-0.74550295,0.2775749
7.7316008,-0.2560643,-0.604581,0.34350023
7.559538,-0.18755025,-0.56651384,0.26434535
7.713894,-0.2722969,-0.86245763,0.37834924
7.8613434,-0.31030327,-0.95259887,0.40911072
7.58772,-0.09041846,-0.64777505,0.2516348
7.6304073,-0.14532286,-0.60076195,0.22632112
7.532003,-0.23554015,-0.430582,0.37285233
7.5940046,-0.2810958,-0.5710279,0.41385296
7.7051234,-0.315342,-0.8356233,0.46142673
7.7958755,-0.32160473,-0.9476758,0.4566568
7.6300373,-0.2894389,-0.90249467,0.49061245
7.855678,-0.4623711,-0.8099242,0.57897735
7.9635496,-0.51099885,-0.92724234,0.61520594
7.8258543,-0.4238084,-0.88921744,0.5580736
7.5387144,-0.3920471,-0.25953603,0.5103228
7.635853,-0.4156614,-0.5139465,0.5628687
7.560596,-0.47991025,0.09807658,0.6034176
7.7510867,-0.47715783,-0.40085983,0.58998543
7.9367313,-0.47554922,-0.76046836,0.5554577
7.995061,-0.4787817,-0.9008145,0.6321736
7.960334,-0.45668286,-0.9490757,0.5722044
7.9294643,-0.4559545,-0.8122836,0.5110058
7.8103676,-0.534093,-0.45524943,0.59384835
7.875723,-0.4523754,-0.7516044,0.50076884
7.6438417,-0.40146065,-0.3867883,0.52208656
7.8861227,-0.31169486,-0.8662533,0.47073305
7.709319,-0.29608357,-0.571114,0.3970822
7.5834723,-0.24805582,-0.54467756,0.335061
7.5081854,-0.12636828,-0.5072711,0.30797324
7.51498,-0.29497474,-0.2979102,0.44460332
7.7111373,-0.35037237,-0.68657136,0.43602836
7.839819,-0.3633775,-0.91227514,0.485807
7.699622,-0.36397547,-0.3942598,0.41835928
7.556716,-0.44366962,-0.12487888,0.516151
7.751775,-0.37626255,-0.59228075,0.5015183
7.861945,-0.3802517,-0.72856927,0.45924824
7.988837,-0.29268062,-0.9769809,0.39803892
7.9736586,-0.29347545,-0.93875206,0.3808322
7.9025517,-0.3135605,-0.9495796,0.42043653
7.7156897,-0.23931491,-0.9572743,0.36106205
7.688925,-0.23628086,-0.6792229,0.33023936
7.618649,-0.16921645,-0.70596755,0.30549252
7.706704,-0.14111918,-0.86585253,0.28635377
7.587287,-0.1275776,-0.5708292,0.2527657
7.5655046,-0.08527088,-0.68603534,0.22977595
7.4192686,-0.13635182,-0.35912764,0.24878676
7.2141266,-0.19121099,0.04472637,0.34334207
7.338685,-0.2502162,-0.038703978,0.42571414
7.220311,-0.18743104,0.045585394,0.30950278
7.330323,-0.23150146,-0.077857494,0.2923758
7.3929577,-0.2945273,-0.10000789,0.4877237
7.5572543,-0.2911799,-0.2497896,0.42574865
7.7784476,-0.3292777,-0.55996525,0.43220365
7.833724,-0.33734936,-0.85743606,0.43971324
7.833946,-0.4248119,-0.6391301,0.51639825
7.9095945,-0.41339266,-0.6845828,0.47092122
7.871007,-0.3544773,-0.7533929,0.46807128
7.6978593,-0.31043297,-0.5626962,0.41144955
7.7426643,-0.34102732,-0.6486221,0.4391501
7.944957,-0.3434,-0.9414324,0.48152035
7.840332,-0.40360862,-0.5740532,0.44628397
7.9516573,-0.50006485,-0.8217516,0.6578904
7.843644,-0.42151165,-0.92974246,0.56442016
7.9046416,-0.42721367,-0.7218653,0.5023605
7.775592,-0.4377265,-0.9133027,0.52744347
7.8649282,-0.42780447,-0.79399467,0.51017654
7.870101,-0.44768155,-0.7268643,0.5890719
7.8366385,-0.38074702,-0.95108384,0.5530946
7.9007406,-0.52130854,-0.66928935,0.6087061
7.8964014,-0.4090311,-0.79783016,0.57702786
7.9688396,-0.43616396,-0.92200017,0.5379705
7.7806787,-0.38366663,-0.9932931,0.5362367
7.6732063,-0.37031353,-0.40492862,0.44935495
7.6840806,-0.34200376,-0.477773,0.40751326
7.795339,-0.31082785,-0.8069346,0.42660385
7.731135,-0.24315959,-0.7383127,0.35098374
7.658271,-0.2257567,-0.46107513,0.32185498
7.8021364,-0.30973095,-0.7920626,0.36582476
7.7274437,-0.36874443,-0.5223212,0.4614643
7.9587173,-0.4194802,-0.9402464,0.50519
7.925315,-0.382935,-0.9656206,0.52454364
7.0776224,-0.13641107,0.31000924,0.22736762
6.9047055,-0.047569215,0.39854836,0.21425104
7.178943,-0.020394802,0.07217324,0.21401587
7.001274,-0.08547628,0.5002215,0.22061175
7.125804,-0.15202773,0.21165347,0.25465035
7.185234,-0.16701698,0.39507616,0.27157095
7.1627636,-0.1010586,0.09717572,0.22255944
7.283885,-0.046136975,-0.26454717,0.23750481
7.423828,-0.106683314,-0.30748582,0.22175635
7.2984395,-0.016971827,-0.34476268,0.22312663
7.4066133,-0.042583406,-0.3530389,0.21584253
7.346381,-0.02048856,-0.6207131,0.22498026
7.4666634,-0.07742071,-0.38306308,0.20278566
7.4371977,-0.108771384,-0.4106264,0.25783667
7.41903,-0.10079181,-0.20683157,0.23532191
7.547687,-0.12888426,-0.51160336,0.22529505
7.731641,-0.11007762,-0.80683786,0.22373268
7.678429,-0.052949607,-0.90745044,0.22928165
7.57219,-0.09342444,-0.8130669,0.29316446
7.693059,-0.09280932,-0.8738107,0.2221462
7.5479517,-0.049861073,-0.5380069,0.22579156
7.218049,-0.0031888485,-0.22211862,0.21733913
7.2169,0.00526464,-0.29192948,0.22084628
7.133104,-0.023212433,-0.044662118,0.2358339
7.3199635,-0.13336426,0.0016272068,0.23322289
7.47116,-0.29103547,-0.14299595,0.3655364
7.4323635,-0.23728931,-0.16168755,0.36821672
7.3661814,-0.20434028,-0.06597185,0.29979393
7.469253,-0.22663915,-0.36909455,0.35919547
7.5487328,-0.16858786,-0.3086123,0.27919418
7.2892976,-0.29609972,0.19358182,0.38155353
7.13102,-0.23114777,0.3937676,0.35172403
7.0502725,-0.089577734,0.22368157,0.23951992
7.0926013,-0.12214643,0.20364404,0.23319939
7.1002483,-0.066513,0.15892231,0.22682561
7.2303476,-0.18088597,0.17525327,0.24848154
7.076318,-0.18579257,0.36106634,0.29514325
7.11633,-0.13168973,0.3689711,0.27916786
7.048932,-0.10116953,0.28027534,0.20896043
7.231013,-0.113976,0.2332573,0.21818706
7.3270044,-0.111106396,-0.06843996,0.23248594
7.1301455,-0.27189237,0.40845037,0.42051482
7.2980747,-0.30951673,0.25732303,0.40253603
7.7771683,-0.28039753,-0.8497261,0.4035213
7.785718,-0.30032814,-0.87826943,0.42046046
7.686996,-0.21707505,-0.45967877,0.35234013
7.7297177,-0.30454326,-0.64871144,0.3700397
7.791913,-0.42995262,-0.82992417,0.55724853
7.7833858,-0.44273764,-0.5093638,0.5519019
7.6273074,-0.3868307,-0.23171681,0.47365952
7.6265793,-0.34631288,-0.32296264,0.45582056
7.5502725,-0.14116263,-0.51818097,0.28644285
7.6966324,-0.17489135,-0.92436546,0.34060305
7.7169,-0.17919785,-0.7015028,0.27435997
7.6007175,-0.26311553,-0.6267229,0.3804094
7.904021,-0.3257863,-0.9401125,0.3646015
7.8637543,-0.30352354,-0.7576517,0.3480273
7.856072,-0.34658635,-0.9938533,0.4164837
7.969135,-0.25710344,-0.9874581,0.3797862
7.745331,-0.14314121,-0.86061287,0.24885944
7.766813,-0.27912736,-0.96312314,0.4334917
7.886008,-0.28455734,-0.9519624,0.4096449
7.8329797,-0.39245832,-0.765714,0.50205106
7.9662232,-0.47280455,-0.78661495,0.594556
7.988181,-0.4516247,-0.9703687,0.6036653
7.7329016,-0.3556159,-0.3488708,0.4558903
7.7230253,-0.4409111,-0.55728096,0.6099087
7.9300776,-0.46755677,-0.720647,0.5335818
7.694817,-0.40961242,-0.5617863,0.5238598
7.6597366,-0.44836032,-0.16528213,0.5606413
7.8555036,-0.49920744,-0.55463696,0.5787876
7.899712,-0.37933892,-0.92195916,0.47393388
7.959282,-0.47777885,-0.8446952,0.5953449
7.966651,-0.43607408,-0.78568137,0.55720204
7.8780603,-0.43122554,-0.44562805,0.481453
7.7155294,-0.43753254,-0.25045252,0.53331083
7.858858,-0.43476707,-0.8763688,0.52816355
7.8573756,-0.43329442,-0.5789302,0.5294998
7.758073,-0.3313141,-0.5954928,0.4774881
7.842041,-0.34300655,-0.9371937,0.4537208
7.835825,-0.35969973,-0.67613655,0.42758518
7.688075,-0.26463264,-0.66975474,0.37160724
7.742528,-0.34581655,-0.5313051,0.44340566
7.7813106,-0.38375622,-0.80088645,0.47018236
7.8371387,-0.29419577,-0.77208865,0.37026885
7.840672,-0.27935672,-0.87056375,0.4093727
7.9002357,-0.37112457,-0.9339429,0.46717495
7.762298,-0.3862455,-0.6700302,0.5018757
7.9270067,-0.40954334,-0.9770297,0.48633373
7.7482224,-0.2917791,-0.77697504,0.42580798
7.813492,-0.2672572,-0.92984474,0.4116503
7.8253365,-0.31382304,-0.9419739,0.49222398
7.7897463,-0.3223781,-0.73805875,0.38153094
7.7271166,-0.20130384,-0.56585515,0.29932243
7.371875,-0.27023864,-0.23383546,0.3707369
7.3606043,-0.18003637,-0.124311864,0.30983877
7.3172245,-0.1969819,0.026756287,0.29438683
7.4192734,-0.25372547,-0.1248976,0.37781733
7.715685,-0.27830607,-0.52926517,0.46349108
7.82009,-0.27505893,-0.9623366,0.4112438
7.740453,-0.24302769,-0.80148643,0.32705623
7.696809,-0.270266,-0.48274708,0.3730086
7.7768583,-0.2748965,-0.6680217,0.38637626
7.7600746,-0.31630957,-0.6476275,0.429969
7.656497,-0.24495167,-0.55022484,0.3546818
7.4147434,-0.17977881,-0.1884427,0.35284942
7.31427,-0.21307248,0.07518268,0.28560632
7.40425,-0.11968386,-0.4895398,0.30121863
7.284837,-0.25338888,0.041729093,0.3449353
7.4992094,-0.23412311,-0.18785012,0.31171602
7.619339,-0.23903626,-0.61680424,0.4024399
7.499645,-0.26636398,-0.19192785,0.3096069
7.4945297,-0.30152673,-0.18701047,0.36806732
7.3829684,-0.23948932,0.06956768,0.38704973
7.3445406,-0.199426,-0.05137539,0.30741155
7.262927,-0.14280689,0.0407027,0.26576346
7.17043,-0.08877653,0.13744009,0.2090323
7.0194902,-0.097055435,0.0773294,0.25157058
7.142185,-0.039790273,0.10986233,0.21458174
7.142272,-0.050828934,-0.099552214,0.22175266
7.11762,-0.08506459,-0.027992308,0.25387332
7.1897187,-0.117747605,0.10875046,0.22677481
7.1816535,-0.06407452,-0.08222091,0.20753509
7.005909,-0.13206708,0.17643893,0.27047038
6.981061,-0.060180783,0.22793317,0.2068685
6.958817,-0.050553024,0.38505733,0.22701262
7.112683,-0.11820924,0.34661245,0.2370249
7.292779,-0.15609694,-0.09603155,0.2881596
7.4101677,-0.17237616,-0.3192501,0.3297982
7.4796176,-0.12967503,-0.58961874,0.2790361
7.1869845,-0.084864676,0.05376506,0.24921839
7.2205863,-0.096396625,-0.18891025,0.23998472
7.2389827,-0.17212558,-0.09968883,0.28698236
7.422761,-0.12597299,-0.3749882,0.28616056
7.4853935,-0.2067517,-0.45443714,0.35938403
7.4137506,-0.24256569,-0.18926823,0.31343627
7.302236,-0.1580314,-0.087465405,0.29667065
7.349947,-0.08062494,-0.27272952,0.21153067
7.3260226,-0.13997662,-0.05316782,0.2714839
7.2271824,-0.033454657,-0.109603405,0.23418719
7.3131475,-0.08705205,-0.15234631,0.2759445
7.3565884,-0.034021497,-0.4622016,0.2557509
7.256359,-0.050469816,-0.30002546,0.2474581
7.270862,-0.26268286,0.13630176,0.3492736
7.2667637,-0.15867484,-0.039150476,0.2591825
7.3247967,-0.14560586,-0.021894336,0.27923673
7.258057,-0.11338431,0.15675545,0.2565855
7.5175686,-0.1258074,-0.55528206,0.26674557
7.585143,-0.10889208,-0.7244061,0.307392
7.4837604,-0.07362527,-0.42224348,0.2233266
7.559021,-0.092395246,-0.80313027,0.24088088
7.7573156,-0.10853428,-0.92303705,0.25501475
7.7776675,-0.065901875,-0.98691034,0.21807083
7.778215,-0.032339334,-0.920856,0.20208035
7.7850943,-0.07238668,-0.9243766,0.22355378
7.835312,-0.16439193,-0.88027114,0.26488364
7.643059,-0.16052979,-0.74349064,0.2992028
7.7986803,-0.2803918,-0.67813,0.36486942
7.561034,-0.174514,-0.5938669,0.34301305
7.2629704,-0.1137352,-0.046655774,0.27184457
7.3143578,-0.12435478,-0.16814733,0.25157642
7.395398,-0.17102408,-0.2821374,0.323341
7.415378,-0.1434601,-0.48370558,0.33416772
7.195351,-0.11017591,0.107765436,0.26806736
7.501355,-0.12493634,-0.53580785,0.23543555
7.7607102,-0.1498971,-0.8698638,0.21904212
7.6863365,-0.14350486,-0.95281994,0.32268524
7.75049,-0.081689775,-0.96644443,0.23357245
7.614391,-0.086087406,-0.88749045,0.22639264
7.5958557,-0.15710795,-0.72092485,0.30871198
7.626408,-0.061451554,-0.9013858,0.21061113
7.4719844,-0.13672489,-0.41147423,0.25626782
7.525816,-0.14445978,-0.5347228,0.3000406
7.7147846,-0.15027964,-0.8310637,0.28995898
7.6523366,-0.15951973,-0.5067976,0.31369305
7.5127454,-0.041535556,-0.7468812,0.24344428
7.5848618,-0.06981099,-0.778569,0.24303529
7.5753098,-0.058670998,-0.8590033,0.23778154
7.714055,-0.12970936,-0.9798367,0.273793
7.664006,-0.09802717,-0.96662676,0.24180767
7.783349,-0.13774484,-0.9852718,0.31936076
7.1946907,-0.06773156,-0.04414487,0.21761389
7.140377,-0.07106441,0.069406986,0.2493653
7.2343698,-0.08591211,-0.040355563,0.23022465
7.262537,-0.20576078,0.057985306,0.34577292
7.465869,-0.14742696,-0.33779258,0.31765094
7.412738,-0.12351471,-0.5616818,0.31432042
7.6825924,-0.24488682,-0.4582935,0.36893642
7.625564,-0.29063767,-0.3812341,0.38445005
7.71455,-0.29034048,-0.648716,0.42333466
7.882076,-0.47166562,-0.6308128,0.49566078
7.7294297,-0.37458032,-0.5803477,0.46337414
7.8815136,-0.37489998,-0.8039653,0.45486277
7.548954,-0.33998126,-0.4033953,0.45345157
7.279722,-0.17957819,-0.13301545,0.34591216
7.336906,-0.19312465,-0.026790619,0.31471708
7.2624464,-0.17068565,0.045621037,0.25697422
7.2777886,-0.18474698,-0.061529756,0.29304
7.215867,-0.15971684,0.055152297,0.25762713
7.2015214,-0.089986384,0.17148042,0.21528469
7.2778974,-0.113187134,-0.060791433,0.23748612
7.213421,-0.11395681,-0.11463201,0.27484053
7.0350943,-0.056391656,0.21677494,0.20466922
7.2993193,-0.1630789,-0.23951274,0.3131432
7.3455167,-0.060161352,-0.36264247,0.211438
7.0386863,-0.024521291,0.047748804,0.20859553
6.785685,-0.11397588,0.64495134,0.28754127
6.8581266,-0.06675547,0.4212681,0.23358496
6.9801865,-0.0215016,0.24471188,0.21878535
7.1635447,-0.088578165,0.029998064,0.21707784
7.419898,-0.12514484,-0.14912462,0.2175837
7.3127537,-0.3292442,0.13279533,0.36694002
7.4771347,-0.3105057,-0.23258054,0.3868009
7.3600454,-0.32529002,0.25714505,0.34246916
7.270047,-0.18240696,-0.106464624,0.3154883
7.366268,-0.21894777,0.055526257,0.30785218
7.670555,-0.3034833,-0.76661587,0.43480092
7.8247414,-0.2574904,-0.7676883,0.3850646
7.8761597,-0.19113153,-0.64661497,0.2578367
7.803893,-0.2624086,-0.6123781,0.32387245
7.5853267,0.06943548,-0.9881567,0.20219155
7.415017,-0.05507344,-0.3134271,0.23349528
7.3509226,-0.17043364,-0.16614431,0.26317066
7.164971,-0.13714206,0.026574016,0.24210863
7.5455904,-0.18855625,-0.3011964,0.23082645
7.286702,-0.11358577,-0.19252849,0.24332662
7.2568865,-0.13332027,-0.20092297,0.25440732
7.229881,-0.09123063,-0.07664919,0.27384073
7.210703,-0.10054302,-0.23238933,0.20377257
7.2929106,-0.046645224,-0.110528946,0.24930552
7.2106733,-0.038467646,-0.11286509,0.20927393
7.288564,-0.041353583,-0.2483862,0.23418935
7.3757596,-0.12671196,-0.33386743,0.23638219
7.2132616,-0.077756345,-0.045196295,0.20422032
7.3601427,-0.17071104,-0.08688164,0.23647898
7.4379783,-0.14145309,-0.3308946,0.21824646
7.5902796,-0.15093654,-0.6701042,0.27071705
7.56382,-0.23916805,-0.39810717,0.3624828
7.6591587,-0.22233593,-0.5866486,0.3459174
7.6383324,-0.11367071,-0.750011,0.26666024
7.6713924,-0.1179229,-0.77863896,0.22119224
7.4387875,-0.13854736,-0.5963326,0.27466494
7.6521897,-0.075264156,-0.7225166,0.24335839
7.6207943,-0.14995891,-0.7661732,0.2933911
7.667028,-0.1684801,-0.7119561,0.2864972
7.758218,-0.07269299,-0.9092355,0.20067808
7.466557,-0.18293238,-0.4065429,0.360429
7.246522,-0.29410887,0.44032776,0.37282205
7.3855543,-0.2637478,0.16896343,0.29698902
7.335281,-0.40075463,0.46394503,0.508405
7.4787245,-0.23179138,-0.2222048,0.3382417
7.6139264,-0.082057476,-0.81614673,0.23950906
7.4701066,-0.15816867,-0.37680948,0.26608023
7.4325686,-0.08602327,-0.515578,0.2072255
7.3552847,-0.0719012,-0.3874045,0.23846689
7.264786,-0.103902996,-0.07963914,0.26038927
7.3751597,-0.08343685,-0.30225027,0.2591002
7.359303,-0.12970513,-0.2978242,0.27649903
7.653181,-0.11922437,-0.7430838,0.25043267
7.6520987,-0.07237196,-0.85854334,0.20408562
7.5021257,0.009032965,-0.5899441,0.207685
7.570784,-0.12025893,-0.6610616,0.24523413
7.6049943,-0.13863432,-0.582006,0.2751187
7.5712504,-0.14954346,-0.49225593,0.29526418
7.305278,-0.07392675,0.00431633,0.22915807
7.0741634,-0.030683637,0.037699103,0.22723325
7.094752,0.00075387955,-0.04770547,0.20317957
7.248866,-0.2045849,0.15302587,0.2811317
7.307569,-0.18407303,-0.0011110306,0.3353294
7.293193,-0.13902193,-0.32691014,0.30777633
7.274703,-0.09886676,-0.31919193,0.30076313
7.2682047,-0.17942572,0.043385267,0.30848426
7.448081,-0.25194883,-0.35788667,0.3694657
7.465602,-0.36634755,0.366053,0.43620336
7.554696,-0.48321635,0.22237384,0.55120665
7.5520816,-0.37986243,-0.3666584,0.5041761
7.8555784,-0.48178232,-0.37795043,0.7034563
7.9441776,-0.5729027,-0.6525599,0.690819
7.994726,-0.4841777,-0.89230937,0.5521617
7.9127584,-0.4643398,-0.86223185,0.56427
7.886043,-0.4464394,-0.9957022,0.5754135
7.9927597,-0.50503653,-0.4533795,0.52510756
7.8213634,-0.5061052,-0.47624588,0.6010305
7.850524,-0.43405086,-0.72071403,0.54530656
7.754037,-0.44189817,-0.392052,0.57744235
7.9125686,-0.49688494,-0.7170502,0.64126146
7.9189157,-0.38884664,-0.59882796,0.432513
7.6398544,-0.3468334,-0.44092917,0.46334875
7.784587,-0.41426307,-0.5353149,0.47208345
7.797597,-0.41383857,-0.63345045,0.5574887
7.613278,-0.4991488,-0.16686386,0.6120893
7.565255,-0.37631774,-0.09862167,0.48239428
7.4154334,-0.2683413,-0.055860996,0.37336946
7.2413487,-0.2019698,0.22132158,0.34200388
7.2134485,-0.13221198,0.13254642,0.23599419
7.192686,-0.19267464,0.26580918,0.27712128
7.1092157,-0.07413536,0.1304506,0.25308532
7.2623014,-0.094199,-0.1655854,0.24073613
7.1371164,-0.10748482,0.025957584,0.2129241
7.4767118,-0.1634506,-0.5493046,0.28114074
7.484022,-0.15042353,-0.52655095,0.27570996
7.420961,-0.1316039,-0.37734103,0.28700906
7.483741,-0.10705507,-0.4160092,0.24274243
7.361638,-0.09212047,-0.3348552,0.22498174
7.229783,-0.117655694,0.1343751,0.24180086
7.2722964,-0.13580942,-0.09750551,0.25263733
7.180688,-0.09556103,-0.047816277,0.23228118
7.191222,-0.116671205,-0.22860491,0.28787076
7.232374,-0.18545109,0.112118125,0.30856997
7.137952,-0.17617649,0.21014214,0.2727162
7.122956,-0.1434763,0.13549018,0.27096432
7.006086,-0.097588,0.3151636,0.25205544
7.1476903,-0.1469416,0.37396526,0.2649727
7.2441883,-0.08594108,-0.0819819,0.2528084
7.074974,-0.1444785,0.1799171,0.2834038
7.2252903,-0.070456386,-0.044964433,0.22636785
7.2335835,-0.09931332,-0.17029995,0.23138389
7.2196965,-0.113530934,0.014528394,0.25342584
7.2047305,-0.06261021,0.0071371794,0.20989774
7.1415224,-0.05513537,-0.067952216,0.22356461
7.243757,-0.2576177,0.40667713,0.3218041
7.2651434,-0.14121735,0.28303325,0.23943928
7.0663214,-0.10767907,0.30661297,0.22059412
7.1880717,-0.022705615,-0.096548915,0.21145797
7.144126,-0.10065341,0.12870133,0.24309656
7.492475,-0.20498323,-0.33992028,0.27688068
7.6262035,-0.20377046,-0.43927628,0.36656815
7.5267115,-0.091112375,-0.688079,0.21832791
7.6006393,-0.07854587,-0.5714085,0.2373603
7.592281,-0.0546484,-0.82650936,0.2134829
7.604908,-0.074917436,-0.8515561,0.21151726
7.3500543,-0.106802344,-0.33926952,0.23223883
7.4451942,-0.20463198,-0.2672987,0.28943777
7.4612684,-0.116900206,-0.28368586,0.2581857
7.2983217,-0.20059985,0.011254072,0.26911098
7.417238,-0.15624464,-0.0317719,0.26145083
7.3245554,-0.19313914,-0.02834171,0.257654
7.342515,-0.19563437,-0.008090317,0.33561122
7.2636476,-0.213449,0.14936817,0.2796178
7.414356,-0.1546138,-0.112237334,0.2642393
7.3580713,-0.15640509,-0.19866669,0.270291
7.2819214,-0.0954119,-0.2598027,0.25683802
7.127019,-0.11063784,0.18552756,0.21379529
6.8767195,-0.07361001,0.38285875,0.21217468
6.9207954,-0.1037429,0.5013006,0.2331408
6.864396,-0.18721354,0.6531203,0.26590532
6.904664,-0.17019379,0.62918305,0.26924908
7.084577,-0.21078509,0.5669075,0.30122238
6.9859443,-0.1630497,0.58624077,0.253885
7.078202,-0.12455797,0.37825656,0.22737333
7.105045,-0.12495357,0.27084863,0.2592125
7.0734243,-0.18986356,0.39434898,0.31004083
7.142048,-0.12165129,0.21162844,0.2402731
7.299858,-0.054391623,-0.15297538,0.20866679
7.320878,-0.16704512,-0.06846118,0.24410874
7.2499657,-0.18619257,0.026747584,0.32917917
7.317506,-0.15014929,-0.11685586,0.29406175
7.3624897,-0.20008075,-0.12922633,0.31107062
7.419524,-0.22871166,-0.2990793,0.39513946
7.4578295,-0.27756464,-0.10403228,0.32475686
7.404435,-0.2195273,-0.11795473,0.33016303
7.4604273,-0.2553268,-0.17109072,0.32201508
7.4784875,-0.31595254,-0.035001814,0.376165
7.3166456,-0.28407192,0.07265079,0.3945015
7.315613,-0.24109656,-0.07104671,0.3219785
7.1766663,-0.16047913,-0.05106008,0.35747588
7.1285048,-0.11305857,0.2880534,0.21235983
7.232882,-0.09389371,0.10516429,0.2845059
7.440616,-0.25278562,-0.01183933,0.31343135
7.4725437,-0.07384902,-0.57033646,0.31320548
7.2640915,-0.16477579,-0.0037805438,0.26802024
7.020434,-0.07343447,0.18358386,0.21494476
6.590271,-0.011364639,0.7533076,0.20638452
6.7045,-0.08741701,0.60209703,0.21959244
6.7897267,-0.019798994,0.44790745,0.20645215
6.9270477,-0.063849986,0.43453336,0.20037238
6.689383,-0.029599011,0.5276327,0.21177946
6.732174,-0.09808886,0.7546871,0.23196192
6.591213,-0.046551466,0.6014602,0.21643874
6.7276897,-0.09283352,0.61640525,0.23771875
7.03146,-0.17375755,0.3821875,0.3364724
7.064104,-0.19789809,0.50982594,0.33251357
6.8452053,-0.13566744,0.5618086,0.2861239
7.0598407,-0.07354158,0.35869145,0.21282522
7.054666,-0.11027479,0.16908789,0.20911251
7.0048213,-0.062984765,0.34625328,0.22680607
6.968113,-0.050596297,0.15064406,0.26209363
7.1433764,-0.12631893,0.27547562,0.24464767
7.3012085,-0.17943656,-0.16579956,0.31811386
7.3753195,-0.20504427,-0.18106186,0.33526748
7.2086477,-0.08974016,0.21797204,0.2277459
7.3400197,-0.06300235,-0.27000725,0.2519748
7.3265314,-0.03942114,-0.34364057,0.20753343
7.468731,-0.1897453,-0.5490374,0.28450638
7.718993,-0.080206335,-0.99801105,0.24169125
7.64525,-0.058627844,-0.9206011,0.2455573
7.5983667,-0.08629191,-0.89617884,0.2209782
7.682137,-0.08863509,-0.8867646,0.22959393
7.798993,-0.079684615,-0.98896337,0.20086989
7.517262,-0.05667728,-0.32641685,0.21814962
7.4904757,-0.14453417,-0.37793702,0.24491516
7.3058934,-0.09809971,-0.30012572,0.23125629
7.377999,-0.021657526,-0.2805763,0.2194134
7.0695443,-0.06670183,0.17345667,0.24457714
6.9292154,-0.0542382,0.40299118,0.20899844
7.110787,-0.13519412,0.2652688,0.2715959
7.3118525,-0.18334639,-0.10834843,0.309769
7.4177794,-0.13914025,-0.30776417,0.242078
7.399131,-0.10689932,-0.2310409,0.26842976
7.444026,-0.108906865,-0.17829084,0.21146676
7.219689,-0.145769,0.0011222363,0.2518382
7.2732463,-0.1561504,-0.1870662,0.36068135
7.6944222,-0.10454053,-0.83652496,0.25111106
7.7588997,-0.13260025,-0.9407975,0.24661483
7.7370396,-0.16346294,-0.7076987,0.24187025
7.695175,-0.15040559,-0.89223,0.28849733
7.7230396,-0.2512703,-0.84549993,0.34370857
7.6602907,-0.1384548,-0.9530112,0.24689023
7.5562096,-0.050663054,-0.65047574,0.22926806
7.3357677,0.025224328,-0.5571857,0.20627035
7.7173066,-0.21304643,-0.5831372,0.39510566
7.733316,-0.2145105,-0.7139417,0.32143685
7.7323256,-0.17603374,-0.8982542,0.29451546
7.756838,-0.24651307,-0.61062235,0.3242087
7.7640834,-0.16981107,-0.85012484,0.2979586
7.6889677,-0.15137416,-0.5309325,0.30680415
7.6721916,-0.22629637,-0.7781691,0.35440493
7.5716066,-0.2158553,-0.56865746,0.31845552
7.5766683,-0.3775131,-0.13022625,0.4609831
7.671857,-0.31542027,-0.43083596,0.44791645
7.854006,-0.32294422,-0.87344015,0.47817993
7.96908,-0.45982146,-0.99655604,0.6030912
7.922141,-0.55373585,-0.38607442,0.65656084
7.9699345,-0.4796703,-0.6458538,0.53288364
7.9261107,-0.4672283,-0.7860121,0.5123464
7.695383,-0.32538426,-0.48358238,0.39235508
7.593984,-0.3366866,-0.4419018,0.47940785
7.5653496,-0.32808912,-0.3319627,0.46010458
7.7710285,-0.47687083,-0.40453106,0.5586924
7.761038,-0.37131715,-0.8786889,0.46184415
7.798547,-0.35311818,-0.7863207,0.43928245
7.769561,-0.45822155,-0.71686554,0.5419653
7.872674,-0.3027447,-0.7416772,0.38762254
7.7647142,-0.35860413,-0.66319865,0.45980293
7.8725667,-0.33595443,-0.9533687,0.3978014
7.7393494,-0.35714245,-0.67546976,0.46672583
7.5063367,-0.3760907,-0.19299614,0.47285378
7.20249,-0.3607158,0.5592134,0.43047607
7.1320744,-0.31633025,0.42915726,0.42139125
7.483635,-0.2623399,-0.3016827,0.35241637
7.380103,-0.12338853,-0.24427581,0.31634164
7.3263226,-0.13599199,-0.024124026,0.22096704
7.2019005,-0.1854446,0.18512273,0.2681643
7.002742,-0.11759746,0.37740862,0.21729547
7.2066116,-0.13022077,0.042108774,0.24370368
7.2356253,-0.20953113,0.060311794,0.35047734
7.1925077,-0.066493034,-0.04068327,0.22627506
7.297057,-0.031526685,-0.30361223,0.24051441
7.477514,-0.10941398,-0.41388386,0.2453122
7.320648,-0.13183576,-0.029881,0.23687361
7.2358313,-0.094837785,-0.21013296,0.22856516
7.434662,-0.10543871,-0.3311504,0.20712715
7.2044797,-0.12652618,-0.0016458035,0.23199444
7.2996345,-0.17889297,-0.14421064,0.27069026
7.180496,-0.27113658,0.24432385,0.33846736
7.1689296,-0.26652843,0.3199464,0.35111433
7.2620554,-0.2023642,0.11883068,0.28009802
7.2648344,-0.19000804,-0.025189936,0.32503873
7.3287673,-0.22063565,-0.23381329,0.3197971
7.5382366,-0.34566927,-0.29113644,0.4345432
7.4517064,-0.2837984,-0.14821053,0.43343854
7.563036,-0.34128636,-0.29293883,0.4226613
7.453223,-0.28943008,-0.042770267,0.43820763
7.6008253,-0.2596928,-0.39254457,0.41951102
7.537102,-0.2619031,-0.34650332,0.42311305
7.7515078,-0.25498813,-0.7348217,0.43552065
7.788903,-0.3784653,-0.82952386,0.51843554
7.8087096,-0.3479209,-0.90032583,0.4306585
7.8794317,-0.36350548,-0.8473007,0.4883768
7.8848057,-0.3908128,-0.87005115,0.49864674
7.8796306,-0.51499933,-0.61078894,0.691278
7.9015284,-0.5516311,-0.5248077,0.657363
7.9830666,-0.41467845,-0.8405549,0.52304655
7.89573,-0.35404307,-0.64010024,0.40552884
7.997289,-0.2939607,-0.9223379,0.35724565
7.883234,-0.2963667,-0.8812004,0.3937132
7.770068,-0.18866509,-0.76993626,0.35588032
7.7472596,-0.28081042,-0.8206277,0.3878324
7.781801,-0.35201168,-0.6331761,0.4531924
7.8394957,-0.35098678,-0.64893216,0.37563974
7.8397627,-0.39677256,-0.80183816,0.47416246
7.7850194,-0.4019634,-0.9204061,0.48157912
7.782023,-0.33108574,-0.65428984,0.46739864
7.7502594,-0.3609274,-0.81091094,0.5061359
7.983373,-0.4064002,-0.90916795,0.51705086
7.7703705,-0.38381135,-0.43940675,0.4796961
7.7025332,-0.3096323,-0.8376204,0.47350305
7.770168,-0.36017144,-0.31954205,0.44136137
7.630065,-0.36257654,-0.58147764,0.47839767
7.6422877,-0.16355425,-0.697472,0.29614
7.622612,-0.31423885,-0.59562445,0.5058014
7.6951475,-0.2947765,-0.48036426,0.379489
7.7383733,-0.30053866,-0.57366157,0.38454202
7.82033,-0.24706292,-0.72671175,0.32414445
7.5297556,-0.19845742,-0.40027732,0.2917315
7.478644,-0.083331585,-0.372958,0.21281877
7.4311576,-0.20881325,-0.3067693,0.312611
7.2561665,-0.10465014,-0.079145074,0.24495503
7.2126083,-0.11051196,0.07955694,0.22742558
7.1023946,-0.06095791,0.1802175,0.21810907
6.9938545,-0.050235868,0.37934113,0.23901013
7.0959425,-0.15587044,0.32145643,0.2568717
7.3010473,-0.23890841,0.21126664,0.28358412
7.3065424,-0.20613402,0.023138762,0.30660436
7.2743526,-0.22955889,-0.10195112,0.28672224
7.244767,-0.21471614,0.22503257,0.30610585
7.2797737,-0.28503394,0.20303464,0.41443598
7.3873568,-0.3580618,0.044068694,0.4650604
7.2621202,-0.23997086,-0.05513227,0.31948197
7.4105725,-0.20668107,-0.08925754,0.32975447
7.525209,-0.13771498,-0.39713657,0.2507684
7.498748,-0.07717711,-0.5674476,0.24144672
7.494954,-0.089481056,-0.5136632,0.2355437
7.495035,-0.08008546,-0.5557817,0.23610887
7.467716,-0.122881055,-0.260145,0.24542421
7.3919983,0.015414715,-0.6971935,0.21878089
7.684619,-0.019169748,-0.9540909,0.24020444
7.5728817,-0.10818648,-0.67141324,0.207006
7.432726,-0.10543454,-0.4058929,0.3001114
7.425427,-0.10619187,-0.26834482,0.20912386
7.339222,-0.050001502,-0.43088055,0.24285479
7.4284897,-0.1374945,-0.28449988,0.2668575
7.583499,-0.122338176,-0.54756016,0.2203179
7.631055,-0.10317594,-0.91768867,0.24757217
7.736016,-0.03247726,-0.94173306,0.21784376
7.640978,-0.14205617,-0.93724424,0.25326315
7.465921,0.0035351515,-0.7051915,0.2488054
7.4254546,-0.21254933,-0.2726891,0.31748226
7.4135985,-0.13777971,-0.43996352,0.23731878
7.5154266,-0.16000426,-0.45667464,0.29031062
7.3538837,-0.08634257,-0.48909628,0.25841397
7.5502105,-0.1361013,-0.75154316,0.2914341
7.365653,-0.05779159,-0.16836339,0.20627774
6.996463,-0.07586187,0.15391755,0.27497643
7.081667,-0.050482094,0.17916775,0.21016061
7.1083856,-0.023795366,0.088326335,0.2080668
6.7886934,-0.040943086,0.5281172,0.21276897
6.8449955,0.00579679,0.3606931,0.20306645
6.8948784,-0.10422468,0.41146255,0.22909455
6.949133,-0.15907979,0.44000518,0.33440173
7.117037,-0.19251263,0.42024195,0.32972604
7.0253396,-0.1417005,0.2947371,0.24618992
7.2813234,-0.20397371,-0.021297097,0.31970188
7.358461,-0.25692046,-0.107446134,0.3775378
7.4871516,-0.21326298,-0.4688003,0.35108185
7.8157086,-0.11111927,-0.78394324,0.27582645
7.7511663,-0.12147933,-0.9672106,0.21960767
7.826501,-0.11744332,-0.86360985,0.2175953
7.7133217,-0.128569,-0.9712168,0.2422887
7.740142,-0.080670536,-0.9745092,0.24384578
7.5892835,-0.11021489,-0.993395,0.2799698
7.7875023,-0.08095282,-0.84870255,0.21866412
7.720274,-0.08695924,-0.9390704,0.22571033
7.634616,-0.03159225,-0.7208479,0.21301208
7.7809176,-0.13258082,-0.9812694,0.24992234
7.7718687,-0.23148555,-0.96050626,0.311672
7.7378125,-0.15332216,-0.6952199,0.2880013
7.47083,-0.25103104,-0.15697658,0.3176569
7.4760895,-0.07269043,-0.5336944,0.22406128
7.425029,-0.11938518,-0.12737226,0.22949383
7.2422514,-0.13205904,0.11741412,0.21048
7.0674505,-0.078484595,0.18870091,0.22042331
7.069586,-0.08766204,0.33342826,0.20457818
6.979089,-0.12916452,0.24652565,0.23166221
7.1633306,-0.20343238,0.18666267,0.36249584
7.1952524,-0.21593487,0.19086123,0.3216802
7.1445055,-0.24187112,0.58702755,0.321613
6.9411964,-0.16728634,0.46390665,0.30290204
7.179884,-0.25638413,0.47099018,0.37316364
7.112323,-0.20499116,0.1852771,0.32233542
7.245782,-0.13564467,-0.21371281,0.26268908
7.530437,-0.10347152,-0.6713152,0.24511509
7.8054676,-0.11924219,-0.8888407,0.25848347
7.6601276,-0.22108108,-0.7542942,0.32391393
7.6226234,-0.29107153,-0.39853215,0.36440033
7.848363,-0.29663283,-0.7372246,0.39423078
7.7892447,-0.21477813,-0.68069446,0.35579145
7.769023,-0.28392708,-0.7621119,0.3758481
7.973402,-0.30706578,-0.9411622,0.40210295
7.908737,-0.3148592,-0.8735708,0.43353498
7.773192,-0.3153628,-0.9626902,0.45572
7.7708354,-0.27911186,-0.7895992,0.3953293
7.7586384,-0.23778325,-0.8725536,0.35272315
7.67037,-0.12656474,-0.72937214,0.22335255
7.600957,-0.15378088,-0.39096785,0.26410937
7.5431566,-0.13417691,-0.59237605,0.28118843
7.4883313,-0.19519168,-0.4227618,0.30189437
7.3066893,-0.11219776,-0.20830894,0.26408222
7.2209535,-0.10605347,0.07631898,0.22362748
7.2171907,-0.17590523,-0.06621277,0.31719577
7.25129,-0.15369165,0.029874682,0.25220403
7.5121756,-0.20768344,-0.36182058,0.30779338
7.53705,-0.2869814,-0.14230335,0.37357068
7.400381,-0.25368726,-0.007895112,0.3378203
7.2450066,-0.24461144,0.053830385,0.37658626
7.2395716,-0.13601834,0.12165928,0.26836866
7.289489,-0.09584206,-0.08159053,0.21975702
7.3705616,-0.1009447,-0.29365623,0.20602752
7.5556784,-0.11404997,-0.57674617,0.20126058
7.687724,-0.08431661,-0.82221967,0.21774258
7.665368,-0.10527295,-0.95590764,0.22129793
7.5026445,-0.038529992,-0.887503,0.21905513
7.724702,-0.09399706,-0.8290467,0.24793676
7.608492,-0.08583856,-0.818627,0.22785838
7.736262,-0.18614244,-0.8720473,0.28734705
7.483344,-0.052213192,-0.675388,0.20288447
7.6735334,-0.10837841,-0.98362017,0.22355898
7.72777,-0.027842939,-0.9817132,0.21444182
7.634547,-0.09478307,-0.7715224,0.24694146
7.442602,-0.10145122,-0.48643517,0.24984828
7.6526866,-0.10311198,-0.8211265,0.2173134
7.694172,-0.040600777,-0.7335637,0.20400108
7.571582,-0.17052597,-0.3759334,0.3123682
7.7703347,-0.25449812,-0.8410417,0.35624596
7.8540044,-0.24397236,-0.84612286,0.36879265
7.669245,-0.27298838,-0.56451905,0.41994348
7.5433016,-0.21868223,-0.30932778,0.32273385
7.2579317,-0.14941752,-0.24236178,0.3542259
7.097171,-0.14774531,0.1510787,0.30946642
7.3481197,-0.071559906,-0.13632715,0.21901672
7.342712,-0.084159434,-0.28898323,0.22759858
7.376095,-0.05225563,-0.3081032,0.21181667
7.381065,-0.08186638,-0.3594824,0.20352569
7.186196,-0.07755607,-0.24830234,0.2875917
7.3368735,-0.10717493,-0.09114528,0.24533498
7.4485774,-0.2192477,-0.4191512,0.3523771
7.3363824,-0.1233263,-0.3748055,0.29547858
7.7165875,-0.14464581,-0.93790525,0.25757563
7.537402,-0.121774554,-0.45603406,0.2001076
7.5654297,-0.10244548,-0.65452856,0.23667134
7.553813,-0.11830449,-0.5444001,0.24412735
7.40964,-0.10157436,-0.38641584,0.26976058
7.311391,-0.24783504,-0.05302596,0.3541435
7.09593,-0.1569503,0.4735024,0.272116
7.2199554,-0.18296045,0.1397456,0.31512988
7.3302455,-0.19112355,-0.102662206,0.31857973
7.472883,-0.2522683,-0.1311686,0.3862123
7.4934573,-0.3225522,-0.20220935,0.4672022
7.500244,-0.24149823,-0.21378696,0.33284247
7.6284437,-0.21372902,-0.5713513,0.33238924
7.3511376,-0.08856195,-0.35448182,0.20928597
7.58547,-0.11223352,-0.42519164,0.23541361
7.8276844,-0.11340755,-0.97177106,0.23085354
7.909334,-0.15205014,-0.9499341,0.2533337
7.8150415,-0.24150229,-0.78374696,0.38875592
7.7403164,-0.25003397,-0.9495542,0.36368164
7.858475,-0.30188966,-0.99583966,0.41044334
7.8390355,-0.25948763,-0.70482767,0.39535457
7.73944,-0.27788556,-0.94951105,0.4279936
7.81977,-0.3394279,-0.8262038,0.39011192
7.8379297,-0.37778676,-0.8848622,0.51239395
7.8539667,-0.41207033,-0.66588175,0.4998824
7.7628956,-0.35306388,-0.64358795,0.43362623
7.572598,-0.26847935,-0.64955544,0.45513994
7.6033516,-0.23444623,-0.4299687,0.30064058
7.454291,-0.021741867,-0.56905586,0.201135
7.363016,-0.040816724,-0.3628407,0.22891612
7.4043646,-0.056369126,-0.50844204,0.24800852
7.5845194,-0.10193205,-0.7645284,0.25511396
7.264367,-0.15114468,-0.08988929,0.24577212
7.5266013,-0.12725782,-0.621626,0.25537956
7.5011187,-0.08347082,-0.55569595,0.2100906
7.59319,-0.08891517,-0.8961086,0.20278017
7.520966,-0.08317208,-0.6550428,0.23029396
7.424338,-0.060009062,-0.3702404,0.24802004
7.5497212,-0.039266944,-0.6248693,0.23069414
7.499407,-0.12840354,-0.42718542,0.2541805
7.71686,-0.053968966,-0.8352102,0.20472325
7.6668262,-0.06823331,-0.92979974,0.22088894
7.672076,-0.05565256,-0.83462834,0.23716968
7.434165,-0.1357767,-0.27862483,0.28608274
7.465721,-0.17611015,-0.271788,0.2861484
7.6306963,-0.17957032,-0.56157845,0.31928295
7.641423,-0.09474647,-0.62590635,0.22347887
7.45496,-0.11122197,-0.31956077,0.22421199
7.6463313,-0.023632765,-0.9953343,0.20952481
7.7569695,-0.07491022,-0.9268959,0.2024295
7.608,-0.09504902,-0.8380355,0.23575155
7.6664124,-0.13581753,-0.7923181,0.25983426
7.7337093,-0.15029615,-0.66547364,0.3382145
7.7597837,-0.13997978,-0.9657003,0.27406213
7.881366,-0.14382607,-0.9202377,0.21413018
7.724167,-0.14881831,-0.88353235,0.25881407
7.820656,-0.13640338,-0.84553075,0.27570185
7.7427864,-0.1685322,-0.8757483,0.34954652
7.7328424,-0.11066103,-0.8974555,0.22240822
7.562234,-0.09946573,-0.6002108,0.22818407
7.6137085,-0.1579805,-0.47165173,0.2893478
7.554037,-0.089463115,-0.56990886,0.21896546
7.73135,-0.14174074,-0.8500031,0.32042223
7.707826,-0.06341171,-0.75316197,0.23258641
7.1681986,-0.13356286,0.111105084,0.2679414
7.193693,-0.04654032,-0.16258109,0.22872908
7.3653502,-0.090482414,-0.23140097,0.23638682
7.4120865,-0.117027044,-0.42371756,0.29486153
7.178771,-0.09005791,0.023116231,0.26211062
7.314579,-0.08565658,-0.05946964,0.25161204
7.2042017,-0.0923146,-0.17381507,0.24250945
7.466105,-0.07089245,-0.61477757,0.22103734
7.3402557,-0.0856207,-0.2461462,0.2546477
7.349018,-0.09667373,-0.3230642,0.24360971
7.582387,-0.28027487,-0.48998392,0.38297877
7.7246356,-0.23853964,-0.63804936,0.33905068
7.787198,-0.24721271,-0.8888221,0.35052028
7.7394295,-0.16733259,-0.9485284,0.31109044
7.642269,-0.13173735,-0.81070006,0.30843297
7.9603944,-0.122808814,-0.80608475,0.27512383
7.6587043,-0.2206744,-0.40906537,0.34027076
7.5621586,-0.18516463,-0.61090475,0.38700962
7.8653364,-0.2640304,-0.8859595,0.34194684
7.8519516,-0.18982673,-0.9028007,0.28642553
7.923387,-0.15093797,-0.96075046,0.26044264
7.5132046,-0.073388994,-0.69570184,0.28629044
7.672525,-0.12978446,-0.6624832,0.21521315
7.72663,-0.056787312,-0.96172327,0.22885945
7.6797237,-0.17823446,-0.96565914,0.29802793
7.7882805,-0.3172065,-0.99100304,0.43970516
7.6404305,-0.44411957,-0.042545974,0.55997604
7.772487,-0.40249002,-0.7520636,0.5678607
7.9601326,-0.38406426,-0.88960665,0.47073907
7.7924733,-0.40771377,-0.36251277,0.4856544
7.7290773,-0.45114774,-0.34108394,0.5381858
7.890969,-0.43916875,-0.8863064,0.48415375
7.9729652,-0.33575267,-0.88809747,0.3996716
7.931096,-0.22968113,-0.914364,0.33590657
7.6048584,-0.2762677,-0.86344105,0.42892808
7.7286367,-0.36543304,-0.52921766,0.3869823
7.578657,-0.2592191,-0.3642205,0.33099157
7.440281,-0.3220877,-0.1146577,0.3891762
7.4788766,-0.3357057,-0.1369766,0.46986502
7.7118177,-0.37641114,-0.47639042,0.46806288
7.731401,-0.4765203,-0.5261728,0.62124544
7.946807,-0.44902086,-0.8722925,0.6237429
7.7207184,-0.48398936,-0.26032233,0.58246726
7.9117007,-0.49498153,-0.89542425,0.663042
7.989336,-0.48217368,-0.9962601,0.5680526
7.957919,-0.5632553,-0.92075396,0.811178
7.8957987,-0.5915899,-0.226825,0.6833501
7.929512,-0.6191935,-0.72411567,0.90669835
7.9554214,-0.57487506,-0.8500278,0.78114974
7.0240927,-0.020962238,0.14035046,0.23064505
7.1456804,-0.10841614,-0.055161715,0.26899838
7.256691,-0.10741681,-0.21522212,0.2981632
7.2890377,-0.14856869,-0.14558035,0.28560758
7.346389,-0.1711939,-0.020171642,0.3240077
7.1816587,-0.18999547,0.23945892,0.29298437
7.409868,-0.26823103,0.098530054,0.3350096
7.508079,-0.30357558,-0.22141641,0.42066848
7.586495,-0.32967383,-0.15078175,0.3838413
7.700143,-0.33001494,-0.32941914,0.4380093
7.8021684,-0.2977342,-0.82129383,0.387039
7.8174276,-0.28984964,-0.84501934,0.4156965
7.672015,-0.20595568,-0.5254132,0.36244017
7.17311,-0.15922153,0.13777423,0.31765077
7.229161,-0.22863847,0.15664542,0.3225235
7.313925,-0.20943576,0.10518849,0.33108914
7.4565096,-0.04531455,-0.5470099,0.20367923
7.623085,-0.10201341,-0.717287,0.24309596
7.8663044,-0.09135312,-0.9066807,0.21298207
7.1193805,-0.06382382,-0.10305488,0.22609499
7.422882,-0.15321463,-0.32065248,0.28596568
7.540244,-0.30132526,-0.29888284,0.39101648
7.3772774,-0.21545643,0.15080237,0.32465914
7.288172,-0.21307003,-0.005523324,0.3221046
7.1584845,-0.17173165,0.11649871,0.30433214
7.123471,-0.14713389,0.06562364,0.28638843
7.1413736,-0.056320608,-0.13105464,0.24249694
7.1006103,-0.037330747,-0.15528524,0.22748764
7.1688848,-0.035408735,-0.08770156,0.22348885
7.2135735,-0.1557039,0.069927454,0.22528543
7.1836414,-0.19742423,0.11435604,0.31271845
7.1632714,-0.20230389,0.104525805,0.29029283
7.3936224,-0.19110143,-0.1959039,0.24835284
7.4595585,-0.14709955,-0.3716637,0.2443711
7.3279076,-0.09555113,-0.41975808,0.24273142
7.7034016,-0.16567653,-0.61681885,0.27293068
7.2230935,-0.094742656,-0.3294108,0.26242352
7.2933245,-0.045309722,-0.124572575,0.20709105
7.4774046,-0.095553875,-0.46206427,0.23324028
7.558997,-0.011067748,-0.69804984,0.24893738
7.599615,-0.09470594,-0.60938126,0.22821848
7.5594196,-0.16041398,-0.39375335,0.28723544
7.628374,-0.1680215,-0.7865721,0.24255776
7.680566,-0.12293357,-0.7622022,0.24373978
7.5577774,-0.06988436,-0.5471703,0.20399217
7.5136614,-0.097547054,-0.49026287,0.2353111
7.5598288,-0.13602906,-0.54815567,0.23876075
7.4760137,-0.11239332,-0.48567414,0.2438331
7.3751984,-0.10817331,-0.22415584,0.22083178
7.374792,-0.17215997,-0.09033787,0.27183092
7.1705675,-0.11803681,0.1971085,0.2551158
7.194859,-0.036364496,-0.18638569,0.22821212
6.9837523,-0.004118383,-0.013914108,0.23952766
6.97627,-0.007704079,0.16762304,0.20678115
7.164498,-0.0818823,-0.15245748,0.2222326
7.355302,-0.14515495,-0.04016161,0.22757797
7.350441,-0.028259695,-0.5412185,0.2203496
7.6186876,-0.09679544,-0.72932947,0.20881426
7.4307537,-0.064136624,-0.70787466,0.24343498
7.321577,-0.10423887,-0.22433627,0.20388618
7.3563175,-0.14817548,0.039321303,0.20786127
7.398745,-0.17627347,-0.4967245,0.31341055
7.4069376,-0.14940965,-0.48902547,0.30636314
7.3117,-0.098578215,-0.096817076,0.24024072
7.2512302,-0.11087191,0.024130225,0.25757623
7.3576865,-0.17138267,-0.07082826,0.30339018
7.4180317,-0.074813545,-0.16695344,0.22027901
7.096297,-0.10367578,0.102206826,0.23262173
7.331347,-0.19927728,0.0701381,0.3122863
7.030374,-0.13926572,0.3155867,0.24075356
7.1878734,-0.19342476,0.16055691,0.3078369
7.0366,-0.07863158,0.046694398,0.23596457
7.117299,-0.2581969,0.43740535,0.35313955
6.9202557,-0.025469601,0.37133026,0.2277588
7.0830393,-0.057601392,0.27806926,0.23421071
7.130045,-0.07314986,-0.07444358,0.24193616
7.1883497,-0.08196336,0.08377814,0.2010835
7.0204463,-0.089478314,0.24803376,0.24831586
6.9886003,-0.037426114,0.14989471,0.21971442
7.248459,-0.0666967,-0.113458276,0.2340416
7.2340975,-0.14631933,0.110575676,0.24552625
7.322887,-0.215841,0.018494368,0.38075706
7.3662224,-0.21682239,-0.28341073,0.35430557
7.490411,-0.038000524,-0.78415704,0.21357335
7.5629854,-0.054424286,-0.86447585,0.24214351
7.588153,-0.06358975,-0.8420865,0.21867462
7.7204056,-0.11195296,-0.74334335,0.23438075
7.4194403,-0.09855986,-0.5080407,0.25134844
7.424465,-0.09454018,-0.3983292,0.22950043
7.274796,-0.121260524,-0.082561135,0.20932212
7.5542755,-0.096548975,-0.4547851,0.25918213
7.332019,-0.11210579,-0.15153754,0.2553091
7.1624613,-0.15415424,0.044163704,0.2501699
7.10972,-0.13500386,0.10699868,0.29662135
7.162262,-0.075564325,0.08444548,0.21073315
7.0391283,-0.104836226,0.28244293,0.20860909
6.850462,-0.07436389,0.50077355,0.20070414
6.9734507,-0.020937204,0.26606345,0.2215752
6.9528975,-0.041947544,0.13588667,0.21663572
7.3703513,-0.085484624,-0.13426745,0.23366629
7.4618754,-0.11574751,-0.40318,0.25534016
7.276623,-0.14585817,-0.008403957,0.248891
7.1132054,-0.07731259,0.20114803,0.21524039
7.269134,-0.14965749,0.030743122,0.2874325
7.1757164,-0.124727786,-0.009990692,0.28093955
7.2057524,-0.14316893,-0.039360523,0.3158396
7.319612,-0.26584768,0.06178212,0.35458288
7.331193,-0.18816859,-0.036265314,0.28314143
7.4328227,-0.11752075,-0.4224562,0.2384253
7.5592422,-0.19720376,-0.50617856,0.32585198
7.6788955,-0.35284656,-0.49831545,0.39367592
7.636726,-0.41846,-0.348341,0.5141714
7.8570557,-0.4584065,-0.6325797,0.55296725
7.564499,-0.43288404,-0.09894782,0.5597214
7.5340223,-0.25735396,-0.38004726,0.30769563
7.4257426,-0.27506965,-0.24266946,0.35749382
7.368556,-0.23636067,-0.011028945,0.3528515
7.268845,-0.29791743,0.17751777,0.3661577
7.422555,-0.21858573,-0.16992497,0.34317607
7.364587,-0.29077625,-0.010930657,0.4028325
7.2358446,-0.19068062,0.072167516,0.33549306
7.2068243,-0.23957229,0.37670434,0.3253034
7.213016,-0.1989358,0.04352808,0.31282693
7.40465,-0.161075,-0.5216842,0.3207395
7.576051,-0.22251129,-0.33106518,0.34671605
7.659318,-0.15535343,-0.52299684,0.29680234
7.3951936,-0.091077805,-0.217583,0.20904899
7.200351,-0.18709731,0.11925173,0.310183
7.090343,-0.13321298,0.08825958,0.2906393
6.835806,-0.043355286,0.5458691,0.21355766
6.976248,-0.15454412,0.59490347,0.26566485
7.177087,-0.15268093,0.11295235,0.34462237
7.4673767,-0.11978614,-0.43004143,0.20873305
7.6597233,-0.0037904978,-0.8773031,0.20753548
7.716816,-0.14606744,-0.7869278,0.26873136
7.658472,-0.13851666,-0.799737,0.2766343
7.806446,-0.15097159,-0.89197373,0.23953073
7.661253,-0.07991552,-0.892993,0.24191643
7.5517483,-0.05067271,-0.7986409,0.20568995
7.627005,-0.106499374,-0.9591926,0.24816173
7.470666,-0.10204816,-0.53312296,0.24829946
7.498844,-0.1513257,-0.44545507,0.2997604
7.3734603,-0.18296611,-0.089178145,0.27856877
7.3342943,-0.246584,-0.06011188,0.39199936
7.34613,-0.25071764,-0.022013307,0.34799773
7.7708063,-0.2941252,-0.40807235,0.36077422
7.562422,-0.25201184,-0.6391033,0.37343773
7.4285226,-0.2714522,-0.06348544,0.33131638
7.4145694,-0.30933756,-0.0072481036,0.3776912
7.4774685,-0.2516209,-0.3413099,0.34678233
7.3112884,-0.24175805,-0.037038505,0.32919276
7.3578587,-0.204063,-0.1338954,0.37498596
7.3602085,-0.1459871,-0.22596335,0.3264963
7.372531,-0.18745548,-0.25001967,0.30119994
7.472562,-0.24533767,-0.46143037,0.38267493
7.6870294,-0.19289142,-0.69281954,0.29617912
7.8530183,-0.13249803,-0.9495922,0.26749313
7.5991306,-0.10729176,-0.87227726,0.24666402
7.60847,-0.13716507,-0.8324187,0.3173182
7.8956347,-0.29377532,-0.79589105,0.3699284
7.6272,-0.2797324,-0.69216645,0.41765058
7.469986,-0.20533085,-0.30443072,0.3342263
7.593466,-0.09780681,-0.65731853,0.3078729
7.804848,-0.16538912,-0.90269506,0.2838611
7.6511936,-0.10803908,-0.91625375,0.2409761
7.644475,-0.0115510225,-0.95513463,0.22821411
7.5189877,-0.072375536,-0.4483682,0.20094776
7.594447,-0.16743541,-0.4167108,0.31204712
7.4815254,-0.206195,-0.3326143,0.30454132
7.3995123,-0.239236,-0.18838203,0.31573328
7.8711743,-0.337211,-0.81677496,0.4573204
7.829447,-0.5393696,-0.6150187,0.6712262
7.8273463,-0.49686778,-0.5737846,0.6474964
7.868151,-0.5353246,-0.74402285,0.7048643
7.9282923,-0.51127386,-0.8852743,0.7208823
7.7521067,-0.3834216,-0.40294302,0.52344984
7.8151255,-0.37870944,-0.6884521,0.47152233
7.7699747,-0.28202868,-0.63266325,0.37526113
7.9880047,-0.29211307,-0.88598037,0.37398762
7.830716,-0.4280597,-0.9996385,0.5859426
7.773241,-0.33355236,-0.7063558,0.383838
7.831724,-0.3541512,-0.54633063,0.4196521
7.532515,-0.30955613,-0.21731341,0.37067813
7.542404,-0.28411138,-0.2536158,0.33524603
7.664504,-0.2196343,-0.6674831,0.35191768
7.534814,-0.1168322,-0.39565074,0.23467302
7.430639,-0.1496206,-0.30580652,0.25017753
7.380933,-0.21762335,0.09981918,0.3036844
7.0748186,-0.09790647,0.18964672,0.27388632
7.3725805,-0.014988065,-0.48378772,0.25388315
7.5025387,-0.095443845,-0.5182091,0.25166327
7.3513517,-0.14433521,-0.21086323,0.24627952
7.3712277,-0.24419117,-0.03544712,0.32578248
7.324049,-0.15018189,-0.07064444,0.32976127
7.217007,-0.19418609,0.15151489,0.2706504
7.3115373,-0.12430668,-0.29518187,0.24282378
7.312751,-0.10763264,-0.1454469,0.2665194
7.4023185,-0.1653344,-0.13543737,0.2921195
7.231712,-0.17862386,0.20613873,0.26222542
7.3194,-0.123203635,-0.22514004,0.2842594
7.233849,-0.13869786,-0.02239728,0.20629224
7.2818017,-0.21755493,0.1427095,0.3242495
7.1563215,-0.20748174,0.12713897,0.29221496
7.3398323,-0.13367128,-0.024275303,0.2417577
7.592914,-0.18427914,-0.61688626,0.3225157
7.619134,-0.30697036,-0.3480146,0.40613174
7.404295,-0.3304295,-0.3289441,0.50550455
7.365962,-0.22977698,-0.023918867,0.31751984
7.2411375,-0.25643486,0.24527359,0.31378037
7.048048,-0.07785064,0.2368989,0.23711483
7.1015577,-0.15262419,0.28915536,0.24968049
7.1079726,-0.116529346,0.32399547,0.23248048
7.053461,-0.061831355,0.2093333,0.23541014
7.0888166,0.024601221,-0.038232923,0.20334572
6.9327517,-0.04524517,0.14368582,0.22513235
7.0964937,-0.057077527,0.15925372,0.255746
7.0437565,-0.10106045,0.25461948,0.23121588
7.2604675,-0.072006464,-0.107530355,0.24472299
7.266362,-0.13471311,0.011428356,0.24818192
7.1512346,-0.111721635,0.08100486,0.21461023
7.2996106,-0.083188236,-0.29783285,0.21311627
7.2536135,-0.13629639,-0.07610649,0.26358104
7.2757616,-0.091656804,-0.3133213,0.25423023
7.451991,-0.118352234,-0.37040538,0.26915243
7.7979803,-0.08490813,-0.97950906,0.21057957
7.675355,-0.20453107,-0.86487806,0.31669667
7.6423397,-0.30226374,-0.5810488,0.3936609
7.589939,-0.34160495,-0.26928377,0.4099576
7.5196366,-0.4023106,0.055187225,0.43910712
7.842669,-0.39117283,-0.8654512,0.4288731
7.9117756,-0.42498243,-0.8050468,0.49356323
7.6660624,-0.4167078,-0.32051754,0.49510825
7.613154,-0.38989037,-0.28204888,0.4431395
7.606988,-0.3430903,-0.30271024,0.42626637
7.3298483,-0.15982121,-0.012672782,0.25863582
7.366846,-0.2558416,-0.18899024,0.3654217
7.52874,-0.2677549,-0.1430273,0.34174448
7.58686,-0.21349573,-0.5593725,0.32085177
7.5182705,-0.09774721,-0.6105623,0.24183677
7.778468,-0.15083289,-0.6967093,0.2351644
7.9155784,-0.19180661,-0.9065553,0.29914695
7.8084908,-0.23202139,-0.96016824,0.3507411
7.797387,-0.28439236,-0.86747044,0.34426725
7.7333474,-0.21017069,-0.73171115,0.33112448
7.8237724,-0.22928065,-0.8192115,0.33243838
7.6132636,-0.16824085,-0.705809,0.2944668
7.6488485,-0.26741868,-0.68403673,0.3475219
7.669444,-0.36898768,-0.1763711,0.4361099
7.7114024,-0.31354308,-0.6230801,0.43110955
7.944906,-0.3788631,-0.84728456,0.43615645
7.8353896,-0.31402165,-0.62170213,0.38666612
7.9270997,-0.38418263,-0.98722327,0.50457317
7.7337174,-0.40854204,-0.6314079,0.6435175
7.7242866,-0.3039034,-0.564694,0.43009475
7.822406,-0.2118311,-0.73619723,0.3088045
7.9196577,-0.25214207,-0.9501664,0.33794224
7.7769747,-0.32526815,-0.92423594,0.3804853
7.5404572,-0.20330775,-0.5892682,0.42290354
7.487933,-0.27714002,-0.103389144,0.38278842
7.4166107,-0.24306577,-0.14550304,0.3014897
7.509494,-0.26446557,-0.18464303,0.3372539
7.6349444,-0.2600791,-0.6629987,0.37211353
7.571416,-0.25225365,-0.3336146,0.3755166
7.7113004,-0.22526145,-0.53393495,0.31750757
7.617404,-0.25207376,-0.3626294,0.34884655
7.5025635,-0.22364557,-0.35757458,0.32968032
7.73717,-0.21989036,-0.58980453,0.32084644
7.482995,-0.22729236,-0.22217917,0.3118468
7.644367,-0.19937909,-0.31875318,0.31334016
7.6306167,-0.15690166,-0.8061365,0.22384106
7.462411,-0.061395645,-0.27955598,0.203058
7.3715315,-0.08026624,-0.42945737,0.22220708
7.202257,0.00934124,-0.1720097,0.22491206
7.0011654,-0.0019754171,0.25294626,0.21074453
7.2381845,-0.12577206,-0.27470243,0.32369512
7.207848,-0.15232557,-0.05261445,0.28459764
7.178872,-0.0694679,-0.21127033,0.21940173
7.2964826,-0.049108386,-0.29719853,0.21937405
7.2006626,-0.008443892,-0.1146695,0.21814302
7.1812334,-0.09131199,-0.096494496,0.26370654
7.09432,-0.08603114,0.016892195,0.23390555
7.1447086,-0.09668833,0.05176747,0.24704632
7.345898,-0.12705576,-0.33211738,0.25631848
7.5107956,-0.18506402,-0.40577686,0.31786957
7.440316,-0.20424497,-0.41361606,0.36795723
7.1447773,-0.11858064,-0.008866191,0.30276057
7.222024,-0.111726224,0.17586255,0.23819818
7.1432695,-0.19688153,0.37446952,0.2850415
6.976509,-0.1569705,0.37392604,0.265242
7.2529736,-0.14310747,0.28266382,0.26216584
6.9471984,-0.0553962,0.039767742,0.24126828
7.010923,-0.1088053,0.23390865,0.23803832
6.9909496,-0.079615474,0.31354916,0.21565041
6.816855,-0.070854485,0.5851221,0.22728308
6.8477764,-0.089229465,0.64318776,0.20686857
6.8739467,-0.15485585,0.56777096,0.22762844
6.7913117,-0.10922754,0.71550107,0.26906845
7.039221,-0.14293611,0.38003647,0.23127307
6.930977,-0.10975647,0.48230577,0.24560858
6.9360085,-0.045612156,0.32111502,0.20712401
6.9746704,-0.031562567,0.19715762,0.24080576
6.905457,-0.053711593,0.43597353,0.22635472
6.902274,-0.08804393,0.5518185,0.21600005
6.8516355,-0.08312571,0.5361819,0.2098922
6.8686175,-0.04957503,0.34514153,0.22195639
7.1407685,-0.07178557,0.15832412,0.26935723
7.376646,-0.075690866,-0.21341145,0.2656917
7.10937,-0.1022867,0.2400546,0.24027595
7.065453,-0.068401515,0.09830487,0.22450335
6.9925194,-0.044965684,0.15894687,0.20958726
7.197107,-0.06944895,0.005383849,0.23079515
7.1160183,-0.10518479,0.042626977,0.23209876
7.2636495,-0.11022836,0.15946662,0.26905483
7.1607156,-0.14025879,0.072366714,0.26246145
7.065961,-0.0941149,0.34056485,0.2019908
7.0157127,-0.035651922,0.04820776,0.21653333
7.1127133,-0.10198969,0.23325849,0.28418973
7.125716,-0.11016464,0.30717218,0.26498973
7.182537,-0.06663799,-0.061115026,0.25092378
7.067299,-0.1094991,0.09197974,0.22528955
6.9881725,0.03359115,0.22877753,0.21530876
6.749361,-0.010841727,0.5034001,0.20658836
6.964011,-0.023665965,0.15281737,0.22056921
6.9092894,-0.08080691,0.34691024,0.212225
7.16526,-0.19674915,0.18498862,0.27812994
7.2503824,-0.180803,0.18309331,0.27715477
7.1268945,-0.10029203,0.118302345,0.22785503
7.079513,-0.10059905,0.10111737,0.22233991
7.1850386,-0.048986316,-0.1674105,0.20752653
7.340575,-0.049856782,-0.28808576,0.20830292
7.32507,-0.18830073,-0.012607455,0.28631473
7.1745515,-0.1445303,0.25634313,0.2722031
7.079574,-0.079325974,0.12062144,0.20199287
7.1124535,-0.1820209,0.31388175,0.30949983
7.37463,-0.14483672,-0.334983,0.28055194
7.3078938,-0.22432274,0.0017938614,0.30345783
7.4293194,-0.18203497,0.0019317865,0.27592236
7.3735085,-0.22524661,0.1522007,0.2961746
7.296221,-0.18301147,0.051519513,0.30491012
7.408192,-0.18390948,-0.0019305944,0.3019948
7.284734,-0.19432634,0.15539443,0.2872339
7.209913,-0.19359475,0.06420505,0.35257858
7.234453,-0.16431874,0.118831754,0.26392442
7.273656,-0.036590755,-0.110318065,0.21662803
7.3406677,-0.1309095,-0.08386594,0.22304866
7.422332,-0.15568632,-0.14937127,0.29540077
7.4582562,-0.075402975,-0.28482556,0.23064506
7.2829685,-0.11679298,-0.14081085,0.26863363
7.423667,-0.18165594,-0.16225624,0.3151791
7.179117,-0.12680054,0.117583275,0.25110304
7.1243176,-0.017417371,-0.07878828,0.22733948
7.138468,-0.026800632,0.1298728,0.2323338
7.3248825,-0.10564542,0.02251041,0.22264019
7.2608423,-0.090185106,-0.104883015,0.24935192
7.4242344,-0.15588725,-0.30175966,0.3160043
7.405897,-0.24234915,-0.14680648,0.3365836
7.343293,-0.1138615,-0.004265666,0.25721845
7.437244,-0.090640545,-0.39276677,0.28186622
7.248343,-0.04204756,-0.11055887,0.24808834
6.999332,-0.15620607,0.44229007,0.2572494
7.0101666,-0.16276002,0.5424522,0.27453375
7.079713,-0.15729946,0.3673885,0.27054074
7.106386,-0.09197354,0.16537774,0.21455936
7.1052895,0.032467842,-0.14855349,0.21199027
7.5016994,-0.24386579,-0.43371105,0.36590052
7.5590935,-0.10512155,-0.4638821,0.23729439
7.3733253,-0.06283009,-0.43692887,0.25354037
7.387003,-0.1066885,-0.21720517,0.2652064
7.292044,-0.20334625,0.23151028,0.32312042
7.558864,-0.18510103,-0.30264693,0.325271
7.7564898,-0.15153587,-0.716754,0.23527847
7.4634542,-0.16571558,-0.11747742,0.24830683
7.571299,-0.11936462,-0.35979283,0.24341464
7.325575,-0.097574234,-0.39350188,0.26139578
7.542625,-0.13543493,-0.34885538,0.23286921
7.3056836,-0.16643924,-0.024316072,0.271683
7.0645733,-0.27541023,0.57887816,0.3827371
7.236247,-0.25601465,0.3792131,0.39334962
7.048121,-0.21995056,0.39077473,0.34890813
7.154616,-0.16167355,0.24736702,0.28100285
7.06865,-0.13441676,0.3045733,0.2601831
7.113847,-0.13521665,0.26216483,0.2701749
6.9947557,-0.09748387,0.35269928,0.24116677
7.1865835,-0.12038851,0.024719715,0.24213853
7.2181206,-0.049763203,-0.019276202,0.20604588
7.1147747,-0.057376027,-0.07688975,0.21437904
7.2299705,-0.08896321,-0.06678927,0.21953978
7.3400187,-0.07244432,-0.12794733,0.24175179
7.373569,-0.15379691,-0.29206932,0.28285387
7.4088593,-0.11850405,-0.258312,0.25731367
7.4936686,-0.1043694,-0.38360202,0.23543587
7.5479813,-0.20207566,-0.287511,0.3548196
7.8322277,-0.27073342,-0.8975522,0.40743303
7.9313793,-0.39135432,-0.9115042,0.45038456
7.86306,-0.3426941,-0.944507,0.41740018
7.873683,-0.1772638,-0.9396061,0.2731115
7.6016016,-0.007474005,-0.844026,0.20543244
7.4278183,-0.08419877,-0.59151375,0.21852717
7.027568,-0.10821915,0.27065325,0.23706146
7.094152,-0.044512272,0.027858496,0.21100377
7.140859,-0.027417123,0.042546034,0.20576076
6.9565506,-0.06417483,0.2722113,0.24449071
6.7802763,-0.10308123,0.78308356,0.28571683
6.896201,-0.17447418,0.658988,0.2913302
7.01507,-0.18457186,0.40624785,0.3330602
7.1304765,-0.08941692,0.13679576,0.28890327
7.1191654,-0.11103213,0.048654318,0.26637965
7.211531,-0.13099104,-0.07192421,0.24750417
7.1458535,-0.07535434,-0.024792254,0.21371992
6.9374986,-0.025431693,0.3303132,0.21229374
7.035318,0.012024999,0.13035965,0.2113302
7.38142,-0.09251827,-0.24386632,0.22305019
7.47453,-0.07395947,-0.5204022,0.21950816
7.467788,-0.17067236,-0.44072163,0.28403306
7.454198,-0.1541332,-0.3010788,0.24366798
7.382943,-0.19573182,-0.32333475,0.30177158
7.5682964,-0.21287835,-0.29162621,0.3166151
7.7144327,-0.22084534,-0.643481,0.31831715
7.8274555,-0.21513957,-0.7832038,0.34176266
7.7422,-0.29400605,-0.7333764,0.3885486
7.698455,-0.22768891,-0.7890617,0.31279767
7.857121,-0.28046662,-0.9871525,0.36158997
7.725226,-0.2785024,-0.5438289,0.35868597
7.9595327,-0.49141818,-0.8123941,0.5730083
7.872376,-0.40542382,-0.8179416,0.5790657
7.8140335,-0.3584985,-0.8938431,0.50101304
7.849414,-0.32241857,-0.79022706,0.3608751
7.8272715,-0.24975073,-0.7770678,0.33238038
7.6629195,-0.10096192,-0.70296603,0.29709926
7.5746555,-0.12069076,-0.7725039,0.29086903
7.757595,-0.123464525,-0.79013425,0.22756138
7.536624,-0.12570542,-0.61343753,0.27981028
7.3902254,-0.11319524,-0.47509426,0.2541839
7.1663885,-0.11501044,0.06134367,0.23932049
7.069701,-0.08444601,0.1963706,0.22474459
7.141057,-0.14760762,0.21993327,0.24665123
7.183777,-0.08344799,0.102193594,0.24633527
7.185332,-0.12843013,0.07170248,0.25894254
7.066106,-0.09434813,0.13985777,0.25492367
7.0692415,-0.106315374,0.2966225,0.2398259
7.115116,-0.24440944,0.44521844,0.3494107
7.0701575,-0.18616772,0.37926853,0.27021337
7.1802664,-0.20911765,0.41291547,0.324687
7.156292,-0.09312713,0.15868735,0.2379716
7.04718,-0.14971262,0.19662905,0.23738588
7.052846,-0.11948252,0.23375118,0.28259295
7.174524,-0.1300329,0.21708715,0.26226544
6.964474,-0.08320308,0.28862202,0.22280961
7.098176,-0.112522125,0.022779584,0.28717908
7.100068,-0.1637438,0.27616894,0.32160357
7.1496925,-0.14236885,0.3615806,0.24981686
7.282492,-0.041804492,-0.16722757,0.20775864
7.0256248,-0.07954323,0.058595896,0.27425188
7.210497,-0.16996324,-0.012482762,0.29668656
7.332159,-0.1438908,-0.22420949,0.2899364
7.2515717,-0.122644186,0.08755541,0.2007644
7.366074,-0.22139192,-0.063156724,0.3143164
7.4311237,-0.18990648,-0.35849857,0.32420793
7.6564484,-0.14971411,-0.4798019,0.2174789
7.3636975,-0.10966092,-0.12526524,0.22552967
7.2096634,-0.17662865,0.0101338625,0.2807186
7.4151316,-0.140342,-0.028731704,0.2290184
7.5915036,-0.121966064,-0.6546455,0.24121144
7.5407066,-0.18586236,-0.44713408,0.32274628
7.273966,-0.252927,0.36512363,0.32408327
6.9629784,-0.25096613,0.640905,0.3705104
7.0421467,-0.2922321,0.63116574,0.40446895
7.1408987,-0.22041458,0.4377656,0.3485604
7.062233,-0.12091905,0.28710604,0.25608158
6.989858,-0.158728,0.37233794,0.28665546
6.831602,-0.2180013,0.887995,0.32963997
7.079594,-0.22963399,0.537858,0.30275047
7.2100983,-0.1333425,-0.00615263,0.2611233
7.422901,-0.12045449,-0.5218472,0.28442138
7.4668655,-0.11198628,-0.43264425,0.20901935
7.4686794,-0.08874977,-0.39779836,0.24114227
7.288256,-0.035612047,-0.22708267,0.2038652
7.447878,-0.049384117,-0.54583037,0.20494287
7.528367,-0.124902666,-0.51773584,0.28445244
7.4897375,-0.11507529,-0.6268899,0.25242013
7.651036,-0.15542889,-0.53570324,0.26749122
7.7170143,-0.15054733,-0.610742,0.25722286
7.413376,-0.115561366,-0.42108887,0.23800793
7.4570413,-0.035081387,-0.48433912,0.20544432
7.5126057,-0.021460056,-0.5752556,0.21480027
7.738772,-0.15371889,-0.9031546,0.27672303
7.664295,-0.1483224,-0.69532806,0.2618863
7.616399,-0.08458674,-0.610675,0.21330076
7.5554943,-0.10494602,-0.87344503,0.28489637
7.4607487,-0.23001558,-0.09337282,0.33211637
7.486212,-0.30731875,-0.40141445,0.4035131
7.6789494,-0.31920612,-0.43746573,0.4286213
7.831316,-0.33216769,-0.6660974,0.46545762
7.79699,-0.2463001,-0.8196682,0.35927927
7.833557,-0.31578064,-0.8901031,0.3853135
7.89757,-0.3853538,-0.884012,0.4639296
7.822111,-0.33602786,-0.7709675,0.4094087
7.838462,-0.38049012,-0.7142737,0.48325002
7.606365,-0.39680594,-0.71230495,0.5205166
7.8912034,-0.48337865,-0.71610975,0.5951856
