7.8917265,-0.50802743,0.6629405,0.6891791
7.734287,-0.36145043,0.54818213,0.48518634
7.7353883,-0.44536328,0.78897834,0.49366194
7.796154,-0.52800924,0.7656498,0.71755177
7.918043,-0.49366277,0.76614666,0.59715325
7.925322,-0.5359163,0.7185085,0.6637246
7.9588447,-0.60414785,0.87332225,0.82397395
7.831464,-0.5326854,0.8969948,0.6935758
7.9054627,-0.5140394,0.8723614,0.57602686
7.8011436,-0.4346593,0.5503018,0.58072394
7.934048,-0.3407057,0.020151973,0.5032261
7.8899603,-0.23307097,-0.12689424,0.31508964
7.9232225,-0.19291645,-0.3486026,0.3578909
7.926655,-0.3684013,0.35420263,0.44225848
7.7461824,-0.46220458,0.82931733,0.47579253
7.9077063,-0.5290669,0.99871206,0.69320226
7.8463507,-0.51044273,0.86070895,0.646185
7.914809,-0.54127526,0.86098385,0.68823284
7.943693,-0.5135165,0.6913421,0.6838233
7.9424763,-0.47634387,0.53345275,0.53119344
7.928718,-0.48015243,0.6607406,0.6060378
7.8376465,-0.5260067,1.0584347,0.5946195
7.6517043,-0.5394849,1.4871075,0.6631471
7.814646,-0.54586047,1.1090319,0.63554794
7.754407,-0.5372776,1.1223238,0.6463766
7.906443,-0.48528737,0.55426216,0.52260375
7.7107124,-0.39380705,0.63753176,0.5053416
7.91502,-0.40211385,0.3869257,0.48000008
7.7280707,-0.40564036,0.8222095,0.471502
7.5480433,-0.38320982,0.8164685,0.5469293
7.4189987,-0.33928192,1.1310129,0.44481146
7.409278,-0.39187294,1.2134497,0.4408598
7.46988,-0.4262321,1.2119908,0.5545045
7.656099,-0.35804468,0.8581482,0.39321125
7.6291575,-0.3416322,0.71478605,0.43407863
7.7202344,-0.34090787,0.56823575,0.45180666
7.7459245,-0.33827382,0.39591563,0.39464393
7.64951,-0.1874398,0.33133006,0.28500208
7.85101,-0.19878364,0.049826503,0.3282764
7.8741884,-0.21300876,0.09689367,0.3427276
7.685397,-0.22861034,0.48201883,0.33033034
7.4959774,-0.26217055,0.7897086,0.3777783
7.674462,-0.29153246,0.48791993,0.40791422
7.620761,-0.27538484,0.5308652,0.41205037
7.7092557,-0.34560317,0.4676931,0.43219963
7.767531,-0.28347105,0.40955162,0.37547737
7.6837964,-0.16759533,0.25559795,0.27637208
7.6233315,-0.1460191,0.49301457,0.23353286
7.384444,-0.11275941,0.72145224,0.2211861
7.3459697,-0.17543614,0.81472504,0.2577992
7.7101703,-0.22817975,0.73574185,0.34081486
7.565501,-0.16135198,0.350093,0.2972832
7.53373,-0.2257548,0.6771356,0.33950186
7.961913,-0.29938823,0.016013384,0.34491098
7.8314342,-0.26830167,0.2095331,0.41413724
7.9462967,-0.3967104,0.32258534,0.46511275
7.917615,-0.4063061,0.55546975,0.43175334
7.7275596,-0.37494898,0.6775726,0.5254181
7.723424,-0.40063703,0.7318878,0.46414316
7.650873,-0.4169793,0.87358713,0.4817021
7.635172,-0.27735806,0.68973446,0.32695827
7.5068836,-0.273763,0.8527845,0.36065507
7.48641,-0.3090316,0.9284909,0.43295076
7.714373,-0.43438268,1.1075842,0.535387
7.688347,-0.5521854,1.2466078,0.7674906
7.726716,-0.49658775,0.9131787,0.51639086
7.6474934,-0.4823081,1.0709071,0.59417254
7.830445,-0.53591037,0.8836181,0.71174353
7.8070464,-0.43223083,0.82011724,0.50686485
7.761743,-0.41435117,0.81547093,0.46197975
7.6395054,-0.39830363,0.78070927,0.5279375
7.6649814,-0.48514396,0.84309244,0.60485995
7.8019533,-0.37485516,0.56921136,0.4154406
7.724704,-0.45058095,0.8006871,0.5802086
7.7683434,-0.43016642,0.69197965,0.5302278
7.7600865,-0.44765055,0.85695076,0.52888083
7.764325,-0.4863866,0.5988939,0.62764734
7.841684,-0.47324038,0.6737616,0.57673043
7.737534,-0.50267184,0.9147285,0.5973612
7.6342535,-0.50486076,1.2127802,0.62046164
7.629727,-0.53973544,1.2568767,0.6507774
7.5941563,-0.5945425,1.6684742,0.7860484
7.6390657,-0.62721586,1.8858261,0.8336108
7.6418605,-0.6445134,1.8793476,0.7256067
7.6118755,-0.5829213,1.4577155,0.7013805
7.565334,-0.5494138,1.4605341,0.70977217
7.5579205,-0.5182354,1.597187,0.5761996
7.4595695,-0.5750389,1.7902079,0.71107805
7.6618133,-0.5923412,1.5260618,0.6694688
7.903908,-0.6685772,1.3250039,0.8023874
7.912711,-0.5869534,0.73469794,0.7358082
7.678356,-0.5088563,1.2012985,0.60279137
7.6975203,-0.63210356,1.7237604,0.7238228
7.9319773,-0.6767297,1.1660373,0.89492595
7.9342136,-0.66227734,1.0715213,0.8623545
7.8185015,-0.659377,1.5469902,0.78353107
7.794142,-0.6298449,1.3348885,0.7269057
7.837222,-0.5989388,1.3261254,0.73585975
7.7517185,-0.5659658,1.2545598,0.56097966
7.478914,-0.5183253,1.6467063,0.6102968
7.574069,-0.53910094,1.5739374,0.6636003
7.588568,-0.49533254,1.2707605,0.6737379
7.681795,-0.45415413,0.8189602,0.54456085
7.827324,-0.45593274,0.6543397,0.49360406
7.9049273,-0.44775367,0.65780354,0.5947009
7.6669664,-0.33750916,0.633904,0.4089666
7.523591,-0.3124001,0.84897137,0.3944546
7.4117746,-0.24421346,0.8152815,0.35303706
7.439162,-0.29066205,1.0322425,0.37702137
7.536899,-0.32850176,0.72717273,0.46504712
7.683417,-0.28290963,0.4907372,0.3574502
7.756412,-0.2503273,0.33413243,0.35022056
7.719496,-0.31519175,0.49330902,0.37604207
7.7708335,-0.18316346,0.099052906,0.28357196
7.6472216,-0.2757554,0.3501407,0.4146995
7.7698193,-0.34329498,0.31829023,0.43139306
7.7683725,-0.33191252,0.4876263,0.45499772
7.9352093,-0.46187997,0.57134557,0.5469891
7.99314,-0.5052142,0.506168,0.59213907
7.912245,-0.4205224,0.40194106,0.45051378
7.890282,-0.41933602,0.5246446,0.5303213
7.7817564,-0.43496,0.78091764,0.48138297
7.99706,-0.45410454,0.2606156,0.5307976
7.772917,-0.39514685,0.76952875,0.4223811
7.707114,-0.42148525,0.7632103,0.52433044
7.64953,-0.4731742,1.0158908,0.59437114
7.9342957,-0.4896044,0.36754906,0.57277775
7.8784637,-0.461008,0.43763196,0.6371873
7.9984255,-0.52216244,0.47756255,0.49514657
7.933034,-0.4170382,0.43070364,0.509473
7.7191234,-0.37288105,0.71753645,0.53886694
7.723822,-0.49876165,1.0451188,0.59728956
7.8410974,-0.541265,0.8658029,0.66628647
7.8870707,-0.52977157,0.5314108,0.77122176
7.691142,-0.4071948,0.8907976,0.45888817
7.5821843,-0.429007,1.1231511,0.49166566
7.7432714,-0.39610475,0.52982116,0.5059065
7.604929,-0.39385217,0.9721837,0.57995266
7.7173595,-0.4976061,0.9797511,0.61924064
7.827367,-0.4599284,0.7321942,0.61675256
7.884386,-0.576334,1.0263679,0.8003932
7.961713,-0.59589034,0.82502186,0.82197654
7.9931097,-0.5243651,0.29606152,0.8016911
7.9792867,-0.5172887,0.6137818,0.67040455
7.921906,-0.5030334,0.5513897,0.6613365
7.8407125,-0.34377056,0.45063066,0.46761036
7.680152,-0.32614148,0.6597116,0.40308303
7.6681795,-0.26733977,0.48873663,0.40646031
7.6053157,-0.27161694,0.5671234,0.3671354
7.6361036,-0.24609816,0.5664427,0.30470482
7.88876,-0.35649765,0.44532132,0.3931194
7.8744135,-0.35834217,0.2552755,0.45395797
7.728363,-0.3259418,0.6275798,0.43228045
7.7059126,-0.31737632,0.52211285,0.3991844
7.3813744,-0.263865,0.7249268,0.37538242
7.386524,-0.24178874,0.9793892,0.35140327
7.4038854,-0.2972393,0.9426,0.40664417
7.4287505,-0.36395,1.044452,0.47170514
7.4639506,-0.4026478,1.1803546,0.5136624
7.3255806,-0.44780242,1.6042416,0.5221322
7.6120033,-0.4097033,1.1133966,0.51076335
7.254052,-0.33096308,1.2550368,0.49782854
7.2578306,-0.33214533,1.229882,0.4200753
7.387473,-0.3112291,1.1297078,0.43731457
7.203025,-0.23423576,1.0757556,0.31452164
7.416043,-0.24392575,0.6819649,0.392515
7.411166,-0.2639826,0.88144326,0.35715604
7.239667,-0.21752143,0.9658723,0.3598633
7.185646,-0.22683948,1.0847397,0.33856365
7.3413243,-0.23358381,1.0232835,0.35701632
7.4928827,-0.19343352,0.76173115,0.27638996
7.3541503,-0.19292814,0.6905799,0.3115381
7.3790665,-0.034114897,0.5636631,0.20828831
7.6878576,-0.24187052,0.34314895,0.28487432
7.998544,-0.11088216,-0.2534523,0.2381216
7.9803987,-0.0277434,-0.4138224,0.21147706
7.9871593,-0.09266907,-0.1473481,0.20579161
7.860403,-0.14131993,-0.02674526,0.23632179
7.3282256,-0.17042041,0.90858376,0.29857716
7.562129,-0.3129884,0.7293601,0.4324836
7.4579473,-0.32730544,0.86853373,0.36297947
7.603179,-0.29903013,0.78959966,0.35849547
7.7795515,-0.25853956,0.29947042,0.39231458
7.559585,-0.04274702,0.041510582,0.24741793
7.2559056,-0.03718877,0.4969777,0.20920196
7.3483305,-0.054606855,0.4576732,0.21863377
7.4045286,-0.16285998,0.83485603,0.26812932
7.4073315,-0.12885773,0.6203711,0.2521128
7.0719786,-0.114745975,0.9374466,0.21606463
6.7804,-0.07308036,1.3313153,0.2264831
6.964614,-0.08461964,1.241987,0.20611176
6.673296,-0.11686593,1.5065739,0.22862971
6.8030586,-0.13939822,1.3456037,0.31621343
6.937844,-0.17443502,1.3595839,0.26685986
6.7372293,-0.09445149,1.4593945,0.27606764
7.05297,-0.1615032,1.2958846,0.28473148
6.7492867,-0.13865209,1.5050309,0.24073552
6.912487,-0.16801578,1.3599083,0.28245178
7.2771044,-0.15955502,0.98185277,0.24074829
7.2153587,-0.22212362,1.0572896,0.36679476
7.349104,-0.24671125,0.9577075,0.31800333
7.2709694,-0.20028853,0.93869185,0.3035056
7.6973,-0.23259413,0.21797216,0.33432943
7.765469,-0.24070156,0.37653494,0.3445924
7.952261,-0.32027775,0.29363918,0.37299323
7.7459803,-0.21875668,0.26426733,0.32555234
7.64091,-0.22076207,0.39413607,0.28789
7.6430855,-0.2698803,0.60144436,0.35129625
7.848171,-0.29859245,0.28310502,0.3577365
7.6085744,-0.27067697,0.537439,0.3898018
7.4588847,-0.33933336,0.81176805,0.46934187
7.5709248,-0.26746953,0.5410173,0.35672468
7.608149,-0.23769486,0.575384,0.3066698
7.649007,-0.18493485,0.41432333,0.30164796
7.37721,-0.20936143,0.72788405,0.31734443
7.6195354,-0.28117013,0.56700325,0.36968583
7.704624,-0.4054562,0.7550026,0.4395932
7.8128843,-0.3815503,0.50766146,0.4146015
7.736265,-0.3367272,0.24395227,0.41220987
7.8401866,-0.2870453,0.33627343,0.3665441
7.9520187,-0.29776227,-0.043944657,0.40487683
7.830121,-0.31395072,0.08663428,0.4532085
7.928203,-0.26854575,0.09618747,0.31687427
7.9526167,-0.35531884,0.3469138,0.4443721
7.810256,-0.271262,0.13440335,0.36730093
7.7788196,-0.21715242,0.31469893,0.37397206
7.7496023,-0.2238577,0.38471758,0.29638255
7.713761,-0.2973376,0.67846954,0.35173112
7.6299906,-0.3764438,0.8517903,0.45070833
7.876096,-0.4619506,0.73352647,0.4801923
7.6845646,-0.41475105,0.71588814,0.48194575
7.685416,-0.2864877,0.46608126,0.37445992
7.640068,-0.314125,0.4785658,0.47290742
7.6841784,-0.4361828,0.8267081,0.48939455
7.675172,-0.43952644,0.92184067,0.5362164
7.4503202,-0.37694514,1.3153367,0.41418028
7.440104,-0.38323116,1.1375105,0.44239452
7.1577744,-0.35973597,1.4250412,0.4524253
7.250474,-0.3165939,1.2131209,0.4248981
7.457898,-0.34008086,1.1323321,0.39033794
7.5715485,-0.3868236,0.9787357,0.46530527
7.6545763,-0.37648553,0.79006314,0.4516533
7.740963,-0.45018297,0.77740026,0.5493419
7.7441063,-0.45896637,0.7423408,0.5022994
7.885073,-0.49668175,0.501722,0.5786801
7.894377,-0.43789566,0.3478632,0.58795047
7.775065,-0.47248834,0.8487812,0.601418
7.87385,-0.5287479,0.65929365,0.63910735
7.827403,-0.568772,0.98083746,0.75823313
7.929152,-0.582698,0.8572099,0.7007164
7.6389112,-0.065113425,0.22366714,0.2406289
7.703055,-0.14394379,0.2970252,0.23041968
7.3629045,-0.18995243,0.8060782,0.31293306
7.1945024,-0.08949387,0.8762764,0.21811229
7.0649595,-0.10810292,1.0118294,0.24625222
6.97133,-0.10262716,1.1367781,0.23936278
6.8428745,-0.08346921,1.3451345,0.20017838
6.825021,-0.1185475,1.3906806,0.22375941
6.6040173,-0.0974893,1.6335063,0.221706
6.681861,-0.08146906,1.59234,0.22991623
6.643121,-0.044719398,1.4670868,0.23104174
6.673042,-0.019937932,1.3579528,0.2033676
6.621005,-0.13071364,1.6890752,0.21391103
6.843076,-0.13974458,1.2900023,0.25889993
6.7358074,-0.0898332,1.3138175,0.2014908
6.6693573,-0.055941224,1.4772096,0.22071907
6.662746,0.017311215,1.1045759,0.200645
6.8082676,-0.094130635,1.3395782,0.20410317
6.887183,-0.06286162,1.2171798,0.21446984
6.891782,-0.037037075,0.933475,0.24754584
6.930888,-0.027817607,0.9280859,0.20374522
6.9720755,-0.09641391,1.1071222,0.2650985
7.2034807,-0.16448379,1.0346317,0.22443706
7.0215883,-0.1124953,1.1214709,0.2511654
6.9787245,-0.07811743,1.3108058,0.20884643
7.28833,-0.09399891,0.77741957,0.2401242
7.184539,-0.08242875,0.93969727,0.21407089
7.1808662,-0.12522042,1.0107837,0.20018874
7.303091,-0.1772148,1.0263317,0.2900651
7.167981,-0.11903304,0.898268,0.27840105
7.148683,-0.06493968,0.8057277,0.22091411
6.805322,-0.07649672,1.1394749,0.2319454
6.7764664,-0.055116534,1.314374,0.21466386
6.894512,-0.110112965,1.3563802,0.23240098
6.9836593,-0.14668292,1.2303047,0.24107167
7.0767303,-0.10757136,0.97959447,0.2493907
7.0016627,-0.1960522,1.3250067,0.3251446
6.8375273,-0.16990519,1.4740071,0.26978073
6.9348164,-0.25506246,1.5925703,0.3569941
7.0483303,-0.2379219,1.322418,0.31669855
7.4919534,-0.31025362,0.9050987,0.37624884
7.3538303,-0.24675465,0.9904301,0.38608098
7.345345,-0.22274834,0.8364978,0.33265388
7.278245,-0.22863644,0.8679285,0.38327053
7.388836,-0.23592782,0.97915745,0.33306986
7.3387184,-0.21756577,0.84813356,0.3451985
7.240487,-0.17896861,0.97336173,0.2722732
6.9740777,-0.12711519,1.3675582,0.25078878
6.728847,-0.14131558,1.5694778,0.294654
6.839452,-0.17534226,1.5559547,0.28467822
6.912999,-0.16530007,1.4950144,0.3214903
6.9399204,-0.20111144,1.3075557,0.31461832
6.951904,-0.25297093,1.6720419,0.37021917
6.911143,-0.2108888,1.6019197,0.36701846
7.1000476,-0.21928859,1.2206426,0.33165863
6.9256296,-0.22573751,1.3141818,0.32652265
7.2894096,-0.35540414,1.3192046,0.447832
7.5726547,-0.3711142,0.94291186,0.47429848
7.4523478,-0.29155862,0.9883598,0.36449814
7.1385107,-0.13458747,1.0502472,0.2543586
7.2854443,-0.14654541,0.79988146,0.29712373
7.1311355,-0.13920856,1.037601,0.31531742
7.1739287,-0.1272704,1.0840278,0.2723928
7.067872,-0.21444154,1.2128615,0.3097363
6.960007,-0.23778039,1.5612416,0.32692832
7.0045633,-0.20044798,1.1955485,0.32239708
7.0576277,-0.1365794,1.1494172,0.2719
7.0044246,-0.17680019,1.2336175,0.2552825
6.9421773,-0.15262645,1.18823,0.3018487
6.972966,-0.058917224,1.1145804,0.21310662
6.8610086,-0.11618239,1.2467229,0.23512879
6.755245,-0.1101231,1.2731235,0.2998842
6.9232807,-0.1338324,1.1857033,0.28043634
7.162431,-0.120131135,0.9877118,0.22973901
7.0524263,-0.07623166,0.9319105,0.22816476
7.0836716,-0.18942499,1.125035,0.27316707
7.1767073,-0.16542631,0.9927304,0.28737175
6.976166,-0.21475267,1.5107155,0.30722076
6.832349,-0.20291942,1.4707482,0.29680264
6.8735633,-0.21211451,1.4970279,0.32539344
6.7104316,-0.10280824,1.5524473,0.25841266
6.2839003,-0.055535138,1.8244867,0.23445448
6.3693237,-0.06877065,1.8266301,0.21375692
6.56535,-0.07100636,1.5936015,0.21494527
6.5878615,-0.08949858,1.6588769,0.20035696
6.623582,-0.0706355,1.5095682,0.25687826
6.5919123,-0.027839363,1.6101258,0.21527782
6.662795,-0.19046015,1.7446599,0.2958098
6.8338003,-0.17874724,1.3541145,0.2782794
6.690813,-0.12905842,1.4812381,0.24719915
6.5709796,-0.07659167,1.709744,0.21802859
6.526791,-0.076134264,1.7267699,0.22448646
6.201294,-0.024504066,1.8561788,0.20264782
6.4745035,-0.13307536,1.9870358,0.2529014
6.1366353,-0.03167665,1.9908161,0.20130041
6.403048,-0.15136188,1.991498,0.22141631
6.653884,-0.10329437,1.4325209,0.24608614
6.7934227,-0.07746482,1.2886202,0.20455207
6.495495,-0.022635698,1.4958267,0.21007374
6.5171885,-0.016220272,1.5029573,0.20648184
6.486224,-0.010005832,1.4277062,0.22471698
6.294784,-0.025546134,1.7507648,0.20589343
6.230264,-0.015916407,1.8574591,0.21492875
6.3375587,-0.103084564,1.9501913,0.2281274
6.425215,-0.19149613,1.9848254,0.26918298
6.5306225,-0.21514183,1.9977529,0.27960935
6.623355,-0.20553392,1.8624923,0.282999
6.8045444,-0.14377928,1.354563,0.2834696
6.8372736,-0.19169462,1.4523094,0.34581047
7.04479,-0.14594454,1.1320705,0.28905424
7.034164,-0.17056584,1.1950214,0.2962596
7.111088,-0.11146122,0.97345674,0.28178215
7.179067,-0.21351826,1.1783526,0.29613525
6.983184,-0.111869454,1.1414406,0.24395323
7.1035423,-0.11875945,0.7586498,0.28451025
7.1901402,-0.22377568,1.0814283,0.33071095
7.122765,-0.20213675,1.1622207,0.32484937
7.1351323,-0.3165369,1.3979955,0.3856812
7.0760913,-0.28804642,1.5768051,0.3533192
6.9862723,-0.27305073,1.5462365,0.39738724
7.0262103,-0.26170754,1.5625949,0.34073198
7.036364,-0.12551278,1.1458545,0.26707488
7.089926,-0.17318267,1.1016273,0.36835855
7.204673,-0.29068756,1.2889762,0.36808676
7.200363,-0.22079766,1.2030451,0.2707511
7.0260987,-0.12403959,0.9797559,0.29360902
7.0185695,-0.13455325,1.0864408,0.24659014
6.860173,-0.038150012,1.1671743,0.21476264
7.0426507,-0.11272669,1.0237329,0.21300621
7.1323175,-0.07994574,0.80721307,0.21348728
6.9859543,-0.041653574,0.9359281,0.2027671
7.0310483,-0.13413757,1.06832,0.23581934
7.2177234,-0.104224265,1.0297868,0.23868383
6.9025126,-0.17845136,1.4462366,0.24433273
7.068815,-0.19747466,1.2469165,0.29864433
7.025609,-0.15081471,1.1561708,0.2827467
6.949812,-0.11158645,1.3188584,0.24285544
6.8824244,-0.09825373,1.2911863,0.2195579
6.965199,-0.12020236,1.3197312,0.22245215
6.9606757,-0.21897781,1.500443,0.26878613
6.8268666,-0.21537691,1.6024323,0.34613878
6.9216814,-0.16801393,1.4073246,0.28076354
6.81863,-0.08397603,1.2827032,0.20519118
6.788897,-0.0991568,1.4057314,0.2090719
6.7715554,-0.10274589,1.4038262,0.21391551
6.7917504,-0.12334752,1.4792333,0.2310501
6.778947,-0.19042653,1.600858,0.2694546
6.860901,-0.15903705,1.5664103,0.24620691
6.9971037,-0.16668832,1.1596341,0.29076537
7.069876,-0.1337803,1.0469232,0.28116205
7.1179533,-0.15709364,1.1341588,0.29869765
7.0398054,-0.19346994,1.3066053,0.25424936
7.0453563,-0.17138577,1.2040768,0.35313618
6.939189,-0.19252378,1.5295494,0.28846347
6.839718,-0.18555379,1.3946028,0.33845836
6.958666,-0.21826369,1.435431,0.3349331
6.772078,-0.1936009,1.5226259,0.34503555
6.964631,-0.24218267,1.4698098,0.34404886
7.2113695,-0.23145968,1.1678925,0.37186897
7.3062077,-0.27850896,1.147819,0.37295336
7.4168787,-0.25273317,0.8757789,0.3271088
7.323969,-0.2502517,0.9102967,0.36989355
7.3482704,-0.23117149,0.9293654,0.33286357
7.180784,-0.21557236,1.0088682,0.3689121
7.040063,-0.25764334,1.4084673,0.40686893
7.0736084,-0.28819805,1.5053396,0.40881097
7.0848093,-0.32500386,1.3847528,0.45138705
6.7846537,-0.28864652,1.6594529,0.34236294
6.900306,-0.35142052,1.9411268,0.4642278
7.037748,-0.40134674,1.7899475,0.45855933
6.892803,-0.37990296,1.9912457,0.45344138
7.012646,-0.38420916,1.9073935,0.5114646
6.7942214,-0.29499483,1.9672186,0.36550197
6.8095245,-0.19676507,1.7041063,0.28698364
7.0881915,-0.15611535,1.1157005,0.28162542
7.0740576,-0.13047624,0.90821385,0.2805412
7.083663,-0.14962697,1.0514302,0.2652246
7.081615,-0.1514566,1.0642316,0.3104142
7.131499,-0.21057343,1.2289913,0.28460878
7.1536303,-0.27741545,1.2011619,0.43607318
7.3324337,-0.307518,1.2862458,0.4169257
7.348977,-0.2689355,0.9099777,0.42325234
7.5149393,-0.36706382,0.99843633,0.45086926
7.727771,-0.38317305,0.745911,0.4164193
7.690036,-0.44974154,1.0958433,0.6311063
7.6491575,-0.44513923,0.9113153,0.54491097
7.7673626,-0.5244578,0.97428787,0.6700157
7.9160986,-0.49190426,0.75230503,0.61348796
7.857813,-0.52170444,0.8342109,0.6888031
7.7057734,-0.5693917,1.1527977,0.7478259
7.971214,-0.5054045,0.6457665,0.53505963
7.9896894,-0.5151551,0.6576327,0.5887678
7.957819,-0.47610992,0.35341597,0.57310224
7.9427505,-0.49984932,0.58239484,0.652621
7.740078,-0.49245673,1.0384507,0.5845864
7.5932674,-0.41916305,0.9183924,0.5343137
7.6512938,-0.3948117,0.97561836,0.4171378
7.3115788,-0.38167095,1.3880429,0.42347875
7.358867,-0.348211,1.403064,0.44642335
7.406927,-0.4819209,1.5046501,0.5650491
7.561366,-0.5231914,1.456783,0.57095015
7.7169333,-0.43986225,1.0285993,0.64916867
7.350553,-0.41726315,1.47753,0.46715873
7.168532,-0.32445705,1.4475417,0.4339165
7.228971,-0.4003821,1.7542815,0.5114759
7.449196,-0.43673456,1.2410343,0.5632023
7.605152,-0.43449616,0.9479947,0.4914788
7.7728376,-0.45406294,0.5616962,0.5801997
7.576599,-0.39558744,0.8809438,0.49799109
7.516675,-0.29213393,0.8049977,0.3291242
7.463052,-0.23932087,0.87872314,0.2647937
7.214538,-0.18025362,1.0266252,0.24471906
7.136025,-0.15257901,0.9122455,0.30991778
7.2732825,-0.15159696,0.7341335,0.28123912
7.2606754,-0.18379778,0.98307395,0.25995964
7.126112,-0.2574333,1.2970643,0.3148143
7.2174606,-0.23715168,1.0187073,0.3899954
7.0933743,-0.20776016,1.0387464,0.29573688
7.2721567,-0.13824767,0.73418975,0.272235
7.300373,-0.18674105,1.0148957,0.27478963
7.28929,-0.121820986,0.77185297,0.24652642
7.0661516,-0.08620942,1.033792,0.25114787
7.053905,-0.11163968,1.2415836,0.2547592
7.204829,-0.08205497,0.7668694,0.20407997
7.1562157,-0.019981682,0.7226007,0.2255659
6.8447027,-0.028426766,1.0510125,0.22893406
6.892877,-0.07200503,1.1959319,0.26934245
7.065107,-0.17680943,1.1020398,0.28218728
7.304341,-0.10271299,0.7082906,0.23237495
7.4903727,-0.08410543,0.49082732,0.22868568
7.3621674,-0.037593186,0.5611961,0.21632665
7.171511,-0.049925685,0.7692249,0.20485237
7.0579977,-0.12517118,1.0627971,0.22246796
7.0266623,-0.056204498,0.992028,0.22000827
6.8429317,-0.06416458,1.2234683,0.2382672
6.873222,-0.07347238,1.1921701,0.23334838
6.870969,-0.18170995,1.5286715,0.3109688
7.1080008,-0.23694491,1.2580097,0.29067224
7.0557747,-0.12790787,1.0021706,0.28903934
7.1134787,-0.15354627,1.0455623,0.27096403
7.267749,-0.11680251,0.947556,0.2374542
7.0377293,-0.32325393,1.4349217,0.3994226
6.96861,-0.20829666,1.3179631,0.31779125
7.0318723,-0.3062368,1.595824,0.32001668
7.18611,-0.3064285,1.3069527,0.43924028
7.047435,-0.25012422,1.2769732,0.37390608
6.9836926,-0.24548572,1.581104,0.352006
7.3883924,-0.35008848,1.269433,0.48399657
7.4407477,-0.3901751,1.222847,0.48586518
7.439158,-0.43101376,1.2701254,0.49861294
7.3312383,-0.18922502,0.81512344,0.2684249
7.226292,-0.10000551,0.88207245,0.21658173
7.281605,-0.1290546,0.7876806,0.23264623
7.0944996,-0.053860903,0.7875104,0.23429029
7.1745358,-0.10458106,1.016139,0.26117158
7.0077047,-0.026268959,1.0665987,0.2193053
6.953459,-0.09558773,1.1778171,0.2643298
6.8197913,-0.086553514,1.3332675,0.24448258
6.7705956,-0.028023183,1.2358096,0.21334432
6.624232,-0.024354875,1.5188355,0.21350227
6.5974636,-0.08531648,1.7302103,0.20433754
6.375828,-0.06294459,1.8504868,0.20955788
6.310719,-0.04232186,1.7447543,0.23709345
6.3403378,-0.045343578,1.7332115,0.23757432
6.5241075,-0.067601025,1.7672329,0.2290066
6.558722,-0.14551264,1.9525661,0.21725789
6.483761,-0.04393822,1.5527976,0.22069089
6.397717,-0.033217847,1.639163,0.22318026
6.405096,-0.082021296,1.798876,0.20115285
6.577648,-0.06866962,1.679033,0.21131544
6.539465,-0.06132537,1.6107907,0.21496359
6.454957,-0.11357868,1.7454681,0.2306674
6.490471,-0.07700509,1.5539365,0.22438496
6.539422,-0.10555017,1.682075,0.20967206
6.5697865,-0.10369456,1.5280898,0.23585176
6.678278,-0.09544057,1.4997089,0.22365408
6.5633917,-0.11106765,1.6603317,0.26104546
6.716913,-0.14601696,1.7444577,0.22371833
6.936524,-0.122225404,1.3358669,0.2591881
6.991971,-0.09326315,1.1076849,0.30034304
6.9842544,-0.1046769,1.174959,0.25022048
6.788998,-0.023996294,1.1403983,0.23073107
6.897733,-0.058214962,1.2267165,0.24862951
6.8460507,-0.08396751,1.3824964,0.22975402
6.8222036,-0.18494081,1.4833426,0.34826952
6.9465046,-0.28179938,1.4791007,0.39736623
7.155422,-0.32255244,1.4971564,0.38973165
7.30555,-0.3569876,1.2443495,0.3746904
7.252586,-0.15228951,0.8751731,0.27150097
7.024257,-0.09817451,1.1508017,0.23903158
7.1999545,-0.072687626,0.80014944,0.24626613
7.343996,-0.11153793,0.74956584,0.28184992
7.320619,-0.24306661,0.9023653,0.30314046
7.237962,-0.19956332,0.94791055,0.278612
7.2589264,-0.21187532,0.9530802,0.33086056
7.3997602,-0.21567833,0.7249348,0.3399179
7.094942,-0.102026165,0.8485501,0.25945902
7.1945724,-0.1951353,0.9702332,0.28277934
7.266728,-0.1748892,0.97154164,0.2779752
7.144685,-0.21928865,1.1992476,0.30768925
7.34025,-0.23825407,0.7992244,0.3636148
7.3514957,-0.24025184,1.0809655,0.3130088
7.43142,-0.2743624,0.90665615,0.37343603
7.3629055,-0.30279917,1.1848645,0.42821673
7.4335947,-0.29349607,0.9407053,0.4048672
7.71756,-0.31487787,0.5557717,0.37272984
7.648933,-0.244201,0.65648746,0.32221147
7.3075156,-0.24863917,0.92402196,0.3451803
7.323053,-0.25135577,0.93848777,0.3319878
7.2974424,-0.26240033,1.0215619,0.36432827
7.5076323,-0.25037664,0.74692583,0.36096197
7.502737,-0.30222273,0.81768036,0.43921888
7.5516443,-0.3892659,0.9130976,0.49823248
7.7328353,-0.4603628,1.0847614,0.5678626
7.603487,-0.46296477,1.1674376,0.5484425
7.904905,-0.5269362,1.0799484,0.6015216
7.936558,-0.53502154,0.7094166,0.7381321
7.992747,-0.48308724,0.42142534,0.6836976
7.985684,-0.50659496,0.40353823,0.64983946
7.9688826,-0.45958418,0.60731125,0.6143252
7.9319453,-0.48595136,0.81460595,0.5174009
7.6779156,-0.48507816,0.93848395,0.58917123
7.6825676,-0.4599957,1.1370294,0.49062455
7.530335,-0.39592397,0.9330163,0.41343057
7.7828007,-0.52211154,0.82959557,0.59157395
7.8263702,-0.44106257,0.6206503,0.52945876
7.88192,-0.52599895,0.81149423,0.59334844
7.758487,-0.40338498,0.8764616,0.38722253
7.2837324,-0.33289576,1.296262,0.3969283
7.399895,-0.36406362,1.0509453,0.47543353
7.468583,-0.36043823,0.90759254,0.45157963
7.4555044,-0.31138635,0.8076036,0.43962353
7.436411,-0.3536288,1.1634002,0.41844606
7.336341,-0.2958035,0.97083664,0.39303637
7.5247946,-0.31364608,0.7319975,0.44385317
7.415715,-0.23544914,0.75197124,0.31856138
7.4786506,-0.2435587,0.7632023,0.34510887
7.4135103,-0.15960568,0.61583924,0.26806405
7.363229,-0.18930829,0.8776467,0.3341751
7.2530003,-0.18013072,0.95070446,0.2914816
7.286945,-0.19715375,0.8538853,0.28721914
7.386659,-0.18898171,0.68889666,0.3301655
7.406747,-0.26339412,0.85388565,0.35666078
7.472457,-0.24844605,0.70034146,0.38642007
7.5325613,-0.20635808,0.5112263,0.32366887
7.6835947,-0.1500172,0.253865,0.3077004
7.575173,-0.28851765,0.70233035,0.4017531
7.471264,-0.3218587,1.0836174,0.36647248
7.272588,-0.2647152,0.9742142,0.37454712
7.1382217,-0.15161592,1.1165743,0.24421215
6.859516,-0.13199168,1.4473219,0.2601544
6.8838887,-0.044944644,1.2046738,0.23077002
6.8336573,-0.019002676,1.0652804,0.20476413
6.5913496,0.0022172928,1.3905935,0.2150406
6.829649,-0.091187656,1.3491464,0.21205863
6.706768,-0.15697247,1.7146807,0.22636198
7.0137014,-0.25930285,1.4327397,0.34631842
6.875225,-0.23746943,1.4843554,0.30662212
6.993685,-0.2990405,1.5387323,0.38982767
6.923817,-0.25943327,1.5621011,0.32762027
6.8669443,-0.26903713,1.6400349,0.3617828
6.996455,-0.3080396,1.6153128,0.4336269
7.108572,-0.32410866,1.5811956,0.42464995
7.086701,-0.351326,1.683851,0.42636696
6.9254675,-0.31501752,1.7571397,0.39440072
6.8025007,-0.2149226,1.605597,0.35117692
6.991885,-0.2962346,1.7159238,0.36707947
6.828513,-0.24123836,1.6037159,0.3868878
6.663181,-0.14627707,1.4860425,0.25529078
6.5696154,-0.13164353,1.7196388,0.28185767
6.569167,-0.15450543,1.7371948,0.25394845
6.485833,-0.103226125,1.8500075,0.23111418
6.377081,-0.06602639,1.787292,0.2143769
6.5198565,-0.08903855,1.7023001,0.21227175
6.497456,-0.12596095,1.7856755,0.2427752
6.7368975,-0.11464971,1.337631,0.2864701
6.867857,-0.09856522,1.3203182,0.2174237
6.6011944,-0.037750125,1.3965845,0.21923454
6.6154985,-0.048998475,1.4466295,0.2006115
6.7901273,-0.07583618,1.4187181,0.20673653
6.7278132,-0.150702,1.5166471,0.26777044
7.0727,-0.26380032,1.2506275,0.30908525
7.2510195,-0.18064982,0.9264319,0.31059554
7.5692115,-0.2750535,0.7408738,0.33823556
7.5059175,-0.32571512,0.722702,0.4206412
7.4117994,-0.33562,0.9606645,0.43313897
7.62622,-0.31825173,0.71676373,0.38781166
7.682634,-0.37685704,0.70980453,0.49120396
7.6609464,-0.35201383,0.59924316,0.42291394
7.702428,-0.31834632,0.42438972,0.39608917
7.908955,-0.27209663,0.03095448,0.3682319
7.6351595,-0.2691903,0.40610147,0.39640662
7.754971,-0.33852166,0.34094524,0.394669
7.920718,-0.3992852,0.3296758,0.5112918
7.8764873,-0.3879962,0.2502911,0.4567135
7.9839163,-0.3977667,0.38123012,0.5632614
7.919849,-0.3667341,0.52206516,0.4193433
7.915473,-0.56027985,0.6489377,0.7865144
7.8860364,-0.5302025,0.7313154,0.6066277
7.7177076,-0.5053488,1.1474273,0.59125483
7.735998,-0.5830301,1.399699,0.77474976
7.6222553,-0.5262382,1.3405864,0.635133
7.8397636,-0.45974398,0.78590524,0.5454897
7.8922935,-0.4526112,0.70670867,0.50156605
7.9400363,-0.5140364,0.5659375,0.6190943
7.743976,-0.45531166,0.87437844,0.5568065
7.7132225,-0.4028151,0.7911205,0.48657227
7.6745024,-0.40507984,0.8830191,0.47654724
7.5927444,-0.26550007,0.7349241,0.40120283
7.658299,-0.43489873,1.2154582,0.4856388
7.275153,-0.24666888,1.0895593,0.36058334
6.957893,-0.23792773,1.366066,0.332666
7.0467396,-0.20430887,1.3993106,0.29234147
7.0746713,-0.05059713,1.0862777,0.21232052
6.777296,-0.025482655,1.0882645,0.23237981
6.8760653,-0.101156354,1.2075949,0.23190196
7.0528793,-0.103882074,1.0089979,0.24324775
6.9616203,-0.09827626,1.1223471,0.21645129
7.2054205,-0.066465676,0.8255341,0.20576218
6.977932,-0.06836039,1.0963261,0.22364807
7.0846233,-0.088810265,0.93250966,0.22623895
6.987379,-0.20108277,1.3013935,0.27614534
7.139865,-0.23076838,1.1353898,0.34542233
6.946777,-0.12327373,1.1100407,0.25420257
6.9073787,-0.111183405,1.275059,0.2610362
6.879208,-0.12053263,1.3617222,0.26675463
7.0682187,-0.121364176,1.1546884,0.26958695
7.220886,-0.24661171,1.1628656,0.36997455
7.3972445,-0.26571417,0.83962166,0.39895537
7.5215664,-0.2398451,0.6453879,0.34798002
7.6458063,-0.29915577,0.62380743,0.39001083
7.6264668,-0.2586519,0.7100265,0.30880523
7.5358267,-0.1741764,0.30509984,0.36362326
7.649747,-0.18786466,0.30885172,0.3301729
7.780628,-0.33812994,0.4660672,0.47081894
7.605245,-0.3337794,0.7190466,0.36669418
7.718929,-0.42397082,0.7512808,0.586964
7.7750955,-0.33965558,0.64277005,0.41028404
7.7674227,-0.3940962,0.5110054,0.4732265
7.805844,-0.39337283,0.5988766,0.44220507
7.6954,-0.35405898,0.36650264,0.47529948
7.633329,-0.32367295,0.8275875,0.39752275
7.503051,-0.32909155,0.8410535,0.42401272
7.455142,-0.24291831,0.79164624,0.30347595
7.3169208,-0.0873394,0.52733064,0.27780986
7.1619425,-0.10639745,0.83084106,0.21608432
7.130138,-0.11482024,0.8980129,0.24166963
6.9649873,-0.120802045,1.1006227,0.2659559
7.0733743,-0.08182049,1.1155877,0.20104757
6.802392,-0.01915294,1.0613735,0.21059133
6.9630656,-0.01686424,0.87937355,0.20385972
7.072208,-0.048826814,0.9067097,0.23555733
6.8711634,-0.046426356,1.0808396,0.24781698
6.7732525,-0.16205126,1.5073609,0.23255086
7.1354036,-0.13155788,1.1814361,0.2452909
6.9923277,-0.098700166,1.1291893,0.2384446
7.072736,-0.048000693,1.0916128,0.23009522
7.0181475,-0.078755796,0.9893067,0.20621102
7.1165495,-0.14488208,0.93678916,0.26852453
7.0110207,-0.11114222,1.1356108,0.20892182
7.1183143,-0.11233151,0.94711244,0.21613781
6.730309,-0.091516435,1.3838551,0.21886168
6.8293924,-0.123732865,1.2865548,0.2738221
7.0103617,-0.22875106,1.3603673,0.36604446
6.800196,-0.036969543,1.2834015,0.21427923
7.102602,-0.055256546,0.8130114,0.255049
7.3112507,-0.15544951,0.7806432,0.2632298
7.144861,-0.10993695,0.93301344,0.2541272
7.119795,-0.16295713,1.1386414,0.30348748
7.4832344,-0.1390444,0.37057292,0.28611165
7.454383,-0.09397435,0.5778302,0.21585697
7.3573313,-0.112173736,0.71235347,0.212873
7.0653644,-0.044538498,0.97434294,0.2017497
6.9890237,-0.11157763,1.033705,0.32813722
6.67627,-0.15121174,1.5664454,0.26521254
6.705118,-0.07968229,1.4325619,0.20511691
6.77458,-0.07351273,1.3854971,0.22446263
6.7436485,-0.08065349,1.4230604,0.22142191
6.6582875,-0.15305334,1.6973462,0.26650277
6.672056,-0.15716976,1.4320803,0.27618742
6.9231915,-0.12479627,1.1443388,0.2576238
7.0116663,-0.09477699,1.1399941,0.20586006
7.05186,-0.09460229,1.0219789,0.21403664
7.307618,-0.10925865,0.63449633,0.2490791
7.448235,-0.20243931,0.7222388,0.24485937
7.4622335,-0.064838946,0.55241394,0.22918925
7.394929,-0.056209326,0.52073,0.22949587
7.747925,-0.09310925,0.03040874,0.2405802
7.994511,-0.085989535,-0.24201822,0.23186305
7.8413286,-0.039790988,-0.2250256,0.23334143
7.832398,-0.052271247,-0.2553295,0.21832398
7.485327,-0.18666804,0.4991418,0.2633948
7.4132776,-0.13838255,0.6240647,0.24906261
7.410054,-0.16091609,0.6289896,0.26920554
7.4598923,-0.20907813,0.5500603,0.30304378
7.483286,-0.23637915,0.66612244,0.3453939
7.4573693,-0.3285486,0.81537867,0.37487388
7.5066347,-0.26569295,0.803426,0.38054895
7.0818777,-0.13251573,1.0472839,0.24001102
7.163354,-0.18065423,0.9567046,0.32865235
7.586479,-0.38304842,1.0351138,0.46975505
7.3237495,-0.34973508,1.1539156,0.44155055
7.2442713,-0.33036315,1.3358054,0.46654153
7.186839,-0.28950197,1.216223,0.3378529
7.22651,-0.35047954,1.3817146,0.44957832
7.2260065,-0.33114707,1.3089347,0.38039857
7.311169,-0.34606123,1.252609,0.41530472
7.378586,-0.380383,1.2760057,0.41411728
7.3199453,-0.32538188,1.0763874,0.43024507
6.959439,-0.26504976,1.3474097,0.3778674
7.1096654,-0.25184935,1.3485658,0.3310337
7.4265194,-0.23780638,0.99847865,0.31809038
7.384136,-0.29104805,1.065609,0.39548793
7.4231944,-0.29059434,0.94925904,0.34570402
7.441472,-0.32821602,0.91995406,0.39564705
7.5285444,-0.32321763,0.78661275,0.44955236
7.4369383,-0.35897332,0.9609029,0.55719787
7.5106096,-0.30058372,0.9918045,0.3581751
7.405837,-0.2349211,0.8958143,0.321337
7.3870134,-0.15055847,0.5722394,0.2946038
7.3152885,-0.09904438,0.6672919,0.23057409
7.2058783,-0.037658155,0.7597568,0.23701398
7.2126484,-0.11076754,0.79186296,0.27478695
7.36464,-0.06869161,0.6290139,0.22204342
7.3794503,-0.15245622,0.70874774,0.25329435
7.337449,-0.16565084,0.74038386,0.28016043
7.0698247,-0.16286123,1.1129417,0.24504533
6.862851,-0.13360357,1.3567553,0.26903823
6.90594,-0.17895609,1.3630338,0.2758937
6.8918467,-0.20827991,1.4550624,0.27361935
6.7749004,-0.1791603,1.5369625,0.2763543
7.0061846,-0.1844306,1.3270855,0.27710873
7.06005,-0.13153052,1.0192373,0.25004274
7.138947,-0.13407975,1.0964613,0.24641883
7.310703,-0.22173065,0.904917,0.33948147
7.3291435,-0.29319143,0.97994924,0.3942985
7.2378144,-0.19351429,1.0180254,0.36518517
7.5104146,-0.2222929,0.65500414,0.2917903
7.448253,-0.22590524,0.8386717,0.32116625
7.330988,-0.19356853,1.0240493,0.3147533
7.2649336,-0.1619519,0.93137467,0.25183004
7.421015,-0.20690691,0.7294755,0.3129071
7.4624834,-0.17972505,0.6763828,0.25480705
7.3776693,-0.1716845,0.5989423,0.3064285
7.195217,-0.23917097,0.98838055,0.33821118
7.5103045,-0.2760623,0.8607125,0.35432035
7.373654,-0.3551014,1.1534851,0.45843524
7.2332935,-0.3108611,1.4332592,0.39346004
7.4179783,-0.271375,0.9213829,0.35414585
7.348589,-0.29231519,0.9611721,0.3744541
7.3469944,-0.2816248,0.9752842,0.40749374
7.2142572,-0.2395041,0.90503,0.3827764
7.473834,-0.20750904,0.7782128,0.31002647
7.665656,-0.22117525,0.41887522,0.33518755
7.563815,-0.20536602,0.5090169,0.33627602
7.794334,-0.22894031,0.31014705,0.2978909
7.698932,-0.19790167,0.20144796,0.35244966
7.9145923,-0.40638858,0.37498868,0.50027436
7.8814282,-0.4405502,0.47886539,0.56195205
7.9339395,-0.50891435,0.7881048,0.65058607
7.9339447,-0.546178,1.0139365,0.6440918
7.8688393,-0.4462694,0.67057705,0.47511888
7.906246,-0.32933927,0.062171698,0.46352863
7.8456297,-0.31039912,0.3888266,0.36144382
7.8239746,-0.29986507,0.037419558,0.42031327
7.9439883,-0.4066804,0.31336546,0.4355841
7.8713617,-0.4091097,0.40160906,0.5549343
7.71262,-0.44864774,0.77090216,0.5262405
7.604115,-0.4793538,1.1952996,0.6225414
7.5725274,-0.50181556,1.4552042,0.5307192
7.7255096,-0.4988892,1.1142678,0.66923374
7.868429,-0.5921396,0.853961,0.7930326
7.7320776,-0.5773815,1.3735113,0.5574015
7.884903,-0.6186011,1.194138,0.79955596
7.8489084,-0.63951504,1.2073019,0.77127445
7.7908373,-0.58676106,1.2463346,0.74879014
7.704125,-0.5073015,1.2049425,0.6470198
7.834644,-0.5432874,0.9107499,0.72632957
7.9205666,-0.55561435,1.034312,0.69663835
7.9469614,-0.57246417,0.7134874,0.7545125
7.945122,-0.63127184,0.9125166,0.89126194
7.9671264,-0.68382895,1.2122364,0.8910299
7.9247427,-0.62089515,1.082993,0.77901626
7.933787,-0.65276587,1.0953948,0.8381875
7.865793,-0.5852088,1.0658636,0.77492726
7.9182224,-0.6496147,1.2482316,0.8182941
7.917513,-0.6805266,1.471879,0.85681736
7.892913,-0.64579,1.3636363,0.8428784
7.939623,-0.6443031,1.0718465,0.9188582
7.9257383,-0.605888,0.9134352,0.7959585
7.945889,-0.5743239,0.9073235,0.576487
7.9577494,-0.5589403,0.5596905,0.6704556
7.88202,-0.47737223,0.5499029,0.5812867
7.9558983,-0.47786647,0.27515876,0.6493539
7.9211907,-0.3953542,0.46072578,0.44779032
7.9291806,-0.44537836,0.4427787,0.50482666
7.9908047,-0.48354232,0.64173675,0.53685313
7.9648943,-0.55473995,0.46942306,0.6968898
7.936505,-0.58914524,0.7765565,0.73754287
7.9448986,-0.6134838,0.8780713,0.9213647
7.9301505,-0.59587157,0.8050196,0.8327153
7.824089,-0.57922375,1.0166526,0.68316644
7.9911003,-0.66902167,1.0099206,0.8334921
7.9134703,-0.6849159,1.2034717,0.9373814
7.8300743,-0.5487046,0.85418653,0.7379198
7.815365,-0.5432997,1.0427008,0.66041815
7.880135,-0.498303,0.74467206,0.60158265
7.8649435,-0.5674548,0.8467914,0.69690436
7.878499,-0.52442145,0.6953354,0.7019123
7.972357,-0.507692,0.5561638,0.56373656
7.980609,-0.5704463,0.7687398,0.7373485
7.9107323,-0.6020486,0.9888582,0.792315
7.8964224,-0.6188041,1.1083276,0.7411693
7.6946745,-0.5413659,1.2067153,0.6670732
7.622016,-0.46424168,1.0626428,0.5613359
7.631534,-0.46360898,1.0621731,0.5330519
7.803081,-0.49147385,0.8012688,0.5791152
7.919467,-0.45788348,0.68377185,0.5331269
7.808261,-0.5153678,0.8174219,0.5568755
7.961799,-0.4410507,0.42732823,0.5046463
7.9712415,-0.43839997,0.34049678,0.47696942
7.791857,-0.49530476,0.92871666,0.62229407
7.926814,-0.6050128,0.7923696,0.8267964
7.990593,-0.55106556,0.5590534,0.6800715
7.886668,-0.61421514,1.2075624,0.8139158
7.9574413,-0.58748686,1.0172677,0.7600269
7.9957685,-0.62847334,0.8037846,0.81729186
7.961012,-0.5183065,0.6047846,0.6211104
7.895615,-0.53077555,0.5915742,0.5939103
7.622367,-0.510796,1.3216066,0.58730453
7.869999,-0.5290985,0.790051,0.6395189
7.6957026,-0.40561682,0.87695956,0.5454603
7.661071,-0.3846872,0.6952224,0.49359393
7.758443,-0.38885564,0.5832405,0.57656085
7.5854225,-0.36666852,0.9298012,0.4007153
7.780618,-0.37655586,0.49212205,0.5179052
7.7040777,-0.20688868,0.48235035,0.29685345
7.6382093,-0.22413373,0.6050222,0.33486396
7.507034,-0.21944153,0.62766707,0.31104553
7.767045,-0.2559104,0.38059807,0.35229203
7.935817,-0.3644737,0.3133502,0.45099872
7.90224,-0.40982884,0.5646186,0.475451
7.9680185,-0.32423484,0.16440094,0.37009615
7.70233,-0.27156204,0.4351964,0.30860516
7.6503396,-0.2609377,0.33970368,0.37287745
7.4971266,-0.19011348,0.64405286,0.3040735
7.3212337,-0.17094123,0.9472523,0.30034143
7.387519,-0.1323536,0.68076515,0.28731805
7.3582406,-0.10949564,0.677119,0.22439334
7.158264,-0.0477193,0.79827857,0.2415048
6.760339,-0.072068095,1.1811986,0.2734095
6.8721085,-0.13237298,1.3093786,0.26486138
6.939108,-0.12211877,1.259711,0.2851189
6.90339,-0.087453485,1.0377185,0.23936215
7.153469,-0.08775443,0.86463594,0.26389766
7.2544117,-0.19399661,0.9358375,0.2800873
7.3095827,-0.15144026,0.81932735,0.31879255
7.5980515,-0.27839732,0.715989,0.40800816
7.6163244,-0.28186494,0.680562,0.36262128
7.401313,-0.26276332,0.88835907,0.34890613
7.8467803,-0.19638753,0.0684371,0.30644545
7.8362703,-0.30004036,0.15028644,0.41488877
7.876911,-0.2609977,0.19012582,0.31228328
7.7535696,-0.22599745,0.17629862,0.3421842
7.597534,-0.28376955,0.74541116,0.34352884
7.6026306,-0.2584474,0.5834501,0.35069066
7.6105485,-0.26285082,0.6207535,0.32389206
7.5177145,-0.16412729,0.46611595,0.3245859
7.2912474,-0.2060926,0.98365927,0.3393562
7.3184266,-0.16428274,0.8444321,0.34885818
7.3414516,-0.19932497,0.7778686,0.2943124
7.648288,-0.32725132,0.48755646,0.38231698
7.705017,-0.27898687,0.35151434,0.42542186
7.802077,-0.28448933,0.22685337,0.3811311
7.7196207,-0.31869453,0.3435434,0.42965305
7.7142878,-0.3294145,0.49074292,0.42425072
7.6828847,-0.19455469,0.2662735,0.26541144
7.8512883,-0.2188406,0.23388171,0.33522996
7.6595407,-0.1310932,0.30403244,0.24633458
7.600335,-0.16779745,0.41846657,0.24974906
7.568614,-0.20926851,0.53304386,0.29895297
7.529846,-0.18432349,0.43323338,0.26025885
7.660132,-0.24341637,0.5854584,0.3177681
7.257119,-0.30063945,1.1318564,0.37501612
7.263667,-0.33518404,1.3645208,0.43430352
7.209402,-0.3310936,1.2828529,0.4335245
7.4857903,-0.2848454,0.77234745,0.393745
7.294255,-0.2788216,1.0326989,0.4382695
7.1703763,-0.28186762,1.3376727,0.37035346
7.0573583,-0.21109378,1.3878922,0.3192555
7.1682243,-0.3245989,1.4509859,0.40133417
7.2425647,-0.33459496,1.2631044,0.5099653
7.2993307,-0.29197854,1.1493652,0.38666016
7.3163395,-0.33208638,1.2245779,0.43419683
7.763935,-0.42890602,1.0798302,0.4665631
7.8181853,-0.37013847,0.71235156,0.38234904
7.955343,-0.41526347,0.36349666,0.4902224
7.9051456,-0.55013156,0.62438905,0.72971576
7.9072013,-0.59932685,0.9436829,0.71137154
7.984541,-0.59559155,0.9372792,0.7109162
7.7718315,-0.5515698,0.849872,0.6630332
7.757655,-0.39014512,0.4751519,0.53314286
7.898704,-0.31321126,0.21161604,0.4815635
7.994604,-0.36496335,0.21841788,0.38855225
7.9669933,-0.46129388,0.41099215,0.51344687
7.984644,-0.39262992,0.09488571,0.55411154
7.791801,-0.38065296,0.4903531,0.45799547
7.7252045,-0.3690899,0.44442928,0.5187842
7.8365755,-0.44893855,0.4939828,0.5421811
7.792622,-0.4142918,0.65338683,0.49977404
7.8944273,-0.41998035,0.63211966,0.55066377
7.8534203,-0.54058254,0.7464533,0.6918182
7.9329343,-0.5977061,1.0636339,0.7833329
7.9317327,-0.61409044,1.0391977,0.72529066
7.8383846,-0.53804773,0.73614717,0.70013916
7.834095,-0.533358,0.96601164,0.7073999
7.9642544,-0.48205316,0.6513183,0.6691043
7.954639,-0.6502743,1.1896486,0.7795943
7.868256,-0.64682215,1.2693067,0.7129228
7.717284,-0.57359135,1.3811314,0.7501327
7.843919,-0.65352654,1.3102775,0.9324209
7.944969,-0.6217351,1.3062708,0.827358
7.928941,-0.60303193,0.9895692,0.70153105
7.905269,-0.5850555,1.0389218,0.65483266
7.9719296,-0.51380527,0.86889124,0.63220614
7.9147453,-0.5240015,0.4674021,0.664634
7.85789,-0.47321343,0.6362276,0.56775117
7.6915436,-0.44860607,0.60481036,0.60227484
7.7897468,-0.4614933,0.88512444,0.49816602
7.5722246,-0.47656173,1.2556973,0.6173603
7.631591,-0.50204563,1.0137324,0.56290436
7.628258,-0.45013767,1.0767512,0.5443495
7.3599024,-0.39825642,1.3718414,0.45554376
7.713544,-0.4946674,0.79152644,0.7304349
7.60863,-0.36207992,0.859766,0.47250396
7.7211914,-0.3718391,0.68030345,0.52137655
7.7751565,-0.40469283,0.5747181,0.48480195
7.7137065,-0.41780102,0.8825195,0.54530436
7.7528806,-0.39158553,0.4886377,0.47217172
7.8535333,-0.49020988,0.70544505,0.57606393
7.735469,-0.5068898,0.88033974,0.66071624
7.813688,-0.5416732,0.9220842,0.6229896
7.4595056,-0.43008864,1.4206405,0.4931184
7.73223,-0.4218359,1.0497565,0.48010755
7.6706634,-0.4657222,1.1468608,0.52682465
7.8607807,-0.4913044,0.5582522,0.62409467
7.9609623,-0.47161633,0.5960419,0.54653317
7.9141674,-0.4425943,0.32351017,0.54146963
7.726348,-0.41962457,0.5084281,0.5136376
7.6950946,-0.4510345,0.8613541,0.5014559
7.9127893,-0.43121755,0.26614964,0.55641234
7.8425922,-0.41097748,0.4641167,0.4665714
7.7397356,-0.36845338,0.45787692,0.46918195
7.7484236,-0.33227444,0.34540105,0.52454567
7.7593317,-0.3142079,0.2407502,0.45763063
7.8265533,-0.31566072,0.3204453,0.36788642
7.892395,-0.3082615,0.24162817,0.38573575
7.8189516,-0.3645544,0.47206235,0.4355936
7.8694572,-0.42589623,0.7140367,0.45489907
7.8473363,-0.4738351,0.7543304,0.61558187
7.9870014,-0.4932407,0.4201069,0.65835506
7.8512335,-0.4934888,0.7967353,0.7299605
7.6832705,-0.50767195,1.0946281,0.55554384
7.792397,-0.46006823,0.83224237,0.63517755
7.5555086,-0.4544084,1.1679811,0.53007525
7.5735116,-0.41857737,0.9939467,0.5215443
7.9541864,-0.43055445,0.35651636,0.5772286
7.96041,-0.44444185,0.28848052,0.4909138
7.832021,-0.32870954,0.52564263,0.43953812
7.808317,-0.3963493,0.44565403,0.426584
7.802375,-0.33887213,0.4981134,0.34737098
7.8450766,-0.3951044,0.49902022,0.50134414
7.7871666,-0.39118087,0.67315805,0.44632685
7.5849724,-0.28518724,0.83457637,0.3985942
7.231579,-0.34929663,1.2451997,0.48361754
7.415077,-0.3534618,1.1223321,0.3967474
7.657543,-0.3662004,0.60500264,0.49496496
7.410692,-0.30208445,0.8023572,0.4333878
7.4463043,-0.28185725,1.0334308,0.35405213
7.4398894,-0.3521412,1.044888,0.44559854
7.508681,-0.3342836,0.9110427,0.48034358
7.504134,-0.31860822,0.9415686,0.4377498
7.381066,-0.37974972,1.1729279,0.42029858
7.4158354,-0.29035974,1.0202453,0.37028682
7.2834144,-0.32810646,1.3109674,0.38960356
7.215252,-0.22007287,0.9939265,0.3397801
7.1247654,-0.21058077,1.243516,0.3482231
7.1086884,-0.12762761,1.1114824,0.2826664
6.9633274,-0.098358214,1.1757836,0.25067297
7.2289257,-0.11445576,0.78384674,0.23603226
7.2448435,-0.077524304,0.77972543,0.24178421
7.050091,-0.049322426,0.8271376,0.2112018
7.107772,-0.04504943,0.8503711,0.21817993
7.0347605,-0.030211449,0.8279927,0.21455759
7.051576,-0.13096976,1.1523175,0.27614442
7.0654016,-0.11769098,1.1495333,0.21441622
7.0630875,-0.098645866,0.97579527,0.2254908
7.032434,-0.081560075,1.1758037,0.22098628
7.2427053,-0.15760201,0.9999187,0.22742559
7.4973855,-0.18030363,0.6414497,0.2390892
7.4193125,-0.12403196,0.61234343,0.23463339
7.5041995,-0.16544253,0.46615577,0.34319493
7.528281,-0.18890715,0.5183265,0.28636965
7.72456,-0.24558902,0.33422494,0.36664742
7.865258,-0.11696172,-0.014648855,0.3011823
7.7951,-0.22215444,0.14345384,0.39709675
7.8804827,-0.28134918,0.39923692,0.32058087
7.7562428,-0.24334717,0.2843399,0.32931215
7.542207,-0.24160457,0.6373044,0.3794335
7.5094824,-0.13205451,0.54267406,0.26975822
7.5268946,-0.19418454,0.683638,0.3071905
7.623153,-0.28553832,0.6934023,0.35399306
7.9044085,-0.36867476,0.4926262,0.4703067
7.948704,-0.4855516,0.41396928,0.52940184
7.7722573,-0.5018477,1.0760226,0.5732912
7.8807406,-0.47997177,0.68102527,0.60960144
7.7614384,-0.39318037,0.51758564,0.41455823
7.7384863,-0.30631417,0.40224695,0.35802788
7.820791,-0.3045013,0.41629314,0.37957543
7.2879333,-0.16349941,0.89045215,0.27581644
7.241515,-0.18307412,0.98650813,0.36499232
7.4169655,-0.22910213,0.8332155,0.34129822
7.3699903,-0.3039291,0.97564244,0.43808675
7.623307,-0.3550459,0.8425571,0.44895232
7.7298484,-0.48306662,1.0019023,0.54110986
7.5710115,-0.45069653,1.2138119,0.48912948
7.614994,-0.39804137,1.0589273,0.46603978
7.593131,-0.3473401,0.894444,0.38862562
7.5728245,-0.3838572,0.82860816,0.4831388
7.7283025,-0.39505637,0.82133114,0.4693702
7.4758406,-0.39642972,1.0847101,0.48800796
7.5114594,-0.40217954,1.2319303,0.49602455
7.6639023,-0.47219515,1.177913,0.5602084
7.754223,-0.4708712,0.81477225,0.49614793
7.8879757,-0.4898262,0.73000574,0.6896126
7.9174953,-0.37770838,0.4440583,0.47579324
7.9472313,-0.4651013,0.6323073,0.59331506
7.9813395,-0.47576064,0.42585254,0.54604286
7.9689283,-0.43266386,0.16176796,0.5137622
7.961897,-0.5130142,0.56898963,0.63276047
7.935329,-0.49110168,0.6284733,0.5041159
7.8877144,-0.49429393,0.699399,0.61060727
7.947259,-0.45387727,0.65548706,0.56091124
7.7634354,-0.37406826,0.7224152,0.4204496
7.4520435,-0.30704552,0.8872547,0.43324703
7.3621554,-0.2812925,0.9429929,0.38634154
7.5028663,-0.36355782,0.90718365,0.4656396
7.400929,-0.4296702,1.337518,0.47842222
7.3685517,-0.41639125,1.3670812,0.4722361
7.5769663,-0.43237752,0.8841727,0.5450945
7.700888,-0.430103,0.6657479,0.5824314
7.7532454,-0.40666038,0.95215416,0.49161953
7.591021,-0.37278026,0.90582013,0.44466883
7.8159914,-0.40225822,0.63128567,0.53208745
7.977895,-0.54342604,0.5608958,0.637006
7.946349,-0.58701134,0.80223966,0.7148975
7.9833555,-0.67984474,1.0710468,0.9191723
7.956027,-0.7039592,1.4036438,0.8616644
7.968064,-0.6722738,0.9495187,0.93542814
7.8772316,-0.6755333,1.5118804,0.8210342
7.792465,-0.6060767,1.2687972,0.8681803
7.9980717,-0.60230017,0.80309486,0.8292622
7.697866,-0.50211895,1.2893426,0.60032165
7.2447906,-0.35171396,1.2283242,0.5166499
7.6174316,-0.4093476,1.0307212,0.48550236
7.6720915,-0.47985488,1.0894599,0.5991095
7.841913,-0.48702323,0.66046214,0.61553985
7.8906837,-0.48301494,0.54617226,0.57308203
7.9581285,-0.42241693,0.43631792,0.48470688
7.989314,-0.4661293,0.23084164,0.6091674
7.7932034,-0.4599986,0.6228434,0.5935336
7.8310018,-0.49872786,0.6559154,0.6022836
7.8895245,-0.41948593,0.6545627,0.56092006
7.7942333,-0.45502436,0.5439236,0.57714033
7.671697,-0.4794345,1.0022998,0.5919809
7.658188,-0.4971608,1.0048742,0.58536035
7.734744,-0.4428929,0.8451121,0.5540524
7.9257336,-0.48963052,0.78841925,0.6045309
7.868371,-0.45982546,0.60007334,0.5803027
7.887425,-0.47188514,0.5950357,0.5450255
7.7849035,-0.48852962,0.719342,0.57459146
7.5845256,-0.4014607,1.1918745,0.48045546
7.4988985,-0.4645809,1.2376842,0.5904171
7.5410976,-0.44880426,1.3188307,0.56524915
7.323362,-0.41334796,1.2135317,0.5050091
7.702568,-0.40441978,1.0858192,0.52271205
7.849965,-0.43460274,0.62160814,0.52264
7.6583233,-0.35838372,0.76449895,0.4900368
7.702607,-0.362325,0.7084944,0.421335
7.882101,-0.4101144,0.5063354,0.4567033
7.6336517,-0.35539317,0.70351195,0.43603706
7.394544,-0.3291006,1.1410313,0.46853918
7.3274136,-0.30139917,1.149189,0.3769161
7.4043603,-0.28649712,0.8803805,0.40065587
7.461087,-0.24035174,0.7520158,0.39279026
7.616955,-0.34895617,0.72096634,0.4273097
7.594741,-0.32773978,0.43908548,0.45659298
7.7246046,-0.3289361,0.7191529,0.44853178
7.670295,-0.36148024,0.58717644,0.47817802
7.5907907,-0.2757535,0.57284355,0.35855845
7.2734237,-0.18339932,0.6772487,0.37621912
7.0509214,-0.14964175,1.2089102,0.2591957
7.073699,-0.113878906,1.0910463,0.26180556
7.09092,-0.14076585,1.0203977,0.257436
7.281242,-0.13548112,0.766376,0.25572357
7.1637173,-0.09025806,0.95017374,0.21003535
7.2493887,-0.20609897,1.0876589,0.22227313
6.983976,-0.15703923,1.1185944,0.24714485
7.3105354,-0.23108959,0.9857497,0.3261921
7.422697,-0.19591403,0.78423786,0.33505386
7.340159,-0.21836567,0.8726615,0.34118325
7.5252876,-0.22149014,0.81235003,0.27566886
7.65934,-0.21745074,0.3465892,0.37114757
7.646681,-0.3103928,0.5173421,0.40240884
7.841103,-0.29493767,0.22378993,0.37076735
7.875232,-0.36036468,0.15185344,0.47547477
7.8160934,-0.3317892,0.3047161,0.46976763
7.5978894,-0.3221045,0.6569252,0.49030906
7.7796607,-0.37594908,0.5270814,0.50288117
7.9532657,-0.4405837,0.51248443,0.55276936
7.954601,-0.440369,0.4764278,0.50624764
7.9449315,-0.43687648,0.47257137,0.4972626
7.9205146,-0.3489309,0.28038585,0.41580576
7.9177704,-0.40068626,0.23864925,0.5053804
7.9629736,-0.43732226,0.29395676,0.5766236
7.864976,-0.38459378,0.17384481,0.4951812
7.627387,-0.31064022,0.66056526,0.3583455
7.6472855,-0.3882619,0.9223795,0.45932978
7.822091,-0.5683408,0.9181274,0.6724375
7.9494247,-0.6472905,0.9684706,0.92257106
7.939403,-0.63115454,0.93773043,0.8144325
7.9005,-0.57155776,1.0181317,0.54691833
7.8945746,-0.515001,0.64190066,0.6761362
7.983533,-0.52222764,0.5093627,0.66700625
7.992899,-0.61184716,0.8151263,0.73976344
7.9977293,-0.60572135,0.9394374,0.7662843
7.833537,-0.63457716,1.1560371,0.7660578
7.595772,-0.39202547,0.94564795,0.45002037
7.6727257,-0.3673324,0.6493443,0.46324927
7.7664967,-0.37755543,0.5625007,0.44213498
7.6941757,-0.4423502,0.8802732,0.6058006
7.669901,-0.48830944,1.0844624,0.68830395
7.8006487,-0.5114598,0.87142515,0.5807789
7.7878423,-0.4369241,0.654747,0.60389626
7.580329,-0.30450553,0.7778995,0.37063807
7.6946335,-0.36738282,0.5496402,0.4192689
7.5956883,-0.3006295,0.50670934,0.4298867
7.6215286,-0.2336818,0.40084422,0.35440052
7.3259935,-0.18467087,0.57784736,0.33940893
7.3660083,-0.24608046,0.87254786,0.3129442
7.4169354,-0.30903864,0.87767553,0.398297
7.3826632,-0.32452375,1.0469701,0.39343053
7.5232325,-0.34960687,0.96808875,0.4963351
7.662146,-0.34092128,0.59489584,0.4002064
7.8587713,-0.32381934,0.25517917,0.36355537
7.582709,-0.23287052,0.5645344,0.32262784
7.613176,-0.19028986,0.33605015,0.31082684
7.925354,-0.21383828,-0.08938658,0.31816232
7.7393007,-0.25558382,0.26921713,0.35495743
7.8097878,-0.25795972,0.19930458,0.33749723
7.6288567,-0.37531173,0.69994795,0.41660577
7.7487106,-0.37005264,0.5608895,0.4783445
7.973289,-0.48953855,0.50846434,0.5922075
7.8988466,-0.4770022,0.69568825,0.5267446
7.79547,-0.43874568,0.89199483,0.5559338
7.733403,-0.40167803,0.7169653,0.52260923
7.578927,-0.44798458,1.0014796,0.5071839
7.38884,-0.39972275,1.140429,0.5000393
7.4857664,-0.41454363,1.1319034,0.4747389
7.4082646,-0.33694202,1.1270294,0.45763624
7.380877,-0.29065138,1.0129008,0.42647052
7.1356883,-0.2057895,1.2740319,0.32865235
6.9654884,-0.17224771,1.3226628,0.2607412
7.0409527,-0.23400742,1.3854227,0.37032264
6.7695866,-0.14513302,1.4936118,0.32141438
6.834026,-0.18778735,1.5428119,0.24505611
6.7717547,-0.13197559,1.5313764,0.26038742
7.217949,-0.16071898,0.96529436,0.30401903
7.119195,-0.2096591,1.2247367,0.3261007
7.2367578,-0.34225667,1.2966409,0.512148
7.123885,-0.31490862,1.3976283,0.4272151
7.257676,-0.29132622,1.100944,0.4119517
7.2697043,-0.2585616,1.0509706,0.3815471
7.1978426,-0.2741179,1.129699,0.36794347
7.117086,-0.20459771,1.3084669,0.31742385
7.252695,-0.31064487,1.2468791,0.40078092
7.138562,-0.16903144,0.978143,0.25568566
6.9338207,-0.13810599,1.2122478,0.2635925
7.024273,-0.14242792,1.1105976,0.2506535
6.8621883,-0.093922555,1.273027,0.24001326
7.0792885,-0.14478344,1.073478,0.28362215
6.985523,-0.16766858,1.391249,0.31459513
6.5752797,-0.15762347,1.8001506,0.26597795
6.4422703,-0.16247731,1.8693748,0.27073684
6.4494247,-0.08852786,1.8107405,0.3002731
6.53098,-0.072467625,1.5771418,0.24098521
6.2351804,-0.090275705,1.9914765,0.21710311
6.205675,-0.034670293,1.9695354,0.20689435
6.2745714,-0.079989195,1.8989143,0.22220396
6.328415,-0.024574757,1.855319,0.23260728
7.518148,-0.2982065,0.8416643,0.38796136
7.3226438,-0.24264693,1.0202305,0.3811893
7.51032,-0.23301107,0.820935,0.34058842
7.4833827,-0.27037096,0.90113497,0.36492568
7.6880383,-0.32854933,0.58738923,0.3799284
7.5105853,-0.17586195,0.60088944,0.27281272
7.6756124,-0.24560833,0.49183154,0.33537412
7.5927644,-0.23687905,0.60113215,0.31217697
7.4226313,-0.32187742,0.7815573,0.42679647
7.005906,-0.3885488,1.773658,0.45366555
7.124706,-0.33610708,1.7036285,0.4303555
7.177544,-0.291942,1.1508033,0.4611498
6.9370813,-0.25254744,1.5131397,0.39680624
7.1712685,-0.21967888,1.1800146,0.31531096
7.2481365,-0.304488,1.2900109,0.44252253
6.9925876,-0.17377764,1.1833706,0.28791228
7.356813,-0.37079167,1.2997661,0.48982787
7.6297197,-0.25160903,0.6337898,0.4051721
7.541901,-0.31173092,0.7825234,0.36356086
7.768087,-0.30266654,0.27147555,0.42886952
7.89258,-0.29802877,0.15261865,0.3721674
7.919284,-0.3920598,0.17633545,0.47248268
7.837222,-0.47722083,0.6107652,0.5048744
7.8510957,-0.38534427,0.59089804,0.4690135
7.8356733,-0.3382802,0.2056899,0.38862902
7.918395,-0.39798284,0.15035307,0.51606005
7.903943,-0.4303137,0.46935737,0.53619623
7.8122115,-0.38605362,0.4993415,0.4543088
7.644599,-0.36353338,0.71529806,0.43941754
7.3705797,-0.29490745,0.872939,0.3592258
7.3252854,-0.29071367,0.9412308,0.40414268
7.541509,-0.34613907,0.97033536,0.39825875
7.524499,-0.32175457,0.83462334,0.49314702
7.4999495,-0.3276202,1.024159,0.4407947
7.3724003,-0.2939626,1.1402102,0.38019007
7.391764,-0.28276324,0.918735,0.34828362
7.4107475,-0.28170478,0.99790096,0.36756533
7.3044305,-0.20103192,0.982406,0.27282044
7.228645,-0.090446234,0.7821944,0.25636107
7.173108,-0.044187486,0.7456975,0.22175889
7.1355844,-0.016820788,0.78924274,0.21097311
7.378403,-0.17437285,0.6920166,0.21066326
7.4658003,-0.14770246,0.39958286,0.28830287
7.229029,-0.15781355,0.83390236,0.26284114
7.214142,-0.15600991,0.9142647,0.22671598
7.192565,-0.1414842,1.1514454,0.2521281
7.0857906,-0.1764875,0.9997375,0.30605564
7.31473,-0.23938495,0.777195,0.3026966
7.3315496,-0.16537279,0.90263915,0.3042868
7.3174906,-0.19650418,0.7061753,0.36669338
7.0770063,-0.24080563,1.4171329,0.39016712
7.090419,-0.2495507,1.4121809,0.36533725
7.1201005,-0.27085906,1.4405551,0.40558177
7.2479935,-0.26774585,1.2343383,0.40180808
7.17824,-0.32703197,1.6264658,0.37884402
7.062495,-0.35581356,1.5526516,0.3891824
7.150101,-0.34631014,1.6250625,0.52998805
7.2627354,-0.37643212,1.4958742,0.49118727
7.2673774,-0.4935041,1.8973775,0.645492
7.2325916,-0.4775687,1.8339591,0.6483855
7.3680725,-0.5084572,1.6651139,0.5860867
7.3055964,-0.34752065,1.133074,0.48704445
7.4048553,-0.36707842,1.274957,0.42767543
7.2987423,-0.35309893,1.1796696,0.5036698
7.193016,-0.36638182,1.562763,0.4078796
6.9460936,-0.33018076,1.7619903,0.44734496
6.8447037,-0.28965366,1.8351679,0.33800817
6.7754993,-0.1744901,1.4677913,0.28783575
6.7198186,-0.18782532,1.664711,0.30126476
6.6425858,-0.20612973,1.8014126,0.2462928
6.867032,-0.1876347,1.6032667,0.26429185
6.9671745,-0.25757527,1.6234069,0.33029968
6.9234943,-0.2343114,1.5399151,0.376599
6.860181,-0.2657969,1.7179708,0.3482206
6.747486,-0.28689098,1.9490597,0.39958686
6.9493136,-0.30391878,1.5814333,0.4042012
7.1156683,-0.34630835,1.6585557,0.36998016
7.0591874,-0.33373636,1.4215987,0.45019472
7.0211134,-0.2674383,1.3727956,0.3258553
6.9052334,-0.2774071,1.5772166,0.39220944
6.826415,-0.20830691,1.6250238,0.28453583
6.968251,-0.18062055,1.3545973,0.29396406
7.0359373,-0.15539485,1.3973286,0.30718166
7.169673,-0.18760711,1.035116,0.26593593
7.175497,-0.12137008,0.9786866,0.23745869
7.287466,-0.21115929,0.95109797,0.3671766
7.3003035,-0.19781804,0.9262413,0.32679772
7.3120446,-0.19545418,0.83634925,0.29742044
7.4317837,-0.2055735,0.71782446,0.32806224
7.3565865,-0.23603964,0.82763577,0.35452712
7.233388,-0.24316412,1.2413898,0.3588675
7.092082,-0.32086527,1.4198852,0.40143454
7.2259865,-0.27505392,1.1183107,0.39737105
7.3233886,-0.21682191,0.8129834,0.32281467
7.4152527,-0.18913263,0.6530645,0.3058458
7.4358954,-0.20222014,0.8976412,0.3155422
7.167761,-0.20461583,1.0523694,0.34298056
7.3632073,-0.21943772,0.68509364,0.31626853
7.43269,-0.21638256,0.73847866,0.3029814
7.614126,-0.26529527,0.5685086,0.36343282
7.6162143,-0.12575322,0.12144077,0.2822024
7.833829,-0.13950837,-0.11985433,0.2759424
7.8917384,-0.08499932,-0.44855928,0.2737266
7.842211,-0.14329451,-0.022506475,0.315393
7.890457,-0.20879203,0.027421832,0.30464238
7.8481107,-0.19233912,0.1918068,0.28904033
7.7649164,-0.24305922,0.27340162,0.3482293
7.8349357,-0.23230475,0.15670586,0.30762464
7.7575073,-0.32465512,0.39298296,0.40130365
7.8309264,-0.34936553,0.047781944,0.48323774
7.591303,-0.40645677,0.93255997,0.5372516
7.5893,-0.4674309,1.0795462,0.5360443
7.5478373,-0.45241272,1.2335446,0.5279033
7.969719,-0.5176351,0.33871984,0.61945397
7.8920817,-0.5215356,0.81575847,0.645527
7.7901583,-0.436342,0.4854641,0.6850781
7.902672,-0.4095893,0.41426706,0.47455645
7.7796946,-0.3317675,0.51373816,0.44984788
7.753216,-0.38675874,0.6327218,0.5451475
7.8411427,-0.35821515,0.5233792,0.4243685
7.9727516,-0.37198,0.07572293,0.41001594
7.8415775,-0.2621839,0.024210215,0.3820963
7.9801536,-0.23454815,0.048793435,0.31626
7.952365,-0.19537914,-0.14124268,0.29557073
7.6661053,-0.103618264,0.018672228,0.30511758
7.7310133,-0.11719841,-0.04815072,0.25861028
7.82211,-0.13399708,-0.052034378,0.23118837
7.5003085,-0.14960003,0.6658616,0.2602706
7.631691,-0.17518216,0.4602977,0.26466766
7.416389,-0.19926292,0.7527313,0.31102493
7.3714175,-0.23541892,0.9629855,0.36342642
7.3629384,-0.30743176,1.1538329,0.37454325
7.349124,-0.3372556,1.0972724,0.4245196
7.3460255,-0.3373304,1.0930872,0.48752803
7.254174,-0.3047942,1.106544,0.38142693
7.364724,-0.253385,0.80071676,0.35292825
7.459051,-0.2581132,0.8703327,0.37397033
7.27872,-0.25157255,1.0075977,0.37919837
7.44312,-0.22251618,0.7809478,0.32136503
7.278016,-0.22653168,1.0229774,0.2999627
7.171628,-0.3110186,1.526092,0.4197603
6.9606304,-0.26602113,1.4057574,0.44146657
6.894702,-0.1919176,1.3377886,0.27783066
6.81612,-0.21432716,1.6327016,0.31091022
6.8664994,-0.20791274,1.6190081,0.31344023
6.6949506,-0.20190388,1.7341485,0.28417444
6.8113623,-0.28102118,1.8401675,0.34609604
6.755027,-0.17211372,1.5809093,0.3118904
6.7318525,-0.14971977,1.6056998,0.27777424
6.734866,-0.09444809,1.3791199,0.2613468
6.7262053,-0.09873128,1.4427879,0.21324408
6.785692,-0.1123665,1.3791904,0.22527748
6.61007,-0.12539601,1.66452,0.27287573
6.587331,-0.13257575,1.7176876,0.2314235
6.594133,-0.124761224,1.7559583,0.261133
6.600075,-0.12250447,1.6852708,0.23567258
6.5268173,-0.0846439,1.6269464,0.20661807
6.4814415,-0.13028103,1.9140875,0.2566492
6.4818316,-0.12260741,1.8488984,0.260782
6.513896,-0.16714686,1.788517,0.29125395
6.7389426,-0.18573189,1.7043085,0.25653931
6.7756376,-0.21135461,1.515841,0.33446288
7.297393,-0.26324648,1.1429772,0.30768216
7.2388687,-0.22934866,1.0186203,0.3725855
7.1427026,-0.20160812,0.9707868,0.35060632
7.2661495,-0.21513873,1.0042086,0.28949156
7.173567,-0.16628057,1.1121278,0.32091147
7.0232515,-0.079360366,1.0116329,0.22916262
7.0741196,-0.034568965,0.95787346,0.23579945
7.2112746,-0.07760167,0.7809657,0.22580591
7.1759744,-0.09106159,0.9051471,0.24614704
6.951493,-0.14392132,1.127007,0.25217032
7.1639814,-0.25242925,1.2990537,0.3581082
7.206293,-0.27110022,1.251461,0.3914094
7.3029633,-0.3424517,1.2901728,0.43812716
7.2429056,-0.34181052,1.3661137,0.44327092
7.2761736,-0.34822154,1.3467617,0.4342687
7.2892704,-0.30633366,1.1576848,0.3542698
7.2610703,-0.27135724,1.0076454,0.4302594
7.291993,-0.31163436,1.3789325,0.3693
7.202587,-0.35472023,1.4301915,0.4460802
7.2378488,-0.3441829,1.2979276,0.44653183
7.142818,-0.32253963,1.4216347,0.36063045
7.2993817,-0.23199481,1.1355143,0.33920383
7.2957187,-0.27165514,1.1013217,0.31347972
7.135749,-0.22691464,1.0795088,0.3229265
7.199762,-0.18464202,1.1611197,0.33893257
7.292823,-0.2663479,1.1265874,0.3229421
7.484931,-0.27162325,0.7175007,0.37497222
7.7202,-0.19554925,0.22626984,0.344539
7.470768,-0.14662027,0.5263581,0.25282043
7.491467,-0.1519131,0.55991817,0.2649691
7.564082,-0.13492584,0.6281084,0.2326599
7.536771,-0.2059915,0.35861218,0.3338562
7.872303,-0.1794694,0.07133889,0.23180152
7.8614798,-0.16151726,-0.08262265,0.2998722
7.7140274,-0.0897423,0.16575933,0.24802753
7.622015,-0.10898781,0.33924103,0.25992316
7.437759,-0.095570266,0.7184055,0.21988647
7.406321,-0.089197636,0.40121365,0.26009622
7.4873557,-0.0058606267,0.3401388,0.20096385
7.6009502,-0.09948379,0.39183307,0.22459914
7.5919795,-0.16350263,0.40983808,0.27077046
7.8026237,-0.16594589,0.097332,0.26026055
7.751878,-0.105772674,0.1405859,0.23275292
7.9038706,-0.11385012,-0.12613541,0.23263134
7.9315147,-0.08787024,-0.045401335,0.20280106
7.546818,-0.050630867,0.3565148,0.20027895
7.4796743,-0.032123804,0.3101598,0.21023703
7.4752197,-0.20365065,0.5703057,0.27358842
7.679673,-0.24354875,0.37242293,0.32586318
7.8701634,-0.24937117,0.16282248,0.29658338
7.889453,-0.13627511,-0.2567972,0.2875758
7.628258,-0.07425046,0.17507839,0.20612635
7.7655163,-0.06073314,-0.030031562,0.21117418
7.841199,-0.0785923,-0.19886905,0.21829286
7.8602514,-0.100032866,-0.12430942,0.25895
7.8064456,-0.15423697,0.0020563602,0.251458
7.8086433,-0.17110735,0.30022526,0.24754566
7.7992544,-0.1575442,0.1585139,0.27702492
7.7367916,-0.1551575,0.20733988,0.30505607
7.8215394,-0.20887369,0.10623157,0.2944357
7.6196475,-0.102880776,0.35017443,0.23027395
7.4490814,-0.042533755,0.3729161,0.22288463
7.4557753,-0.034365475,0.43503797,0.20543073
7.564726,-0.120036125,0.34356618,0.26858205
7.49059,-0.2109769,0.6840241,0.28168774
7.4597178,-0.22055924,0.80277514,0.29481047
7.327836,-0.22693837,0.7634628,0.3186766
7.2929893,-0.18656403,1.1008482,0.30435708
7.2742357,-0.18072957,0.9965792,0.24091485
7.355912,-0.20113039,0.7304585,0.3098648
7.055634,-0.15132105,1.1649537,0.24712297
6.860112,-0.1373415,1.4117048,0.25682425
6.8514023,-0.13675582,1.3521378,0.26116914
6.8495364,-0.09758723,1.19401,0.2242426
7.0123687,-0.058294654,1.0862169,0.20782885
6.8816266,-0.09984481,1.4555993,0.2238669
6.7867885,-0.09200293,1.3295872,0.24867302
6.8942695,-0.07505238,1.1820052,0.23226473
6.796932,-0.10968709,1.3591046,0.22867627
6.733731,-0.12388748,1.4261055,0.27944186
6.594639,-0.18054783,1.9627056,0.25020066
6.472089,-0.13639516,1.820806,0.2758825
6.6905303,-0.118014276,1.5846744,0.28838322
6.6371584,-0.1666823,1.7589507,0.26137504
6.572435,-0.13595945,1.9694741,0.26125008
6.7348228,-0.2012217,1.861222,0.23084466
6.502591,-0.12404007,1.814714,0.24330457
6.474623,-0.18516803,1.9121766,0.24861455
6.851778,-0.06071663,1.1990657,0.24677084
6.7097507,-0.03543055,1.2950783,0.21291381
6.710498,-0.092681706,1.6101174,0.2069557
6.6478662,-0.10667604,1.5781457,0.26301974
6.460358,-0.06603694,1.732002,0.21774821
6.5913777,-0.13718098,1.7592392,0.21565875
6.7792416,-0.19186002,1.4959741,0.30356097
6.8720884,-0.27162522,1.7195861,0.36660498
6.746443,-0.26515323,1.8826685,0.31029522
6.6299343,-0.23481578,1.9927154,0.34466243
6.674446,-0.2388776,1.9544394,0.35590196
6.777313,-0.27472967,1.706217,0.36915123
6.9439464,-0.25859421,1.706495,0.34766245
6.710314,-0.17799854,1.6854739,0.25744072
6.766759,-0.19426787,1.5690553,0.3338198
6.8062587,-0.11054897,1.3270183,0.26425606
7.0083375,-0.15264267,1.2399731,0.2533318
7.283835,-0.19406092,0.9176526,0.25896963
7.2147503,-0.166717,0.93140614,0.31275514
7.2451305,-0.22692555,0.993431,0.33086586
7.3448105,-0.2148096,0.90242815,0.2729794
7.6669436,-0.325306,0.71032405,0.37605244
7.5638676,-0.2921322,0.7742982,0.38891047
7.6307974,-0.33440346,0.6087971,0.40273
7.4858694,-0.3271166,0.8583832,0.44086933
7.2834325,-0.29773748,0.96248245,0.34274912
7.544362,-0.30386758,0.5935143,0.44559124
7.634957,-0.29262185,0.6703365,0.35597768
7.409807,-0.26036555,0.7608162,0.35469282
7.4208837,-0.23859793,0.8183229,0.30484313
7.4777226,-0.16856688,0.5130687,0.27839497
7.4270625,-0.16562515,0.44104576,0.3101976
7.370762,-0.14912713,0.698575,0.27935374
7.2437,-0.18629771,0.8354331,0.30217886
7.351737,-0.2922476,0.9945111,0.37550807
7.436285,-0.25428557,0.9372091,0.36304706
7.358561,-0.22850889,0.8892733,0.3094146
7.1503696,-0.14872211,0.95452285,0.27836645
7.2722526,-0.21026444,0.93512464,0.30975193
7.19175,-0.3157212,1.3003516,0.39929074
7.384508,-0.27384627,0.85544527,0.37895715
7.528832,-0.33490354,0.7836493,0.4013356
7.3727016,-0.30468,0.96682787,0.44221884
7.4786406,-0.32157874,0.99825454,0.37861204
7.639678,-0.30091763,0.63863397,0.36040646
7.605111,-0.260907,0.68100595,0.36611146
7.5734987,-0.42767608,1.2061882,0.5025353
7.370677,-0.4321893,1.3114209,0.5181539
7.5228004,-0.513242,1.5434113,0.6528243
7.5297275,-0.38223165,0.9790783,0.5005095
7.4704266,-0.26659626,0.8792858,0.35725468
7.196762,-0.26523536,1.0763938,0.37436807
7.4373364,-0.21439844,0.90256846,0.3562395
7.3595424,-0.32741666,1.1613073,0.41001654
7.4829416,-0.2788744,0.8232273,0.35807252
7.52818,-0.41068012,1.0773864,0.4491369
7.3755474,-0.41687185,1.5605118,0.51766795
7.4464746,-0.48113632,1.566531,0.51691055
7.4214697,-0.41226107,1.1712611,0.5412925
7.6192446,-0.45660555,0.8766165,0.5976623
7.780243,-0.46489328,0.8008491,0.54973024
7.622127,-0.42364073,0.86153984,0.5744743
7.915368,-0.47019994,0.4191277,0.5285904
7.8099365,-0.35266846,0.50702286,0.45357674
7.969456,-0.41410178,0.37205243,0.4661526
7.9816046,-0.5378515,0.5136175,0.80661154
7.9886656,-0.5104331,0.3811909,0.7552699
7.9934916,-0.5339416,0.60136175,0.66353095
7.982756,-0.5158525,0.53308964,0.63509816
7.958704,-0.5663183,0.9194014,0.58316886
7.7474823,-0.51915413,1.1192319,0.6047126
7.7582912,-0.5388001,1.0636096,0.5918702
7.912899,-0.5552436,0.8665621,0.6118379
7.7322264,-0.447946,0.99443805,0.48645097
7.6115007,-0.4921788,0.91272783,0.585119
7.6160865,-0.40962064,1.068553,0.45330596
7.737208,-0.4528721,0.884868,0.54837734
7.6813774,-0.46096867,1.1866307,0.54187363
7.6756163,-0.44446015,0.9117272,0.50674874
7.699862,-0.35365444,0.6571814,0.463036
7.80656,-0.33812928,0.3843696,0.46719134
7.8865323,-0.42860115,0.5759232,0.47240448
7.671459,-0.40725303,0.63294566,0.5393717
7.8809304,-0.32723278,0.42364502,0.43536806
7.8339186,-0.34633887,0.19546366,0.43537205
7.86368,-0.2909878,0.37710738,0.39421523
7.849092,-0.23423135,-0.094821334,0.3847205
7.9231234,-0.28039724,0.008797765,0.3807845
7.7548456,-0.26182175,0.4927411,0.31360862
7.577468,-0.2698214,0.6524135,0.38523436
7.5149837,-0.26096874,0.6334889,0.31710988
7.740154,-0.2413398,0.30359983,0.3265273
7.545635,-0.34791213,0.7935872,0.38683236
7.462176,-0.3085389,0.96345544,0.35979092
7.1166496,-0.24078214,1.3240516,0.29441142
7.2418156,-0.26497275,1.1866202,0.41646272
7.2187214,-0.3614151,1.4704998,0.41763252
7.4255934,-0.40323454,1.4273922,0.46198994
6.9740963,-0.31208515,1.7104478,0.37104893
6.8633327,-0.21151978,1.4686885,0.2707152
6.9644146,-0.07834858,1.1458893,0.20046328
6.7352633,-0.09350532,1.2928746,0.28112185
6.9514694,-0.08086717,1.1608818,0.24388039
6.93112,-0.097554564,1.0507393,0.22985558
6.9095745,-0.08467865,1.2149746,0.20461696
6.845795,-0.14826512,1.4347525,0.31459773
6.708319,-0.1730991,1.5420156,0.2742364
7.104966,-0.16447788,1.0601926,0.29009104
7.0696287,-0.19594538,1.2812855,0.28512254
7.0669127,-0.16483432,1.331496,0.27577642
7.171882,-0.07308155,0.9620869,0.21090052
7.169691,-0.10492194,0.9784982,0.21751262
7.2358294,-0.21041596,0.8401799,0.32917047
7.198086,-0.20981985,1.0983393,0.34754163
7.3606596,-0.24210787,1.0533199,0.3224155
7.2108774,-0.24066734,1.1737933,0.3187495
7.5188336,-0.31557626,0.9705684,0.3713224
7.5070114,-0.27557397,0.83550966,0.35028553
7.5384893,-0.32778054,0.81531084,0.41261786
7.8920016,-0.43371606,0.4205848,0.5322273
7.8956757,-0.45678163,0.63258004,0.5611525
7.7937174,-0.4823752,0.7058202,0.606064
7.687461,-0.4321342,1.021435,0.4693479
7.800415,-0.49492043,0.71854544,0.56321007
7.948081,-0.5388839,0.46963155,0.6969019
7.852232,-0.47676057,0.7466049,0.6004976
7.8695,-0.47603357,0.83700085,0.61837846
7.8389807,-0.50817126,0.84338033,0.6706376
7.979105,-0.5664234,0.96007514,0.6536563
7.9432364,-0.64151,1.0648093,0.80718696
7.8654184,-0.65123594,1.5481567,0.861698
7.8884916,-0.54600257,0.753886,0.6400835
7.846649,-0.5817558,0.9658743,0.7519653
7.6504216,-0.5544847,1.4732885,0.6629152
7.577463,-0.5387447,1.4249511,0.7897352
7.606752,-0.48877615,1.059885,0.6726508
7.652275,-0.49059314,0.87615156,0.59991115
7.649921,-0.4288466,0.85249233,0.54449934
7.686469,-0.4258634,0.6741687,0.5742116
7.7724895,-0.46071535,0.84052896,0.51675713
7.786711,-0.43677294,0.72078264,0.5159459
7.661201,-0.3742317,0.62620187,0.47729385
7.7201242,-0.34034038,0.6848532,0.41113794
7.6702814,-0.3506453,0.6815367,0.40546685
7.8928585,-0.21530533,0.2498908,0.27598304
7.904945,-0.28212392,0.29856503,0.35347402
7.8927717,-0.2598349,0.08263445,0.36289427
7.748372,-0.25155407,0.1416024,0.4474476
7.630594,-0.24731153,0.39481997,0.3294382
7.6295233,-0.32122678,0.42731977,0.3854943
7.8092394,-0.30730295,0.44678593,0.4124474
7.898504,-0.40385288,0.46445107,0.49848944
7.9661517,-0.44471437,0.61994445,0.56296456
7.938528,-0.49716848,0.68718433,0.66667783
7.911312,-0.50828224,0.6116797,0.5850421
7.8422694,-0.45846438,0.7014227,0.55951613
7.7430987,-0.4087364,0.5891404,0.490323
7.854368,-0.27885586,0.025171041,0.38225192
7.8278975,-0.12269169,-0.02441132,0.23969716
7.636758,-0.15803212,0.29213095,0.27201107
7.8798513,-0.21669215,-0.041809082,0.35206944
7.8447046,-0.0705744,-0.16449273,0.24019764
7.9816813,-0.03066051,-0.5895596,0.20621292
7.9809513,-0.0464707,-0.39734972,0.2058804
7.957725,-0.12787545,-0.42978936,0.25575876
7.9410605,-0.22036189,-0.029325008,0.28084493
7.997406,-0.16465586,-0.2254594,0.28786975
7.9606256,-0.18224072,-0.13399053,0.32434785
7.9566774,-0.20408338,0.19305456,0.23878904
7.862567,-0.2725026,0.06522381,0.40271306
7.8389983,-0.3273573,0.5386243,0.40173256
7.935081,-0.386312,0.34663367,0.44109577
7.9143724,-0.40224415,0.5612712,0.49418777
7.664569,-0.41091692,0.64534473,0.55590487
7.7974477,-0.4237314,0.5404384,0.51222247
7.93316,-0.49711257,0.55281615,0.76154774
7.791572,-0.45107538,0.9404912,0.514795
7.842044,-0.42954767,0.58473873,0.48261613
7.7750483,-0.4407503,0.80572057,0.53241616
7.931798,-0.4512837,0.26346052,0.6095771
7.9921627,-0.4585938,0.40434074,0.5502132
7.9804754,-0.40906668,0.058297634,0.5587298
7.9882393,-0.4529963,0.25539923,0.53397006
7.874177,-0.33915776,0.3722359,0.45940846
7.833385,-0.37874252,0.6009085,0.42997158
7.8129745,-0.33681154,0.24420059,0.43315476
7.851917,-0.39945555,0.7087426,0.46430594
7.619748,-0.33166283,0.5898967,0.3920017
7.5453396,-0.2916363,0.5485368,0.40815365
7.4751983,-0.33389038,0.98455834,0.4316527
7.4357343,-0.409303,1.0785909,0.5442783
7.4944477,-0.46632195,1.290194,0.4851033
7.5066285,-0.4962113,1.530786,0.57182056
7.5982556,-0.49191684,1.2012899,0.63940686
7.626773,-0.44584817,0.87812376,0.56231755
7.7671824,-0.40253025,0.79814696,0.45602816
7.6985292,-0.3902949,0.71255445,0.48805463
7.6424417,-0.41776627,0.9768369,0.50057393
7.502496,-0.4335075,1.1659625,0.60156506
7.794448,-0.49714267,0.83235145,0.63720614
7.943808,-0.3161934,0.077774286,0.4604745
7.8076773,-0.2506284,0.42622602,0.31591144
7.6652966,-0.26742268,0.59919715,0.34857368
7.693055,-0.3811481,0.89219403,0.45559597
7.7249937,-0.39364368,0.7813115,0.42719698
7.585291,-0.3761537,0.9358425,0.42773333
7.569761,-0.36859488,0.81891143,0.44663376
7.7282286,-0.38441545,0.5911286,0.47637093
7.741891,-0.34135634,0.7196698,0.32696378
7.684699,-0.35497642,0.4930011,0.43678218
7.6911774,-0.2616269,0.39599872,0.35292184
7.7566066,-0.23109174,0.45128417,0.33151972
7.756815,-0.28462958,0.3907957,0.3728903
7.791731,-0.3876891,0.46429408,0.50306237
7.8368754,-0.47070473,0.78619456,0.50318426
7.8037405,-0.38761747,0.38186383,0.4590009
7.696967,-0.24216902,0.42821074,0.33592123
7.7201214,-0.16944182,0.2885443,0.26589635
7.6717334,-0.20467937,0.44313753,0.29011527
7.834424,-0.20118934,0.09059632,0.2598794
7.862218,-0.17497933,0.04756725,0.29408005
7.964052,-0.119507074,-0.06683749,0.2056843
7.8492785,-0.045131862,-0.25329173,0.24467203
7.784834,-0.0440647,-0.0067302585,0.251536
7.7902017,-0.051050544,-0.09135687,0.20945995
7.7563505,-0.015850663,-0.20452249,0.2065329
7.797285,-0.094848216,-0.056901097,0.25216705
7.5284204,-0.07780635,0.23070991,0.25593466
7.367151,-0.026074827,0.50433135,0.20522477
7.4932737,-0.13237417,0.6415093,0.21372491
7.377239,-0.15546036,0.5801089,0.26805437
7.4426813,-0.19804019,0.69134116,0.29431868
7.4055724,-0.22038156,0.69915473,0.3574801
7.33389,-0.21636844,0.93699765,0.28967705
7.31865,-0.214217,1.0224519,0.3258939
7.3660784,-0.24150819,0.8943243,0.3454002
7.167547,-0.21965128,1.2516658,0.2946159
7.0478497,-0.12704259,0.984462,0.27544722
7.197275,-0.10170972,0.89215183,0.23798804
6.9788065,-0.18085063,1.4074783,0.3068427
7.2568884,-0.18980682,0.971125,0.32214743
7.3772736,-0.171767,0.71944225,0.29530153
7.209646,-0.13247514,0.9603803,0.2692234
6.9795465,-0.1550914,1.2177603,0.24717185
6.9949393,-0.1570648,1.2543621,0.27799714
7.105728,-0.079508066,0.8857951,0.28389797
6.721715,-0.07401377,1.3015609,0.22094914
6.797038,-0.08335489,1.2937226,0.20038606
7.04571,-0.09087193,0.9777646,0.22367017
7.122524,-0.09621167,0.8868861,0.24600708
7.8537903,-0.48444325,0.7608068,0.5602941
7.9111023,-0.4756363,0.5792296,0.5476863
7.8686438,-0.46564102,0.71188426,0.5504568
7.849578,-0.4609025,0.8429003,0.5851962
7.5852156,-0.35769355,0.7968104,0.4274745
7.462645,-0.29095846,0.79811144,0.39571625
7.505882,-0.34446383,0.7160995,0.4581387
7.8776455,-0.36014813,0.6743417,0.46046287
7.6952477,-0.3122062,0.55684495,0.45639533
7.633229,-0.33072948,0.7084737,0.4579758
7.6302147,-0.35643578,0.7316711,0.47211915
7.6524134,-0.45631087,1.0233097,0.57593596
7.6344557,-0.47355825,1.1628199,0.52984977
7.723134,-0.5673017,1.3811145,0.7501498
7.892223,-0.55189884,0.8577428,0.6397482
7.8384876,-0.53752613,1.0106018,0.5940271
7.9012637,-0.4495694,0.4310186,0.57250446
7.919258,-0.44733137,0.59264183,0.54084504
7.783762,-0.40940475,0.68483543,0.6191446
7.8269396,-0.34652114,0.4295026,0.49303526
7.8576155,-0.26028848,0.3151313,0.3797268
7.796671,-0.28302234,0.46030414,0.35771447
7.817098,-0.3360024,0.32609892,0.3882475
7.8185205,-0.4205063,0.57765865,0.47450608
7.581139,-0.39167225,0.8365059,0.45374435
7.5634613,-0.42281651,1.1473613,0.45529246
7.3726654,-0.412961,1.4102092,0.4932927
7.2144814,-0.31178552,1.4174576,0.3843565
7.238639,-0.33275598,1.3522921,0.34934825
7.264841,-0.37637305,1.3720527,0.46213692
7.2063375,-0.2697038,1.3930669,0.32866013
7.257776,-0.18016446,1.0842876,0.3036338
7.401432,-0.19876319,0.65698504,0.32698286
7.502657,-0.16613764,0.55408835,0.32508683
7.4455576,-0.13875794,0.55910754,0.29312652
7.3150806,-0.19802183,0.7662823,0.27387476
7.3479605,-0.20596462,0.8023596,0.3341363
7.253598,-0.23357695,0.8964459,0.31189033
7.296245,-0.30366224,1.1801937,0.38504702
7.1510835,-0.25373864,1.1550746,0.41574472
7.0511765,-0.26314038,1.3901689,0.35558385
6.5978575,-0.16963214,1.7707741,0.32160744
6.599448,-0.20013297,1.874857,0.2921176
6.558133,-0.12140411,1.6207709,0.23750462
6.71961,-0.02436769,1.0765669,0.20827919
6.7363043,-0.077287495,1.2956114,0.24288695
6.97058,-0.14121598,1.3614011,0.22939481
6.9898996,-0.13333416,1.2049966,0.23370235
7.078498,-0.14196092,1.1601877,0.25033164
7.3325677,-0.25050867,0.9325559,0.33307725
7.239215,-0.29771388,1.2369018,0.37782115
7.1159463,-0.14673477,1.0009053,0.28528857
7.1283298,-0.11722362,0.8539897,0.24564387
7.194966,-0.13984573,0.91173947,0.27992624
7.215369,-0.12890077,0.8207972,0.3176359
7.31918,-0.1726247,0.8823676,0.31839114
7.223685,-0.23473579,1.0777283,0.3344189
7.1904144,-0.27207023,1.2970307,0.40163916
7.3745885,-0.4652992,1.4690437,0.59423643
7.251397,-0.4727664,1.8073838,0.60502636
7.5106506,-0.45280182,1.157032,0.60583425
7.573843,-0.47195435,1.2707033,0.5683271
7.507769,-0.43882275,1.2849939,0.5434025
7.562635,-0.4325838,1.0937746,0.5664085
7.5035906,-0.44682908,1.2814746,0.523437
7.6180263,-0.47365165,1.1854787,0.603112
7.690365,-0.46461117,1.0512195,0.6127878
7.672698,-0.4056421,0.82268095,0.47460455
7.9957113,-0.48762476,0.2949003,0.68091637
7.883893,-0.48787016,0.61302006,0.63128674
7.8753695,-0.44492692,0.57438254,0.49666786
7.9939537,-0.4556191,0.45869875,0.52627707
7.9563136,-0.44771296,0.21963084,0.54964656
7.98172,-0.3735525,0.34101236,0.41889262
7.752709,-0.22050375,0.28532076,0.30861825
7.8729687,-0.26631635,0.13833821,0.3181781
7.8226886,-0.10973245,-0.1471746,0.33075407
7.732251,-0.120131254,0.18363976,0.28182727
7.769049,-0.19503337,0.2824607,0.2890212
7.708308,-0.1827153,0.39340067,0.2828496
7.6720676,-0.20249373,0.28474867,0.31233534
7.193058,-0.2561056,0.9353726,0.40233403
7.4177313,-0.42708772,1.3981438,0.4941916
7.7188573,-0.3107782,0.39106655,0.45333618
7.723104,-0.29120505,0.38115513,0.35370356
7.5836873,-0.24459445,0.4820478,0.31702796
7.546583,-0.35479122,0.7239666,0.4811296
7.498036,-0.29832554,0.9830625,0.4750617
7.153138,-0.24122328,1.2063384,0.35582644
7.1059365,-0.20946461,1.3285155,0.27165818
6.951776,-0.15309876,1.2623801,0.25722453
6.945812,-0.11942172,1.3374336,0.22086217
6.7968035,-0.16016972,1.4129772,0.2898822
6.494564,-0.017528057,1.5492404,0.24916132
6.4045386,-0.085954964,1.7107315,0.23977444
6.751067,-0.13425249,1.543175,0.21401915
6.865249,-0.18288374,1.4475789,0.2844642
6.9519625,-0.15390974,1.2798736,0.27310625
6.9570813,-0.05302167,1.0383635,0.21706256
7.0117674,-0.10302752,1.0459509,0.23559219
6.9731836,-0.08538568,1.1081257,0.24586186
7.0331497,-0.08054739,1.0119648,0.22577575
7.2375793,-0.048727512,0.69364905,0.21615234
7.3510537,-0.18883574,0.9783491,0.27710533
7.3779173,-0.19654685,0.8697727,0.36090618
7.595584,-0.27241695,0.8603339,0.3394888
7.5895834,-0.21241206,0.4987632,0.32612538
7.619706,-0.2702635,0.6283963,0.35613114
7.3451314,-0.22387832,1.0605853,0.36481637
7.827267,-0.3125195,0.34160054,0.39331427
7.8525543,-0.2556193,0.07636106,0.38199586
7.9424515,-0.22938257,-0.040804505,0.3533525
7.9354386,-0.19487977,-0.07185471,0.28190917
7.602005,-0.21232659,0.49171364,0.31548566
7.685945,-0.24010867,0.4130423,0.3226463
7.6334248,-0.3046404,0.51938236,0.40940487
7.5909386,-0.33109826,0.83966875,0.43557233
7.8500032,-0.45784605,0.8379072,0.53708804
7.617338,-0.41697896,1.009769,0.5101307
7.618129,-0.449816,1.0581808,0.59801906
7.66951,-0.41688335,0.78966045,0.53770095
7.5235486,-0.38634896,0.8933431,0.42574266
7.369042,-0.32259208,0.9981539,0.4675688
7.583523,-0.30693376,0.78342545,0.40141922
7.4726253,-0.31905478,1.056129,0.4290077
7.4229183,-0.32805616,1.1069376,0.4614696
7.5820575,-0.3637048,0.6788758,0.5062555
7.413516,-0.33437216,0.87796545,0.43795556
7.51301,-0.40558726,1.0646195,0.48959845
7.379916,-0.36954117,1.1594481,0.4514588
7.491132,-0.31652045,0.82010627,0.39287066
7.3458242,-0.25822836,1.0623336,0.3455159
7.5285463,-0.2629801,0.70303154,0.3568465
7.3980513,-0.32409024,1.0825434,0.42933798
7.35149,-0.2472226,0.819582,0.37214625
7.175749,-0.15833539,1.1117389,0.3047727
7.0909796,-0.10964805,1.0058789,0.24135861
7.1419125,-0.036689162,0.81931067,0.20681438
7.141453,-0.16910446,1.1489892,0.30241644
7.0797377,-0.183379,1.202718,0.27993223
6.7304564,-0.118409455,1.5073481,0.2514519
6.8872275,-0.15971524,1.4333653,0.29049718
7.0170493,-0.12174845,1.2106643,0.21751803
7.321139,-0.0695501,0.8076689,0.24133319
7.5374007,-0.26363283,0.6921681,0.3505876
7.6062117,-0.27086145,0.65836763,0.3440677
7.7235756,-0.3138579,0.6433041,0.38665283
7.788763,-0.31374437,0.41612077,0.368923
7.3553276,-0.27393574,0.9935862,0.32902747
7.340539,-0.21636349,0.87740207,0.37301725
7.306048,-0.17220491,0.91810954,0.265822
7.177387,-0.18267232,1.1412399,0.28941444
6.994812,-0.1650626,1.1684439,0.33436912
6.884572,-0.15776896,1.4044471,0.28011593
7.1276503,-0.17715228,1.1129093,0.24509251
7.2192287,-0.12038922,0.77174306,0.27699304
7.1029243,-0.10962427,0.92734504,0.23176064
7.1946516,-0.09270835,0.923715,0.26108083
7.270355,-0.20260626,0.9290559,0.32822567
7.203121,-0.19110566,1.1151714,0.3180814
6.980437,-0.17427391,1.3632803,0.2718145
7.055503,-0.23643178,1.2651496,0.36070013
7.0351305,-0.22245288,1.3341775,0.30333072
7.333892,-0.22229683,0.83214617,0.3238392
7.335633,-0.26354086,1.2478793,0.3482605
6.989719,-0.21535587,1.4243457,0.35527152
7.056539,-0.24050343,1.4314754,0.3035483
7.029703,-0.17432022,1.2731073,0.24256533
6.9573607,-0.14661139,1.230062,0.2813588
7.043274,-0.13368332,1.118819,0.2493715
7.0473027,-0.17093647,1.1892481,0.26721674
6.9595556,-0.23933434,1.4225721,0.2908739
6.9773445,-0.149521,1.04129,0.25901908
6.8450828,-0.18951702,1.5005744,0.2746001
6.87594,-0.13571286,1.4734054,0.24160261
7.266445,-0.24379975,1.1178863,0.3387242
7.2367744,-0.30303222,1.1287374,0.42058292
7.31575,-0.3355688,1.2035089,0.36157596
7.412842,-0.28023708,1.0112574,0.3830412
7.4529247,-0.22833914,0.7547221,0.2894769
7.2720776,-0.16124487,0.86485744,0.29588744
7.3512373,-0.26250577,0.84703755,0.34766215
7.400489,-0.18147743,0.63338184,0.3219806
7.363331,-0.13569903,0.72101295,0.30207813
7.3519864,-0.17760849,0.8495108,0.31947416
7.340802,-0.22949952,0.94688225,0.3354305
7.2953777,-0.23406518,0.91355765,0.3462498
7.3549547,-0.16169524,0.9256129,0.2623726
7.1338873,-0.21945983,1.2125504,0.30771053
7.06909,-0.20789415,1.1511407,0.370906
7.094471,-0.15655482,1.0353112,0.28519094
7.2296877,-0.22099566,1.0988564,0.33734834
7.3756456,-0.25143474,0.9227526,0.3340947
7.2521434,-0.25869697,1.0870042,0.38831127
7.060033,-0.26796114,1.3390903,0.38564163
7.6164775,-0.30769295,0.9848807,0.3881418
7.6865807,-0.35283142,0.5000527,0.4638744
7.8602104,-0.39920247,0.61627805,0.42953116
7.698556,-0.43256855,0.77181506,0.49671578
7.2953367,-0.32985342,1.0257015,0.44524062
7.5954795,-0.32743657,0.6947223,0.45403737
7.655941,-0.4787991,0.8846648,0.5888404
7.8955193,-0.48300916,0.545104,0.54987615
7.9735003,-0.5423694,0.8466668,0.7348946
7.998746,-0.500901,0.62017703,0.6272967
7.8024626,-0.52793986,1.0777204,0.6220223
7.8772054,-0.49467218,0.9157095,0.574931
7.9009576,-0.4529149,0.69117856,0.54524446
7.959769,-0.49519455,0.5685768,0.61616033
7.959964,-0.4863758,0.5355443,0.64652133
7.9543953,-0.4732514,0.5190077,0.5471349
7.966346,-0.49159747,0.33932543,0.5766782
7.7385173,-0.41185445,0.5746689,0.5028161
7.84627,-0.4705884,0.6110294,0.5889616
7.986477,-0.5778161,0.5320723,0.82542044
7.992593,-0.66655815,1.0238583,0.9380313
7.877276,-0.687941,1.884594,0.9066144
7.978313,-0.621863,0.65428686,0.79032415
7.956902,-0.5801377,0.8740505,0.75686777
7.8813496,-0.6085074,1.1193805,0.7618133
7.8799148,-0.5884998,0.9682324,0.7862384
7.9620953,-0.6026978,0.93476033,0.7631675
7.8066864,-0.5270377,1.0717881,0.594662
7.464321,-0.46192646,1.3780117,0.5951246
7.473065,-0.37774354,1.1905432,0.5339727
7.762882,-0.2536201,0.38644075,0.34911495
7.5669003,-0.24752331,0.6186278,0.37192303
7.6278896,-0.31990778,0.67693615,0.3845343
7.8407955,-0.4468438,0.5228703,0.51573354
7.737222,-0.3738914,0.62943053,0.4773724
7.7714586,-0.44430912,0.88366723,0.5242277
7.7011523,-0.5238768,1.2567143,0.6341102
7.7380257,-0.5465338,1.314776,0.7068081
7.6044493,-0.5601047,1.5250261,0.61521834
7.670822,-0.593316,1.521081,0.6954805
7.7761397,-0.6441463,1.5812747,0.78801966
7.748928,-0.6316328,1.5284317,0.8879436
7.903047,-0.6550838,1.3797793,0.82793885
7.9328127,-0.60066414,0.96512055,0.740651
7.8949966,-0.54592365,0.9589801,0.64219975
7.846545,-0.44785613,0.58090496,0.51095605
7.7559996,-0.36066866,0.6709173,0.494676
7.672977,-0.3370031,0.6284096,0.38108099
7.497428,-0.271533,0.6943017,0.39751583
7.3317776,-0.32834035,1.1421142,0.39702022
7.4463725,-0.30661845,1.1074998,0.3815987
7.3577385,-0.33598024,1.1160665,0.38729066
7.321824,-0.27209342,1.0930727,0.34816343
7.4222307,-0.25552243,0.76736283,0.35679728
7.2867594,-0.25457996,1.2918749,0.3093477
