7.386401,-0.16798949,-0.48001456,0.30271992
7.3547,-0.1495986,-0.41146493,0.29302984
7.3547463,-0.1590994,-0.44836676,0.31123286
7.359643,-0.17268127,-0.4318546,0.3095684
7.3811197,-0.1734451,-0.45231164,0.30729115
7.3931093,-0.17861933,-0.44638395,0.31529114
7.4124694,-0.18159652,-0.48735464,0.30649707
7.410028,-0.16872102,-0.51194,0.31347093
7.382367,-0.17382646,-0.47395366,0.32143635
7.376268,-0.17751533,-0.46728694,0.31037384
7.378432,-0.17511344,-0.48831123,0.32182688
7.384291,-0.16794765,-0.45462823,0.31605273
7.35732,-0.17510587,-0.43243408,0.32115263
7.3586135,-0.18177289,-0.42104566,0.32007208
7.3501167,-0.17894733,-0.44435346,0.32122645
7.3759527,-0.16682738,-0.45120227,0.30317155
7.371551,-0.15956074,-0.44291776,0.29085025
7.374814,-0.15080702,-0.49270988,0.294363
7.3420444,-0.15876472,-0.459571,0.31009468
7.398185,-0.14928097,-0.50158226,0.31184968
7.4108286,-0.17104656,-0.55066544,0.31866956
7.4121923,-0.16930884,-0.5405365,0.31280327
7.4485006,-0.16608423,-0.5772449,0.30746576
7.4576125,-0.16909158,-0.57680804,0.30766842
7.4404163,-0.16689599,-0.5437848,0.30733898
7.424613,-0.1697672,-0.54666996,0.29907346
7.428826,-0.166839,-0.5402864,0.30553
7.424735,-0.18207705,-0.5202861,0.31093946
7.4092083,-0.17748356,-0.50683767,0.31492713
7.396803,-0.17346048,-0.48759592,0.31169808
7.4164314,-0.18073827,-0.50750184,0.3188629
7.432024,-0.18426108,-0.52433735,0.31504726
7.4471145,-0.17894125,-0.5531526,0.31908685
7.4614406,-0.1792987,-0.5812709,0.3113057
7.4510803,-0.17837173,-0.5632107,0.30393767
7.449423,-0.19101304,-0.5619248,0.31791994
7.427947,-0.16806519,-0.50873035,0.3012183
7.402727,-0.14583963,-0.5651737,0.30283508
7.3968616,-0.14674413,-0.52368915,0.30200353
7.4033074,-0.15855962,-0.5006828,0.30152783
7.411267,-0.13621867,-0.5374013,0.2919221
7.420815,-0.14895004,-0.5605766,0.2949433
7.3710494,-0.15605992,-0.533244,0.31213954
7.4182377,-0.17001414,-0.49687344,0.3024608
7.384609,-0.1684655,-0.46551478,0.310565
7.362237,-0.16929781,-0.47327894,0.30525693
7.382127,-0.16205955,-0.49497604,0.30109796
7.380212,-0.15479857,-0.5029683,0.30512258
7.3876977,-0.15734541,-0.506167,0.30869484
7.388378,-0.15416712,-0.532214,0.30951488
7.37153,-0.15410763,-0.4931059,0.29874074
7.3670416,-0.15066642,-0.4740159,0.29728925
7.359991,-0.15744203,-0.46343434,0.3013644
7.3482237,-0.16008401,-0.41267896,0.30243358
7.33711,-0.15746635,-0.42129713,0.28955263
7.3464174,-0.14002573,-0.4301635,0.2868566
7.355685,-0.13149863,-0.43696833,0.2778927
7.3807096,-0.13085425,-0.45968372,0.27853078
7.3648863,-0.12767208,-0.45159698,0.27332383
7.340418,-0.1367634,-0.4502216,0.27960128
7.325861,-0.14120084,-0.40309703,0.2864684
7.3149967,-0.13732731,-0.4579391,0.2959656
7.3406544,-0.1474911,-0.45131493,0.29864615
7.518897,-0.21227235,-0.68973887,0.34691036
7.5262523,-0.20554316,-0.6589859,0.3354916
7.4774733,-0.20147604,-0.61978734,0.3407522
7.4905877,-0.2089485,-0.6206292,0.34254748
7.46924,-0.20542169,-0.62698,0.33731705
7.5018125,-0.20547944,-0.6160049,0.3233601
7.506669,-0.20260513,-0.62292963,0.3206625
7.498815,-0.19284457,-0.6452819,0.33571905
7.4941297,-0.1911599,-0.6318351,0.32000154
7.479389,-0.18553281,-0.64804995,0.32863954
7.4862995,-0.17172945,-0.6566427,0.31632143
7.492984,-0.18549144,-0.6648212,0.32778126
7.4984155,-0.18271047,-0.6548728,0.31995386
7.472724,-0.18773752,-0.63557214,0.32618022
7.4716854,-0.18716472,-0.6346094,0.32247767
7.464527,-0.18928969,-0.56061643,0.313595
7.453047,-0.18409884,-0.6010294,0.31267676
7.4322224,-0.16613549,-0.5811635,0.30447197
7.4459863,-0.1627056,-0.5945088,0.3085031
7.4499574,-0.15972078,-0.57102716,0.30208153
7.452929,-0.16228753,-0.57755655,0.30243805
7.4617815,-0.16485721,-0.6185661,0.30384937
7.4699545,-0.16859889,-0.59003514,0.3096342
7.450616,-0.16766798,-0.6114845,0.32172015
7.4474154,-0.17141038,-0.5993492,0.30908582
7.463228,-0.17332888,-0.5975416,0.3077351
7.4952097,-0.19449538,-0.61340946,0.32074606
7.4880877,-0.19901747,-0.5910506,0.3295697
7.448926,-0.19082081,-0.5726957,0.32094896
7.472266,-0.19826895,-0.6300425,0.3278339
7.5077257,-0.20312482,-0.64238846,0.33007205
7.5068026,-0.18758333,-0.68340874,0.3338341
7.4832544,-0.21000582,-0.6355798,0.33850884
7.4914284,-0.21820265,-0.5887477,0.3267002
7.480713,-0.19329202,-0.6123415,0.32414648
7.4491076,-0.1997258,-0.56924736,0.33843058
7.4661207,-0.2148568,-0.5900509,0.3435881
7.475127,-0.20172238,-0.57433546,0.33445323
7.433589,-0.20551962,-0.5083253,0.33726302
7.4594054,-0.20310307,-0.5687996,0.32777318
7.4612403,-0.20155066,-0.5719479,0.33651584
7.4531803,-0.20587033,-0.55919814,0.34151042
7.49473,-0.20588923,-0.59400177,0.3199625
7.4928327,-0.20319813,-0.6100965,0.3318439
7.4831285,-0.2002306,-0.60902643,0.3312837
7.4750566,-0.18906713,-0.61795914,0.3175106
7.48944,-0.1909523,-0.6480141,0.32437676
7.4945517,-0.19407225,-0.6132922,0.32107142
7.497403,-0.20384264,-0.6682569,0.33348644
7.4426174,-0.1991244,-0.59596056,0.32631344
7.4342203,-0.19059432,-0.50606054,0.32477793
7.4705973,-0.22222412,-0.4819901,0.3255303
7.4429426,-0.192464,-0.48255873,0.32842076
7.433598,-0.21122873,-0.48626328,0.32832268
7.4428253,-0.21039212,-0.57487273,0.33182302
7.4762216,-0.21475971,-0.58011395,0.34345943
7.480038,-0.22443259,-0.60119534,0.3413061
7.474934,-0.185615,-0.61108196,0.33439502
7.4917426,-0.16949117,-0.6508442,0.31827694
7.510544,-0.16871172,-0.6811079,0.30877316
7.5065155,-0.1721251,-0.65633184,0.30788642
7.474948,-0.17204541,-0.6582725,0.30170348
7.4631157,-0.14151275,-0.61659014,0.2955286
7.367919,-0.12072313,-0.4985997,0.2762592
7.3712397,-0.11790687,-0.47907597,0.27612242
7.3463206,-0.11316848,-0.4703902,0.27491212
7.3457613,-0.11431795,-0.44748384,0.27662238
7.3646274,-0.11939317,-0.48794633,0.27883142
7.372003,-0.12849122,-0.50343025,0.28728783
7.381693,-0.13387173,-0.48651296,0.27671027
7.374073,-0.13248271,-0.5383458,0.28883767
7.3682814,-0.12545818,-0.50371027,0.28747964
7.36896,-0.11628157,-0.5279064,0.2845158
7.3583574,-0.12062836,-0.54837906,0.2842518
7.397406,-0.11748904,-0.530378,0.27586985
7.38904,-0.1274209,-0.5101312,0.27721328
7.3799787,-0.123707294,-0.5166754,0.2737614
7.407764,-0.12834537,-0.5091324,0.28439155
7.40555,-0.12290549,-0.4925406,0.26671165
7.403205,-0.12043929,-0.5420607,0.27575058
7.3920913,-0.123021126,-0.55378544,0.2904918
7.3863077,-0.12470174,-0.5540123,0.28685534
7.4009085,-0.13132292,-0.5231131,0.287499
7.349065,-0.13108146,-0.4050532,0.28815177
7.3248744,-0.1511975,-0.4068328,0.2967995
7.3089437,-0.15280086,-0.39978337,0.29647654
7.3039722,-0.15003157,-0.4047721,0.30533773
7.328338,-0.14648259,-0.4118129,0.2878374
7.309396,-0.12822199,-0.4406907,0.29048818
7.321712,-0.13455576,-0.41095316,0.28526837
7.3496146,-0.13218737,-0.4910463,0.28515524
7.3889236,-0.1337884,-0.48984683,0.2834517
7.3854923,-0.13747078,-0.5325614,0.28835404
7.3952127,-0.15155375,-0.5114136,0.28722346
7.4136076,-0.14206165,-0.53561294,0.2839535
7.423087,-0.14342988,-0.6009367,0.29181972
7.417938,-0.13393939,-0.57637453,0.29314005
7.4162655,-0.14409834,-0.5226525,0.29177144
7.448512,-0.14091694,-0.5673163,0.2927271
7.4786553,-0.13170493,-0.64782035,0.28921366
7.441612,-0.12545955,-0.6218897,0.28981546
7.435426,-0.12940478,-0.6138285,0.28770962
7.453171,-0.13360626,-0.5940394,0.2814459
7.452804,-0.13334417,-0.596424,0.28681087
7.4271517,-0.13953471,-0.5312445,0.28019282
7.3864803,-0.13565785,-0.53293145,0.2839128
7.380103,-0.1267727,-0.50077033,0.2885599
7.3826933,-0.12704426,-0.5507226,0.28033274
7.3914022,-0.12063241,-0.5125775,0.27402425
7.3732576,-0.11916053,-0.50113523,0.27395788
7.346325,-0.11709243,-0.4881668,0.27294594
7.366025,-0.11748344,-0.47473228,0.27568182
7.3723755,-0.12638086,-0.48413455,0.27481082
7.370931,-0.107554555,-0.47666192,0.2595681
7.354047,-0.13323152,-0.43812978,0.26856714
7.3565207,-0.13703555,-0.45722574,0.28587222
7.3584614,-0.1332531,-0.45882243,0.2832123
7.360624,-0.14072055,-0.46446633,0.28463814
7.36062,-0.13294142,-0.46275735,0.2882434
7.3633585,-0.13618273,-0.45713985,0.2811651
7.368455,-0.1355272,-0.49394453,0.29071474
7.336106,-0.13537228,-0.48726988,0.29326838
7.3904524,-0.14398122,-0.4986713,0.28264195
7.3780675,-0.14158875,-0.48910868,0.28294954
7.357394,-0.11220598,-0.5004117,0.27911925
7.370693,-0.125215,-0.49547356,0.2776498
7.266135,-0.113582015,-0.32703495,0.274407
7.243391,-0.11025149,-0.2994272,0.2742535
7.2502913,-0.10631013,-0.2749923,0.25369665
7.2323356,-0.09679389,-0.27844656,0.25412807
7.214398,-0.08785671,-0.2701134,0.25250405
7.1943674,-0.09506798,-0.2542305,0.2587375
7.1921015,-0.09393442,-0.25311702,0.26178184
7.205453,-0.09347612,-0.25428718,0.25388947
7.246136,-0.088960946,-0.2784378,0.2504199
7.233473,-0.08101016,-0.29645902,0.24751154
7.2237825,-0.08714002,-0.30907923,0.25601846
7.201885,-0.078017235,-0.30352378,0.26044637
7.2281137,-0.07865822,-0.33331037,0.25541323
7.2347975,-0.08847022,-0.2937479,0.25580692
7.258884,-0.08524436,-0.33476037,0.2565183
7.287365,-0.088178515,-0.33703083,0.23997511
7.30066,-0.09297031,-0.41844606,0.27409247
7.3211126,-0.095568776,-0.4352982,0.2694285
7.3321676,-0.096849024,-0.44191718,0.26067764
7.3154607,-0.09768671,-0.4379995,0.26122373
7.314808,-0.09877175,-0.40719151,0.2651294
7.30189,-0.1121909,-0.4089027,0.26538822
7.331835,-0.114628315,-0.3756026,0.27181226
7.297216,-0.115115404,-0.37789762,0.26816508
7.286169,-0.10690969,-0.3893506,0.26820475
7.294937,-0.11363846,-0.3644855,0.26528096
7.299388,-0.12246007,-0.36815053,0.27176908
7.2944903,-0.1097489,-0.41844356,0.2776161
7.2999163,-0.11312443,-0.41063452,0.27573195
7.3131166,-0.11598277,-0.41219592,0.27874506
7.3458233,-0.124631345,-0.44677728,0.2834508
7.3462296,-0.12185949,-0.46364802,0.28237325
7.346885,-0.121298134,-0.45169902,0.2820874
7.356325,-0.12206358,-0.46876276,0.27415577
7.3858786,-0.12139398,-0.51880574,0.27085546
7.3863373,-0.14825904,-0.52712566,0.28957054
7.386562,-0.15805012,-0.49921286,0.30880862
7.371147,-0.1451183,-0.45934987,0.30470312
7.320451,-0.13952166,-0.42603016,0.29808584
7.32306,-0.14113337,-0.42264116,0.29246315
7.3416443,-0.13487172,-0.4328733,0.2869482
7.3652773,-0.13860786,-0.44895524,0.2845573
7.349961,-0.1515261,-0.42204285,0.2838587
7.3558497,-0.13973302,-0.39256454,0.27941063
7.31102,-0.13752264,-0.4069565,0.29274145
7.293934,-0.13671839,-0.38552928,0.2884706
7.3003607,-0.13779414,-0.37190872,0.2887062
7.2908463,-0.12757623,-0.3710661,0.27633578
7.2961082,-0.11560494,-0.36693114,0.27428818
7.274192,-0.107159555,-0.35192633,0.2678692
7.2738276,-0.1054557,-0.35172164,0.2677407
7.2777977,-0.099710345,-0.35356033,0.26528516
7.259325,-0.0995335,-0.36083412,0.265496
7.2659407,-0.099606276,-0.36705887,0.2683471
7.255859,-0.10959953,-0.29225892,0.25889444
7.241849,-0.09888804,-0.31149566,0.2625823
7.251857,-0.09547931,-0.3653651,0.26324186
7.255494,-0.086025774,-0.3658452,0.25967833
7.237541,-0.074400365,-0.36949438,0.2510584
7.2248282,-0.07390547,-0.3282296,0.2519642
7.243968,-0.08103174,-0.32035333,0.24915364
7.254383,-0.07208735,-0.34262574,0.25024492
7.2501,-0.07303172,-0.33471876,0.2464692
7.0741377,-0.043487728,-0.13319534,0.23094128
7.103463,-0.044766605,-0.12947059,0.2319522
7.1237745,-0.06502366,-0.12775695,0.24219188
7.1258655,-0.065048516,-0.15275574,0.23667724
7.1231117,-0.06915438,-0.16891754,0.24342221
7.126217,-0.07693952,-0.15803945,0.24916568
7.1288834,-0.080949366,-0.12904096,0.23579106
7.1406336,-0.07392818,-0.13896835,0.2396618
7.1557713,-0.07775855,-0.19639498,0.24382244
7.1785326,-0.09482437,-0.25996292,0.25965753
7.164413,-0.09800619,-0.20926785,0.26466012
7.168885,-0.09919375,-0.22543079,0.2691803
7.1751995,-0.092315435,-0.21348709,0.24556847
7.203854,-0.065313876,-0.23571765,0.24636632
7.16712,-0.06308681,-0.27170783,0.24631506
7.172351,-0.06122744,-0.2587353,0.23532656
7.2136345,-0.0678345,-0.27336043,0.23867154
7.201267,-0.07522011,-0.2782634,0.23980393
7.1926575,-0.06079477,-0.25048524,0.2316006
7.2038293,-0.06892699,-0.2655452,0.23322345
7.1890173,-0.05886191,-0.18663204,0.22177108
7.1961985,-0.040370405,-0.24639475,0.22223158
7.198941,-0.038932264,-0.2796601,0.21855749
7.212574,-0.04850459,-0.2760228,0.23470691
7.1944,-0.050599933,-0.27224702,0.22380035
7.211471,-0.048627615,-0.28694463,0.2323753
7.1655197,-0.05725223,-0.25595814,0.23399976
7.218442,-0.065514386,-0.3266077,0.23463556
7.2130833,-0.04600644,-0.29544187,0.23278823
7.2171345,-0.05204779,-0.33202398,0.23920654
7.232896,-0.0622862,-0.34005797,0.23548257
7.218656,-0.052130878,-0.30687875,0.22433339
7.2001696,-0.04087031,-0.3044684,0.22711864
7.2056084,-0.04934305,-0.2629205,0.22925487
7.2109137,-0.05754274,-0.27239794,0.23208216
7.195396,-0.059885442,-0.25000018,0.22693099
7.190734,-0.062033474,-0.240134,0.23927845
7.1854696,-0.06356424,-0.25947255,0.23971236
7.1831484,-0.055935383,-0.2650966,0.23481005
7.1753645,-0.05031246,-0.28257972,0.23481427
7.2088666,-0.06375116,-0.3081485,0.23871218
7.208535,-0.06939578,-0.24947917,0.23606478
7.191745,-0.057623565,-0.2308371,0.23194224
7.179619,-0.049623728,-0.23547512,0.23107941
7.160765,-0.046980917,-0.22801197,0.233717
7.1549807,-0.04945594,-0.23922539,0.22847658
7.1610613,-0.04395336,-0.23137617,0.23117052
7.1369777,-0.04768747,-0.20920861,0.2260495
7.119998,-0.029322803,-0.14920259,0.21071596
7.138324,-0.036041975,-0.18109155,0.21910875
7.1209993,-0.031145573,-0.17509007,0.22134192
7.106367,-0.032309234,-0.18851501,0.22450015
7.13063,-0.037462294,-0.18485093,0.21657324
7.1440907,-0.02836901,-0.20149082,0.21628346
7.131381,-0.027655482,-0.22328556,0.22384669
7.132909,-0.029822946,-0.23157668,0.2243596
7.1211014,-0.023522913,-0.18085718,0.21692914
7.12333,-0.022591472,-0.17848068,0.21121106
7.116547,-0.024018586,-0.15280306,0.20955902
7.1171656,-0.030631661,-0.1667108,0.21273854
7.119521,-0.045620263,-0.16614854,0.22004208
7.1142526,-0.036413014,-0.1636976,0.22504579
7.146749,-0.042638004,-0.2198999,0.22870736
7.2353888,-0.04525578,-0.32336318,0.2276464
7.2562323,-0.06441885,-0.29777104,0.2261897
7.2371674,-0.07288295,-0.295851,0.24521118
7.235999,-0.07653028,-0.31746072,0.23980376
7.2465897,-0.09043306,-0.29931462,0.24818231
7.222711,-0.08591199,-0.3073755,0.25992742
7.2176437,-0.08645266,-0.29961246,0.2643013
7.2145147,-0.08944255,-0.26884377,0.25383472
7.2174797,-0.09112996,-0.27243626,0.26051897
7.196763,-0.09256953,-0.2628944,0.2584314
7.209123,-0.07927632,-0.26142037,0.25552565
7.170557,-0.08195627,-0.23499155,0.25220627
7.1716623,-0.07809961,-0.21562195,0.24460384
7.1778436,-0.065398276,-0.22453493,0.24179801
7.1878223,-0.04833007,-0.24062157,0.22985381
7.197065,-0.052762985,-0.27628934,0.23360069
7.191421,-0.050744414,-0.27511758,0.23949337
7.2066936,-0.053337336,-0.2743889,0.23410536
7.206478,-0.058194578,-0.30851114,0.23706584
7.223598,-0.057331383,-0.29758185,0.23319702
7.2227144,-0.06738013,-0.28807533,0.23526594
7.21119,-0.051216125,-0.29549885,0.23386613
7.222144,-0.049558163,-0.29386282,0.2249301
7.2242813,-0.049760163,-0.3014909,0.23058468
7.201828,-0.02691251,-0.2843958,0.22276565
7.2119794,-0.026819587,-0.33954,0.21953163
7.194014,-0.020565152,-0.3003767,0.21333829
7.1597157,-0.02292788,-0.2578917,0.20858262
7.146703,-0.028087497,-0.21628153,0.2081198
7.115574,-0.015231848,-0.18362546,0.20696075
7.118515,-0.017086625,-0.18810594,0.20961756
7.109625,-0.0080782175,-0.19284302,0.20739792
7.107071,-0.016958296,-0.18950975,0.21048665
7.0931983,-0.008563042,-0.1547308,0.21102643
7.0839663,-0.0006274581,-0.18666148,0.20298743
7.113215,-0.0155873895,-0.13372159,0.20150222
7.0875306,-0.023492575,-0.13303673,0.20251526
7.067209,-0.0039187074,-0.11539137,0.20571513
7.0545125,-0.009418547,-0.10244465,0.20603226
7.0526724,-0.010029256,-0.08717716,0.20803478
7.0491295,-0.019812465,-0.080818295,0.20583904
7.0433316,-0.012341678,-0.07157862,0.20487322
7.045476,-0.0116176605,-0.081140876,0.20431389
7.041874,-0.010020256,-0.08691859,0.20919111
7.035043,-0.018203676,-0.07386744,0.20412357
7.0751743,-0.019761026,-0.10821146,0.20524287
7.0501385,-0.012902021,-0.106823504,0.21202832
7.0230083,-0.0127827525,-0.097626805,0.21324942
7.087352,-0.02496624,-0.09702915,0.20065434
7.078973,-0.01343441,-0.09941989,0.20202215
7.048796,-0.0062206388,-0.096961915,0.2003282
7.0552173,-0.023531437,-0.09359729,0.20449069
7.0285273,-0.003666699,-0.063670754,0.20700186
7.0259056,-0.0065014362,-0.07360375,0.20266317
7.047559,0.007902265,-0.1101498,0.20282148
7.11292,-0.0067062974,-0.13766563,0.20268632
7.0405493,-0.009037375,-0.108042836,0.21155284
7.0504503,-0.019535542,-0.109894454,0.21340244
7.078168,-0.039667904,-0.107150316,0.2232703
7.0520477,-0.041792512,-0.10496241,0.22835968
7.0663157,-0.040809453,-0.14461064,0.22402313
7.0951858,-0.022318184,-0.12999064,0.21179286
7.089037,-0.024189055,-0.15300989,0.21794046
7.135968,-0.026720822,-0.20043975,0.21364383
7.152942,-0.041935384,-0.19175887,0.21747981
7.1676702,-0.04065621,-0.1903246,0.21920037
7.151844,-0.040021837,-0.22967899,0.21579245
7.144516,-0.016836703,-0.2526766,0.21428739
7.1184583,-0.01577413,-0.21555847,0.21227871
7.132719,-0.022126496,-0.20909107,0.20811811
7.104469,0.003206849,-0.18328083,0.2041374
7.1099787,-0.020745933,-0.16031158,0.20349951
7.120849,-0.034429252,-0.14967704,0.20631285
7.094243,0.0030345917,-0.19545639,0.2014008
7.1325254,0.0027338266,-0.20001096,0.20181009
7.143295,-0.019138038,-0.2376681,0.20366965
7.1429224,-0.012454033,-0.2381593,0.20998447
7.133223,-0.02887708,-0.19499373,0.20653023
7.1200886,-0.01967609,-0.18604136,0.21308255
7.0976787,-0.019595444,-0.17754048,0.2130827
7.097578,-0.021576583,-0.16325176,0.21416193
7.0937605,-0.02067399,-0.16225088,0.21736518
7.104725,-0.017764926,-0.16774863,0.20964809
7.0971584,-0.024175882,-0.15464878,0.2116051
7.0646396,-0.01583141,-0.13688678,0.20641871
7.0981584,-0.034540057,-0.13924801,0.20898056
7.0966687,-0.017891705,-0.17118585,0.20902267
7.088964,-0.025353968,-0.14987409,0.21593873
7.0789766,-0.013382018,-0.1471411,0.21512012
7.0738444,-0.025112748,-0.14973271,0.22227323
7.0780506,-0.042491555,-0.12763548,0.21606874
7.080444,-0.04015392,-0.11834407,0.22512157
7.0998607,-0.01837039,-0.16452748,0.2178353
7.108098,-0.014323831,-0.15898287,0.20308395
7.1238236,-0.014002919,-0.20181239,0.21065451
7.1130114,-0.004568517,-0.21927726,0.20932494
7.112629,-0.010361433,-0.20261693,0.20469752
7.0971904,-0.0064254403,-0.19714284,0.21203126
7.0601835,0.0015442371,-0.14870524,0.20008075
7.1047783,-0.0093640685,-0.1852237,0.2000894
7.107994,-0.010020256,-0.1548953,0.20598061
7.11325,-0.014536321,-0.19039148,0.2067516
7.115337,-0.017996252,-0.19227833,0.20705745
7.120802,-0.0282408,-0.20843327,0.21639065
7.128223,-0.024511158,-0.22200215,0.21864483
7.1297827,-0.027261376,-0.1532427,0.21792418
7.1267405,-0.04186213,-0.18957233,0.21819401
7.1302996,-0.056723297,-0.19781083,0.23416185
7.1766825,-0.055431664,-0.19908631,0.23206967
7.1754875,-0.056334198,-0.25194448,0.23152551
7.156233,-0.057235718,-0.23854625,0.22984147
7.159705,-0.05110407,-0.22718489,0.2302838
7.154542,-0.044787884,-0.2270065,0.2211779
7.130764,-0.040164173,-0.19757622,0.21313491
7.130004,-0.030123472,-0.22016084,0.21359451
7.154208,-0.038975,-0.22736824,0.21771638
7.1708374,-0.048626304,-0.22044688,0.22109441
7.173708,-0.07026696,-0.21372724,0.23102908
7.171609,-0.064579725,-0.21819633,0.23110342
7.172531,-0.076078534,-0.25467908,0.24233262
7.1869774,-0.066274464,-0.23162413,0.24105942
7.1911983,-0.057141185,-0.27853668,0.24161223
7.191082,-0.06467712,-0.26373476,0.23685533
7.177174,-0.062842965,-0.25243956,0.23992783
7.1866436,-0.063426554,-0.26356035,0.23896047
7.1998835,-0.05714661,-0.25544274,0.2329854
7.3588285,-0.15388304,-0.41531265,0.28668663
7.3626013,-0.13774782,-0.5082648,0.29417002
7.375786,-0.1473999,-0.49464214,0.29475188
7.361622,-0.13850707,-0.43452966,0.28005952
7.3436112,-0.13505167,-0.4473757,0.28630945
7.35273,-0.15019673,-0.39696366,0.2871148
7.3366385,-0.15044111,-0.4368431,0.30124503
7.3405256,-0.15332788,-0.44386196,0.298401
7.3243833,-0.15414977,-0.41886646,0.3000587
7.3465657,-0.15271014,-0.41174293,0.29518378
7.348684,-0.14322346,-0.41132534,0.2895699
7.3437004,-0.14466912,-0.4681477,0.29294714
7.3423305,-0.1434778,-0.4265657,0.28806904
7.3489075,-0.13818544,-0.44405556,0.27958858
7.339222,-0.13322961,-0.4368316,0.28395396
7.334692,-0.1341613,-0.4146822,0.28079626
7.342195,-0.13813668,-0.45999622,0.2891337
7.33801,-0.12969571,-0.45302582,0.2875956
7.3509493,-0.12712508,-0.47670758,0.2821653
7.3501997,-0.14543861,-0.45208615,0.28568324
7.3422327,-0.14464796,-0.44191885,0.29872936
7.3497076,-0.15044963,-0.4615081,0.2985326
7.3343344,-0.13906032,-0.44684136,0.27764934
7.3268294,-0.15770179,-0.41190916,0.2993468
7.3446636,-0.15866077,-0.4230218,0.3127525
7.326685,-0.15978539,-0.38367033,0.3017855
7.3337307,-0.1645202,-0.3933704,0.3032583
7.3349605,-0.1627807,-0.38872367,0.30505723
7.3399467,-0.16845423,-0.3543579,0.29370016
7.3361254,-0.1524108,-0.39643097,0.29592833
7.3440366,-0.15120912,-0.43141466,0.29530358
7.3412657,-0.14430374,-0.41033864,0.2986454
7.3511977,-0.1432398,-0.4288761,0.28988442
7.3552923,-0.15040165,-0.46031785,0.2989336
7.3219786,-0.15055954,-0.42158842,0.29591456
7.3760476,-0.17177111,-0.41323078,0.3030952
7.392596,-0.16679657,-0.47413993,0.30621004
7.3874774,-0.16719085,-0.47508335,0.3120923
7.379673,-0.15665913,-0.52350795,0.3057954
7.390809,-0.15265429,-0.5149819,0.3072951
7.38173,-0.15838045,-0.5003219,0.30729663
7.378043,-0.14628875,-0.5024558,0.29946542
7.3767843,-0.1438433,-0.46211648,0.29146883
7.3701334,-0.14566052,-0.45871776,0.29234004
7.375431,-0.14091909,-0.46988785,0.28790256
7.380675,-0.13764477,-0.48844653,0.28516492
7.3565784,-0.13056713,-0.46951473,0.27602792
7.368183,-0.111074746,-0.49492812,0.27271497
7.368808,-0.10739815,-0.47875822,0.267522
7.345412,-0.11471933,-0.47181416,0.27497584
7.3525286,-0.1167019,-0.49311423,0.2761358
7.372328,-0.11638528,-0.5096801,0.27935207
7.3937235,-0.12372261,-0.55485654,0.27463934
7.404684,-0.12676793,-0.53266203,0.2848909
7.404168,-0.12955517,-0.5580626,0.2864004
7.4164906,-0.11805242,-0.538173,0.27474785
7.4074345,-0.13138562,-0.52780914,0.2881796
7.410364,-0.13240689,-0.52685595,0.2735408
7.403263,-0.1355021,-0.51551676,0.28269798
7.4220853,-0.14100051,-0.58330137,0.29974353
7.4235516,-0.13709646,-0.538314,0.28192365
7.4235487,-0.12671483,-0.5737319,0.27751112
7.4374447,-0.13877809,-0.5685567,0.28212836
7.503443,-0.24193442,-0.627221,0.34948152
7.498678,-0.247432,-0.58396375,0.3690052
7.4985886,-0.24817187,-0.5702259,0.37021244
7.4933944,-0.22486591,-0.59800714,0.3509462
7.5119276,-0.22312164,-0.6201134,0.34453177
7.4941196,-0.22275251,-0.66186315,0.34981483
7.509886,-0.21885335,-0.6446641,0.35401893
7.5133157,-0.21599805,-0.65997326,0.34256005
7.500267,-0.20778835,-0.66799223,0.34577268
7.4678774,-0.19650996,-0.67247397,0.33374667
7.530124,-0.21622819,-0.69660926,0.34554535
7.5171833,-0.2090311,-0.69651544,0.34979784
7.5187273,-0.21555018,-0.70059305,0.3557115
7.528178,-0.21800703,-0.71936774,0.3562675
7.5086565,-0.18814951,-0.7225439,0.33720347
7.5207176,-0.18122476,-0.72497094,0.3349547
7.514182,-0.1800152,-0.7012539,0.3189463
7.509453,-0.18058646,-0.6928414,0.32064098
7.515527,-0.17700201,-0.66018534,0.31591615
7.50395,-0.17390883,-0.6829909,0.30975854
7.471447,-0.18438923,-0.66378814,0.3269654
7.4405794,-0.17374551,-0.6277348,0.32676986
7.440832,-0.1676076,-0.62064993,0.3186326
7.4768615,-0.17581147,-0.63080233,0.31795517
7.462326,-0.18158323,-0.6125991,0.31596962
7.43769,-0.17508817,-0.6062908,0.32804227
7.461076,-0.17157656,-0.6059196,0.317444
7.463422,-0.18087375,-0.61916184,0.32723922
7.461773,-0.18189901,-0.58836484,0.31976873
7.4478426,-0.18019593,-0.5975089,0.3224727
7.4448123,-0.16656709,-0.582002,0.31842098
7.451659,-0.16334283,-0.6279092,0.3058862
7.4487677,-0.16674048,-0.56429017,0.3010391
7.4362535,-0.16647893,-0.57054865,0.30077043
7.428315,-0.16762954,-0.5802702,0.3113072
7.4357615,-0.17884475,-0.5688815,0.32426685
7.4408054,-0.19313765,-0.5640887,0.31927133
7.4476295,-0.18615156,-0.589897,0.32519326
7.451328,-0.1869331,-0.56214756,0.32424596
7.429603,-0.17628914,-0.57325625,0.32547182
7.447151,-0.1917718,-0.5746886,0.3358459
7.451006,-0.1846003,-0.61988544,0.33254158
7.4432898,-0.18898064,-0.6263322,0.33321452
7.455824,-0.1866079,-0.6266653,0.331473
7.481464,-0.20216745,-0.61668456,0.3336693
7.4653177,-0.18888283,-0.60772365,0.31576946
7.463068,-0.18906784,-0.6088769,0.327098
7.4577127,-0.18753815,-0.60818154,0.3261471
7.4543667,-0.18882966,-0.5554366,0.32559887
7.428671,-0.18934643,-0.5357978,0.3184945
7.4339485,-0.18337655,-0.5246463,0.3196402
7.4248586,-0.18512619,-0.5669389,0.3164241
7.4700565,-0.18498462,-0.6551721,0.31864128
7.476177,-0.18859982,-0.60365504,0.31463295
7.4410706,-0.16948551,-0.60317165,0.31730512
7.4527583,-0.16423345,-0.624471,0.311978
7.398531,-0.16112381,-0.574935,0.31262994
7.4178724,-0.16062808,-0.56072634,0.31175244
7.4103274,-0.15596354,-0.5443104,0.30142978
7.413571,-0.15730959,-0.5296718,0.3025279
7.4070983,-0.14533716,-0.56680316,0.30727786
7.3864965,-0.16320813,-0.5178919,0.3164579
7.4259467,-0.19145471,-0.5020859,0.30906117
7.32216,-0.10419208,-0.43659413,0.26983798
7.3220835,-0.10789305,-0.4323886,0.26889822
7.3118973,-0.11745769,-0.40041518,0.27196932
7.303814,-0.110203564,-0.40760362,0.26601416
7.295249,-0.11093837,-0.34811997,0.27294853
7.2987814,-0.11009258,-0.39333487,0.27045506
7.2909317,-0.10691404,-0.3758418,0.26159677
7.2988653,-0.11040974,-0.40267283,0.26885158
7.32014,-0.10838866,-0.42674518,0.26454076
7.312843,-0.11649674,-0.4054954,0.2711951
7.3134212,-0.115638375,-0.40434885,0.27023304
7.3265758,-0.12600827,-0.39832342,0.27085552
7.334688,-0.12519479,-0.40979552,0.27112478
7.3303566,-0.11221063,-0.391254,0.2695682
7.3022337,-0.1068275,-0.44084013,0.26910973
7.289777,-0.09722012,-0.38594502,0.2758846
7.3193183,-0.09128106,-0.43929476,0.26728556
7.349417,-0.10083276,-0.44783157,0.25478148
7.309441,-0.10715002,-0.44689637,0.27098745
7.306716,-0.102708936,-0.39186537,0.27164486
7.295651,-0.12174308,-0.3788985,0.28271496
7.2817435,-0.12830174,-0.38164556,0.28638062
7.3037424,-0.12043297,-0.37599695,0.27589396
7.3062034,-0.123108864,-0.39078242,0.28134668
7.302312,-0.11760765,-0.3878085,0.27455345
7.2944255,-0.11363989,-0.38121325,0.27116224
7.3091555,-0.11016655,-0.37799096,0.26517987
7.293954,-0.098891616,-0.41496664,0.26570705
7.2747655,-0.08605951,-0.38518268,0.26122576
7.3197064,-0.10702175,-0.41117024,0.25561303
7.2758465,-0.108241916,-0.3780319,0.26695764
7.270852,-0.09122026,-0.36254537,0.26524684
7.279602,-0.10512853,-0.38935632,0.2720339
7.284824,-0.111311376,-0.39967215,0.27305847
7.2789288,-0.109243155,-0.384893,0.26070696
7.2637324,-0.1028285,-0.34095144,0.27440128
7.248792,-0.10737014,-0.3382668,0.27073365
7.2703757,-0.0991112,-0.38492197,0.27506348
7.293147,-0.09075099,-0.4041785,0.24749862
7.2965956,-0.085630834,-0.41393423,0.25512204
7.3010464,-0.07075912,-0.39823866,0.25199565
7.301365,-0.098379195,-0.4239626,0.24857694
7.2961483,-0.08664107,-0.35554922,0.2485013
7.2972956,-0.0911935,-0.4203897,0.25517944
7.2970934,-0.087198555,-0.3980335,0.2527499
7.2821374,-0.08517766,-0.400306,0.2533172
7.2704153,-0.084110916,-0.37703842,0.26289254
7.24909,-0.09092629,-0.34970915,0.26773375
7.294234,-0.10410786,-0.35864753,0.26382086
7.291024,-0.11052507,-0.35018414,0.26531973
7.2890177,-0.11601651,-0.3561133,0.2633925
7.285557,-0.115041316,-0.3949718,0.27556223
7.2960854,-0.11471778,-0.363432,0.26621032
7.279066,-0.10469848,-0.3737545,0.27219576
7.30495,-0.123479545,-0.37708157,0.27532354
7.293723,-0.13907033,-0.3165499,0.2778855
7.290473,-0.12060201,-0.32343245,0.27390975
7.272908,-0.12324262,-0.3082435,0.27155998
7.27029,-0.13307196,-0.32743347,0.27286252
7.2901115,-0.1256733,-0.333699,0.27528188
7.2946124,-0.12678242,-0.345618,0.27530497
7.299567,-0.122924626,-0.36215675,0.27725863
7.3358145,-0.13252515,-0.430452,0.2846769
7.602707,-0.23689175,-0.79568756,0.35176688
7.5931945,-0.21400225,-0.7927503,0.3326221
7.598796,-0.21956354,-0.7798703,0.35911947
7.6021852,-0.19859809,-0.78055465,0.33426347
7.5513153,-0.19673246,-0.7903501,0.33618957
7.566206,-0.19719476,-0.75991094,0.34073907
7.563607,-0.18888205,-0.78180575,0.33763516
7.5540447,-0.18878847,-0.7622231,0.33502954
7.569175,-0.19315106,-0.7520642,0.32016587
7.5313616,-0.1952349,-0.67935777,0.3347841
7.5228186,-0.19519639,-0.7036271,0.326725
7.51161,-0.18514705,-0.6982744,0.32369778
7.49367,-0.18728858,-0.68247366,0.32717806
7.4997444,-0.17748791,-0.6927176,0.32348308
7.485046,-0.17479074,-0.6604315,0.31309843
7.4892597,-0.16993779,-0.63366735,0.3046663
7.493007,-0.16915375,-0.6337411,0.30567342
7.4644933,-0.17017102,-0.6227363,0.30278784
7.46342,-0.16297764,-0.62125826,0.30630863
7.453944,-0.16480887,-0.6367272,0.31422627
7.472046,-0.17378378,-0.63325393,0.31280518
7.481392,-0.17305017,-0.63420594,0.31491274
7.4952416,-0.17051816,-0.6614795,0.31501472
7.5098443,-0.18321651,-0.69254315,0.33771062
7.512774,-0.19844341,-0.6921042,0.33246326
7.5287366,-0.19512147,-0.70864,0.32845414
7.5343556,-0.19149107,-0.6972724,0.32874402
7.5105815,-0.18390757,-0.70543396,0.33111268
7.523735,-0.19018614,-0.7048731,0.32492656
7.5173607,-0.18201041,-0.67580116,0.3177511
7.5175734,-0.17678994,-0.6648857,0.30741984
7.51863,-0.17939013,-0.6278231,0.29649073
7.5000377,-0.14438468,-0.6352621,0.29812628
7.5097485,-0.11929011,-0.6771894,0.27692932
7.482894,-0.12465125,-0.6821976,0.27725652
7.496109,-0.12507647,-0.67675364,0.27757433
7.5291414,-0.11562389,-0.73093736,0.27318
7.502314,-0.115241945,-0.6658095,0.2695736
7.469552,-0.121517,-0.66021377,0.26972678
7.466161,-0.120468795,-0.5867631,0.2736881
7.4133162,-0.12011212,-0.60024095,0.27455616
7.4080443,-0.12621588,-0.55076605,0.28606805
7.4072895,-0.14873683,-0.52095073,0.30018386
7.4299345,-0.16370744,-0.5152916,0.29385164
7.411539,-0.16122264,-0.5198604,0.29556677
7.386392,-0.17358243,-0.5043592,0.31062508
7.409554,-0.16708714,-0.50468206,0.31087774
7.400859,-0.165524,-0.4783591,0.30098823
7.416679,-0.1663065,-0.53023577,0.30760783
7.399102,-0.1637212,-0.53734946,0.30837488
7.411319,-0.17669201,-0.51547235,0.31599614
7.408802,-0.15538102,-0.5413801,0.31436986
7.38548,-0.17011309,-0.5139737,0.31266522
7.378338,-0.17475861,-0.49599814,0.30328655
7.396023,-0.17316109,-0.48925072,0.31456426
7.379079,-0.16920918,-0.46934587,0.3068378
7.375051,-0.16453528,-0.48385793,0.3075428
7.358714,-0.16901594,-0.47190136,0.31108996
7.3907723,-0.16807604,-0.46864092,0.3047977
7.4004235,-0.16087818,-0.5008601,0.29855588
7.384454,-0.1574508,-0.4754138,0.3017763
7.3787594,-0.15188694,-0.47506332,0.28757724
7.3778133,-0.1505962,-0.44605547,0.291056
7.267701,-0.0975194,-0.3076123,0.24471965
7.2216806,-0.08094418,-0.29166287,0.24301676
7.2113733,-0.061550677,-0.28125376,0.23847464
7.2178683,-0.056186557,-0.3066414,0.24114665
7.2147117,-0.074202776,-0.3176245,0.26029468
7.2571807,-0.09077126,-0.3569488,0.26088488
7.281511,-0.10050756,-0.36126417,0.2568822
7.3069687,-0.10216266,-0.41591883,0.25057024
7.307703,-0.10173595,-0.33351696,0.25024787
7.2955523,-0.10918832,-0.3188876,0.25203216
7.272049,-0.10823071,-0.31783992,0.27471715
7.243339,-0.119911075,-0.28594744,0.26889348
7.2355194,-0.11409998,-0.3031332,0.2701116
7.2539935,-0.114760995,-0.36148345,0.27169463
7.2713566,-0.11045313,-0.36873674,0.27882516
7.276451,-0.09836614,-0.3631482,0.26853704
7.275426,-0.116565526,-0.32995272,0.27375683
7.27788,-0.12739861,-0.34340376,0.27444234
7.274012,-0.109677374,-0.36962354,0.27989522
7.246073,-0.12420958,-0.34117222,0.27918687
7.215086,-0.11878562,-0.2770449,0.27725148
7.2290487,-0.11961293,-0.26319742,0.27709818
7.235719,-0.11856586,-0.30522168,0.28799564
7.241459,-0.11424762,-0.30805457,0.26583916
7.2286615,-0.11759317,-0.27084243,0.2658119
7.2298603,-0.10006267,-0.2931127,0.27274722
7.2065916,-0.10458702,-0.26829565,0.26977038
7.2033744,-0.0909462,-0.2847188,0.26479578
7.192135,-0.09144777,-0.2743485,0.26626006
7.2082543,-0.08773124,-0.27605617,0.25290516
7.195221,-0.07759631,-0.28996575,0.25916654
7.2063613,-0.08172232,-0.27369666,0.25462207
7.207941,-0.0826022,-0.265562,0.25918594
7.186846,-0.07949209,-0.2544306,0.25441274
7.1987553,-0.07833177,-0.23971659,0.25042322
7.1951394,-0.08509803,-0.22177005,0.25093365
7.2031207,-0.091650724,-0.22296709,0.2505272
7.178611,-0.09533632,-0.20584244,0.25577134
7.1700735,-0.08935571,-0.19683915,0.25022507
7.1501007,-0.098706245,-0.23016727,0.26260275
7.1647377,-0.08701223,-0.1955818,0.25863478
7.144523,-0.08476114,-0.18867922,0.25013307
7.1471624,-0.0777331,-0.17708945,0.2479805
7.1376805,-0.079851806,-0.17445791,0.2483483
7.1456184,-0.0780679,-0.17089432,0.2498325
7.1471744,-0.08028352,-0.20719492,0.24968922
7.149254,-0.084112525,-0.16833079,0.24201001
7.129058,-0.07384467,-0.15905356,0.24314545
7.148778,-0.07794148,-0.20419663,0.2462075
7.17908,-0.08779925,-0.22629368,0.24808247
7.161153,-0.08194327,-0.23540771,0.250832
7.186782,-0.084207356,-0.25780785,0.24846473
7.193183,-0.07523334,-0.24522674,0.23865475
7.1384525,-0.06291318,-0.2126857,0.24088018
7.136927,-0.07510662,-0.18060303,0.24177474
7.1315613,-0.037434816,-0.23843205,0.23414989
7.145875,-0.050406516,-0.22558546,0.229566
7.1295,-0.052145302,-0.16371262,0.22785711
7.1444254,-0.062695324,-0.18958968,0.2342247
7.1520786,-0.056182206,-0.23439813,0.24966054
7.1663675,-0.054082155,-0.23084307,0.23709208
7.1657553,-0.058792293,-0.21990186,0.2317623
7.1529875,-0.050350487,-0.21811086,0.22452489
7.318119,-0.10667431,-0.42533636,0.27505052
7.31448,-0.11871761,-0.37472123,0.27668515
7.3148155,-0.11855024,-0.40285456,0.27197003
7.316887,-0.113686085,-0.43652356,0.27232736
7.3051934,-0.1111694,-0.4046527,0.26935613
7.318083,-0.106336236,-0.41139966,0.26766506
7.309778,-0.11499119,-0.41977298,0.27254155
7.3267574,-0.10803574,-0.44455898,0.2700739
7.329174,-0.11646497,-0.43254137,0.27688652
7.3365846,-0.121623516,-0.42750692,0.2710086
7.332122,-0.124365866,-0.41042918,0.27563104
7.31783,-0.13514036,-0.40634847,0.2862575
7.305995,-0.12984776,-0.40472853,0.28800464
7.312999,-0.13678265,-0.41609246,0.29628894
7.3316956,-0.12398809,-0.45407933,0.2914687
7.341098,-0.13764709,-0.4000277,0.2738093
7.308515,-0.13004124,-0.39707154,0.281818
7.306865,-0.1272785,-0.3921622,0.28053886
7.2976274,-0.12842977,-0.3747093,0.27445132
7.3101554,-0.1283006,-0.3684255,0.2790491
7.306019,-0.12444693,-0.3812257,0.27598554
7.328663,-0.12713146,-0.4606135,0.2791683
7.3392634,-0.12468135,-0.4611737,0.28324348
7.3170223,-0.13188416,-0.4218477,0.28462166
7.328142,-0.12981486,-0.4090333,0.2801646
7.3396635,-0.13624865,-0.4297834,0.29391673
7.3148675,-0.119737804,-0.43087006,0.28044295
7.3219843,-0.1177541,-0.41650915,0.27243924
7.3096857,-0.11182165,-0.42563653,0.27531976
7.3104486,-0.11292207,-0.3786236,0.26798525
7.296059,-0.113277316,-0.35432303,0.26569018
7.2672806,-0.10471898,-0.30923384,0.25711882
7.26018,-0.09080613,-0.32500088,0.25106353
7.255348,-0.09255093,-0.32072604,0.257896
7.243163,-0.090667725,-0.2970935,0.24654053
7.23742,-0.08961016,-0.28993785,0.24940757
7.247131,-0.091706336,-0.31054688,0.2577994
7.2349033,-0.0835706,-0.31140697,0.25545028
7.2315197,-0.0916512,-0.30877298,0.25368312
7.2428036,-0.09093845,-0.3024968,0.26124567
7.2502995,-0.10949296,-0.3473894,0.2671198
7.260242,-0.095814705,-0.3448428,0.25687534
7.268018,-0.09566939,-0.3453318,0.25411934
7.2660522,-0.09274918,-0.36199856,0.26030466
7.2596455,-0.09740156,-0.33181018,0.26448658
7.2436905,-0.09269369,-0.32184917,0.25171915
7.2411914,-0.07340366,-0.36991215,0.25065356
7.268878,-0.06990826,-0.38374293,0.25073683
7.2831593,-0.08495343,-0.37023008,0.25158
7.281444,-0.08653933,-0.40404135,0.2576259
7.280528,-0.10331315,-0.34549958,0.254692
7.2515326,-0.08745116,-0.35106164,0.25842288
7.2590284,-0.100910366,-0.322506,0.2565956
7.2573814,-0.10479605,-0.2911563,0.26369724
7.2049723,-0.09942275,-0.2895416,0.2724891
7.2155905,-0.09067571,-0.29225647,0.25661647
7.224407,-0.07786554,-0.32133728,0.25377873
7.2312765,-0.09455192,-0.33276176,0.25218186
7.2551093,-0.114218354,-0.33406985,0.27264994
7.2742014,-0.10980767,-0.34150052,0.2679856
7.2736063,-0.11171639,-0.34020185,0.26257837
7.26632,-0.09803814,-0.33548182,0.25176528
7.267739,-0.087098956,-0.3969229,0.27046713
7.304439,-0.1333304,-0.3749553,0.28190216
7.3010592,-0.13629246,-0.3582207,0.29040188
7.3021975,-0.12998366,-0.40849364,0.29524153
7.2907157,-0.13325918,-0.33462596,0.28851277
7.273739,-0.14155692,-0.32712007,0.2909798
7.3107376,-0.13488358,-0.36765593,0.282125
7.3086696,-0.14499682,-0.39962482,0.2897027
7.3154855,-0.15193999,-0.3900897,0.29962057
7.312315,-0.15603286,-0.39244097,0.3023795
7.311897,-0.15509802,-0.36875093,0.29771996
7.334474,-0.1672718,-0.3870021,0.30862966
7.344777,-0.16255093,-0.42747384,0.3021873
7.350994,-0.16505694,-0.40294003,0.30381605
7.3411684,-0.17143714,-0.4011734,0.30941
7.35221,-0.1624906,-0.43193114,0.3057641
7.3443213,-0.1640014,-0.43990386,0.30637562
7.368122,-0.15147668,-0.47708726,0.3049281
7.388769,-0.16044837,-0.51724124,0.30689
7.4097223,-0.1619395,-0.5110534,0.30995885
7.407363,-0.14818132,-0.53864944,0.29895157
7.4112487,-0.14740413,-0.55769813,0.29873103
7.4197283,-0.14963096,-0.5528269,0.30031183
7.4232836,-0.13153934,-0.55401194,0.28686744
7.38949,-0.121005,-0.50898886,0.2844194
7.3582435,-0.12881047,-0.4962017,0.2857929
7.3748603,-0.12513137,-0.49983984,0.29149312
7.3624725,-0.12511706,-0.49986112,0.29036093
7.3595862,-0.14761138,-0.49381512,0.3033286
7.352812,-0.15179747,-0.48747313,0.3089477
7.3447323,-0.1493783,-0.48592663,0.30734518
7.3543663,-0.1344418,-0.4668464,0.29603025
7.3211193,-0.1339764,-0.3967961,0.27731666
7.3415008,-0.13024539,-0.405488,0.27750656
7.3419857,-0.13451928,-0.41064674,0.27390787
7.3372097,-0.11410701,-0.41559047,0.2746228
7.337243,-0.13690883,-0.4087693,0.2882225
7.3236623,-0.120928586,-0.39554095,0.28403017
7.361367,-0.13829708,-0.44602352,0.28880858
7.3618364,-0.13688165,-0.47285092,0.28766674
7.386968,-0.1383571,-0.4870293,0.27998698
7.366334,-0.1276362,-0.4991786,0.28200254
7.375824,-0.12913918,-0.53400207,0.2987283
7.3735237,-0.14792407,-0.51120603,0.30749273
7.364881,-0.1636706,-0.49347144,0.31647143
7.3500175,-0.16567379,-0.4675178,0.30919787
7.3465304,-0.15978098,-0.42680234,0.30855632
7.348863,-0.17569542,-0.43931508,0.30565628
7.3335547,-0.18803912,-0.4230703,0.3330897
7.339361,-0.18343037,-0.4010347,0.3251621
7.3509464,-0.17951149,-0.42195576,0.3280161
7.338669,-0.17268175,-0.4440282,0.30488405
7.380334,-0.18171984,-0.44149137,0.31222075
7.3793616,-0.16580397,-0.4572395,0.311756
7.3772,-0.16067946,-0.46441168,0.29691797
7.3911085,-0.1483171,-0.505571,0.28923255
7.4163766,-0.15197837,-0.5168273,0.29213178
7.3851233,-0.15546429,-0.51230806,0.30418938
7.410243,-0.15468293,-0.51203316,0.28951746
7.4019246,-0.15329492,-0.57285994,0.30564806
7.4119825,-0.15011388,-0.59032124,0.3027563
7.4564075,-0.15584123,-0.62486756,0.3033562
7.458238,-0.15060931,-0.59488726,0.29030064
7.4196286,-0.15130728,-0.6023165,0.2904612
7.500703,-0.19104064,-0.6857369,0.32628304
7.504386,-0.20602888,-0.6872325,0.3344009
7.4656725,-0.20288587,-0.6095293,0.33059788
7.4801173,-0.19133073,-0.61717916,0.32693273
7.4750385,-0.18990904,-0.6103618,0.33630782
7.4642124,-0.19176763,-0.6066205,0.3161079
7.4754405,-0.18684196,-0.65909076,0.3284183
7.4731765,-0.19455028,-0.60413206,0.33553272
7.446564,-0.19339877,-0.60299003,0.336205
7.4390354,-0.18852651,-0.57365656,0.32730794
7.371846,-0.17071617,-0.548442,0.32562602
7.4148054,-0.19296831,-0.52510905,0.32936674
7.4176908,-0.19642925,-0.50631654,0.324121
7.4192085,-0.2000128,-0.50180876,0.33257672
7.4078865,-0.1977017,-0.53494966,0.33027428
7.4199686,-0.1998455,-0.5073044,0.33694822
7.42568,-0.20102727,-0.52168715,0.32795978
7.4051538,-0.19467443,-0.4974447,0.3334338
7.3885207,-0.18874252,-0.4656489,0.32383567
7.385853,-0.16679895,-0.482063,0.31477106
7.4032073,-0.17784101,-0.4878701,0.3155412
7.375901,-0.17953575,-0.4898013,0.3262744
7.363512,-0.1731931,-0.46416914,0.3226705
7.3538694,-0.17922217,-0.44402027,0.31789255
7.345063,-0.17408419,-0.45398158,0.32225084
7.3473144,-0.1617096,-0.40256917,0.3059662
7.326762,-0.16358614,-0.40815735,0.3029711
7.3356047,-0.16098714,-0.38212156,0.294163
7.3359623,-0.14911985,-0.426664,0.29289523
7.3518505,-0.13275033,-0.44949788,0.28008083
7.3509874,-0.13482052,-0.46433336,0.28709978
7.351618,-0.12573385,-0.45193052,0.28095224
7.3427954,-0.13122511,-0.4509791,0.2812539
7.356434,-0.13227296,-0.4633988,0.28324836
7.355118,-0.13633114,-0.4713114,0.29403386
7.3583674,-0.13336712,-0.45918703,0.28658038
7.357476,-0.13209826,-0.44849622,0.2809116
7.361011,-0.13561428,-0.46506983,0.29380196
7.351146,-0.14213943,-0.47264075,0.2954272
7.362845,-0.1437133,-0.4430033,0.28618723
7.379243,-0.14040637,-0.5084568,0.28983396
7.3637567,-0.1387313,-0.50887716,0.28304195
7.4042697,-0.13935596,-0.49935222,0.28775275
7.3905425,-0.15286648,-0.50811845,0.29168776
7.4115205,-0.15731603,-0.5133573,0.29763636
7.3639708,-0.15068924,-0.4967345,0.3065888
7.3727546,-0.15747428,-0.483795,0.31023037
7.3995547,-0.17043924,-0.47977793,0.2979643
7.3969088,-0.17524958,-0.5443129,0.32087302
7.3951015,-0.16418087,-0.53103876,0.31886423
7.3919,-0.16595024,-0.48549742,0.3077539
7.3971434,-0.16705132,-0.49453902,0.30769032
7.4359355,-0.15957916,-0.53881085,0.3035963
7.409732,-0.15537387,-0.55323935,0.29890817
7.4116573,-0.14646435,-0.5668907,0.30047965
7.4135885,-0.14878637,-0.539726,0.2964441
7.4116383,-0.15724325,-0.5299189,0.3041308
7.4191647,-0.16233319,-0.5206857,0.2990409
7.4143896,-0.17810881,-0.55089957,0.31428558
7.3828087,-0.16403455,-0.539153,0.31349432
7.403651,-0.1493361,-0.530846,0.28904304
7.427182,-0.15872264,-0.53616935,0.2981847
7.4142823,-0.15795803,-0.55197406,0.30113372
7.4937105,-0.19113362,-0.7051892,0.33285916
7.517027,-0.1944732,-0.662428,0.33011854
7.511377,-0.19704908,-0.66573465,0.32867962
7.5203605,-0.19653946,-0.70409036,0.3340987
7.523096,-0.19760627,-0.69472396,0.3344396
7.5115957,-0.20196313,-0.71879125,0.3519996
7.5300198,-0.19422716,-0.6939148,0.3329851
7.5270877,-0.19230086,-0.713749,0.3295498
7.5255375,-0.19059432,-0.7303998,0.32994166
7.511795,-0.19537097,-0.7165312,0.3346122
7.5145025,-0.20325297,-0.66275597,0.3297873
7.5064983,-0.2120676,-0.6570895,0.34367448
7.4751363,-0.21574801,-0.64784133,0.355825
7.493065,-0.2177226,-0.6176573,0.3462978
7.5399737,-0.21406704,-0.66748285,0.34830737
7.5428486,-0.20887959,-0.7161399,0.33047652
7.5202503,-0.20144576,-0.686067,0.33026442
7.5159082,-0.20077145,-0.65296817,0.33271158
7.489996,-0.20896351,-0.64221036,0.33659068
7.4584045,-0.1976307,-0.6078011,0.3380676
7.4571342,-0.19764978,-0.5874298,0.34140527
7.462763,-0.19481778,-0.6271361,0.3271913
7.4743276,-0.1845172,-0.6194306,0.31988108
7.4591303,-0.18446285,-0.5635862,0.32760143
7.4761868,-0.18696481,-0.6213833,0.32554927
7.4461617,-0.16672266,-0.6091102,0.31983423
7.4482946,-0.16762668,-0.6035347,0.31881937
7.441932,-0.16851234,-0.55770683,0.3125463
7.4057484,-0.16400945,-0.545162,0.31228784
7.4272175,-0.17314446,-0.554113,0.3180308
7.429599,-0.16735947,-0.5454964,0.3034068
7.419079,-0.16666329,-0.5294217,0.30965972
7.416521,-0.16603017,-0.53221345,0.31474322
7.41385,-0.16514277,-0.5524841,0.3121042
7.4187794,-0.17477632,-0.5409852,0.3292428
7.4428296,-0.19497687,-0.5968281,0.34001997
7.4432335,-0.18577772,-0.5715539,0.3256415
7.444291,-0.19026583,-0.54334986,0.31746
7.4500623,-0.18594289,-0.5831367,0.3284272
7.4340963,-0.17039424,-0.5814233,0.3154155
7.4431815,-0.17480856,-0.57913554,0.3172768
7.439149,-0.16740286,-0.55189115,0.3033482
7.449501,-0.17821288,-0.57484156,0.30942607
7.451508,-0.19483352,-0.5634875,0.31197292
7.451513,-0.16614264,-0.5563495,0.29567128
7.4115424,-0.15610999,-0.5251437,0.3033505
7.4202847,-0.15735203,-0.55264497,0.29939702
7.4323854,-0.161403,-0.5394006,0.2985929
7.4146996,-0.15502393,-0.5469901,0.3043063
7.435398,-0.14765322,-0.54385436,0.2914707
7.42649,-0.13468629,-0.58358824,0.28562984
7.436148,-0.1404038,-0.58662105,0.28564876
7.4254756,-0.14794081,-0.55045587,0.29689604
7.420017,-0.14708477,-0.5620388,0.29184473
7.4162865,-0.14424384,-0.55967295,0.29572517
7.419606,-0.15454638,-0.5342861,0.29674816
7.4109154,-0.16494846,-0.5447806,0.3050716
7.3814864,-0.16715229,-0.49124306,0.3065276
7.3815365,-0.16272408,-0.5095992,0.30975068
7.370103,-0.16498923,-0.51828647,0.31599763
7.3712454,-0.16482812,-0.47012007,0.31219468
7.3865876,-0.16549319,-0.5055367,0.30478066
7.4225087,-0.16877627,-0.53033656,0.31019005
7.5625777,-0.26280612,-0.664438,0.3529621
7.5446043,-0.2559513,-0.6459074,0.35458127
7.5573688,-0.25979167,-0.6792934,0.36796987
7.524642,-0.2552334,-0.6621621,0.3743378
7.5428343,-0.25234234,-0.6852106,0.35982516
7.537519,-0.22636485,-0.68143845,0.34856945
7.534329,-0.22700441,-0.67866945,0.3534981
7.517021,-0.21602929,-0.7183529,0.35296416
7.5296617,-0.20628697,-0.6862298,0.34776884
7.5367618,-0.21060127,-0.7186702,0.34419096
7.5147505,-0.20946819,-0.7041708,0.3415491
7.5278664,-0.2025153,-0.677973,0.33497077
7.501338,-0.18850452,-0.6845942,0.3401321
7.503582,-0.19738805,-0.66844565,0.34617835
7.509982,-0.19879037,-0.7077298,0.32891688
7.509884,-0.18237287,-0.6457969,0.31892234
7.515386,-0.18228471,-0.6960967,0.32259175
7.5212193,-0.18918222,-0.6942018,0.31980184
7.520961,-0.18671751,-0.6808274,0.32600218
7.4922953,-0.17897493,-0.66276276,0.31559107
7.486883,-0.16917956,-0.67635006,0.31333676
7.487795,-0.1735233,-0.69921774,0.3184919
7.488533,-0.17104036,-0.69965434,0.31769133
7.5302143,-0.18279326,-0.7369812,0.33196855
7.507287,-0.19369453,-0.69334006,0.3283245
7.515842,-0.18465656,-0.7004459,0.32773334
7.511987,-0.18537575,-0.69258446,0.3228392
7.4870505,-0.1860131,-0.67306185,0.326527
7.4874477,-0.1909982,-0.6373471,0.33432344
7.464842,-0.17651099,-0.6195984,0.3235223
7.4581513,-0.16596502,-0.63225883,0.31580955
7.462472,-0.16440701,-0.6383277,0.30918667
7.47093,-0.15892756,-0.6310694,0.3088087
7.45475,-0.17607653,-0.61024415,0.31148118
7.457309,-0.16782188,-0.6048423,0.30152082
7.4523277,-0.16069752,-0.56027985,0.29781953
7.434679,-0.1606105,-0.57102,0.30337444
7.427497,-0.15585345,-0.5612737,0.30180046
7.415936,-0.15540606,-0.5548754,0.30634877
7.4084063,-0.15869743,-0.55278873,0.3054421
7.4388776,-0.17273074,-0.5534658,0.30585524
7.4228425,-0.16211897,-0.5464724,0.29841
7.4239492,-0.16552192,-0.49140906,0.29542074
7.385227,-0.14193934,-0.4906273,0.28435436
7.372431,-0.15342647,-0.4997605,0.3020786
7.4123907,-0.15126675,-0.5698107,0.29562742
7.447105,-0.15730101,-0.5730938,0.2923173
7.438793,-0.14166152,-0.5922283,0.28305832
7.4290876,-0.15739405,-0.59860563,0.29979038
7.4114695,-0.1598571,-0.5107634,0.28721645
7.421205,-0.14854479,-0.5290586,0.28513956
7.428586,-0.1347782,-0.5632464,0.2851971
7.410165,-0.13475883,-0.5421456,0.28399593
7.398385,-0.13809788,-0.52956533,0.2904606
7.38449,-0.14177805,-0.48529696,0.29424888
7.383559,-0.13700962,-0.5095243,0.2858949
7.3715253,-0.14150852,-0.4928624,0.29171237
7.372817,-0.1399445,-0.4951412,0.28753543
7.350685,-0.124001384,-0.4619422,0.28882128
7.357614,-0.12758332,-0.49776083,0.2854311
7.3508873,-0.13550413,-0.4749291,0.2977143
7.3552117,-0.1460042,-0.474348,0.29190105
7.3504047,-0.14452046,-0.4271847,0.29191995
7.1846547,-0.07927835,-0.25583053,0.25013384
7.1758966,-0.075315714,-0.25476295,0.25295636
7.187768,-0.065828025,-0.24517328,0.24321708
7.169298,-0.06434834,-0.22379911,0.24068631
7.1491947,-0.059266806,-0.22826838,0.23970969
7.1653585,-0.070782304,-0.2186315,0.23828721
7.1473703,-0.06322348,-0.20480388,0.23837383
7.150819,-0.05585134,-0.20273435,0.23604518
7.158471,-0.04900962,-0.20357537,0.23049171
7.146482,-0.054416835,-0.18160975,0.23222142
7.137926,-0.05128318,-0.16891646,0.21749607
7.130551,-0.04712695,-0.15521228,0.22760342
7.137623,-0.05282128,-0.15260613,0.225668
7.1424904,-0.06026864,-0.16922092,0.23303105
7.1475716,-0.0628894,-0.18304074,0.23479387
7.1458597,-0.068017304,-0.16894245,0.23988599
7.187168,-0.06831145,-0.2302928,0.24107581
7.186404,-0.07832509,-0.24819672,0.2530596
7.187912,-0.076654375,-0.247029,0.25160658
7.1779413,-0.075591564,-0.22840095,0.23827612
7.158549,-0.06837243,-0.2259661,0.24104194
7.168852,-0.08339733,-0.21157563,0.25099614
7.1676397,-0.08412641,-0.22747254,0.24769937
7.1968026,-0.08014625,-0.22559881,0.25232932
7.160535,-0.08613348,-0.16443312,0.24708651
7.1834116,-0.069796026,-0.2455281,0.24110746
7.1723204,-0.054154515,-0.2148149,0.22263028
7.159394,-0.0554111,-0.18581629,0.23153666
7.1368732,-0.055163443,-0.18317103,0.22989258
7.1410666,-0.046925902,-0.20421755,0.2339338
7.156207,-0.05803609,-0.17609954,0.233463
7.156075,-0.045271397,-0.19834542,0.22901945
7.1556525,-0.06329787,-0.19477975,0.2302956
7.151953,-0.06010574,-0.18797255,0.24326181
7.1454735,-0.06990582,-0.19448733,0.24560389
7.140118,-0.061611116,-0.19176328,0.24037209
7.159075,-0.062156916,-0.19866914,0.23366165
7.146225,-0.07489556,-0.19543886,0.24282472
7.164178,-0.083290756,-0.19834083,0.24459228
7.1615214,-0.07816297,-0.20224321,0.24753197
7.166361,-0.082464814,-0.20571935,0.24836256
7.181156,-0.08235133,-0.24254513,0.2622388
7.181889,-0.09028524,-0.2573048,0.26233643
7.161397,-0.08340913,-0.24281973,0.26490524
7.1638484,-0.061004102,-0.20620942,0.24653544
7.1168423,-0.06721681,-0.12245548,0.23853676
7.1252937,-0.06916404,-0.18165714,0.23829438
7.1438236,-0.07291216,-0.21923167,0.25036323
7.182088,-0.07053214,-0.20322156,0.24028821
7.1719747,-0.0920102,-0.20584029,0.24193302
7.15035,-0.09271282,-0.20419705,0.27053592
7.2160254,-0.103218794,-0.3283862,0.26273075
7.2042036,-0.09732801,-0.2553569,0.25470755
7.18489,-0.09139466,-0.23583782,0.26383984
7.190751,-0.085163295,-0.23926246,0.25481343
7.1908264,-0.105446994,-0.21788979,0.26199108
7.1955376,-0.09913319,-0.22958857,0.25598085
7.198661,-0.10676348,-0.25580943,0.26491243
7.2178497,-0.10992682,-0.24780107,0.26416495
7.215405,-0.08863783,-0.25980783,0.25841752
7.2387304,-0.09842855,-0.30363846,0.2539832
7.235263,-0.109398305,-0.28720784,0.25954026
7.234428,-0.09418064,-0.3118174,0.25831825
7.393299,-0.12242377,-0.5578499,0.28572088
7.397944,-0.120025635,-0.54652166,0.28311428
7.4168468,-0.120592,-0.5398461,0.2699556
7.4095364,-0.1320188,-0.5409196,0.27614456
7.405666,-0.13265538,-0.5012357,0.2784708
7.392884,-0.13116777,-0.553475,0.2876906
7.3936915,-0.14078915,-0.53175485,0.2901401
7.4134035,-0.14236897,-0.5414781,0.2969986
7.4078903,-0.15397185,-0.5325365,0.30335972
7.40447,-0.16156965,-0.5015042,0.30232573
7.389098,-0.16997784,-0.46414053,0.3070861
7.4101562,-0.17084634,-0.49903637,0.31435704
7.4158564,-0.16328388,-0.511572,0.30002952
7.4210157,-0.16526335,-0.53763425,0.3002384
7.4161177,-0.15328425,-0.55484384,0.2992004
7.4023504,-0.1601643,-0.56529087,0.3052246
7.4157896,-0.15442991,-0.53107613,0.306372
7.4185724,-0.15419918,-0.5254301,0.29639274
7.4136014,-0.15203178,-0.559665,0.29983065
7.4263453,-0.1516555,-0.5305188,0.29992026
7.3807774,-0.15157288,-0.4797929,0.30367234
7.3662376,-0.14281249,-0.47348988,0.29269713
7.3879204,-0.13505554,-0.4666406,0.28553057
7.338331,-0.12607694,-0.45639515,0.28848287
7.325964,-0.13424492,-0.42109114,0.277936
7.30341,-0.114554346,-0.43369704,0.27832496
7.2888184,-0.10896307,-0.39603072,0.27072492
7.3073254,-0.11063933,-0.39571983,0.27104867
7.3123827,-0.1087417,-0.4036793,0.26439905
7.2938004,-0.102074206,-0.40206206,0.26902178
7.298265,-0.10904354,-0.38924617,0.26463157
7.27136,-0.111733496,-0.36899537,0.2713078
7.2717752,-0.11428189,-0.3497684,0.28453678
7.246978,-0.123423815,-0.32602453,0.28841063
7.247768,-0.13189167,-0.32341552,0.28830907
7.240146,-0.13684922,-0.3047874,0.29152238
7.2568803,-0.1347776,-0.31091642,0.27976942
7.283295,-0.12182057,-0.3101706,0.27442423
7.23044,-0.09516382,-0.32465476,0.27611464
7.2630253,-0.10626495,-0.39065087,0.26879948
7.28036,-0.13426316,-0.3187936,0.28916782
7.30429,-0.13612932,-0.3847822,0.2875207
7.3040347,-0.13431728,-0.370467,0.28911707
7.283967,-0.13663745,-0.3643124,0.2892838
7.2760715,-0.13569796,-0.33404523,0.2863075
7.289218,-0.114644945,-0.40067768,0.28062814
7.3004475,-0.12776947,-0.35550153,0.28060722
7.284046,-0.13323915,-0.32901013,0.27637827
7.289792,-0.12153453,-0.3586356,0.2735208
7.305165,-0.13289046,-0.41736096,0.30040324
7.299066,-0.14293367,-0.35003757,0.29320914
7.287333,-0.1311481,-0.378985,0.2935388
7.291383,-0.14162683,-0.3247453,0.274508
7.28992,-0.12899208,-0.29918438,0.27783105
7.228452,-0.13016748,-0.25720483,0.2821188
7.2238283,-0.12670743,-0.2771678,0.28474674
7.2434006,-0.11533296,-0.29768264,0.27748513
7.2134295,-0.11178768,-0.23319596,0.2779748
7.209234,-0.12810445,-0.21436572,0.27552468
7.1950164,-0.122508824,-0.20299965,0.2838768
7.1788187,-0.109555244,-0.23675919,0.28412443
7.213752,-0.10770112,-0.2534101,0.2711706
7.208189,-0.10128224,-0.2709269,0.25885084
7.4750614,-0.19401664,-0.649287,0.32334042
7.4878078,-0.20088458,-0.6753094,0.34047532
7.514865,-0.2009784,-0.7144495,0.3394878
7.542642,-0.20388573,-0.7478458,0.33774644
7.5659227,-0.2181741,-0.6925435,0.33767164
7.562266,-0.21821243,-0.73495173,0.34546363
7.567651,-0.22360909,-0.746511,0.3471433
7.576433,-0.23156029,-0.76652193,0.35909662
7.560536,-0.21362394,-0.77558595,0.35903656
7.5596504,-0.20868492,-0.81013834,0.35180593
7.6171784,-0.21270496,-0.89836943,0.35052353
7.6473646,-0.2142716,-0.88271344,0.34979898
7.637343,-0.22058779,-0.8986397,0.35811004
7.6714325,-0.23514283,-0.90741295,0.35007614
7.661583,-0.23912954,-0.9327424,0.35689557
7.686923,-0.23367578,-0.90902966,0.3484401
7.6699314,-0.23386037,-0.9450148,0.36104745
7.6366987,-0.23763192,-0.89468545,0.3734674
7.6553636,-0.23810971,-0.8841219,0.36218256
7.650302,-0.24311274,-0.8807588,0.37073696
7.6510863,-0.23571813,-0.8795042,0.36365044
7.622573,-0.22805685,-0.88178265,0.36200726
7.644659,-0.22656626,-0.885595,0.3612246
7.6270733,-0.22721118,-0.87657136,0.36386883
7.6434183,-0.22671759,-0.8744029,0.35559577
7.6473045,-0.23653877,-0.8601679,0.35524383
7.6586514,-0.22384995,-0.89261436,0.35107595
7.6879625,-0.24819261,-0.89088476,0.3625769
7.6957455,-0.25625616,-0.9328818,0.38856238
7.6447577,-0.25259203,-0.92752707,0.38134536
7.670973,-0.24554771,-0.8694103,0.36572093
7.655695,-0.24318409,-0.8809408,0.3516056
7.6267357,-0.23157144,-0.84503126,0.3478382
7.6336927,-0.21740198,-0.8453634,0.34185588
7.634657,-0.20986593,-0.86189866,0.34763408
7.63205,-0.20478499,-0.88895595,0.3439503
7.636136,-0.21609598,-0.89477295,0.3456139
7.6187916,-0.21495068,-0.89462423,0.35266137
7.6055913,-0.20613211,-0.89025176,0.34891772
7.6473145,-0.20710081,-0.8921514,0.34219062
7.6221404,-0.2080651,-0.8495248,0.3394597
7.6131563,-0.21547294,-0.78150856,0.33591586
7.6109834,-0.22150129,-0.80429894,0.34628627
7.599266,-0.22978681,-0.77947944,0.3500892
7.6000185,-0.23164588,-0.7956633,0.35324413
7.6179237,-0.23574048,-0.8155065,0.3536762
7.6219406,-0.24494278,-0.8158413,0.37020344
7.6173716,-0.24071276,-0.8186918,0.36507934
7.607335,-0.23714697,-0.810846,0.36067295
7.6247063,-0.2386415,-0.8327555,0.36093402
7.6266813,-0.24041665,-0.8597641,0.3730904
7.6299324,-0.24896091,-0.84683764,0.37396038
7.6557536,-0.26312494,-0.8579435,0.37708086
7.6290207,-0.26125664,-0.84490764,0.3658858
7.617208,-0.22777325,-0.87591547,0.36602768
7.6577187,-0.22119188,-0.92051655,0.34775305
7.6584716,-0.21628833,-0.9320408,0.3504647
7.6221395,-0.21327913,-0.90192354,0.34510207
7.622102,-0.22376591,-0.88468575,0.35939917
7.5989485,-0.22392005,-0.87682295,0.3661062
7.6222773,-0.2375105,-0.89867836,0.3811034
7.626029,-0.25798863,-0.87799037,0.3774215
7.640932,-0.24868,-0.8767984,0.38923138
7.331991,-0.14141363,-0.40849674,0.2818703
7.3329115,-0.13468963,-0.40415376,0.2840702
7.3394346,-0.14018857,-0.40567058,0.283424
7.3519135,-0.14169675,-0.44797182,0.2882836
7.354777,-0.14058167,-0.484434,0.29451787
7.365448,-0.14748317,-0.500075,0.30261853
7.3665047,-0.15465713,-0.52418095,0.3010002
7.402157,-0.15663719,-0.5182222,0.30174094
7.4133368,-0.16440791,-0.5265235,0.3086217
7.40836,-0.15840197,-0.53637326,0.29925203
7.421985,-0.16471958,-0.5340815,0.29958338
7.4297457,-0.17224693,-0.55645,0.3328629
7.442958,-0.19449538,-0.5445345,0.32009465
7.447413,-0.20795971,-0.5440409,0.3340786
7.449082,-0.21283966,-0.5593001,0.34273607
7.461354,-0.21613938,-0.59532416,0.3506556
7.484267,-0.22004646,-0.6057519,0.3558455
7.4921627,-0.21364117,-0.6690005,0.3412608
7.5216804,-0.21538222,-0.6468298,0.35071427
7.4981503,-0.20087445,-0.6498163,0.33166796
7.512299,-0.20980555,-0.6498204,0.3431413
7.50593,-0.21210873,-0.6667245,0.3399999
7.5091095,-0.2104044,-0.66944855,0.34934098
7.5353317,-0.21409631,-0.6958739,0.33229953
7.5242314,-0.20899928,-0.6895579,0.33890533
7.5356236,-0.2075578,-0.67110366,0.33537915
7.532502,-0.21701473,-0.7571076,0.35083443
7.5575256,-0.2363236,-0.76484495,0.36903816
7.586526,-0.23416209,-0.8163389,0.36702383
7.6135902,-0.23854804,-0.82734585,0.36388516
7.6344066,-0.24915743,-0.8448392,0.36730742
7.6385164,-0.26385403,-0.8284657,0.3749358
7.6456175,-0.25592643,-0.83175427,0.37519872
7.6032,-0.2521888,-0.8108192,0.38142508
7.598074,-0.25157177,-0.7987644,0.36705613
7.598194,-0.26333243,-0.78728163,0.3789153
7.6208496,-0.2565791,-0.8050567,0.37613952
7.6358466,-0.2492851,-0.82222664,0.36009878
7.6221647,-0.22356814,-0.82834834,0.33675295
7.6145163,-0.21087372,-0.82280934,0.34129196
7.6122084,-0.19852424,-0.829016,0.33717477
7.5968785,-0.21303064,-0.804965,0.33704177
7.6037188,-0.21247423,-0.7941692,0.33222207
7.5977135,-0.21483904,-0.7984371,0.3353445
7.6061697,-0.20635349,-0.81336147,0.33124417
7.5755105,-0.19285816,-0.8243453,0.33755457
7.5780377,-0.20040363,-0.8224385,0.33361602
7.5829315,-0.20754814,-0.80181795,0.34794706
7.5457325,-0.21166521,-0.75214505,0.33631587
7.565222,-0.1978932,-0.7477143,0.3230504
7.5800195,-0.19292593,-0.77765584,0.33286124
7.579707,-0.21140778,-0.7870314,0.34269005
7.5744944,-0.21420944,-0.7758832,0.33400577
7.5575705,-0.22087562,-0.7254326,0.33821115
7.555551,-0.22515869,-0.7007273,0.33863434
7.548295,-0.20877153,-0.7597151,0.34708577
7.573912,-0.21595812,-0.7610012,0.34650883
7.578226,-0.22131222,-0.7504144,0.35656253
7.566074,-0.22627717,-0.785383,0.36067206
7.568375,-0.22714955,-0.7397475,0.36616716
7.5814686,-0.2536462,-0.7416084,0.36557543
7.584197,-0.2507732,-0.748316,0.37371182
7.5805817,-0.26055253,-0.73828804,0.37788188
7.2353554,-0.06385273,-0.2691567,0.23236081
7.227393,-0.07017994,-0.3088144,0.23925932
7.217189,-0.07083422,-0.27423322,0.23620725
7.1895723,-0.07001054,-0.27090377,0.2397323
7.1942983,-0.058182716,-0.20794451,0.23663467
7.143787,-0.062037647,-0.21494651,0.23054399
7.14517,-0.06318945,-0.20994902,0.24867117
7.1485643,-0.079163134,-0.211236,0.24802338
7.1469793,-0.07271212,-0.22149646,0.2507717
7.145795,-0.07199514,-0.19318277,0.24844237
7.1337123,-0.07330638,-0.17908973,0.2504651
7.1496572,-0.07705331,-0.17772102,0.24314043
7.163128,-0.0765807,-0.1956693,0.24338067
7.148835,-0.06656802,-0.18301469,0.24247958
7.1451507,-0.078555584,-0.17797422,0.24750198
7.1790605,-0.088017106,-0.1974827,0.24515602
7.1795664,-0.08976197,-0.20047271,0.24372557
7.169601,-0.08181298,-0.18346673,0.24368384
7.14983,-0.073514104,-0.18529904,0.24520573
7.1395245,-0.071743846,-0.17513365,0.24451898
7.1680317,-0.05613506,-0.20416665,0.23767084
7.144161,-0.035042465,-0.17586136,0.22484809
7.139202,-0.060492277,-0.16901076,0.24267259
7.1126375,-0.055324078,-0.16944027,0.23212571
7.114322,-0.04371351,-0.17948556,0.22626784
7.142541,-0.056663096,-0.19267046,0.23406926
7.1204214,-0.047527075,-0.2012924,0.24122036
7.118776,-0.04383993,-0.20144713,0.23273134
7.1320834,-0.047902882,-0.19922918,0.23245412
7.148983,-0.049075842,-0.1887443,0.22523808
7.1465135,-0.054243088,-0.15237385,0.21665607
7.1391983,-0.037266195,-0.15183061,0.2121262
7.126196,-0.0285573,-0.15074909,0.21677804
7.1151834,-0.03573537,-0.18407393,0.22674614
7.1211543,-0.044130027,-0.19340348,0.22329079
7.1133795,-0.046907365,-0.1283977,0.21526828
7.1043863,-0.03150308,-0.12002432,0.2157646
7.066342,-0.018441617,-0.12034488,0.212837
7.07145,-0.02037263,-0.11831105,0.21270226
7.067645,-0.01675582,-0.1026296,0.21283044
7.05882,-0.028709352,-0.07995701,0.21490997
7.057738,-0.026631236,-0.08466488,0.22330403
7.0809393,-0.045683026,-0.16092396,0.22880892
7.10435,-0.042268753,-0.14796662,0.22887833
7.1212087,-0.050778568,-0.1512227,0.21745391
7.1096916,-0.046934307,-0.15714252,0.22061497
7.126906,-0.033916533,-0.17406023,0.2255774
7.135741,-0.050224543,-0.17966878,0.22390188
7.1274996,-0.055008948,-0.20189738,0.23044308
7.1530495,-0.058946908,-0.21039271,0.23511325
7.1676416,-0.067834616,-0.20814586,0.23907976
7.221986,-0.076814175,-0.2757823,0.2365922
7.2164946,-0.057621956,-0.32235098,0.2368164
7.227334,-0.05265093,-0.32520032,0.23280655
7.2300215,-0.05382645,-0.3296035,0.23378387
7.198119,-0.04360336,-0.26225865,0.22046246
7.1985197,-0.041154683,-0.2687385,0.22202116
7.1809196,-0.03208947,-0.27978975,0.21841136
7.187898,-0.031588793,-0.26824307,0.2257205
7.1705713,-0.027734816,-0.24806255,0.21378031
7.173464,-0.029979587,-0.25836927,0.22082014
7.1660624,-0.043856263,-0.23680758,0.2203732
7.1940556,-0.051329195,-0.26586926,0.22041278
7.4096212,-0.165918,-0.5815872,0.31194586
7.434302,-0.15081823,-0.5649138,0.29995534
7.441943,-0.15852785,-0.5897286,0.31472334
7.4543047,-0.16126686,-0.60816866,0.30951947
7.4454494,-0.15919405,-0.5917609,0.30477223
7.4468074,-0.15244424,-0.55588293,0.29937667
7.459888,-0.15845734,-0.55490226,0.2917667
7.4159393,-0.15802765,-0.5262517,0.29816282
7.390603,-0.15474486,-0.54405993,0.3113946
7.3956213,-0.1565085,-0.51601195,0.30035245
7.399476,-0.15736061,-0.4854563,0.29480672
7.3690963,-0.12899846,-0.475479,0.2905747
7.3566546,-0.13546044,-0.45896852,0.28462735
7.343029,-0.12174529,-0.5051847,0.28929615
7.3575063,-0.1306665,-0.49970078,0.29026312
7.3565946,-0.13069683,-0.48749328,0.28660136
7.352801,-0.1355406,-0.4738512,0.28343529
7.382011,-0.14544642,-0.4803055,0.2845236
7.3738937,-0.1279341,-0.4708954,0.28442335
7.3361015,-0.13446844,-0.48153853,0.30114597
7.3850985,-0.13479269,-0.49112582,0.2969973
7.3464427,-0.1323759,-0.46939242,0.27851278
7.358027,-0.14177185,-0.43708825,0.27960196
7.3522434,-0.13385063,-0.42673707,0.27504322
7.360347,-0.13097394,-0.46181083,0.29062462
7.3615828,-0.14250374,-0.4790715,0.29457772
7.3657045,-0.14606094,-0.46137124,0.29258066
7.3786383,-0.16163391,-0.4703927,0.29471898
7.378455,-0.15437609,-0.43696702,0.2894094
7.366329,-0.15098393,-0.45205593,0.30178547
7.3451242,-0.1469444,-0.42055959,0.2916156
7.3246765,-0.1440255,-0.38946193,0.2908933
7.2983065,-0.14502662,-0.37000287,0.2925685
7.311701,-0.14002466,-0.41677165,0.3049466
7.3611584,-0.12229407,-0.4786268,0.28338864
7.362843,-0.12555885,-0.48983294,0.2781705
7.3576465,-0.12962681,-0.4877094,0.29209796
7.3600025,-0.14661926,-0.4645077,0.29219592
7.369833,-0.16819018,-0.44441414,0.30573624
7.3777843,-0.1684236,-0.47885597,0.31366318
7.400385,-0.16844743,-0.57096875,0.3129624
7.42503,-0.17271608,-0.55364054,0.32022947
7.414751,-0.16141325,-0.5746021,0.31304163
7.429327,-0.15428197,-0.5666213,0.3013367
7.4311795,-0.14647436,-0.5484972,0.28175122
7.424226,-0.14906764,-0.49111247,0.28781524
7.3996687,-0.14489692,-0.5022203,0.29455304
7.379471,-0.14985418,-0.5037396,0.29375088
7.395503,-0.13743806,-0.4900847,0.29025334
7.3719206,-0.12296438,-0.52179587,0.2889071
7.378661,-0.1242097,-0.51643413,0.2839
7.380208,-0.13060093,-0.50666416,0.28015047
7.4040556,-0.13549024,-0.532949,0.283604
7.403977,-0.13574058,-0.5175895,0.27957758
7.4154387,-0.13678294,-0.5017942,0.2870857
7.3918853,-0.14437789,-0.50798184,0.28242058
7.3713045,-0.13380748,-0.481359,0.28333175
7.36162,-0.14233232,-0.48109818,0.28971028
7.3739085,-0.14211029,-0.48581433,0.29939064
7.3786826,-0.14229023,-0.4909352,0.28794357
7.3831987,-0.13653523,-0.52342314,0.29301482
7.383897,-0.14528632,-0.5147736,0.30812702
7.404951,-0.14286435,-0.5054961,0.289336
7.3092356,-0.104554534,-0.41480333,0.26695132
7.2987423,-0.097637475,-0.3874612,0.26215723
7.3010397,-0.09683913,-0.41075164,0.25822493
7.303337,-0.08815509,-0.41682577,0.26426312
7.3030496,-0.09276676,-0.4017306,0.25988266
7.2883615,-0.10003245,-0.39160162,0.25780967
7.2791843,-0.09788531,-0.3419227,0.2566235
7.288337,-0.104094684,-0.3905657,0.2712099
7.2859197,-0.11270267,-0.37889278,0.2700557
7.288823,-0.1067211,-0.37874413,0.2652452
7.3020544,-0.09993547,-0.37355065,0.24823307
7.2738957,-0.09712565,-0.3568691,0.25225928
7.290045,-0.0959239,-0.3665979,0.25921112
7.268503,-0.0890612,-0.37572426,0.25538003
7.2283278,-0.08518982,-0.32619745,0.25671604
7.22456,-0.08604193,-0.29842162,0.26071936
7.206272,-0.07725787,-0.29093152,0.26188672
7.213005,-0.096973896,-0.28638387,0.25930673
7.2325306,-0.102862656,-0.2550363,0.26221615
7.19792,-0.08812368,-0.2542537,0.24755469
7.1892004,-0.07684934,-0.26984125,0.24340081
7.1871142,-0.05796832,-0.2683226,0.23945747
7.1516905,-0.07468009,-0.21243393,0.24466711
7.1591816,-0.07393831,-0.18674797,0.24335563
7.185214,-0.08298564,-0.23390484,0.24117659
7.209174,-0.09497547,-0.22740316,0.25110096
7.1937923,-0.0883311,-0.2199319,0.24391007
7.148733,-0.080625534,-0.22010249,0.25369146
7.189268,-0.08276093,-0.2404508,0.24613097
7.197219,-0.06586063,-0.24154723,0.23678903
7.153699,-0.064959645,-0.21909714,0.23425019
7.1811266,-0.0857721,-0.18413568,0.24624282
7.1721725,-0.08303958,-0.20514506,0.24577707
7.189353,-0.07630432,-0.23165596,0.24751909
7.1722827,-0.07461923,-0.22753334,0.24752353
7.156121,-0.047049284,-0.2360264,0.23353799
7.157031,-0.047377825,-0.22992218,0.23103845
7.168972,-0.04753059,-0.22326279,0.22626807
7.1720448,-0.047507524,-0.22453833,0.22879297
7.168042,-0.052679062,-0.22527307,0.22944039
7.1681623,-0.0531075,-0.2423377,0.23077027
7.145273,-0.042562723,-0.20428658,0.21974793
7.1309404,-0.03175193,-0.20517385,0.21307282
7.1342983,-0.03449142,-0.22201991,0.2269569
7.153309,-0.036552846,-0.2191664,0.22893694
7.155402,-0.038205743,-0.24501622,0.2267086
7.1601796,-0.033728063,-0.23776925,0.22485772
7.154113,-0.03342408,-0.23221213,0.2237387
7.1476836,-0.032279253,-0.22356361,0.2241879
7.144387,-0.0375939,-0.21552432,0.22280678
7.1376276,-0.032337427,-0.19687176,0.2181606
7.12639,-0.03237754,-0.18813127,0.2171207
7.1272187,-0.048210442,-0.19685775,0.22651446
7.1449757,-0.050659597,-0.20979989,0.22291823
7.14025,-0.024104118,-0.19826537,0.20594433
7.1511126,-0.014004171,-0.24304181,0.20298882
7.1868076,-0.024506986,-0.24616206,0.21038774
7.1701117,-0.026349962,-0.2636152,0.21115562
7.147563,-0.028689027,-0.21732438,0.21889894
7.176437,-0.048071623,-0.22037828,0.22715655
7.1757507,-0.05039972,-0.25560075,0.22851248
7.135047,-0.0562284,-0.19490862,0.22412282
7.161654,-0.052814364,-0.1958282,0.22613245
7.342066,-0.15015334,-0.43081868,0.28999913
7.326303,-0.14827639,-0.4393841,0.30127838
7.3284826,-0.14923847,-0.44720346,0.30664986
7.339923,-0.15695506,-0.43641233,0.29803255
7.3696685,-0.16045529,-0.46796668,0.28729945
7.377451,-0.15373683,-0.46263015,0.28918132
7.361353,-0.13510358,-0.45975512,0.2891824
7.348802,-0.11641961,-0.44968313,0.28557387
7.3784676,-0.13877779,-0.47668684,0.27993923
7.362447,-0.1265676,-0.48399687,0.28343892
7.3768578,-0.11890596,-0.4819101,0.27724886
7.353199,-0.12738329,-0.468574,0.27401605
7.343233,-0.1121518,-0.47641587,0.2770957
7.355997,-0.11174178,-0.47553867,0.26544797
7.3578844,-0.10236734,-0.46265262,0.26540944
7.3687897,-0.09086591,-0.49671042,0.256765
7.366478,-0.091015995,-0.47944117,0.2516304
7.351015,-0.07860899,-0.49206817,0.24910946
7.346367,-0.09136802,-0.48399454,0.25029325
7.3088627,-0.0913313,-0.43015742,0.25806922
7.322363,-0.10619044,-0.42095882,0.26433742
7.3195906,-0.11167318,-0.3899153,0.2674554
7.2909327,-0.117966294,-0.37472475,0.26924282
7.2927094,-0.112826705,-0.39454466,0.27854615
7.294757,-0.12426472,-0.41255993,0.2783112
7.3014326,-0.11464465,-0.41389382,0.27663788
7.3071566,-0.107197165,-0.4300083,0.27601916
7.3169203,-0.12164688,-0.42393488,0.2782097
7.33119,-0.12984788,-0.42573285,0.2863878
7.3407946,-0.1277051,-0.42281926,0.27589232
7.329172,-0.12675464,-0.43778056,0.2794636
7.3652706,-0.13419443,-0.4855094,0.2797763
7.3799715,-0.14897263,-0.46126044,0.30335963
7.3860474,-0.14201069,-0.5381731,0.3103364
7.390832,-0.1591788,-0.4980693,0.30000484
7.3881807,-0.14626694,-0.50973046,0.30161634
7.3956246,-0.16839015,-0.5056387,0.3006482
7.400038,-0.16973805,-0.510714,0.30976716
7.400531,-0.16869003,-0.5124238,0.30867162
7.3934546,-0.169222,-0.5077586,0.31249765
7.378556,-0.16127044,-0.48949492,0.31314507
7.389283,-0.17523074,-0.48628545,0.31400454
7.384096,-0.17102832,-0.4467131,0.30013886
7.3861966,-0.15740496,-0.43510777,0.29407796
7.3453836,-0.13499957,-0.4439839,0.28721657
7.3451786,-0.14771825,-0.43285823,0.28889436
7.353055,-0.1423325,-0.46831113,0.29921493
7.3587837,-0.15484428,-0.43554187,0.3000056
7.3633246,-0.16426551,-0.44778532,0.30102095
7.3629637,-0.15535247,-0.45405835,0.3032065
7.354009,-0.1444931,-0.47237742,0.3037646
7.36311,-0.13814878,-0.4793781,0.2880518
7.3526783,-0.1295833,-0.4836653,0.29301685
7.363722,-0.110712945,-0.4865167,0.28285724
7.32439,-0.10820639,-0.4808494,0.28107694
7.3192244,-0.10316771,-0.43033153,0.26847324
7.3166056,-0.10628021,-0.3953178,0.26409245
7.310361,-0.11237955,-0.413095,0.26857758
7.3198657,-0.113331735,-0.40537632,0.25675812
7.3230014,-0.087097526,-0.3849076,0.2533586
7.291988,-0.09034097,-0.38196206,0.25284946
7.2937737,-0.09408063,-0.39991248,0.2567315
7.30923,-0.095176995,-0.41739583,0.25921038
7.39132,-0.18983394,-0.48250556,0.33071843
7.3858576,-0.18984902,-0.4909057,0.3247745
7.3861036,-0.17978317,-0.47090858,0.31756938
7.3820643,-0.17943126,-0.45881528,0.31184468
7.3939013,-0.1657117,-0.4940275,0.3055445
7.3772335,-0.16558367,-0.46814418,0.29729992
7.4062414,-0.17039818,-0.46344888,0.29993826
7.402876,-0.16342682,-0.4703623,0.2992949
7.4251757,-0.16651952,-0.5060007,0.29541185
7.3780694,-0.16391361,-0.44929188,0.30293772
7.377143,-0.17087567,-0.4429351,0.31398404
7.3852296,-0.17296153,-0.45409817,0.30138355
7.372495,-0.17245358,-0.4669739,0.31131664
7.3851147,-0.16652131,-0.48424733,0.31247517
7.372476,-0.16814262,-0.47600967,0.3053137
7.371546,-0.15934038,-0.47817785,0.3007458
7.3798714,-0.15973514,-0.4719683,0.30086738
7.394741,-0.16012698,-0.5063508,0.3108928
7.3795595,-0.15546328,-0.5011517,0.30405164
7.381014,-0.15959024,-0.49086893,0.30415997
7.378623,-0.16749781,-0.45014274,0.30482936
7.374131,-0.1700015,-0.45780563,0.3067796
7.355405,-0.17723477,-0.38625562,0.30833477
7.333666,-0.17697948,-0.39055443,0.3130542
7.3414993,-0.17770225,-0.42872465,0.3133911
7.33671,-0.17082304,-0.43257952,0.32035884
7.349968,-0.1639669,-0.42652857,0.29808915
7.356695,-0.16735637,-0.4072947,0.30339295
7.3419604,-0.16034961,-0.40098912,0.300781
7.357681,-0.16206264,-0.4721753,0.2990774
7.387168,-0.1706106,-0.44294858,0.29887772
7.36487,-0.17491746,-0.40584683,0.2991018
7.3818073,-0.17472494,-0.42024028,0.30123782
7.4022117,-0.17604291,-0.45154703,0.30000874
7.3538127,-0.18316513,-0.44150072,0.31553656
7.347436,-0.1624074,-0.48692644,0.31807435
7.387663,-0.16577709,-0.44870698,0.30514687
7.3797855,-0.16369677,-0.44870478,0.29463425
7.399958,-0.16580069,-0.47375262,0.29549077
7.379534,-0.16058421,-0.469931,0.29921278
7.385076,-0.15547109,-0.47327828,0.30174884
7.3912783,-0.16049325,-0.5104817,0.31314844
7.3860598,-0.16859204,-0.5299625,0.3118843
7.3911815,-0.17369014,-0.5431279,0.32533345
7.3920765,-0.19562572,-0.49152374,0.3231026
7.388489,-0.19613582,-0.47882867,0.33664784
7.3598986,-0.18816227,-0.42700303,0.31183255
7.39048,-0.18133628,-0.41664237,0.31196952
7.3671083,-0.1568296,-0.4333471,0.30338755
7.3619895,-0.13192523,-0.49672645,0.2919069
7.3582606,-0.13011366,-0.4930629,0.28963453
7.351529,-0.13106024,-0.501934,0.27987874
7.349738,-0.1020298,-0.501208,0.27576056
7.3430204,-0.10943377,-0.42561406,0.27037317
7.35227,-0.1176486,-0.48078638,0.265202
7.34743,-0.11839652,-0.4400522,0.271374
7.3721037,-0.1086666,-0.4707986,0.26562846
7.358386,-0.09820056,-0.51125115,0.2724043
7.3578043,-0.09498197,-0.4808699,0.266091
7.345953,-0.10061973,-0.48038775,0.2731011
7.3655,-0.11395472,-0.47881448,0.27227926
7.3412056,-0.11192387,-0.4683476,0.27711272
7.3544607,-0.10261041,-0.4634903,0.26632503
7.2757516,-0.13430601,-0.34265375,0.28384575
7.273016,-0.13001347,-0.3572371,0.2876722
7.3055973,-0.13358325,-0.38538563,0.28655437
7.3303733,-0.12310988,-0.41528678,0.27631566
7.3303537,-0.10770601,-0.44360197,0.26655784
7.3234053,-0.11069673,-0.4231131,0.26930365
7.3380303,-0.10059714,-0.43646616,0.27008182
7.2937226,-0.09296137,-0.41951215,0.26958552
7.3026342,-0.09550631,-0.40611732,0.25370175
7.2647743,-0.077116966,-0.38956666,0.25234723
7.2486386,-0.0745731,-0.3377331,0.25184873
7.2614536,-0.073205054,-0.3349939,0.24009103
7.253073,-0.0744949,-0.35096073,0.24619749
7.262531,-0.07718253,-0.3554114,0.24614407
7.245413,-0.076497555,-0.35400307,0.25083447
7.2992487,-0.08987188,-0.3591268,0.25102675
7.2248764,-0.08230585,-0.36099398,0.26412
7.206126,-0.07097697,-0.25891232,0.2260577
7.2337723,-0.07226902,-0.26630712,0.23461519
7.23383,-0.08865315,-0.2574941,0.23777741
7.1768646,-0.095187664,-0.23761195,0.26170418
7.174224,-0.0800454,-0.26955748,0.25888896
7.174581,-0.067812085,-0.25629056,0.25587392
7.190899,-0.06982368,-0.2779252,0.24468032
7.183259,-0.06919724,-0.2533723,0.2455504
7.1913915,-0.066762865,-0.28306937,0.24500507
7.1915584,-0.06727433,-0.28209096,0.24382594
7.204936,-0.06871486,-0.28372067,0.23673604
7.2320786,-0.07039142,-0.29575086,0.24355537
7.2551594,-0.08169228,-0.2779783,0.24285272
7.234647,-0.084407866,-0.3530498,0.24625683
7.264907,-0.07293546,-0.32789516,0.24812397
7.262074,-0.06857705,-0.33265156,0.2350789
7.26472,-0.07222402,-0.31307667,0.2345468
7.2641497,-0.074998915,-0.34403747,0.2312622
7.223728,-0.07353592,-0.31001318,0.24361537
7.2384133,-0.06816757,-0.31482375,0.24399732
7.2427707,-0.08547348,-0.31189328,0.25812322
7.2409277,-0.07813245,-0.33483493,0.25459564
7.253897,-0.08716297,-0.3703323,0.25260156
7.2734737,-0.07597023,-0.3659063,0.24212785
7.2366195,-0.075553775,-0.35296202,0.2481401
7.256931,-0.08431399,-0.3231024,0.25679886
7.278406,-0.086469114,-0.35834074,0.2556876
7.270919,-0.07770324,-0.39638156,0.25459415
7.280199,-0.080822885,-0.3780194,0.25345597
7.270034,-0.09102154,-0.37517732,0.26456696
7.279502,-0.09407264,-0.38756335,0.26355457
7.281149,-0.09205115,-0.36022103,0.25293446
7.2662015,-0.0928027,-0.30827153,0.25241527
7.2436566,-0.077907085,-0.34103715,0.25652418
7.259242,-0.08539331,-0.33238214,0.25036412
7.246795,-0.07643014,-0.3147266,0.2462737
7.243965,-0.07843655,-0.33480352,0.2435009
7.2257814,-0.06449121,-0.31699824,0.24043298
7.219775,-0.064377725,-0.33225536,0.23829071
7.2360754,-0.09388691,-0.3286612,0.25321937
7.260433,-0.091867566,-0.34056813,0.24643576
7.2759533,-0.095219195,-0.37828243,0.25816607
7.2686286,-0.08972508,-0.36792016,0.26234064
7.266549,-0.09521055,-0.33304536,0.25226638
7.2810802,-0.10593665,-0.343782,0.26222855
7.260276,-0.104142725,-0.3707329,0.27619693
7.534855,-0.22074592,-0.69711614,0.3460623
7.53461,-0.21317744,-0.71624327,0.35021046
7.524253,-0.21175712,-0.7019732,0.342332
7.578821,-0.20260984,-0.7508279,0.34258252
7.583084,-0.19999391,-0.8369863,0.34779602
7.608248,-0.21327853,-0.8668325,0.35086894
7.5882463,-0.21234185,-0.84525394,0.3566866
7.608202,-0.22135383,-0.82664096,0.34490862
7.6249366,-0.22734547,-0.8460287,0.3516221
7.6031747,-0.22506255,-0.84158325,0.362876
7.6002626,-0.22007114,-0.8187558,0.35648483
7.594362,-0.23081523,-0.8224873,0.35967606
7.584711,-0.23035145,-0.7651832,0.3560986
7.5801516,-0.22518057,-0.8062842,0.35992813
7.5713663,-0.23141128,-0.78347963,0.36691144
7.600201,-0.21874249,-0.7516371,0.3449114
7.574583,-0.21326005,-0.76095086,0.34062088
7.571404,-0.22355473,-0.7576051,0.34888464
7.5606585,-0.21956927,-0.7566747,0.35839343
7.558795,-0.22498947,-0.7615763,0.35708725
7.5844955,-0.23466468,-0.76830524,0.36116922
7.5624204,-0.24620336,-0.70507324,0.361246
7.543858,-0.24190342,-0.7091809,0.36607352
7.541782,-0.2475732,-0.7090271,0.3744412
7.5490894,-0.2525499,-0.7051295,0.36318326
7.5594735,-0.2525512,-0.68399805,0.36441672
7.5442595,-0.24267584,-0.6990241,0.369376
7.5383897,-0.22597075,-0.70405364,0.3619671
7.5341864,-0.22319001,-0.7163757,0.3607729
7.5540934,-0.22946161,-0.76284266,0.3556137
7.5385723,-0.23296279,-0.7230581,0.36714828
7.524888,-0.2313354,-0.70791256,0.36402166
7.5403533,-0.23927659,-0.68903744,0.36278135
7.5110655,-0.22484952,-0.68161845,0.35869512
7.5155535,-0.22349745,-0.6802821,0.3571508
7.508438,-0.24002385,-0.70206046,0.3578205
7.564378,-0.22705603,-0.7469221,0.35854518
7.562064,-0.2340672,-0.7321618,0.34920865
7.5439625,-0.2239567,-0.7254613,0.34959313
7.537167,-0.22600943,-0.7179408,0.34988207
7.5396276,-0.21264291,-0.7263425,0.3542707
7.5575047,-0.21551824,-0.7132854,0.33538273
7.52841,-0.2143786,-0.69248354,0.34025168
7.526843,-0.20298487,-0.71686214,0.3388324
7.52986,-0.21448576,-0.66925156,0.33788866
7.5134683,-0.20816332,-0.66139776,0.34032992
7.5010085,-0.20670605,-0.6563524,0.339588
7.4962606,-0.19914871,-0.6723229,0.33903813
7.504624,-0.1976158,-0.6449294,0.32667708
7.5464077,-0.21204817,-0.6494798,0.33072227
7.5618706,-0.2328893,-0.6824941,0.33570027
7.5637703,-0.2230255,-0.69292784,0.33648717
7.5429506,-0.20313615,-0.74952096,0.33587033
7.542227,-0.20089072,-0.71322286,0.34247714
7.5147314,-0.19951266,-0.6954189,0.33536232
7.5248003,-0.21230489,-0.6806041,0.3394611
7.5219684,-0.21731293,-0.6837428,0.3467672
7.5174236,-0.20689034,-0.6792745,0.34507367
7.515953,-0.20851082,-0.6906444,0.34334248
7.547681,-0.22423196,-0.6784384,0.34513146
7.5425973,-0.22132641,-0.7259424,0.35075253
7.545564,-0.22792542,-0.7191491,0.3510521
7.5289636,-0.23013103,-0.7154176,0.3559354
7.328429,-0.12988263,-0.4600833,0.2926601
7.328357,-0.13324863,-0.43364704,0.29614538
7.328536,-0.13161361,-0.45566553,0.29634458
7.3365197,-0.14850652,-0.45545125,0.2976196
7.3757973,-0.1476742,-0.5222756,0.2929756
7.3149314,-0.15100837,-0.42560017,0.29689685
7.3590345,-0.15317339,-0.44024402,0.2991235
7.3585324,-0.14822662,-0.4333936,0.30013284
7.344021,-0.15609777,-0.46635675,0.29798833
7.360876,-0.15869188,-0.42448324,0.28959855
7.3092422,-0.14251608,-0.34554255,0.28382632
7.319605,-0.13739681,-0.3968469,0.28079554
7.3301897,-0.13617015,-0.44764012,0.28052938
7.3135843,-0.13720226,-0.40886086,0.29119372
7.3337216,-0.15246046,-0.41193044,0.29034096
7.350831,-0.15633667,-0.42014867,0.29018655
7.359857,-0.13080817,-0.43368185,0.26725945
7.3510084,-0.11089027,-0.42484975,0.27144337
7.3474665,-0.13401407,-0.40542966,0.2698511
7.348279,-0.12868059,-0.4193892,0.27560097
7.3529377,-0.124225795,-0.4166876,0.2740754
7.346651,-0.1339783,-0.43889695,0.27898106
7.351889,-0.12569636,-0.43135,0.2790291
7.3672943,-0.13130963,-0.46407056,0.27998
7.349983,-0.12678969,-0.4702584,0.27647611
7.3453097,-0.14831275,-0.42200857,0.2922898
7.3226266,-0.14668846,-0.4212767,0.29493654
7.3359327,-0.15606189,-0.4061495,0.30648538
7.3237863,-0.16348988,-0.37690628,0.2944048
7.2967753,-0.15931761,-0.37418723,0.30695432
7.295604,-0.1496129,-0.36181784,0.28033876
7.2998767,-0.15134591,-0.38081098,0.30641395
7.294592,-0.15550369,-0.33443534,0.30146116
7.300249,-0.13248426,-0.39484417,0.2887004
7.3307533,-0.13684136,-0.40952647,0.28591305
7.326835,-0.1448071,-0.42553586,0.28706303
7.3228755,-0.15386683,-0.42691064,0.30042246
7.3445654,-0.1558876,-0.42358947,0.30143282
7.359276,-0.16268438,-0.45251912,0.30651724
7.3326,-0.155083,-0.39692914,0.3012634
7.317103,-0.15686977,-0.38088506,0.29816592
7.3297,-0.15294093,-0.4369077,0.30896735
7.3383512,-0.16356087,-0.42499363,0.3068843
7.331659,-0.13866389,-0.41363817,0.2966727
7.3321676,-0.14551872,-0.42885256,0.2930143
7.3279457,-0.14818013,-0.3992375,0.2904175
7.338689,-0.14776498,-0.4317137,0.29241303
7.364859,-0.15323925,-0.43911707,0.2937568
7.3434744,-0.13017982,-0.4432807,0.29512057
7.363146,-0.12078136,-0.47997373,0.27187413
7.364638,-0.13673735,-0.4616686,0.28121775
7.3493543,-0.1253156,-0.46552193,0.27916986
7.3562555,-0.1225242,-0.45325613,0.27626464
7.350645,-0.122061014,-0.46566886,0.27399704
7.38663,-0.12743747,-0.4441049,0.27502376
7.4046807,-0.1388703,-0.52286136,0.28647998
7.374181,-0.13074595,-0.49217832,0.27754202
7.3747497,-0.13187122,-0.49853194,0.28470814
7.3659205,-0.13488549,-0.47491062,0.2747316
7.3745656,-0.10534316,-0.5229766,0.2639279
7.3744316,-0.11350733,-0.51192,0.27260935
7.4017277,-0.1291619,-0.50749695,0.27686203
7.3971415,-0.13775057,-0.5022348,0.28569618
7.465123,-0.22833586,-0.6059041,0.3576511
7.472234,-0.2203744,-0.5859598,0.34745646
7.4529295,-0.22289848,-0.54657805,0.35585222
7.4889545,-0.22866476,-0.56962866,0.35023966
7.487605,-0.21110082,-0.64697206,0.3351276
7.4505897,-0.20282203,-0.6051096,0.3361652
7.4515495,-0.18329269,-0.6097011,0.33306774
7.469859,-0.17392063,-0.62757105,0.32210806
7.4603653,-0.17492187,-0.6170303,0.31233656
7.4655485,-0.16868341,-0.59796166,0.2967842
7.4546843,-0.17261952,-0.53509796,0.30026603
7.4268293,-0.17310447,-0.5041812,0.29707232
7.413542,-0.17134237,-0.5161252,0.3031322
7.433947,-0.16623217,-0.53786206,0.307885
7.419854,-0.14904332,-0.59538966,0.3091635
7.434145,-0.14473176,-0.59723884,0.29831666
7.4338493,-0.14540458,-0.5613732,0.30020496
7.4338756,-0.1513645,-0.5799506,0.2970913
7.43552,-0.14812309,-0.55220747,0.29305863
7.4344416,-0.1567651,-0.5529103,0.29282796
7.4192867,-0.16402751,-0.5150587,0.30066517
7.402503,-0.1528877,-0.53394026,0.2926576
7.396032,-0.13884944,-0.58622146,0.2959446
7.469042,-0.13428181,-0.6063204,0.2916662
7.453329,-0.14867753,-0.6227805,0.28947705
7.4199543,-0.14454812,-0.5717439,0.2904776
7.4050894,-0.14106804,-0.54945844,0.28637958
7.3722076,-0.13485205,-0.5091082,0.28826797
7.3772235,-0.13409859,-0.49655193,0.28144032
7.3907843,-0.14478105,-0.51240087,0.28555888
7.35266,-0.13676625,-0.47328502,0.27992767
7.3658457,-0.13952279,-0.4344288,0.2811652
7.3539886,-0.13360494,-0.46609497,0.28794068
7.36445,-0.13806325,-0.48164332,0.2861783
7.346159,-0.13197893,-0.45594478,0.2860288
7.367301,-0.13141048,-0.47880006,0.2826938
7.359956,-0.1256904,-0.4887603,0.2814115
7.3582344,-0.11406249,-0.4835924,0.2804399
7.3406825,-0.121881366,-0.46836746,0.29050928
7.336298,-0.12532341,-0.47213668,0.29007813
7.3413215,-0.14131892,-0.46210963,0.29268077
7.342615,-0.14733404,-0.4232214,0.29337323
7.3444676,-0.14416158,-0.39262605,0.28554925
7.3367763,-0.14196146,-0.41609848,0.2888167
7.339059,-0.13781053,-0.45739347,0.29258016
7.329823,-0.14077824,-0.45378196,0.29238266
7.3205314,-0.14150769,-0.3902018,0.29563516
7.32878,-0.14165443,-0.4005729,0.28089362
7.3260007,-0.13667077,-0.4238912,0.2904508
7.3505583,-0.13098651,-0.5225093,0.29054785
7.3788486,-0.1430878,-0.5237319,0.29673404
7.355869,-0.13328117,-0.47386658,0.30429223
7.3262205,-0.1696428,-0.38260865,0.30596432
7.300222,-0.16447401,-0.3860916,0.30909842
7.3029146,-0.165331,-0.3704821,0.31505528
7.329758,-0.17075026,-0.40657395,0.31434736
7.313437,-0.16728127,-0.40084374,0.3176679
7.376986,-0.18161976,-0.48059964,0.32899508
7.3797464,-0.19576609,-0.4345709,0.31718296
7.37025,-0.18213123,-0.50840956,0.32558048
7.390688,-0.18340296,-0.5065346,0.31824136
7.373679,-0.16316551,-0.45543432,0.31263536
7.377878,-0.16734678,-0.45988667,0.30121794
7.4960933,-0.21993762,-0.6459254,0.35902876
7.498686,-0.22248006,-0.63104075,0.34823558
7.4870596,-0.22669625,-0.62273604,0.35984272
7.502857,-0.22233069,-0.6373277,0.33169776
7.5457025,-0.22407341,-0.6382508,0.33301747
7.534034,-0.204817,-0.6701768,0.33222097
7.4962797,-0.20458889,-0.6737682,0.32856125
7.5144434,-0.1973651,-0.611734,0.32540882
7.4816895,-0.19659048,-0.62051165,0.31792903
7.4910192,-0.20326823,-0.63749194,0.3361929
7.4968424,-0.20214766,-0.6215113,0.33048335
7.5134897,-0.19715041,-0.64832264,0.32408825
7.4862165,-0.1698702,-0.66273385,0.32649446
7.4466267,-0.20018685,-0.6277578,0.34295917
7.4554,-0.19878548,-0.5971285,0.3437972
7.4408007,-0.19060493,-0.6259108,0.3390035
7.4467163,-0.19693571,-0.59904367,0.3308214
7.4588637,-0.18803239,-0.62939405,0.31871927
7.458272,-0.21130794,-0.6104143,0.3386307
7.4491434,-0.19009757,-0.5979539,0.3376711
7.4388123,-0.19601053,-0.58782375,0.34284478
7.4719534,-0.19573933,-0.58984774,0.33307356
7.4340577,-0.18669254,-0.59683526,0.32414925
7.449795,-0.17730999,-0.59264004,0.3179421
7.437928,-0.17990214,-0.58920896,0.32343438
7.4725347,-0.17863941,-0.6102742,0.31877273
7.468004,-0.17911977,-0.62367076,0.3187286
7.46387,-0.17695135,-0.6156871,0.31935525
7.4616942,-0.1887765,-0.6168473,0.3370871
7.479825,-0.20420533,-0.59030807,0.3359239
7.5116796,-0.23062575,-0.67035925,0.34747207
7.5535583,-0.23082107,-0.7521881,0.3639673
7.5382566,-0.23636395,-0.71081734,0.36466378
7.560064,-0.23587388,-0.7331542,0.36440527
7.5460443,-0.2382232,-0.71850586,0.36505622
7.548808,-0.24679744,-0.6858833,0.3613346
7.549321,-0.2437275,-0.68479156,0.35988194
7.5664034,-0.22287542,-0.6982348,0.3493783
7.5892353,-0.21697736,-0.7829484,0.34981084
7.554763,-0.21845257,-0.7523108,0.34446734
7.5588455,-0.20837611,-0.72306436,0.3357799
7.542441,-0.2108897,-0.70041084,0.34078693
7.519517,-0.21087253,-0.70210016,0.34571934
7.5201035,-0.21289295,-0.69127226,0.35243842
7.529438,-0.21941268,-0.6912556,0.34104088
7.5288663,-0.22655576,-0.65879625,0.34290934
7.5214453,-0.21603292,-0.6751312,0.3455366
7.479432,-0.21440822,-0.64422935,0.35146764
7.5118456,-0.21780396,-0.6957935,0.34854597
7.502384,-0.20585448,-0.69171286,0.3497517
7.5253506,-0.19172025,-0.7006661,0.33940232
7.545886,-0.20898545,-0.714077,0.33604556
7.5594506,-0.21471632,-0.74208766,0.3506099
7.5816784,-0.21569371,-0.7839493,0.35356295
7.5806465,-0.24164039,-0.74555445,0.36125654
7.577656,-0.24180007,-0.72904634,0.3674205
7.583992,-0.242293,-0.7501617,0.37217122
7.5730534,-0.24303979,-0.7688261,0.36829513
7.584825,-0.26060945,-0.7412659,0.3692615
7.592209,-0.25815845,-0.7435014,0.37371033
7.602005,-0.26308382,-0.7659841,0.36927652
7.5996776,-0.2619446,-0.7661084,0.37842816
7.586644,-0.26224524,-0.7867552,0.38355303
7.426111,-0.17578346,-0.5572573,0.31542423
7.436515,-0.16587633,-0.5285503,0.3018861
7.4043446,-0.16441661,-0.52797073,0.30413592
7.401784,-0.15607947,-0.5183988,0.30356574
7.402621,-0.155693,-0.52121764,0.3085768
7.412285,-0.16171908,-0.5532402,0.31274033
7.4240866,-0.17064321,-0.5502402,0.31345186
7.39509,-0.16512364,-0.5099922,0.29796326
7.404208,-0.16026527,-0.5328363,0.31126904
7.3968773,-0.15578389,-0.50558,0.3055824
7.4024954,-0.1476922,-0.520877,0.2945997
7.410248,-0.14866912,-0.5304622,0.2931149
7.4441466,-0.14850825,-0.5355922,0.27726063
7.4373345,-0.1611312,-0.5608772,0.29924372
7.429001,-0.15693301,-0.5673419,0.30296302
7.4306307,-0.15520173,-0.57698286,0.29934993
7.4334207,-0.14974147,-0.58897936,0.30184132
7.4540453,-0.1457355,-0.64516723,0.29804143
7.4671006,-0.15252322,-0.59850717,0.29699755
7.464752,-0.14379787,-0.61488795,0.28648964
7.4372797,-0.14865887,-0.5842437,0.2994076
7.432919,-0.14561552,-0.5884602,0.29508042
7.417904,-0.14200956,-0.5717753,0.29411864
7.405987,-0.14947349,-0.5141374,0.29615003
7.383206,-0.15261972,-0.49089593,0.29716212
7.375393,-0.1550284,-0.50155497,0.31355375
7.388757,-0.1689834,-0.49759495,0.31737986
7.3803463,-0.17480457,-0.4960457,0.316958
7.370861,-0.17762214,-0.44597697,0.3177041
7.3682723,-0.17412043,-0.47480232,0.3124533
7.3704586,-0.15061355,-0.47411227,0.3083257
7.3996563,-0.15780711,-0.5111412,0.30410275
7.3750243,-0.16005456,-0.48987788,0.30980006
7.376535,-0.1727581,-0.4501326,0.30312517
7.3791523,-0.16256213,-0.47127765,0.30155405
7.378713,-0.15813363,-0.48565364,0.2999392
7.3776913,-0.16218162,-0.47340453,0.2988209
7.3810496,-0.15450454,-0.4710672,0.29909474
7.389606,-0.16252387,-0.47177762,0.29228145
7.402832,-0.16168398,-0.48506737,0.29289252
7.4338,-0.15575469,-0.5415872,0.2973647
7.444542,-0.15064067,-0.61477625,0.3118535
7.4354367,-0.16835201,-0.60547304,0.32040685
7.4368625,-0.18334138,-0.6063877,0.32419226
7.4776998,-0.18254685,-0.62871,0.3174769
7.4820437,-0.18631774,-0.64187014,0.31638563
7.4725847,-0.1847418,-0.62484044,0.32730323
